issue_time_utc,weather_run_time_utc,target_time_utc,turbine_id,forecast_horizon_h,temperature_2m_c,wind_speed_10m_ms,wind_speed_100m_ms,wind_speed_200m_ms,wind_direction_100m_deg,temperature_c,wind_speed_ms,wind_height_m,weather_provenance_status,weather_available_time_utc,weather_availability_status,model_version,model_sha256,predicted_normalized_power
2026-01-31T12:00:00Z,2026-01-31T00:00:00Z,2026-01-31T19:00:00Z,turbine_1,7,-1.3,0.95,1.55,1.19,272,-1.3,1.55,100,unverified,2026-01-31T12:00:00Z,assumed,january-backtest-v1,d094eb03a52f303931989830f7b4efb0d2e6c3faabb6b6a47793e8f3af157ee1,0.0077004102067777525
2026-01-31T12:00:00Z,2026-01-31T00:00:00Z,2026-01-31T19:00:00Z,turbine_2,7,-1.3,0.95,1.55,1.19,272,-1.3,1.55,100,unverified,2026-01-31T12:00:00Z,assumed,january-backtest-v1,bc781886f00f59e8ca445d0499e557775f0ddd100dc689290ef2f3ac4fec1e9b,0.007616014069237231
2026-01-31T12:00:00Z,2026-01-31T00:00:00Z,2026-01-31T20:00:00Z,turbine_1,8,-1.9,1.01,1.74,1.12,282,-1.9,1.74,100,unverified,2026-01-31T12:00:00Z,assumed,january-backtest-v1,d094eb03a52f303931989830f7b4efb0d2e6c3faabb6b6a47793e8f3af157ee1,0.0075854997920988265
2026-01-31T12:00:00Z,2026-01-31T00:00:00Z,2026-01-31T20:00:00Z,turbine_2,8,-1.9,1.01,1.74,1.12,282,-1.9,1.74,100,unverified,2026-01-31T12:00:00Z,assumed,january-backtest-v1,bc781886f00f59e8ca445d0499e557775f0ddd100dc689290ef2f3ac4fec1e9b,0.006434188530786533
2026-01-31T12:00:00Z,2026-01-31T00:00:00Z,2026-01-31T21:00:00Z,turbine_1,9,-1.8,0.9,1.66,1.15,265,-1.8,1.66,100,unverified,2026-01-31T12:00:00Z,assumed,january-backtest-v1,d094eb03a52f303931989830f7b4efb0d2e6c3faabb6b6a47793e8f3af157ee1,0.006791280062442617
2026-01-31T12:00:00Z,2026-01-31T00:00:00Z,2026-01-31T21:00:00Z,turbine_2,9,-1.8,0.9,1.66,1.15,265,-1.8,1.66,100,unverified,2026-01-31T12:00:00Z,assumed,january-backtest-v1,bc781886f00f59e8ca445d0499e557775f0ddd100dc689290ef2f3ac4fec1e9b,0.005808346373305351
2026-01-31T12:00:00Z,2026-01-31T00:00:00Z,2026-01-31T22:00:00Z,turbine_1,10,-1.4,0.42,0.98,0.69,246,-1.4,0.98,100,unverified,2026-01-31T12:00:00Z,assumed,january-backtest-v1,d094eb03a52f303931989830f7b4efb0d2e6c3faabb6b6a47793e8f3af157ee1,0.008078675093127818
2026-01-31T12:00:00Z,2026-01-31T00:00:00Z,2026-01-31T22:00:00Z,turbine_2,10,-1.4,0.42,0.98,0.69,246,-1.4,0.98,100,unverified,2026-01-31T12:00:00Z,assumed,january-backtest-v1,bc781886f00f59e8ca445d0499e557775f0ddd100dc689290ef2f3ac4fec1e9b,0.008590305755969307
2026-01-31T12:00:00Z,2026-01-31T00:00:00Z,2026-01-31T23:00:00Z,turbine_1,11,-0.8,0.07,0.38,0.56,23,-0.8,0.38,100,unverified,2026-01-31T12:00:00Z,assumed,january-backtest-v1,d094eb03a52f303931989830f7b4efb0d2e6c3faabb6b6a47793e8f3af157ee1,0.008033907627623738
2026-01-31T12:00:00Z,2026-01-31T00:00:00Z,2026-01-31T23:00:00Z,turbine_2,11,-0.8,0.07,0.38,0.56,23,-0.8,0.38,100,unverified,2026-01-31T12:00:00Z,assumed,january-backtest-v1,bc781886f00f59e8ca445d0499e557775f0ddd100dc689290ef2f3ac4fec1e9b,0.009777406847709558
2026-01-31T12:00:00Z,2026-01-31T00:00:00Z,2026-02-01T00:00:00Z,turbine_1,12,-1.2,0.7,1.49,1.38,48,-1.2,1.49,100,unverified,2026-01-31T12:00:00Z,assumed,january-backtest-v1,d094eb03a52f303931989830f7b4efb0d2e6c3faabb6b6a47793e8f3af157ee1,0.0077004102067777525
2026-01-31T12:00:00Z,2026-01-31T00:00:00Z,2026-02-01T00:00:00Z,turbine_2,12,-1.2,0.7,1.49,1.38,48,-1.2,1.49,100,unverified,2026-01-31T12:00:00Z,assumed,january-backtest-v1,bc781886f00f59e8ca445d0499e557775f0ddd100dc689290ef2f3ac4fec1e9b,0.007563703176765024
2026-01-31T12:00:00Z,2026-01-31T00:00:00Z,2026-02-01T01:00:00Z,turbine_1,13,-1.7,1.05,2.12,2.35,45,-1.7,2.12,100,unverified,2026-01-31T12:00:00Z,assumed,january-backtest-v1,d094eb03a52f303931989830f7b4efb0d2e6c3faabb6b6a47793e8f3af157ee1,0.007597589042682651
2026-01-31T12:00:00Z,2026-01-31T00:00:00Z,2026-02-01T01:00:00Z,turbine_2,13,-1.7,1.05,2.12,2.35,45,-1.7,2.12,100,unverified,2026-01-31T12:00:00Z,assumed,january-backtest-v1,bc781886f00f59e8ca445d0499e557775f0ddd100dc689290ef2f3ac4fec1e9b,0.005996071325503727
2026-01-31T12:00:00Z,2026-01-31T00:00:00Z,2026-02-01T02:00:00Z,turbine_1,14,-1.9,1.35,3.33,3.84,47,-1.9,3.33,100,unverified,2026-01-31T12:00:00Z,assumed,january-backtest-v1,d094eb03a52f303931989830f7b4efb0d2e6c3faabb6b6a47793e8f3af157ee1,0.01583532495857748
2026-01-31T12:00:00Z,2026-01-31T00:00:00Z,2026-02-01T02:00:00Z,turbine_2,14,-1.9,1.35,3.33,3.84,47,-1.9,3.33,100,unverified,2026-01-31T12:00:00Z,assumed,january-backtest-v1,bc781886f00f59e8ca445d0499e557775f0ddd100dc689290ef2f3ac4fec1e9b,0.00856938757717235
2026-01-31T12:00:00Z,2026-01-31T00:00:00Z,2026-02-01T03:00:00Z,turbine_1,15,-1.1,2.57,5.05,5.6,64,-1.1,5.05,100,unverified,2026-01-31T12:00:00Z,assumed,january-backtest-v1,d094eb03a52f303931989830f7b4efb0d2e6c3faabb6b6a47793e8f3af157ee1,0.0884094313390088
2026-01-31T12:00:00Z,2026-01-31T00:00:00Z,2026-02-01T03:00:00Z,turbine_2,15,-1.1,2.57,5.05,5.6,64,-1.1,5.05,100,unverified,2026-01-31T12:00:00Z,assumed,january-backtest-v1,bc781886f00f59e8ca445d0499e557775f0ddd100dc689290ef2f3ac4fec1e9b,0.07772487205955714
2026-01-31T12:00:00Z,2026-01-31T00:00:00Z,2026-02-01T04:00:00Z,turbine_1,16,1.2,3.27,4.83,5.52,64,1.2,4.83,100,unverified,2026-01-31T12:00:00Z,assumed,january-backtest-v1,d094eb03a52f303931989830f7b4efb0d2e6c3faabb6b6a47793e8f3af157ee1,0.08315940835617897
2026-01-31T12:00:00Z,2026-01-31T00:00:00Z,2026-02-01T04:00:00Z,turbine_2,16,1.2,3.27,4.83,5.52,64,1.2,4.83,100,unverified,2026-01-31T12:00:00Z,assumed,january-backtest-v1,bc781886f00f59e8ca445d0499e557775f0ddd100dc689290ef2f3ac4fec1e9b,0.073296846942635
2026-01-31T12:00:00Z,2026-01-31T00:00:00Z,2026-02-01T05:00:00Z,turbine_1,17,2.5,3.01,4.53,6.53,56,2.5,4.53,100,unverified,2026-01-31T12:00:00Z,assumed,january-backtest-v1,d094eb03a52f303931989830f7b4efb0d2e6c3faabb6b6a47793e8f3af157ee1,0.07067781091633407
2026-01-31T12:00:00Z,2026-01-31T00:00:00Z,2026-02-01T05:00:00Z,turbine_2,17,2.5,3.01,4.53,6.53,56,2.5,4.53,100,unverified,2026-01-31T12:00:00Z,assumed,january-backtest-v1,bc781886f00f59e8ca445d0499e557775f0ddd100dc689290ef2f3ac4fec1e9b,0.06316771333326565
2026-01-31T12:00:00Z,2026-01-31T00:00:00Z,2026-02-01T06:00:00Z,turbine_1,18,3.7,3.93,5.32,6.85,49,3.7,5.32,100,unverified,2026-01-31T12:00:00Z,assumed,january-backtest-v1,d094eb03a52f303931989830f7b4efb0d2e6c3faabb6b6a47793e8f3af157ee1,0.13653794516916
2026-01-31T12:00:00Z,2026-01-31T00:00:00Z,2026-02-01T06:00:00Z,turbine_2,18,3.7,3.93,5.32,6.85,49,3.7,5.32,100,unverified,2026-01-31T12:00:00Z,assumed,january-backtest-v1,bc781886f00f59e8ca445d0499e557775f0ddd100dc689290ef2f3ac4fec1e9b,0.11704624153372145
2026-01-31T12:00:00Z,2026-01-31T00:00:00Z,2026-02-01T07:00:00Z,turbine_1,19,4.8,4.0,5.29,6.44,50,4.8,5.29,100,unverified,2026-01-31T12:00:00Z,assumed,january-backtest-v1,d094eb03a52f303931989830f7b4efb0d2e6c3faabb6b6a47793e8f3af157ee1,0.1385582925740459
2026-01-31T12:00:00Z,2026-01-31T00:00:00Z,2026-02-01T07:00:00Z,turbine_2,19,4.8,4.0,5.29,6.44,50,4.8,5.29,100,unverified,2026-01-31T12:00:00Z,assumed,january-backtest-v1,bc781886f00f59e8ca445d0499e557775f0ddd100dc689290ef2f3ac4fec1e9b,0.12192533346625872
2026-01-31T12:00:00Z,2026-01-31T00:00:00Z,2026-02-01T08:00:00Z,turbine_1,20,5.7,4.0,5.3,6.03,52,5.7,5.3,100,unverified,2026-01-31T12:00:00Z,assumed,january-backtest-v1,d094eb03a52f303931989830f7b4efb0d2e6c3faabb6b6a47793e8f3af157ee1,0.13803126804272492
2026-01-31T12:00:00Z,2026-01-31T00:00:00Z,2026-02-01T08:00:00Z,turbine_2,20,5.7,4.0,5.3,6.03,52,5.7,5.3,100,unverified,2026-01-31T12:00:00Z,assumed,january-backtest-v1,bc781886f00f59e8ca445d0499e557775f0ddd100dc689290ef2f3ac4fec1e9b,0.12719980902559327
2026-01-31T12:00:00Z,2026-01-31T00:00:00Z,2026-02-01T09:00:00Z,turbine_1,21,6.4,3.64,4.77,5.43,52,6.4,4.77,100,unverified,2026-01-31T12:00:00Z,assumed,january-backtest-v1,d094eb03a52f303931989830f7b4efb0d2e6c3faabb6b6a47793e8f3af157ee1,0.09894763845339233
2026-01-31T12:00:00Z,2026-01-31T00:00:00Z,2026-02-01T09:00:00Z,turbine_2,21,6.4,3.64,4.77,5.43,52,6.4,4.77,100,unverified,2026-01-31T12:00:00Z,assumed,january-backtest-v1,bc781886f00f59e8ca445d0499e557775f0ddd100dc689290ef2f3ac4fec1e9b,0.0853720757199391
2026-01-31T12:00:00Z,2026-01-31T00:00:00Z,2026-02-01T10:00:00Z,turbine_1,22,5.8,3.33,4.71,5.88,49,5.8,4.71,100,unverified,2026-01-31T12:00:00Z,assumed,january-backtest-v1,d094eb03a52f303931989830f7b4efb0d2e6c3faabb6b6a47793e8f3af157ee1,0.09460615806877687
2026-01-31T12:00:00Z,2026-01-31T00:00:00Z,2026-02-01T10:00:00Z,turbine_2,22,5.8,3.33,4.71,5.88,49,5.8,4.71,100,unverified,2026-01-31T12:00:00Z,assumed,january-backtest-v1,bc781886f00f59e8ca445d0499e557775f0ddd100dc689290ef2f3ac4fec1e9b,0.08148329301536295
2026-01-31T12:00:00Z,2026-01-31T00:00:00Z,2026-02-01T11:00:00Z,turbine_1,23,3.7,2.72,5.53,5.63,57,3.7,5.53,100,unverified,2026-01-31T12:00:00Z,assumed,january-backtest-v1,d094eb03a52f303931989830f7b4efb0d2e6c3faabb6b6a47793e8f3af157ee1,0.14382850701866
2026-01-31T12:00:00Z,2026-01-31T00:00:00Z,2026-02-01T11:00:00Z,turbine_2,23,3.7,2.72,5.53,5.63,57,3.7,5.53,100,unverified,2026-01-31T12:00:00Z,assumed,january-backtest-v1,bc781886f00f59e8ca445d0499e557775f0ddd100dc689290ef2f3ac4fec1e9b,0.1383321650014593
2026-01-31T12:00:00Z,2026-01-31T00:00:00Z,2026-02-01T12:00:00Z,turbine_1,24,1.2,2.46,5.93,5.73,65,1.2,5.93,100,unverified,2026-01-31T12:00:00Z,assumed,january-backtest-v1,d094eb03a52f303931989830f7b4efb0d2e6c3faabb6b6a47793e8f3af157ee1,0.18746790120315954
2026-01-31T12:00:00Z,2026-01-31T00:00:00Z,2026-02-01T12:00:00Z,turbine_2,24,1.2,2.46,5.93,5.73,65,1.2,5.93,100,unverified,2026-01-31T12:00:00Z,assumed,january-backtest-v1,bc781886f00f59e8ca445d0499e557775f0ddd100dc689290ef2f3ac4fec1e9b,0.18361254005657612
2026-01-31T12:00:00Z,2026-01-31T00:00:00Z,2026-02-01T13:00:00Z,turbine_1,25,0.7,2.41,6.22,7.24,64,0.7,6.22,100,unverified,2026-01-31T12:00:00Z,assumed,january-backtest-v1,d094eb03a52f303931989830f7b4efb0d2e6c3faabb6b6a47793e8f3af157ee1,0.2341156973688682
2026-01-31T12:00:00Z,2026-01-31T00:00:00Z,2026-02-01T13:00:00Z,turbine_2,25,0.7,2.41,6.22,7.24,64,0.7,6.22,100,unverified,2026-01-31T12:00:00Z,assumed,january-backtest-v1,bc781886f00f59e8ca445d0499e557775f0ddd100dc689290ef2f3ac4fec1e9b,0.22145270140576417
2026-01-31T12:00:00Z,2026-01-31T00:00:00Z,2026-02-01T14:00:00Z,turbine_1,26,0.4,2.33,6.06,7.81,65,0.4,6.06,100,unverified,2026-01-31T12:00:00Z,assumed,january-backtest-v1,d094eb03a52f303931989830f7b4efb0d2e6c3faabb6b6a47793e8f3af157ee1,0.20378690426196056
2026-01-31T12:00:00Z,2026-01-31T00:00:00Z,2026-02-01T14:00:00Z,turbine_2,26,0.4,2.33,6.06,7.81,65,0.4,6.06,100,unverified,2026-01-31T12:00:00Z,assumed,january-backtest-v1,bc781886f00f59e8ca445d0499e557775f0ddd100dc689290ef2f3ac4fec1e9b,0.19798791903522228
2026-01-31T12:00:00Z,2026-01-31T00:00:00Z,2026-02-01T15:00:00Z,turbine_1,27,0.1,2.47,6.26,7.97,64,0.1,6.26,100,unverified,2026-01-31T12:00:00Z,assumed,january-backtest-v1,d094eb03a52f303931989830f7b4efb0d2e6c3faabb6b6a47793e8f3af157ee1,0.24474127999583267
2026-01-31T12:00:00Z,2026-01-31T00:00:00Z,2026-02-01T15:00:00Z,turbine_2,27,0.1,2.47,6.26,7.97,64,0.1,6.26,100,unverified,2026-01-31T12:00:00Z,assumed,january-backtest-v1,bc781886f00f59e8ca445d0499e557775f0ddd100dc689290ef2f3ac4fec1e9b,0.22151733636480442
2026-01-31T12:00:00Z,2026-01-31T00:00:00Z,2026-02-01T16:00:00Z,turbine_1,28,-0.5,2.45,6.17,8.1,65,-0.5,6.17,100,unverified,2026-01-31T12:00:00Z,assumed,january-backtest-v1,d094eb03a52f303931989830f7b4efb0d2e6c3faabb6b6a47793e8f3af157ee1,0.22727147986773183
2026-01-31T12:00:00Z,2026-01-31T00:00:00Z,2026-02-01T16:00:00Z,turbine_2,28,-0.5,2.45,6.17,8.1,65,-0.5,6.17,100,unverified,2026-01-31T12:00:00Z,assumed,january-backtest-v1,bc781886f00f59e8ca445d0499e557775f0ddd100dc689290ef2f3ac4fec1e9b,0.2083259586192728
2026-01-31T12:00:00Z,2026-01-31T00:00:00Z,2026-02-01T17:00:00Z,turbine_1,29,-0.8,2.5,6.22,8.06,63,-0.8,6.22,100,unverified,2026-01-31T12:00:00Z,assumed,january-backtest-v1,d094eb03a52f303931989830f7b4efb0d2e6c3faabb6b6a47793e8f3af157ee1,0.22469407582834808
2026-01-31T12:00:00Z,2026-01-31T00:00:00Z,2026-02-01T17:00:00Z,turbine_2,29,-0.8,2.5,6.22,8.06,63,-0.8,6.22,100,unverified,2026-01-31T12:00:00Z,assumed,january-backtest-v1,bc781886f00f59e8ca445d0499e557775f0ddd100dc689290ef2f3ac4fec1e9b,0.21515058842215007
2026-01-31T12:00:00Z,2026-01-31T00:00:00Z,2026-02-01T18:00:00Z,turbine_1,30,-1.1,2.35,6.08,8.18,63,-1.1,6.08,100,unverified,2026-01-31T12:00:00Z,assumed,january-backtest-v1,d094eb03a52f303931989830f7b4efb0d2e6c3faabb6b6a47793e8f3af157ee1,0.21094587043465238
2026-01-31T12:00:00Z,2026-01-31T00:00:00Z,2026-02-01T18:00:00Z,turbine_2,30,-1.1,2.35,6.08,8.18,63,-1.1,6.08,100,unverified,2026-01-31T12:00:00Z,assumed,january-backtest-v1,bc781886f00f59e8ca445d0499e557775f0ddd100dc689290ef2f3ac4fec1e9b,0.19669246779492355
2026-01-31T12:00:00Z,2026-01-31T00:00:00Z,2026-02-01T19:00:00Z,turbine_1,31,-1.2,2.3,5.97,8.14,64,-1.2,5.97,100,unverified,2026-01-31T12:00:00Z,assumed,january-backtest-v1,d094eb03a52f303931989830f7b4efb0d2e6c3faabb6b6a47793e8f3af157ee1,0.19048661930579205
2026-01-31T12:00:00Z,2026-01-31T00:00:00Z,2026-02-01T19:00:00Z,turbine_2,31,-1.2,2.3,5.97,8.14,64,-1.2,5.97,100,unverified,2026-01-31T12:00:00Z,assumed,january-backtest-v1,bc781886f00f59e8ca445d0499e557775f0ddd100dc689290ef2f3ac4fec1e9b,0.1741365699103454
2026-01-31T12:00:00Z,2026-01-31T00:00:00Z,2026-02-01T20:00:00Z,turbine_1,32,-1.4,2.31,5.88,8.03,64,-1.4,5.88,100,unverified,2026-01-31T12:00:00Z,assumed,january-backtest-v1,d094eb03a52f303931989830f7b4efb0d2e6c3faabb6b6a47793e8f3af157ee1,0.17546924152572205
2026-01-31T12:00:00Z,2026-01-31T00:00:00Z,2026-02-01T20:00:00Z,turbine_2,32,-1.4,2.31,5.88,8.03,64,-1.4,5.88,100,unverified,2026-01-31T12:00:00Z,assumed,january-backtest-v1,bc781886f00f59e8ca445d0499e557775f0ddd100dc689290ef2f3ac4fec1e9b,0.15340300214957922
2026-01-31T12:00:00Z,2026-01-31T00:00:00Z,2026-02-01T21:00:00Z,turbine_1,33,-1.5,2.41,6.06,8.29,64,-1.5,6.06,100,unverified,2026-01-31T12:00:00Z,assumed,january-backtest-v1,d094eb03a52f303931989830f7b4efb0d2e6c3faabb6b6a47793e8f3af157ee1,0.19103005525097014
2026-01-31T12:00:00Z,2026-01-31T00:00:00Z,2026-02-01T21:00:00Z,turbine_2,33,-1.5,2.41,6.06,8.29,64,-1.5,6.06,100,unverified,2026-01-31T12:00:00Z,assumed,january-backtest-v1,bc781886f00f59e8ca445d0499e557775f0ddd100dc689290ef2f3ac4fec1e9b,0.18463131460123616
2026-01-31T12:00:00Z,2026-01-31T00:00:00Z,2026-02-01T22:00:00Z,turbine_1,34,-1.7,2.36,6.02,8.29,63,-1.7,6.02,100,unverified,2026-01-31T12:00:00Z,assumed,january-backtest-v1,d094eb03a52f303931989830f7b4efb0d2e6c3faabb6b6a47793e8f3af157ee1,0.1834595400713234
2026-01-31T12:00:00Z,2026-01-31T00:00:00Z,2026-02-01T22:00:00Z,turbine_2,34,-1.7,2.36,6.02,8.29,63,-1.7,6.02,100,unverified,2026-01-31T12:00:00Z,assumed,january-backtest-v1,bc781886f00f59e8ca445d0499e557775f0ddd100dc689290ef2f3ac4fec1e9b,0.1679449723197712
2026-01-31T12:00:00Z,2026-01-31T00:00:00Z,2026-02-01T23:00:00Z,turbine_1,35,-1.9,2.6,6.24,8.48,63,-1.9,6.24,100,unverified,2026-01-31T12:00:00Z,assumed,january-backtest-v1,d094eb03a52f303931989830f7b4efb0d2e6c3faabb6b6a47793e8f3af157ee1,0.22311377884794137
2026-01-31T12:00:00Z,2026-01-31T00:00:00Z,2026-02-01T23:00:00Z,turbine_2,35,-1.9,2.6,6.24,8.48,63,-1.9,6.24,100,unverified,2026-01-31T12:00:00Z,assumed,january-backtest-v1,bc781886f00f59e8ca445d0499e557775f0ddd100dc689290ef2f3ac4fec1e9b,0.20394993925145163
2026-01-31T12:00:00Z,2026-01-31T00:00:00Z,2026-02-02T00:00:00Z,turbine_1,36,-2.1,2.75,6.42,8.7,63,-2.1,6.42,100,unverified,2026-01-31T12:00:00Z,assumed,january-backtest-v1,d094eb03a52f303931989830f7b4efb0d2e6c3faabb6b6a47793e8f3af157ee1,0.2417096690579797
2026-01-31T12:00:00Z,2026-01-31T00:00:00Z,2026-02-02T00:00:00Z,turbine_2,36,-2.1,2.75,6.42,8.7,63,-2.1,6.42,100,unverified,2026-01-31T12:00:00Z,assumed,january-backtest-v1,bc781886f00f59e8ca445d0499e557775f0ddd100dc689290ef2f3ac4fec1e9b,0.22862935575701726
2026-01-31T12:00:00Z,2026-01-31T00:00:00Z,2026-02-02T01:00:00Z,turbine_1,37,-2.3,2.75,6.38,8.66,61,-2.3,6.38,100,unverified,2026-01-31T12:00:00Z,assumed,january-backtest-v1,d094eb03a52f303931989830f7b4efb0d2e6c3faabb6b6a47793e8f3af157ee1,0.23368284773701442
2026-01-31T12:00:00Z,2026-01-31T00:00:00Z,2026-02-02T01:00:00Z,turbine_2,37,-2.3,2.75,6.38,8.66,61,-2.3,6.38,100,unverified,2026-01-31T12:00:00Z,assumed,january-backtest-v1,bc781886f00f59e8ca445d0499e557775f0ddd100dc689290ef2f3ac4fec1e9b,0.21227687511123153
2026-01-31T12:00:00Z,2026-01-31T00:00:00Z,2026-02-02T02:00:00Z,turbine_1,38,-2.5,2.9,6.56,8.81,61,-2.5,6.56,100,unverified,2026-01-31T12:00:00Z,assumed,january-backtest-v1,d094eb03a52f303931989830f7b4efb0d2e6c3faabb6b6a47793e8f3af157ee1,0.26283247738743987
2026-01-31T12:00:00Z,2026-01-31T00:00:00Z,2026-02-02T02:00:00Z,turbine_2,38,-2.5,2.9,6.56,8.81,61,-2.5,6.56,100,unverified,2026-01-31T12:00:00Z,assumed,january-backtest-v1,bc781886f00f59e8ca445d0499e557775f0ddd100dc689290ef2f3ac4fec1e9b,0.24593688192319452
2026-01-31T12:00:00Z,2026-01-31T00:00:00Z,2026-02-02T03:00:00Z,turbine_1,39,-1.3,3.41,6.53,8.81,62,-1.3,6.53,100,unverified,2026-01-31T12:00:00Z,assumed,january-backtest-v1,d094eb03a52f303931989830f7b4efb0d2e6c3faabb6b6a47793e8f3af157ee1,0.26253538540320537
2026-01-31T12:00:00Z,2026-01-31T00:00:00Z,2026-02-02T03:00:00Z,turbine_2,39,-1.3,3.41,6.53,8.81,62,-1.3,6.53,100,unverified,2026-01-31T12:00:00Z,assumed,january-backtest-v1,bc781886f00f59e8ca445d0499e557775f0ddd100dc689290ef2f3ac4fec1e9b,0.2534113762148955
2026-01-31T12:00:00Z,2026-01-31T00:00:00Z,2026-02-02T04:00:00Z,turbine_1,40,2.0,3.58,7.22,9.12,62,2.0,7.22,100,unverified,2026-01-31T12:00:00Z,assumed,january-backtest-v1,d094eb03a52f303931989830f7b4efb0d2e6c3faabb6b6a47793e8f3af157ee1,0.3974276317810105
2026-01-31T12:00:00Z,2026-01-31T00:00:00Z,2026-02-02T04:00:00Z,turbine_2,40,2.0,3.58,7.22,9.12,62,2.0,7.22,100,unverified,2026-01-31T12:00:00Z,assumed,january-backtest-v1,bc781886f00f59e8ca445d0499e557775f0ddd100dc689290ef2f3ac4fec1e9b,0.36683747582198234
2026-01-31T12:00:00Z,2026-01-31T00:00:00Z,2026-02-02T05:00:00Z,turbine_1,41,4.8,4.39,6.55,9.3,57,4.8,6.55,100,unverified,2026-01-31T12:00:00Z,assumed,january-backtest-v1,d094eb03a52f303931989830f7b4efb0d2e6c3faabb6b6a47793e8f3af157ee1,0.29244565669602224
2026-01-31T12:00:00Z,2026-01-31T00:00:00Z,2026-02-02T05:00:00Z,turbine_2,41,4.8,4.39,6.55,9.3,57,4.8,6.55,100,unverified,2026-01-31T12:00:00Z,assumed,january-backtest-v1,bc781886f00f59e8ca445d0499e557775f0ddd100dc689290ef2f3ac4fec1e9b,0.2725306092088474
2026-01-31T12:00:00Z,2026-01-31T00:00:00Z,2026-02-02T06:00:00Z,turbine_1,42,6.4,5.29,7.42,9.42,55,6.4,7.42,100,unverified,2026-01-31T12:00:00Z,assumed,january-backtest-v1,d094eb03a52f303931989830f7b4efb0d2e6c3faabb6b6a47793e8f3af157ee1,0.43118211564911835
2026-01-31T12:00:00Z,2026-01-31T00:00:00Z,2026-02-02T06:00:00Z,turbine_2,42,6.4,5.29,7.42,9.42,55,6.4,7.42,100,unverified,2026-01-31T12:00:00Z,assumed,january-backtest-v1,bc781886f00f59e8ca445d0499e557775f0ddd100dc689290ef2f3ac4fec1e9b,0.40526230323663814
2026-01-31T12:00:00Z,2026-01-31T00:00:00Z,2026-02-02T07:00:00Z,turbine_1,43,7.6,6.01,8.39,9.88,56,7.6,8.39,100,unverified,2026-01-31T12:00:00Z,assumed,january-backtest-v1,d094eb03a52f303931989830f7b4efb0d2e6c3faabb6b6a47793e8f3af157ee1,0.5769040603900875
2026-01-31T12:00:00Z,2026-01-31T00:00:00Z,2026-02-02T07:00:00Z,turbine_2,43,7.6,6.01,8.39,9.88,56,7.6,8.39,100,unverified,2026-01-31T12:00:00Z,assumed,january-backtest-v1,bc781886f00f59e8ca445d0499e557775f0ddd100dc689290ef2f3ac4fec1e9b,0.5760111724720189
2026-01-31T12:00:00Z,2026-01-31T00:00:00Z,2026-02-02T08:00:00Z,turbine_1,44,8.7,6.56,9.28,10.76,57,8.7,9.28,100,unverified,2026-01-31T12:00:00Z,assumed,january-backtest-v1,d094eb03a52f303931989830f7b4efb0d2e6c3faabb6b6a47793e8f3af157ee1,0.7264943409685106
2026-01-31T12:00:00Z,2026-01-31T00:00:00Z,2026-02-02T08:00:00Z,turbine_2,44,8.7,6.56,9.28,10.76,57,8.7,9.28,100,unverified,2026-01-31T12:00:00Z,assumed,january-backtest-v1,bc781886f00f59e8ca445d0499e557775f0ddd100dc689290ef2f3ac4fec1e9b,0.6992100975581944
2026-01-31T12:00:00Z,2026-01-31T00:00:00Z,2026-02-02T09:00:00Z,turbine_1,45,8.6,6.25,9.04,11.0,55,8.6,9.04,100,unverified,2026-01-31T12:00:00Z,assumed,january-backtest-v1,d094eb03a52f303931989830f7b4efb0d2e6c3faabb6b6a47793e8f3af157ee1,0.6796075263575745
2026-01-31T12:00:00Z,2026-01-31T00:00:00Z,2026-02-02T09:00:00Z,turbine_2,45,8.6,6.25,9.04,11.0,55,8.6,9.04,100,unverified,2026-01-31T12:00:00Z,assumed,january-backtest-v1,bc781886f00f59e8ca445d0499e557775f0ddd100dc689290ef2f3ac4fec1e9b,0.6603749126503904
2026-01-31T12:00:00Z,2026-01-31T00:00:00Z,2026-02-02T10:00:00Z,turbine_1,46,7.7,5.24,8.47,10.68,53,7.7,8.47,100,unverified,2026-01-31T12:00:00Z,assumed,january-backtest-v1,d094eb03a52f303931989830f7b4efb0d2e6c3faabb6b6a47793e8f3af157ee1,0.5950920284100092
2026-01-31T12:00:00Z,2026-01-31T00:00:00Z,2026-02-02T10:00:00Z,turbine_2,46,7.7,5.24,8.47,10.68,53,7.7,8.47,100,unverified,2026-01-31T12:00:00Z,assumed,january-backtest-v1,bc781886f00f59e8ca445d0499e557775f0ddd100dc689290ef2f3ac4fec1e9b,0.5908930868053206
2026-01-31T12:00:00Z,2026-01-31T00:00:00Z,2026-02-02T11:00:00Z,turbine_1,47,5.0,1.46,4.24,5.66,45,5.0,4.24,100,unverified,2026-01-31T12:00:00Z,assumed,january-backtest-v1,d094eb03a52f303931989830f7b4efb0d2e6c3faabb6b6a47793e8f3af157ee1,0.06403261860311638
2026-01-31T12:00:00Z,2026-01-31T00:00:00Z,2026-02-02T11:00:00Z,turbine_2,47,5.0,1.46,4.24,5.66,45,5.0,4.24,100,unverified,2026-01-31T12:00:00Z,assumed,january-backtest-v1,bc781886f00f59e8ca445d0499e557775f0ddd100dc689290ef2f3ac4fec1e9b,0.0523458928457331
2026-01-31T12:00:00Z,2026-01-31T00:00:00Z,2026-02-02T12:00:00Z,turbine_1,48,1.5,0.54,0.73,0.46,254,1.5,0.73,100,unverified,2026-01-31T12:00:00Z,assumed,january-backtest-v1,d094eb03a52f303931989830f7b4efb0d2e6c3faabb6b6a47793e8f3af157ee1,0.008980726542188344
2026-01-31T12:00:00Z,2026-01-31T00:00:00Z,2026-02-02T12:00:00Z,turbine_2,48,1.5,0.54,0.73,0.46,254,1.5,0.73,100,unverified,2026-01-31T12:00:00Z,assumed,january-backtest-v1,bc781886f00f59e8ca445d0499e557775f0ddd100dc689290ef2f3ac4fec1e9b,0.009028672572134688
2026-02-01T12:00:00Z,2026-02-01T00:00:00Z,2026-02-01T13:00:00Z,turbine_1,1,0.8,2.56,6.11,6.14,69,0.8,6.11,100,unverified,2026-02-01T12:00:00Z,assumed,1.0.0,b3ad5c95580a49b2260b1ff6ab649242c717638b569451db5f2f6be5bcf54aee,0.22492118765539423
2026-02-01T12:00:00Z,2026-02-01T00:00:00Z,2026-02-01T13:00:00Z,turbine_2,1,0.8,2.56,6.11,6.14,69,0.8,6.11,100,unverified,2026-02-01T12:00:00Z,assumed,1.0.0,8fe049cee2dbb83c819c3ad1ab9e327e982b3408b6617f11599b4115d67eb141,0.2058818195327723
2026-02-01T12:00:00Z,2026-02-01T00:00:00Z,2026-02-01T14:00:00Z,turbine_1,2,1.1,2.6,6.26,6.83,72,1.1,6.26,100,unverified,2026-02-01T12:00:00Z,assumed,1.0.0,b3ad5c95580a49b2260b1ff6ab649242c717638b569451db5f2f6be5bcf54aee,0.24427970072611133
2026-02-01T12:00:00Z,2026-02-01T00:00:00Z,2026-02-01T14:00:00Z,turbine_2,2,1.1,2.6,6.26,6.83,72,1.1,6.26,100,unverified,2026-02-01T12:00:00Z,assumed,1.0.0,8fe049cee2dbb83c819c3ad1ab9e327e982b3408b6617f11599b4115d67eb141,0.22472010091351252
2026-02-01T12:00:00Z,2026-02-01T00:00:00Z,2026-02-01T15:00:00Z,turbine_1,3,0.1,2.36,5.95,6.77,70,0.1,5.95,100,unverified,2026-02-01T12:00:00Z,assumed,1.0.0,b3ad5c95580a49b2260b1ff6ab649242c717638b569451db5f2f6be5bcf54aee,0.1819185867111642
2026-02-01T12:00:00Z,2026-02-01T00:00:00Z,2026-02-01T15:00:00Z,turbine_2,3,0.1,2.36,5.95,6.77,70,0.1,5.95,100,unverified,2026-02-01T12:00:00Z,assumed,1.0.0,8fe049cee2dbb83c819c3ad1ab9e327e982b3408b6617f11599b4115d67eb141,0.16727212143444267
2026-02-01T12:00:00Z,2026-02-01T00:00:00Z,2026-02-01T16:00:00Z,turbine_1,4,0.0,2.4,6.05,6.86,67,0.0,6.05,100,unverified,2026-02-01T12:00:00Z,assumed,1.0.0,b3ad5c95580a49b2260b1ff6ab649242c717638b569451db5f2f6be5bcf54aee,0.20004672742084678
2026-02-01T12:00:00Z,2026-02-01T00:00:00Z,2026-02-01T16:00:00Z,turbine_2,4,0.0,2.4,6.05,6.86,67,0.0,6.05,100,unverified,2026-02-01T12:00:00Z,assumed,1.0.0,8fe049cee2dbb83c819c3ad1ab9e327e982b3408b6617f11599b4115d67eb141,0.18384982034187392
2026-02-01T12:00:00Z,2026-02-01T00:00:00Z,2026-02-01T17:00:00Z,turbine_1,5,-0.4,2.4,6.07,7.25,66,-0.4,6.07,100,unverified,2026-02-01T12:00:00Z,assumed,1.0.0,b3ad5c95580a49b2260b1ff6ab649242c717638b569451db5f2f6be5bcf54aee,0.22025905560594553
2026-02-01T12:00:00Z,2026-02-01T00:00:00Z,2026-02-01T17:00:00Z,turbine_2,5,-0.4,2.4,6.07,7.25,66,-0.4,6.07,100,unverified,2026-02-01T12:00:00Z,assumed,1.0.0,8fe049cee2dbb83c819c3ad1ab9e327e982b3408b6617f11599b4115d67eb141,0.18291482263359876
2026-02-01T12:00:00Z,2026-02-01T00:00:00Z,2026-02-01T18:00:00Z,turbine_1,6,-0.7,2.25,5.89,7.5,66,-0.7,5.89,100,unverified,2026-02-01T12:00:00Z,assumed,1.0.0,b3ad5c95580a49b2260b1ff6ab649242c717638b569451db5f2f6be5bcf54aee,0.17654285875547676
2026-02-01T12:00:00Z,2026-02-01T00:00:00Z,2026-02-01T18:00:00Z,turbine_2,6,-0.7,2.25,5.89,7.5,66,-0.7,5.89,100,unverified,2026-02-01T12:00:00Z,assumed,1.0.0,8fe049cee2dbb83c819c3ad1ab9e327e982b3408b6617f11599b4115d67eb141,0.16415306814018804
2026-02-01T12:00:00Z,2026-02-01T00:00:00Z,2026-02-01T19:00:00Z,turbine_1,7,-1.0,2.16,5.56,7.17,68,-1.0,5.56,100,unverified,2026-02-01T12:00:00Z,assumed,1.0.0,b3ad5c95580a49b2260b1ff6ab649242c717638b569451db5f2f6be5bcf54aee,0.13570253407218244
2026-02-01T12:00:00Z,2026-02-01T00:00:00Z,2026-02-01T19:00:00Z,turbine_2,7,-1.0,2.16,5.56,7.17,68,-1.0,5.56,100,unverified,2026-02-01T12:00:00Z,assumed,1.0.0,8fe049cee2dbb83c819c3ad1ab9e327e982b3408b6617f11599b4115d67eb141,0.1291066395436242
2026-02-01T12:00:00Z,2026-02-01T00:00:00Z,2026-02-01T20:00:00Z,turbine_1,8,-1.2,2.18,5.43,6.97,70,-1.2,5.43,100,unverified,2026-02-01T12:00:00Z,assumed,1.0.0,b3ad5c95580a49b2260b1ff6ab649242c717638b569451db5f2f6be5bcf54aee,0.11959878770946453
2026-02-01T12:00:00Z,2026-02-01T00:00:00Z,2026-02-01T20:00:00Z,turbine_2,8,-1.2,2.18,5.43,6.97,70,-1.2,5.43,100,unverified,2026-02-01T12:00:00Z,assumed,1.0.0,8fe049cee2dbb83c819c3ad1ab9e327e982b3408b6617f11599b4115d67eb141,0.11295211012416712
2026-02-01T12:00:00Z,2026-02-01T00:00:00Z,2026-02-01T21:00:00Z,turbine_1,9,-1.3,2.36,5.72,7.22,68,-1.3,5.72,100,unverified,2026-02-01T12:00:00Z,assumed,1.0.0,b3ad5c95580a49b2260b1ff6ab649242c717638b569451db5f2f6be5bcf54aee,0.15023586850585288
2026-02-01T12:00:00Z,2026-02-01T00:00:00Z,2026-02-01T21:00:00Z,turbine_2,9,-1.3,2.36,5.72,7.22,68,-1.3,5.72,100,unverified,2026-02-01T12:00:00Z,assumed,1.0.0,8fe049cee2dbb83c819c3ad1ab9e327e982b3408b6617f11599b4115d67eb141,0.13360540501741108
2026-02-01T12:00:00Z,2026-02-01T00:00:00Z,2026-02-01T22:00:00Z,turbine_1,10,-1.6,2.65,6.2,7.68,66,-1.6,6.2,100,unverified,2026-02-01T12:00:00Z,assumed,1.0.0,b3ad5c95580a49b2260b1ff6ab649242c717638b569451db5f2f6be5bcf54aee,0.22071922310961295
2026-02-01T12:00:00Z,2026-02-01T00:00:00Z,2026-02-01T22:00:00Z,turbine_2,10,-1.6,2.65,6.2,7.68,66,-1.6,6.2,100,unverified,2026-02-01T12:00:00Z,assumed,1.0.0,8fe049cee2dbb83c819c3ad1ab9e327e982b3408b6617f11599b4115d67eb141,0.20584861391219908
2026-02-01T12:00:00Z,2026-02-01T00:00:00Z,2026-02-01T23:00:00Z,turbine_1,11,-1.8,3.1,6.8,8.59,65,-1.8,6.8,100,unverified,2026-02-01T12:00:00Z,assumed,1.0.0,b3ad5c95580a49b2260b1ff6ab649242c717638b569451db5f2f6be5bcf54aee,0.30932023982879037
2026-02-01T12:00:00Z,2026-02-01T00:00:00Z,2026-02-01T23:00:00Z,turbine_2,11,-1.8,3.1,6.8,8.59,65,-1.8,6.8,100,unverified,2026-02-01T12:00:00Z,assumed,1.0.0,8fe049cee2dbb83c819c3ad1ab9e327e982b3408b6617f11599b4115d67eb141,0.2857776195506016
2026-02-01T12:00:00Z,2026-02-01T00:00:00Z,2026-02-02T00:00:00Z,turbine_1,12,-2.0,3.2,6.84,9.0,65,-2.0,6.84,100,unverified,2026-02-01T12:00:00Z,assumed,1.0.0,b3ad5c95580a49b2260b1ff6ab649242c717638b569451db5f2f6be5bcf54aee,0.32098290831631876
2026-02-01T12:00:00Z,2026-02-01T00:00:00Z,2026-02-02T00:00:00Z,turbine_2,12,-2.0,3.2,6.84,9.0,65,-2.0,6.84,100,unverified,2026-02-01T12:00:00Z,assumed,1.0.0,8fe049cee2dbb83c819c3ad1ab9e327e982b3408b6617f11599b4115d67eb141,0.2901020820044521
2026-02-01T12:00:00Z,2026-02-01T00:00:00Z,2026-02-02T01:00:00Z,turbine_1,13,-2.3,3.15,6.8,9.12,63,-2.3,6.8,100,unverified,2026-02-01T12:00:00Z,assumed,1.0.0,b3ad5c95580a49b2260b1ff6ab649242c717638b569451db5f2f6be5bcf54aee,0.3049945243872223
2026-02-01T12:00:00Z,2026-02-01T00:00:00Z,2026-02-02T01:00:00Z,turbine_2,13,-2.3,3.15,6.8,9.12,63,-2.3,6.8,100,unverified,2026-02-01T12:00:00Z,assumed,1.0.0,8fe049cee2dbb83c819c3ad1ab9e327e982b3408b6617f11599b4115d67eb141,0.283311737966231
2026-02-01T12:00:00Z,2026-02-01T00:00:00Z,2026-02-02T02:00:00Z,turbine_1,14,-2.7,2.95,6.57,8.98,63,-2.7,6.57,100,unverified,2026-02-01T12:00:00Z,assumed,1.0.0,b3ad5c95580a49b2260b1ff6ab649242c717638b569451db5f2f6be5bcf54aee,0.26593806298978
2026-02-01T12:00:00Z,2026-02-01T00:00:00Z,2026-02-02T02:00:00Z,turbine_2,14,-2.7,2.95,6.57,8.98,63,-2.7,6.57,100,unverified,2026-02-01T12:00:00Z,assumed,1.0.0,8fe049cee2dbb83c819c3ad1ab9e327e982b3408b6617f11599b4115d67eb141,0.2498712140551648
2026-02-01T12:00:00Z,2026-02-01T00:00:00Z,2026-02-02T03:00:00Z,turbine_1,15,-1.6,3.4,6.46,8.82,64,-1.6,6.46,100,unverified,2026-02-01T12:00:00Z,assumed,1.0.0,b3ad5c95580a49b2260b1ff6ab649242c717638b569451db5f2f6be5bcf54aee,0.2550848495642215
2026-02-01T12:00:00Z,2026-02-01T00:00:00Z,2026-02-02T03:00:00Z,turbine_2,15,-1.6,3.4,6.46,8.82,64,-1.6,6.46,100,unverified,2026-02-01T12:00:00Z,assumed,1.0.0,8fe049cee2dbb83c819c3ad1ab9e327e982b3408b6617f11599b4115d67eb141,0.23594126430224227
2026-02-01T12:00:00Z,2026-02-01T00:00:00Z,2026-02-02T04:00:00Z,turbine_1,16,1.7,3.65,7.8,9.41,63,1.7,7.8,100,unverified,2026-02-01T12:00:00Z,assumed,1.0.0,b3ad5c95580a49b2260b1ff6ab649242c717638b569451db5f2f6be5bcf54aee,0.5016248418104428
2026-02-01T12:00:00Z,2026-02-01T00:00:00Z,2026-02-02T04:00:00Z,turbine_2,16,1.7,3.65,7.8,9.41,63,1.7,7.8,100,unverified,2026-02-01T12:00:00Z,assumed,1.0.0,8fe049cee2dbb83c819c3ad1ab9e327e982b3408b6617f11599b4115d67eb141,0.4621493717867819
2026-02-01T12:00:00Z,2026-02-01T00:00:00Z,2026-02-02T05:00:00Z,turbine_1,17,4.1,4.64,6.77,9.95,56,4.1,6.77,100,unverified,2026-02-01T12:00:00Z,assumed,1.0.0,b3ad5c95580a49b2260b1ff6ab649242c717638b569451db5f2f6be5bcf54aee,0.3259871183923723
2026-02-01T12:00:00Z,2026-02-01T00:00:00Z,2026-02-02T05:00:00Z,turbine_2,17,4.1,4.64,6.77,9.95,56,4.1,6.77,100,unverified,2026-02-01T12:00:00Z,assumed,1.0.0,8fe049cee2dbb83c819c3ad1ab9e327e982b3408b6617f11599b4115d67eb141,0.30652099480206824
2026-02-01T12:00:00Z,2026-02-01T00:00:00Z,2026-02-02T06:00:00Z,turbine_1,18,5.9,5.44,7.55,9.54,55,5.9,7.55,100,unverified,2026-02-01T12:00:00Z,assumed,1.0.0,b3ad5c95580a49b2260b1ff6ab649242c717638b569451db5f2f6be5bcf54aee,0.4613896695097933
2026-02-01T12:00:00Z,2026-02-01T00:00:00Z,2026-02-02T06:00:00Z,turbine_2,18,5.9,5.44,7.55,9.54,55,5.9,7.55,100,unverified,2026-02-01T12:00:00Z,assumed,1.0.0,8fe049cee2dbb83c819c3ad1ab9e327e982b3408b6617f11599b4115d67eb141,0.4329912123623122
2026-02-01T12:00:00Z,2026-02-01T00:00:00Z,2026-02-02T07:00:00Z,turbine_1,19,7.2,6.08,8.39,9.82,55,7.2,8.39,100,unverified,2026-02-01T12:00:00Z,assumed,1.0.0,b3ad5c95580a49b2260b1ff6ab649242c717638b569451db5f2f6be5bcf54aee,0.5817459536836589
2026-02-01T12:00:00Z,2026-02-01T00:00:00Z,2026-02-02T07:00:00Z,turbine_2,19,7.2,6.08,8.39,9.82,55,7.2,8.39,100,unverified,2026-02-01T12:00:00Z,assumed,1.0.0,8fe049cee2dbb83c819c3ad1ab9e327e982b3408b6617f11599b4115d67eb141,0.5798997535157021
2026-02-01T12:00:00Z,2026-02-01T00:00:00Z,2026-02-02T08:00:00Z,turbine_1,20,8.0,6.46,9.09,10.39,54,8.0,9.09,100,unverified,2026-02-01T12:00:00Z,assumed,1.0.0,b3ad5c95580a49b2260b1ff6ab649242c717638b569451db5f2f6be5bcf54aee,0.7110303873223247
2026-02-01T12:00:00Z,2026-02-01T00:00:00Z,2026-02-02T08:00:00Z,turbine_2,20,8.0,6.46,9.09,10.39,54,8.0,9.09,100,unverified,2026-02-01T12:00:00Z,assumed,1.0.0,8fe049cee2dbb83c819c3ad1ab9e327e982b3408b6617f11599b4115d67eb141,0.66254649545367
2026-02-01T12:00:00Z,2026-02-01T00:00:00Z,2026-02-02T09:00:00Z,turbine_1,21,8.1,6.21,8.88,10.56,54,8.1,8.88,100,unverified,2026-02-01T12:00:00Z,assumed,1.0.0,b3ad5c95580a49b2260b1ff6ab649242c717638b569451db5f2f6be5bcf54aee,0.6565155822271358
2026-02-01T12:00:00Z,2026-02-01T00:00:00Z,2026-02-02T09:00:00Z,turbine_2,21,8.1,6.21,8.88,10.56,54,8.1,8.88,100,unverified,2026-02-01T12:00:00Z,assumed,1.0.0,8fe049cee2dbb83c819c3ad1ab9e327e982b3408b6617f11599b4115d67eb141,0.649661713802874
2026-02-01T12:00:00Z,2026-02-01T00:00:00Z,2026-02-02T10:00:00Z,turbine_1,22,7.3,5.22,8.31,9.97,56,7.3,8.31,100,unverified,2026-02-01T12:00:00Z,assumed,1.0.0,b3ad5c95580a49b2260b1ff6ab649242c717638b569451db5f2f6be5bcf54aee,0.5664091623470127
2026-02-01T12:00:00Z,2026-02-01T00:00:00Z,2026-02-02T10:00:00Z,turbine_2,22,7.3,5.22,8.31,9.97,56,7.3,8.31,100,unverified,2026-02-01T12:00:00Z,assumed,1.0.0,8fe049cee2dbb83c819c3ad1ab9e327e982b3408b6617f11599b4115d67eb141,0.5755005123696857
2026-02-01T12:00:00Z,2026-02-01T00:00:00Z,2026-02-02T11:00:00Z,turbine_1,23,5.5,4.41,8.18,9.25,60,5.5,8.18,100,unverified,2026-02-01T12:00:00Z,assumed,1.0.0,b3ad5c95580a49b2260b1ff6ab649242c717638b569451db5f2f6be5bcf54aee,0.5656142464652208
2026-02-01T12:00:00Z,2026-02-01T00:00:00Z,2026-02-02T11:00:00Z,turbine_2,23,5.5,4.41,8.18,9.25,60,5.5,8.18,100,unverified,2026-02-01T12:00:00Z,assumed,1.0.0,8fe049cee2dbb83c819c3ad1ab9e327e982b3408b6617f11599b4115d67eb141,0.531064338594655
2026-02-01T12:00:00Z,2026-02-01T00:00:00Z,2026-02-02T12:00:00Z,turbine_1,24,3.1,2.96,7.02,8.48,64,3.1,7.02,100,unverified,2026-02-01T12:00:00Z,assumed,1.0.0,b3ad5c95580a49b2260b1ff6ab649242c717638b569451db5f2f6be5bcf54aee,0.3721362575324613
2026-02-01T12:00:00Z,2026-02-01T00:00:00Z,2026-02-02T12:00:00Z,turbine_2,24,3.1,2.96,7.02,8.48,64,3.1,7.02,100,unverified,2026-02-01T12:00:00Z,assumed,1.0.0,8fe049cee2dbb83c819c3ad1ab9e327e982b3408b6617f11599b4115d67eb141,0.3494554151840355
2026-02-01T12:00:00Z,2026-02-01T00:00:00Z,2026-02-02T13:00:00Z,turbine_1,25,0.7,0.22,2.13,4.29,60,0.7,2.13,100,unverified,2026-02-01T12:00:00Z,assumed,1.0.0,b3ad5c95580a49b2260b1ff6ab649242c717638b569451db5f2f6be5bcf54aee,0.011236577637276035
2026-02-01T12:00:00Z,2026-02-01T00:00:00Z,2026-02-02T13:00:00Z,turbine_2,25,0.7,0.22,2.13,4.29,60,0.7,2.13,100,unverified,2026-02-01T12:00:00Z,assumed,1.0.0,8fe049cee2dbb83c819c3ad1ab9e327e982b3408b6617f11599b4115d67eb141,0.011882189387937614
2026-02-01T12:00:00Z,2026-02-01T00:00:00Z,2026-02-02T14:00:00Z,turbine_1,26,-0.3,0.6,0.91,2.47,96,-0.3,0.91,100,unverified,2026-02-01T12:00:00Z,assumed,1.0.0,b3ad5c95580a49b2260b1ff6ab649242c717638b569451db5f2f6be5bcf54aee,0.007768126697162148
2026-02-01T12:00:00Z,2026-02-01T00:00:00Z,2026-02-02T14:00:00Z,turbine_2,26,-0.3,0.6,0.91,2.47,96,-0.3,0.91,100,unverified,2026-02-01T12:00:00Z,assumed,1.0.0,8fe049cee2dbb83c819c3ad1ab9e327e982b3408b6617f11599b4115d67eb141,0.006838143339075786
2026-02-01T12:00:00Z,2026-02-01T00:00:00Z,2026-02-02T15:00:00Z,turbine_1,27,0.1,0.72,0.71,0.97,188,0.1,0.71,100,unverified,2026-02-01T12:00:00Z,assumed,1.0.0,b3ad5c95580a49b2260b1ff6ab649242c717638b569451db5f2f6be5bcf54aee,0.009154296846704268
2026-02-01T12:00:00Z,2026-02-01T00:00:00Z,2026-02-02T15:00:00Z,turbine_2,27,0.1,0.72,0.71,0.97,188,0.1,0.71,100,unverified,2026-02-01T12:00:00Z,assumed,1.0.0,8fe049cee2dbb83c819c3ad1ab9e327e982b3408b6617f11599b4115d67eb141,0.010668225192393133
2026-02-01T12:00:00Z,2026-02-01T00:00:00Z,2026-02-02T16:00:00Z,turbine_1,28,-0.2,1.24,1.69,1.84,124,-0.2,1.69,100,unverified,2026-02-01T12:00:00Z,assumed,1.0.0,b3ad5c95580a49b2260b1ff6ab649242c717638b569451db5f2f6be5bcf54aee,0.007826319890958111
2026-02-01T12:00:00Z,2026-02-01T00:00:00Z,2026-02-02T16:00:00Z,turbine_2,28,-0.2,1.24,1.69,1.84,124,-0.2,1.69,100,unverified,2026-02-01T12:00:00Z,assumed,1.0.0,8fe049cee2dbb83c819c3ad1ab9e327e982b3408b6617f11599b4115d67eb141,0.005898468419372527
2026-02-01T12:00:00Z,2026-02-01T00:00:00Z,2026-02-02T17:00:00Z,turbine_1,29,-0.5,1.2,2.11,1.63,83,-0.5,2.11,100,unverified,2026-02-01T12:00:00Z,assumed,1.0.0,b3ad5c95580a49b2260b1ff6ab649242c717638b569451db5f2f6be5bcf54aee,0.010985949363041092
2026-02-01T12:00:00Z,2026-02-01T00:00:00Z,2026-02-02T17:00:00Z,turbine_2,29,-0.5,1.2,2.11,1.63,83,-0.5,2.11,100,unverified,2026-02-01T12:00:00Z,assumed,1.0.0,8fe049cee2dbb83c819c3ad1ab9e327e982b3408b6617f11599b4115d67eb141,0.011848810232872542
2026-02-01T12:00:00Z,2026-02-01T00:00:00Z,2026-02-02T18:00:00Z,turbine_1,30,-0.4,1.31,2.77,2.25,77,-0.4,2.77,100,unverified,2026-02-01T12:00:00Z,assumed,1.0.0,b3ad5c95580a49b2260b1ff6ab649242c717638b569451db5f2f6be5bcf54aee,0.009743095721720108
2026-02-01T12:00:00Z,2026-02-01T00:00:00Z,2026-02-02T18:00:00Z,turbine_2,30,-0.4,1.31,2.77,2.25,77,-0.4,2.77,100,unverified,2026-02-01T12:00:00Z,assumed,1.0.0,8fe049cee2dbb83c819c3ad1ab9e327e982b3408b6617f11599b4115d67eb141,0.01023727804688418
2026-02-01T12:00:00Z,2026-02-01T00:00:00Z,2026-02-02T19:00:00Z,turbine_1,31,0.0,1.39,3.69,3.29,65,0.0,3.69,100,unverified,2026-02-01T12:00:00Z,assumed,1.0.0,b3ad5c95580a49b2260b1ff6ab649242c717638b569451db5f2f6be5bcf54aee,0.03094591586133566
2026-02-01T12:00:00Z,2026-02-01T00:00:00Z,2026-02-02T19:00:00Z,turbine_2,31,0.0,1.39,3.69,3.29,65,0.0,3.69,100,unverified,2026-02-01T12:00:00Z,assumed,1.0.0,8fe049cee2dbb83c819c3ad1ab9e327e982b3408b6617f11599b4115d67eb141,0.02777080442854235
2026-02-01T12:00:00Z,2026-02-01T00:00:00Z,2026-02-02T20:00:00Z,turbine_1,32,0.1,1.94,4.72,4.9,69,0.1,4.72,100,unverified,2026-02-01T12:00:00Z,assumed,1.0.0,b3ad5c95580a49b2260b1ff6ab649242c717638b569451db5f2f6be5bcf54aee,0.08023113778597202
2026-02-01T12:00:00Z,2026-02-01T00:00:00Z,2026-02-02T20:00:00Z,turbine_2,32,0.1,1.94,4.72,4.9,69,0.1,4.72,100,unverified,2026-02-01T12:00:00Z,assumed,1.0.0,8fe049cee2dbb83c819c3ad1ab9e327e982b3408b6617f11599b4115d67eb141,0.07199527198885913
2026-02-01T12:00:00Z,2026-02-01T00:00:00Z,2026-02-02T21:00:00Z,turbine_1,33,-0.5,1.98,5.25,5.93,63,-0.5,5.25,100,unverified,2026-02-01T12:00:00Z,assumed,1.0.0,b3ad5c95580a49b2260b1ff6ab649242c717638b569451db5f2f6be5bcf54aee,0.11954841565136615
2026-02-01T12:00:00Z,2026-02-01T00:00:00Z,2026-02-02T21:00:00Z,turbine_2,33,-0.5,1.98,5.25,5.93,63,-0.5,5.25,100,unverified,2026-02-01T12:00:00Z,assumed,1.0.0,8fe049cee2dbb83c819c3ad1ab9e327e982b3408b6617f11599b4115d67eb141,0.10750726651624148
2026-02-01T12:00:00Z,2026-02-01T00:00:00Z,2026-02-02T22:00:00Z,turbine_1,34,-0.9,1.89,5.28,6.76,63,-0.9,5.28,100,unverified,2026-02-01T12:00:00Z,assumed,1.0.0,b3ad5c95580a49b2260b1ff6ab649242c717638b569451db5f2f6be5bcf54aee,0.11445379202334893
2026-02-01T12:00:00Z,2026-02-01T00:00:00Z,2026-02-02T22:00:00Z,turbine_2,34,-0.9,1.89,5.28,6.76,63,-0.9,5.28,100,unverified,2026-02-01T12:00:00Z,assumed,1.0.0,8fe049cee2dbb83c819c3ad1ab9e327e982b3408b6617f11599b4115d67eb141,0.10403850319231617
2026-02-01T12:00:00Z,2026-02-01T00:00:00Z,2026-02-02T23:00:00Z,turbine_1,35,-1.4,1.63,4.7,6.5,62,-1.4,4.7,100,unverified,2026-02-01T12:00:00Z,assumed,1.0.0,b3ad5c95580a49b2260b1ff6ab649242c717638b569451db5f2f6be5bcf54aee,0.06546942725701227
2026-02-01T12:00:00Z,2026-02-01T00:00:00Z,2026-02-02T23:00:00Z,turbine_2,35,-1.4,1.63,4.7,6.5,62,-1.4,4.7,100,unverified,2026-02-01T12:00:00Z,assumed,1.0.0,8fe049cee2dbb83c819c3ad1ab9e327e982b3408b6617f11599b4115d67eb141,0.060446081838046894
2026-02-01T12:00:00Z,2026-02-01T00:00:00Z,2026-02-03T00:00:00Z,turbine_1,36,-1.6,1.63,4.72,6.4,62,-1.6,4.72,100,unverified,2026-02-01T12:00:00Z,assumed,1.0.0,b3ad5c95580a49b2260b1ff6ab649242c717638b569451db5f2f6be5bcf54aee,0.06950623065927647
2026-02-01T12:00:00Z,2026-02-01T00:00:00Z,2026-02-03T00:00:00Z,turbine_2,36,-1.6,1.63,4.72,6.4,62,-1.6,4.72,100,unverified,2026-02-01T12:00:00Z,assumed,1.0.0,8fe049cee2dbb83c819c3ad1ab9e327e982b3408b6617f11599b4115d67eb141,0.061905102647692
2026-02-01T12:00:00Z,2026-02-01T00:00:00Z,2026-02-03T01:00:00Z,turbine_1,37,-2.0,1.44,4.25,5.89,60,-2.0,4.25,100,unverified,2026-02-01T12:00:00Z,assumed,1.0.0,b3ad5c95580a49b2260b1ff6ab649242c717638b569451db5f2f6be5bcf54aee,0.04202097468599392
2026-02-01T12:00:00Z,2026-02-01T00:00:00Z,2026-02-03T01:00:00Z,turbine_2,37,-2.0,1.44,4.25,5.89,60,-2.0,4.25,100,unverified,2026-02-01T12:00:00Z,assumed,1.0.0,8fe049cee2dbb83c819c3ad1ab9e327e982b3408b6617f11599b4115d67eb141,0.034074432900129625
2026-02-01T12:00:00Z,2026-02-01T00:00:00Z,2026-02-03T02:00:00Z,turbine_1,38,-2.3,1.01,3.24,5.1,56,-2.3,3.24,100,unverified,2026-02-01T12:00:00Z,assumed,1.0.0,b3ad5c95580a49b2260b1ff6ab649242c717638b569451db5f2f6be5bcf54aee,0.013418569270199077
2026-02-01T12:00:00Z,2026-02-01T00:00:00Z,2026-02-03T02:00:00Z,turbine_2,38,-2.3,1.01,3.24,5.1,56,-2.3,3.24,100,unverified,2026-02-01T12:00:00Z,assumed,1.0.0,8fe049cee2dbb83c819c3ad1ab9e327e982b3408b6617f11599b4115d67eb141,0.00956758757132753
2026-02-01T12:00:00Z,2026-02-01T00:00:00Z,2026-02-03T03:00:00Z,turbine_1,39,-0.2,0.96,1.95,3.5,93,-0.2,1.95,100,unverified,2026-02-01T12:00:00Z,assumed,1.0.0,b3ad5c95580a49b2260b1ff6ab649242c717638b569451db5f2f6be5bcf54aee,0.010964056509452591
2026-02-01T12:00:00Z,2026-02-01T00:00:00Z,2026-02-03T03:00:00Z,turbine_2,39,-0.2,0.96,1.95,3.5,93,-0.2,1.95,100,unverified,2026-02-01T12:00:00Z,assumed,1.0.0,8fe049cee2dbb83c819c3ad1ab9e327e982b3408b6617f11599b4115d67eb141,0.008572901531348986
2026-02-01T12:00:00Z,2026-02-01T00:00:00Z,2026-02-03T04:00:00Z,turbine_1,40,3.2,1.21,1.43,1.59,119,3.2,1.43,100,unverified,2026-02-01T12:00:00Z,assumed,1.0.0,b3ad5c95580a49b2260b1ff6ab649242c717638b569451db5f2f6be5bcf54aee,0.009728659880051393
2026-02-01T12:00:00Z,2026-02-01T00:00:00Z,2026-02-03T04:00:00Z,turbine_2,40,3.2,1.21,1.43,1.59,119,3.2,1.43,100,unverified,2026-02-01T12:00:00Z,assumed,1.0.0,8fe049cee2dbb83c819c3ad1ab9e327e982b3408b6617f11599b4115d67eb141,0.007708026937011003
2026-02-01T12:00:00Z,2026-02-01T00:00:00Z,2026-02-03T05:00:00Z,turbine_1,41,4.7,1.5,1.99,2.55,258,4.7,1.99,100,unverified,2026-02-01T12:00:00Z,assumed,1.0.0,b3ad5c95580a49b2260b1ff6ab649242c717638b569451db5f2f6be5bcf54aee,0.01214173207291952
2026-02-01T12:00:00Z,2026-02-01T00:00:00Z,2026-02-03T05:00:00Z,turbine_2,41,4.7,1.5,1.99,2.55,258,4.7,1.99,100,unverified,2026-02-01T12:00:00Z,assumed,1.0.0,8fe049cee2dbb83c819c3ad1ab9e327e982b3408b6617f11599b4115d67eb141,0.0092237746749263
2026-02-01T12:00:00Z,2026-02-01T00:00:00Z,2026-02-03T06:00:00Z,turbine_1,42,6.0,2.4,3.06,3.49,264,6.0,3.06,100,unverified,2026-02-01T12:00:00Z,assumed,1.0.0,b3ad5c95580a49b2260b1ff6ab649242c717638b569451db5f2f6be5bcf54aee,0.01902623322000907
2026-02-01T12:00:00Z,2026-02-01T00:00:00Z,2026-02-03T06:00:00Z,turbine_2,42,6.0,2.4,3.06,3.49,264,6.0,3.06,100,unverified,2026-02-01T12:00:00Z,assumed,1.0.0,8fe049cee2dbb83c819c3ad1ab9e327e982b3408b6617f11599b4115d67eb141,0.012650220382761035
2026-02-01T12:00:00Z,2026-02-01T00:00:00Z,2026-02-03T07:00:00Z,turbine_1,43,7.3,2.06,2.62,2.8,262,7.3,2.62,100,unverified,2026-02-01T12:00:00Z,assumed,1.0.0,b3ad5c95580a49b2260b1ff6ab649242c717638b569451db5f2f6be5bcf54aee,0.013232122019758874
2026-02-01T12:00:00Z,2026-02-01T00:00:00Z,2026-02-03T07:00:00Z,turbine_2,43,7.3,2.06,2.62,2.8,262,7.3,2.62,100,unverified,2026-02-01T12:00:00Z,assumed,1.0.0,8fe049cee2dbb83c819c3ad1ab9e327e982b3408b6617f11599b4115d67eb141,0.01596493830631468
2026-02-01T12:00:00Z,2026-02-01T00:00:00Z,2026-02-03T08:00:00Z,turbine_1,44,7.9,2.75,3.55,3.81,269,7.9,3.55,100,unverified,2026-02-01T12:00:00Z,assumed,1.0.0,b3ad5c95580a49b2260b1ff6ab649242c717638b569451db5f2f6be5bcf54aee,0.033740178424203626
2026-02-01T12:00:00Z,2026-02-01T00:00:00Z,2026-02-03T08:00:00Z,turbine_2,44,7.9,2.75,3.55,3.81,269,7.9,3.55,100,unverified,2026-02-01T12:00:00Z,assumed,1.0.0,8fe049cee2dbb83c819c3ad1ab9e327e982b3408b6617f11599b4115d67eb141,0.03033400785339674
2026-02-01T12:00:00Z,2026-02-01T00:00:00Z,2026-02-03T09:00:00Z,turbine_1,45,7.5,2.85,3.8,4.0,271,7.5,3.8,100,unverified,2026-02-01T12:00:00Z,assumed,1.0.0,b3ad5c95580a49b2260b1ff6ab649242c717638b569451db5f2f6be5bcf54aee,0.04226704466312298
2026-02-01T12:00:00Z,2026-02-01T00:00:00Z,2026-02-03T09:00:00Z,turbine_2,45,7.5,2.85,3.8,4.0,271,7.5,3.8,100,unverified,2026-02-01T12:00:00Z,assumed,1.0.0,8fe049cee2dbb83c819c3ad1ab9e327e982b3408b6617f11599b4115d67eb141,0.03941765570119693
2026-02-01T12:00:00Z,2026-02-01T00:00:00Z,2026-02-03T10:00:00Z,turbine_1,46,6.7,2.92,4.41,4.78,265,6.7,4.41,100,unverified,2026-02-01T12:00:00Z,assumed,1.0.0,b3ad5c95580a49b2260b1ff6ab649242c717638b569451db5f2f6be5bcf54aee,0.07332841734479173
2026-02-01T12:00:00Z,2026-02-01T00:00:00Z,2026-02-03T10:00:00Z,turbine_2,46,6.7,2.92,4.41,4.78,265,6.7,4.41,100,unverified,2026-02-01T12:00:00Z,assumed,1.0.0,8fe049cee2dbb83c819c3ad1ab9e327e982b3408b6617f11599b4115d67eb141,0.06964926834260793
2026-02-01T12:00:00Z,2026-02-01T00:00:00Z,2026-02-03T11:00:00Z,turbine_1,47,5.0,2.45,5.37,6.8,238,5.0,5.37,100,unverified,2026-02-01T12:00:00Z,assumed,1.0.0,b3ad5c95580a49b2260b1ff6ab649242c717638b569451db5f2f6be5bcf54aee,0.1452954373403992
2026-02-01T12:00:00Z,2026-02-01T00:00:00Z,2026-02-03T11:00:00Z,turbine_2,47,5.0,2.45,5.37,6.8,238,5.0,5.37,100,unverified,2026-02-01T12:00:00Z,assumed,1.0.0,8fe049cee2dbb83c819c3ad1ab9e327e982b3408b6617f11599b4115d67eb141,0.13028406767961062
2026-02-01T12:00:00Z,2026-02-01T00:00:00Z,2026-02-03T12:00:00Z,turbine_1,48,3.3,2.69,6.4,8.25,256,3.3,6.4,100,unverified,2026-02-01T12:00:00Z,assumed,1.0.0,b3ad5c95580a49b2260b1ff6ab649242c717638b569451db5f2f6be5bcf54aee,0.2678948138705077
2026-02-01T12:00:00Z,2026-02-01T00:00:00Z,2026-02-03T12:00:00Z,turbine_2,48,3.3,2.69,6.4,8.25,256,3.3,6.4,100,unverified,2026-02-01T12:00:00Z,assumed,1.0.0,8fe049cee2dbb83c819c3ad1ab9e327e982b3408b6617f11599b4115d67eb141,0.24967040902329396
2026-02-02T12:00:00Z,2026-02-02T00:00:00Z,2026-02-02T13:00:00Z,turbine_1,1,1.0,0.4,1.44,3.2,76,1.0,1.44,100,unverified,2026-02-02T12:00:00Z,assumed,1.0.0,b3ad5c95580a49b2260b1ff6ab649242c717638b569451db5f2f6be5bcf54aee,0.008390021330170472
2026-02-02T12:00:00Z,2026-02-02T00:00:00Z,2026-02-02T13:00:00Z,turbine_2,1,1.0,0.4,1.44,3.2,76,1.0,1.44,100,unverified,2026-02-02T12:00:00Z,assumed,1.0.0,8fe049cee2dbb83c819c3ad1ab9e327e982b3408b6617f11599b4115d67eb141,0.009923594879167552
2026-02-02T12:00:00Z,2026-02-02T00:00:00Z,2026-02-02T14:00:00Z,turbine_1,2,0.2,1.39,3.03,3.99,77,0.2,3.03,100,unverified,2026-02-02T12:00:00Z,assumed,1.0.0,b3ad5c95580a49b2260b1ff6ab649242c717638b569451db5f2f6be5bcf54aee,0.012721975214145087
2026-02-02T12:00:00Z,2026-02-02T00:00:00Z,2026-02-02T14:00:00Z,turbine_2,2,0.2,1.39,3.03,3.99,77,0.2,3.03,100,unverified,2026-02-02T12:00:00Z,assumed,1.0.0,8fe049cee2dbb83c819c3ad1ab9e327e982b3408b6617f11599b4115d67eb141,0.011916549220117811
2026-02-02T12:00:00Z,2026-02-02T00:00:00Z,2026-02-02T15:00:00Z,turbine_1,3,-1.0,1.8,4.74,5.55,62,-1.0,4.74,100,unverified,2026-02-02T12:00:00Z,assumed,1.0.0,b3ad5c95580a49b2260b1ff6ab649242c717638b569451db5f2f6be5bcf54aee,0.07152105437384243
2026-02-02T12:00:00Z,2026-02-02T00:00:00Z,2026-02-02T15:00:00Z,turbine_2,3,-1.0,1.8,4.74,5.55,62,-1.0,4.74,100,unverified,2026-02-02T12:00:00Z,assumed,1.0.0,8fe049cee2dbb83c819c3ad1ab9e327e982b3408b6617f11599b4115d67eb141,0.06724706652088247
2026-02-02T12:00:00Z,2026-02-02T00:00:00Z,2026-02-02T16:00:00Z,turbine_1,4,-0.7,1.82,4.92,6.18,66,-0.7,4.92,100,unverified,2026-02-02T12:00:00Z,assumed,1.0.0,b3ad5c95580a49b2260b1ff6ab649242c717638b569451db5f2f6be5bcf54aee,0.08719994912358814
2026-02-02T12:00:00Z,2026-02-02T00:00:00Z,2026-02-02T16:00:00Z,turbine_2,4,-0.7,1.82,4.92,6.18,66,-0.7,4.92,100,unverified,2026-02-02T12:00:00Z,assumed,1.0.0,8fe049cee2dbb83c819c3ad1ab9e327e982b3408b6617f11599b4115d67eb141,0.07590153039129771
2026-02-02T12:00:00Z,2026-02-02T00:00:00Z,2026-02-02T17:00:00Z,turbine_1,5,-0.9,1.88,5.19,6.5,64,-0.9,5.19,100,unverified,2026-02-02T12:00:00Z,assumed,1.0.0,b3ad5c95580a49b2260b1ff6ab649242c717638b569451db5f2f6be5bcf54aee,0.10524550084847961
2026-02-02T12:00:00Z,2026-02-02T00:00:00Z,2026-02-02T17:00:00Z,turbine_2,5,-0.9,1.88,5.19,6.5,64,-0.9,5.19,100,unverified,2026-02-02T12:00:00Z,assumed,1.0.0,8fe049cee2dbb83c819c3ad1ab9e327e982b3408b6617f11599b4115d67eb141,0.09415644977858723
2026-02-02T12:00:00Z,2026-02-02T00:00:00Z,2026-02-02T18:00:00Z,turbine_1,6,-1.1,1.8,5.08,6.85,62,-1.1,5.08,100,unverified,2026-02-02T12:00:00Z,assumed,1.0.0,b3ad5c95580a49b2260b1ff6ab649242c717638b569451db5f2f6be5bcf54aee,0.09098036865812487
2026-02-02T12:00:00Z,2026-02-02T00:00:00Z,2026-02-02T18:00:00Z,turbine_2,6,-1.1,1.8,5.08,6.85,62,-1.1,5.08,100,unverified,2026-02-02T12:00:00Z,assumed,1.0.0,8fe049cee2dbb83c819c3ad1ab9e327e982b3408b6617f11599b4115d67eb141,0.08036729465047221
2026-02-02T12:00:00Z,2026-02-02T00:00:00Z,2026-02-02T19:00:00Z,turbine_1,7,-1.4,1.71,4.77,6.56,66,-1.4,4.77,100,unverified,2026-02-02T12:00:00Z,assumed,1.0.0,b3ad5c95580a49b2260b1ff6ab649242c717638b569451db5f2f6be5bcf54aee,0.07002308668938567
2026-02-02T12:00:00Z,2026-02-02T00:00:00Z,2026-02-02T19:00:00Z,turbine_2,7,-1.4,1.71,4.77,6.56,66,-1.4,4.77,100,unverified,2026-02-02T12:00:00Z,assumed,1.0.0,8fe049cee2dbb83c819c3ad1ab9e327e982b3408b6617f11599b4115d67eb141,0.06292840615975848
2026-02-02T12:00:00Z,2026-02-02T00:00:00Z,2026-02-02T20:00:00Z,turbine_1,8,-1.6,1.95,4.95,6.87,72,-1.6,4.95,100,unverified,2026-02-02T12:00:00Z,assumed,1.0.0,b3ad5c95580a49b2260b1ff6ab649242c717638b569451db5f2f6be5bcf54aee,0.0837348011879096
2026-02-02T12:00:00Z,2026-02-02T00:00:00Z,2026-02-02T20:00:00Z,turbine_2,8,-1.6,1.95,4.95,6.87,72,-1.6,4.95,100,unverified,2026-02-02T12:00:00Z,assumed,1.0.0,8fe049cee2dbb83c819c3ad1ab9e327e982b3408b6617f11599b4115d67eb141,0.07007599054706254
2026-02-02T12:00:00Z,2026-02-02T00:00:00Z,2026-02-02T21:00:00Z,turbine_1,9,-1.8,2.37,5.58,7.7,72,-1.8,5.58,100,unverified,2026-02-02T12:00:00Z,assumed,1.0.0,b3ad5c95580a49b2260b1ff6ab649242c717638b569451db5f2f6be5bcf54aee,0.13348090791107278
2026-02-02T12:00:00Z,2026-02-02T00:00:00Z,2026-02-02T21:00:00Z,turbine_2,9,-1.8,2.37,5.58,7.7,72,-1.8,5.58,100,unverified,2026-02-02T12:00:00Z,assumed,1.0.0,8fe049cee2dbb83c819c3ad1ab9e327e982b3408b6617f11599b4115d67eb141,0.12257595036811919
2026-02-02T12:00:00Z,2026-02-02T00:00:00Z,2026-02-02T22:00:00Z,turbine_1,10,-1.7,2.57,6.17,8.47,72,-1.7,6.17,100,unverified,2026-02-02T12:00:00Z,assumed,1.0.0,b3ad5c95580a49b2260b1ff6ab649242c717638b569451db5f2f6be5bcf54aee,0.2175583733532479
2026-02-02T12:00:00Z,2026-02-02T00:00:00Z,2026-02-02T22:00:00Z,turbine_2,10,-1.7,2.57,6.17,8.47,72,-1.7,6.17,100,unverified,2026-02-02T12:00:00Z,assumed,1.0.0,8fe049cee2dbb83c819c3ad1ab9e327e982b3408b6617f11599b4115d67eb141,0.19758313563905272
2026-02-02T12:00:00Z,2026-02-02T00:00:00Z,2026-02-02T23:00:00Z,turbine_1,11,-2.1,2.29,5.9,8.16,68,-2.1,5.9,100,unverified,2026-02-02T12:00:00Z,assumed,1.0.0,b3ad5c95580a49b2260b1ff6ab649242c717638b569451db5f2f6be5bcf54aee,0.16886390471023385
2026-02-02T12:00:00Z,2026-02-02T00:00:00Z,2026-02-02T23:00:00Z,turbine_2,11,-2.1,2.29,5.9,8.16,68,-2.1,5.9,100,unverified,2026-02-02T12:00:00Z,assumed,1.0.0,8fe049cee2dbb83c819c3ad1ab9e327e982b3408b6617f11599b4115d67eb141,0.1499807848672216
2026-02-02T12:00:00Z,2026-02-02T00:00:00Z,2026-02-03T00:00:00Z,turbine_1,12,-2.4,1.54,4.78,7.22,59,-2.4,4.78,100,unverified,2026-02-02T12:00:00Z,assumed,1.0.0,b3ad5c95580a49b2260b1ff6ab649242c717638b569451db5f2f6be5bcf54aee,0.06779414017859314
2026-02-02T12:00:00Z,2026-02-02T00:00:00Z,2026-02-03T00:00:00Z,turbine_2,12,-2.4,1.54,4.78,7.22,59,-2.4,4.78,100,unverified,2026-02-02T12:00:00Z,assumed,1.0.0,8fe049cee2dbb83c819c3ad1ab9e327e982b3408b6617f11599b4115d67eb141,0.05853579760139305
2026-02-02T12:00:00Z,2026-02-02T00:00:00Z,2026-02-03T01:00:00Z,turbine_1,13,-2.6,0.99,2.43,4.49,76,-2.6,2.43,100,unverified,2026-02-02T12:00:00Z,assumed,1.0.0,b3ad5c95580a49b2260b1ff6ab649242c717638b569451db5f2f6be5bcf54aee,0.007510408400307478
2026-02-02T12:00:00Z,2026-02-02T00:00:00Z,2026-02-03T01:00:00Z,turbine_2,13,-2.6,0.99,2.43,4.49,76,-2.6,2.43,100,unverified,2026-02-02T12:00:00Z,assumed,1.0.0,8fe049cee2dbb83c819c3ad1ab9e327e982b3408b6617f11599b4115d67eb141,0.007715386883846598
2026-02-02T12:00:00Z,2026-02-02T00:00:00Z,2026-02-03T02:00:00Z,turbine_1,14,-2.7,1.48,3.43,4.62,71,-2.7,3.43,100,unverified,2026-02-02T12:00:00Z,assumed,1.0.0,b3ad5c95580a49b2260b1ff6ab649242c717638b569451db5f2f6be5bcf54aee,0.014804408316276219
2026-02-02T12:00:00Z,2026-02-02T00:00:00Z,2026-02-03T02:00:00Z,turbine_2,14,-2.7,1.48,3.43,4.62,71,-2.7,3.43,100,unverified,2026-02-02T12:00:00Z,assumed,1.0.0,8fe049cee2dbb83c819c3ad1ab9e327e982b3408b6617f11599b4115d67eb141,0.011082709002809554
2026-02-02T12:00:00Z,2026-02-02T00:00:00Z,2026-02-03T03:00:00Z,turbine_1,15,-0.5,0.96,2.47,3.67,83,-0.5,2.47,100,unverified,2026-02-02T12:00:00Z,assumed,1.0.0,b3ad5c95580a49b2260b1ff6ab649242c717638b569451db5f2f6be5bcf54aee,0.009492897570467451
2026-02-02T12:00:00Z,2026-02-02T00:00:00Z,2026-02-03T03:00:00Z,turbine_2,15,-0.5,0.96,2.47,3.67,83,-0.5,2.47,100,unverified,2026-02-02T12:00:00Z,assumed,1.0.0,8fe049cee2dbb83c819c3ad1ab9e327e982b3408b6617f11599b4115d67eb141,0.011351326360404979
2026-02-02T12:00:00Z,2026-02-02T00:00:00Z,2026-02-03T04:00:00Z,turbine_1,16,3.0,1.82,2.67,2.55,218,3.0,2.67,100,unverified,2026-02-02T12:00:00Z,assumed,1.0.0,b3ad5c95580a49b2260b1ff6ab649242c717638b569451db5f2f6be5bcf54aee,0.012628095500305858
2026-02-02T12:00:00Z,2026-02-02T00:00:00Z,2026-02-03T04:00:00Z,turbine_2,16,3.0,1.82,2.67,2.55,218,3.0,2.67,100,unverified,2026-02-02T12:00:00Z,assumed,1.0.0,8fe049cee2dbb83c819c3ad1ab9e327e982b3408b6617f11599b4115d67eb141,0.00859915730913674
2026-02-02T12:00:00Z,2026-02-02T00:00:00Z,2026-02-03T05:00:00Z,turbine_1,17,5.1,2.52,3.43,4.16,254,5.1,3.43,100,unverified,2026-02-02T12:00:00Z,assumed,1.0.0,b3ad5c95580a49b2260b1ff6ab649242c717638b569451db5f2f6be5bcf54aee,0.030077288480762687
2026-02-02T12:00:00Z,2026-02-02T00:00:00Z,2026-02-03T05:00:00Z,turbine_2,17,5.1,2.52,3.43,4.16,254,5.1,3.43,100,unverified,2026-02-02T12:00:00Z,assumed,1.0.0,8fe049cee2dbb83c819c3ad1ab9e327e982b3408b6617f11599b4115d67eb141,0.02194723641923152
2026-02-02T12:00:00Z,2026-02-02T00:00:00Z,2026-02-03T06:00:00Z,turbine_1,18,6.0,4.05,5.41,5.95,258,6.0,5.41,100,unverified,2026-02-02T12:00:00Z,assumed,1.0.0,b3ad5c95580a49b2260b1ff6ab649242c717638b569451db5f2f6be5bcf54aee,0.14647572599729985
2026-02-02T12:00:00Z,2026-02-02T00:00:00Z,2026-02-03T06:00:00Z,turbine_2,18,6.0,4.05,5.41,5.95,258,6.0,5.41,100,unverified,2026-02-02T12:00:00Z,assumed,1.0.0,8fe049cee2dbb83c819c3ad1ab9e327e982b3408b6617f11599b4115d67eb141,0.1346533603970985
2026-02-02T12:00:00Z,2026-02-02T00:00:00Z,2026-02-03T07:00:00Z,turbine_1,19,7.2,3.65,4.8,5.15,270,7.2,4.8,100,unverified,2026-02-02T12:00:00Z,assumed,1.0.0,b3ad5c95580a49b2260b1ff6ab649242c717638b569451db5f2f6be5bcf54aee,0.09813717736546979
2026-02-02T12:00:00Z,2026-02-02T00:00:00Z,2026-02-03T07:00:00Z,turbine_2,19,7.2,3.65,4.8,5.15,270,7.2,4.8,100,unverified,2026-02-02T12:00:00Z,assumed,1.0.0,8fe049cee2dbb83c819c3ad1ab9e327e982b3408b6617f11599b4115d67eb141,0.09731659905911627
2026-02-02T12:00:00Z,2026-02-02T00:00:00Z,2026-02-03T08:00:00Z,turbine_1,20,7.5,2.8,3.7,4.1,272,7.5,3.7,100,unverified,2026-02-02T12:00:00Z,assumed,1.0.0,b3ad5c95580a49b2260b1ff6ab649242c717638b569451db5f2f6be5bcf54aee,0.0414592996353399
2026-02-02T12:00:00Z,2026-02-02T00:00:00Z,2026-02-03T08:00:00Z,turbine_2,20,7.5,2.8,3.7,4.1,272,7.5,3.7,100,unverified,2026-02-02T12:00:00Z,assumed,1.0.0,8fe049cee2dbb83c819c3ad1ab9e327e982b3408b6617f11599b4115d67eb141,0.03871967836490714
2026-02-02T12:00:00Z,2026-02-02T00:00:00Z,2026-02-03T09:00:00Z,turbine_1,21,7.5,2.2,2.9,3.21,269,7.5,2.9,100,unverified,2026-02-02T12:00:00Z,assumed,1.0.0,b3ad5c95580a49b2260b1ff6ab649242c717638b569451db5f2f6be5bcf54aee,0.016505678040627136
2026-02-02T12:00:00Z,2026-02-02T00:00:00Z,2026-02-03T09:00:00Z,turbine_2,21,7.5,2.2,2.9,3.21,269,7.5,2.9,100,unverified,2026-02-02T12:00:00Z,assumed,1.0.0,8fe049cee2dbb83c819c3ad1ab9e327e982b3408b6617f11599b4115d67eb141,0.018025862704364293
2026-02-02T12:00:00Z,2026-02-02T00:00:00Z,2026-02-03T10:00:00Z,turbine_1,22,6.7,2.45,3.86,4.2,274,6.7,3.86,100,unverified,2026-02-02T12:00:00Z,assumed,1.0.0,b3ad5c95580a49b2260b1ff6ab649242c717638b569451db5f2f6be5bcf54aee,0.05306393781838986
2026-02-02T12:00:00Z,2026-02-02T00:00:00Z,2026-02-03T10:00:00Z,turbine_2,22,6.7,2.45,3.86,4.2,274,6.7,3.86,100,unverified,2026-02-02T12:00:00Z,assumed,1.0.0,8fe049cee2dbb83c819c3ad1ab9e327e982b3408b6617f11599b4115d67eb141,0.04197642811495733
2026-02-02T12:00:00Z,2026-02-02T00:00:00Z,2026-02-03T11:00:00Z,turbine_1,23,4.8,2.47,5.32,6.58,258,4.8,5.32,100,unverified,2026-02-02T12:00:00Z,assumed,1.0.0,b3ad5c95580a49b2260b1ff6ab649242c717638b569451db5f2f6be5bcf54aee,0.13809644028303333
2026-02-02T12:00:00Z,2026-02-02T00:00:00Z,2026-02-03T11:00:00Z,turbine_2,23,4.8,2.47,5.32,6.58,258,4.8,5.32,100,unverified,2026-02-02T12:00:00Z,assumed,1.0.0,8fe049cee2dbb83c819c3ad1ab9e327e982b3408b6617f11599b4115d67eb141,0.12469175642837296
2026-02-02T12:00:00Z,2026-02-02T00:00:00Z,2026-02-03T12:00:00Z,turbine_1,24,2.9,3.06,6.87,8.83,246,2.9,6.87,100,unverified,2026-02-02T12:00:00Z,assumed,1.0.0,b3ad5c95580a49b2260b1ff6ab649242c717638b569451db5f2f6be5bcf54aee,0.34471759727585843
2026-02-02T12:00:00Z,2026-02-02T00:00:00Z,2026-02-03T12:00:00Z,turbine_2,24,2.9,3.06,6.87,8.83,246,2.9,6.87,100,unverified,2026-02-02T12:00:00Z,assumed,1.0.0,8fe049cee2dbb83c819c3ad1ab9e327e982b3408b6617f11599b4115d67eb141,0.3229692362221331
2026-02-02T12:00:00Z,2026-02-02T00:00:00Z,2026-02-03T13:00:00Z,turbine_1,25,2.3,3.84,7.42,9.61,252,2.3,7.42,100,unverified,2026-02-02T12:00:00Z,assumed,1.0.0,b3ad5c95580a49b2260b1ff6ab649242c717638b569451db5f2f6be5bcf54aee,0.4418288049720033
2026-02-02T12:00:00Z,2026-02-02T00:00:00Z,2026-02-03T13:00:00Z,turbine_2,25,2.3,3.84,7.42,9.61,252,2.3,7.42,100,unverified,2026-02-02T12:00:00Z,assumed,1.0.0,8fe049cee2dbb83c819c3ad1ab9e327e982b3408b6617f11599b4115d67eb141,0.40190626566953264
2026-02-02T12:00:00Z,2026-02-02T00:00:00Z,2026-02-03T14:00:00Z,turbine_1,26,2.1,4.1,7.28,8.71,238,2.1,7.28,100,unverified,2026-02-02T12:00:00Z,assumed,1.0.0,b3ad5c95580a49b2260b1ff6ab649242c717638b569451db5f2f6be5bcf54aee,0.40608496775845593
2026-02-02T12:00:00Z,2026-02-02T00:00:00Z,2026-02-03T14:00:00Z,turbine_2,26,2.1,4.1,7.28,8.71,238,2.1,7.28,100,unverified,2026-02-02T12:00:00Z,assumed,1.0.0,8fe049cee2dbb83c819c3ad1ab9e327e982b3408b6617f11599b4115d67eb141,0.37457630264820796
2026-02-02T12:00:00Z,2026-02-02T00:00:00Z,2026-02-03T15:00:00Z,turbine_1,27,2.9,3.88,6.91,8.0,234,2.9,6.91,100,unverified,2026-02-02T12:00:00Z,assumed,1.0.0,b3ad5c95580a49b2260b1ff6ab649242c717638b569451db5f2f6be5bcf54aee,0.35061065919924045
2026-02-02T12:00:00Z,2026-02-02T00:00:00Z,2026-02-03T15:00:00Z,turbine_2,27,2.9,3.88,6.91,8.0,234,2.9,6.91,100,unverified,2026-02-02T12:00:00Z,assumed,1.0.0,8fe049cee2dbb83c819c3ad1ab9e327e982b3408b6617f11599b4115d67eb141,0.3318709167846353
2026-02-02T12:00:00Z,2026-02-02T00:00:00Z,2026-02-03T16:00:00Z,turbine_1,28,2.9,3.4,6.2,7.12,235,2.9,6.2,100,unverified,2026-02-02T12:00:00Z,assumed,1.0.0,b3ad5c95580a49b2260b1ff6ab649242c717638b569451db5f2f6be5bcf54aee,0.24160161227448748
2026-02-02T12:00:00Z,2026-02-02T00:00:00Z,2026-02-03T16:00:00Z,turbine_2,28,2.9,3.4,6.2,7.12,235,2.9,6.2,100,unverified,2026-02-02T12:00:00Z,assumed,1.0.0,8fe049cee2dbb83c819c3ad1ab9e327e982b3408b6617f11599b4115d67eb141,0.22977313407965938
2026-02-02T12:00:00Z,2026-02-02T00:00:00Z,2026-02-03T17:00:00Z,turbine_1,29,3.0,2.84,5.35,6.0,229,3.0,5.35,100,unverified,2026-02-02T12:00:00Z,assumed,1.0.0,b3ad5c95580a49b2260b1ff6ab649242c717638b569451db5f2f6be5bcf54aee,0.13818901612379259
2026-02-02T12:00:00Z,2026-02-02T00:00:00Z,2026-02-03T17:00:00Z,turbine_2,29,3.0,2.84,5.35,6.0,229,3.0,5.35,100,unverified,2026-02-02T12:00:00Z,assumed,1.0.0,8fe049cee2dbb83c819c3ad1ab9e327e982b3408b6617f11599b4115d67eb141,0.12385191335948284
2026-02-02T12:00:00Z,2026-02-02T00:00:00Z,2026-02-03T18:00:00Z,turbine_1,30,2.3,2.09,4.93,5.63,240,2.3,4.93,100,unverified,2026-02-02T12:00:00Z,assumed,1.0.0,b3ad5c95580a49b2260b1ff6ab649242c717638b569451db5f2f6be5bcf54aee,0.10080127476072381
2026-02-02T12:00:00Z,2026-02-02T00:00:00Z,2026-02-03T18:00:00Z,turbine_2,30,2.3,2.09,4.93,5.63,240,2.3,4.93,100,unverified,2026-02-02T12:00:00Z,assumed,1.0.0,8fe049cee2dbb83c819c3ad1ab9e327e982b3408b6617f11599b4115d67eb141,0.08120735781269578
2026-02-02T12:00:00Z,2026-02-02T00:00:00Z,2026-02-03T19:00:00Z,turbine_1,31,2.8,2.55,5.23,6.0,245,2.8,5.23,100,unverified,2026-02-02T12:00:00Z,assumed,1.0.0,b3ad5c95580a49b2260b1ff6ab649242c717638b569451db5f2f6be5bcf54aee,0.1297733975066195
2026-02-02T12:00:00Z,2026-02-02T00:00:00Z,2026-02-03T19:00:00Z,turbine_2,31,2.8,2.55,5.23,6.0,245,2.8,5.23,100,unverified,2026-02-02T12:00:00Z,assumed,1.0.0,8fe049cee2dbb83c819c3ad1ab9e327e982b3408b6617f11599b4115d67eb141,0.11492548231920119
2026-02-02T12:00:00Z,2026-02-02T00:00:00Z,2026-02-03T20:00:00Z,turbine_1,32,3.0,3.15,5.81,6.93,237,3.0,5.81,100,unverified,2026-02-02T12:00:00Z,assumed,1.0.0,b3ad5c95580a49b2260b1ff6ab649242c717638b569451db5f2f6be5bcf54aee,0.18967942839063986
2026-02-02T12:00:00Z,2026-02-02T00:00:00Z,2026-02-03T20:00:00Z,turbine_2,32,3.0,3.15,5.81,6.93,237,3.0,5.81,100,unverified,2026-02-02T12:00:00Z,assumed,1.0.0,8fe049cee2dbb83c819c3ad1ab9e327e982b3408b6617f11599b4115d67eb141,0.16619924401690458
2026-02-02T12:00:00Z,2026-02-02T00:00:00Z,2026-02-03T21:00:00Z,turbine_1,33,3.0,3.4,6.17,7.12,237,3.0,6.17,100,unverified,2026-02-02T12:00:00Z,assumed,1.0.0,b3ad5c95580a49b2260b1ff6ab649242c717638b569451db5f2f6be5bcf54aee,0.23857202696291127
2026-02-02T12:00:00Z,2026-02-02T00:00:00Z,2026-02-03T21:00:00Z,turbine_2,33,3.0,3.4,6.17,7.12,237,3.0,6.17,100,unverified,2026-02-02T12:00:00Z,assumed,1.0.0,8fe049cee2dbb83c819c3ad1ab9e327e982b3408b6617f11599b4115d67eb141,0.21555273103028275
2026-02-02T12:00:00Z,2026-02-02T00:00:00Z,2026-02-03T22:00:00Z,turbine_1,34,2.9,2.98,5.76,6.9,250,2.9,5.76,100,unverified,2026-02-02T12:00:00Z,assumed,1.0.0,b3ad5c95580a49b2260b1ff6ab649242c717638b569451db5f2f6be5bcf54aee,0.1706571722243099
2026-02-02T12:00:00Z,2026-02-02T00:00:00Z,2026-02-03T22:00:00Z,turbine_2,34,2.9,2.98,5.76,6.9,250,2.9,5.76,100,unverified,2026-02-02T12:00:00Z,assumed,1.0.0,8fe049cee2dbb83c819c3ad1ab9e327e982b3408b6617f11599b4115d67eb141,0.15766744122722295
2026-02-02T12:00:00Z,2026-02-02T00:00:00Z,2026-02-03T23:00:00Z,turbine_1,35,2.5,3.61,6.15,7.04,242,2.5,6.15,100,unverified,2026-02-02T12:00:00Z,assumed,1.0.0,b3ad5c95580a49b2260b1ff6ab649242c717638b569451db5f2f6be5bcf54aee,0.23763132943384177
2026-02-02T12:00:00Z,2026-02-02T00:00:00Z,2026-02-03T23:00:00Z,turbine_2,35,2.5,3.61,6.15,7.04,242,2.5,6.15,100,unverified,2026-02-02T12:00:00Z,assumed,1.0.0,8fe049cee2dbb83c819c3ad1ab9e327e982b3408b6617f11599b4115d67eb141,0.21114248856850973
2026-02-02T12:00:00Z,2026-02-02T00:00:00Z,2026-02-04T00:00:00Z,turbine_1,36,2.4,4.01,6.55,7.16,228,2.4,6.55,100,unverified,2026-02-02T12:00:00Z,assumed,1.0.0,b3ad5c95580a49b2260b1ff6ab649242c717638b569451db5f2f6be5bcf54aee,0.2896134263991357
2026-02-02T12:00:00Z,2026-02-02T00:00:00Z,2026-02-04T00:00:00Z,turbine_2,36,2.4,4.01,6.55,7.16,228,2.4,6.55,100,unverified,2026-02-02T12:00:00Z,assumed,1.0.0,8fe049cee2dbb83c819c3ad1ab9e327e982b3408b6617f11599b4115d67eb141,0.26581590886867934
2026-02-02T12:00:00Z,2026-02-02T00:00:00Z,2026-02-04T01:00:00Z,turbine_1,37,2.4,3.34,6.16,7.28,238,2.4,6.16,100,unverified,2026-02-02T12:00:00Z,assumed,1.0.0,b3ad5c95580a49b2260b1ff6ab649242c717638b569451db5f2f6be5bcf54aee,0.23682691786490973
2026-02-02T12:00:00Z,2026-02-02T00:00:00Z,2026-02-04T01:00:00Z,turbine_2,37,2.4,3.34,6.16,7.28,238,2.4,6.16,100,unverified,2026-02-02T12:00:00Z,assumed,1.0.0,8fe049cee2dbb83c819c3ad1ab9e327e982b3408b6617f11599b4115d67eb141,0.21114248856850973
2026-02-02T12:00:00Z,2026-02-02T00:00:00Z,2026-02-04T02:00:00Z,turbine_1,38,2.3,3.48,6.29,7.36,242,2.3,6.29,100,unverified,2026-02-02T12:00:00Z,assumed,1.0.0,b3ad5c95580a49b2260b1ff6ab649242c717638b569451db5f2f6be5bcf54aee,0.24946626487184637
2026-02-02T12:00:00Z,2026-02-02T00:00:00Z,2026-02-04T02:00:00Z,turbine_2,38,2.3,3.48,6.29,7.36,242,2.3,6.29,100,unverified,2026-02-02T12:00:00Z,assumed,1.0.0,8fe049cee2dbb83c819c3ad1ab9e327e982b3408b6617f11599b4115d67eb141,0.2316508651008645
2026-02-02T12:00:00Z,2026-02-02T00:00:00Z,2026-02-04T03:00:00Z,turbine_1,39,2.5,3.98,7.15,8.74,232,2.5,7.15,100,unverified,2026-02-02T12:00:00Z,assumed,1.0.0,b3ad5c95580a49b2260b1ff6ab649242c717638b569451db5f2f6be5bcf54aee,0.3951881371348461
2026-02-02T12:00:00Z,2026-02-02T00:00:00Z,2026-02-04T03:00:00Z,turbine_2,39,2.5,3.98,7.15,8.74,232,2.5,7.15,100,unverified,2026-02-02T12:00:00Z,assumed,1.0.0,8fe049cee2dbb83c819c3ad1ab9e327e982b3408b6617f11599b4115d67eb141,0.36288393469692365
2026-02-02T12:00:00Z,2026-02-02T00:00:00Z,2026-02-04T04:00:00Z,turbine_1,40,3.0,3.26,6.16,7.81,236,3.0,6.16,100,unverified,2026-02-02T12:00:00Z,assumed,1.0.0,b3ad5c95580a49b2260b1ff6ab649242c717638b569451db5f2f6be5bcf54aee,0.23857202696291127
2026-02-02T12:00:00Z,2026-02-02T00:00:00Z,2026-02-04T04:00:00Z,turbine_2,40,3.0,3.26,6.16,7.81,236,3.0,6.16,100,unverified,2026-02-02T12:00:00Z,assumed,1.0.0,8fe049cee2dbb83c819c3ad1ab9e327e982b3408b6617f11599b4115d67eb141,0.2132712316359991
2026-02-02T12:00:00Z,2026-02-02T00:00:00Z,2026-02-04T05:00:00Z,turbine_1,41,3.7,2.97,5.19,6.72,241,3.7,5.19,100,unverified,2026-02-02T12:00:00Z,assumed,1.0.0,b3ad5c95580a49b2260b1ff6ab649242c717638b569451db5f2f6be5bcf54aee,0.1253493501880812
2026-02-02T12:00:00Z,2026-02-02T00:00:00Z,2026-02-04T05:00:00Z,turbine_2,41,3.7,2.97,5.19,6.72,241,3.7,5.19,100,unverified,2026-02-02T12:00:00Z,assumed,1.0.0,8fe049cee2dbb83c819c3ad1ab9e327e982b3408b6617f11599b4115d67eb141,0.10578796974039634
2026-02-02T12:00:00Z,2026-02-02T00:00:00Z,2026-02-04T06:00:00Z,turbine_1,42,4.8,2.8,4.43,5.58,246,4.8,4.43,100,unverified,2026-02-02T12:00:00Z,assumed,1.0.0,b3ad5c95580a49b2260b1ff6ab649242c717638b569451db5f2f6be5bcf54aee,0.06791425045563432
2026-02-02T12:00:00Z,2026-02-02T00:00:00Z,2026-02-04T06:00:00Z,turbine_2,42,4.8,2.8,4.43,5.58,246,4.8,4.43,100,unverified,2026-02-02T12:00:00Z,assumed,1.0.0,8fe049cee2dbb83c819c3ad1ab9e327e982b3408b6617f11599b4115d67eb141,0.06220230419212175
2026-02-02T12:00:00Z,2026-02-02T00:00:00Z,2026-02-04T07:00:00Z,turbine_1,43,6.3,2.77,3.58,4.03,234,6.3,3.58,100,unverified,2026-02-02T12:00:00Z,assumed,1.0.0,b3ad5c95580a49b2260b1ff6ab649242c717638b569451db5f2f6be5bcf54aee,0.035334354656948175
2026-02-02T12:00:00Z,2026-02-02T00:00:00Z,2026-02-04T07:00:00Z,turbine_2,43,6.3,2.77,3.58,4.03,234,6.3,3.58,100,unverified,2026-02-02T12:00:00Z,assumed,1.0.0,8fe049cee2dbb83c819c3ad1ab9e327e982b3408b6617f11599b4115d67eb141,0.0290559643875003
2026-02-02T12:00:00Z,2026-02-02T00:00:00Z,2026-02-04T08:00:00Z,turbine_1,44,8.0,2.8,3.48,3.63,254,8.0,3.48,100,unverified,2026-02-02T12:00:00Z,assumed,1.0.0,b3ad5c95580a49b2260b1ff6ab649242c717638b569451db5f2f6be5bcf54aee,0.033732955158852496
2026-02-02T12:00:00Z,2026-02-02T00:00:00Z,2026-02-04T08:00:00Z,turbine_2,44,8.0,2.8,3.48,3.63,254,8.0,3.48,100,unverified,2026-02-02T12:00:00Z,assumed,1.0.0,8fe049cee2dbb83c819c3ad1ab9e327e982b3408b6617f11599b4115d67eb141,0.029248005497847285
2026-02-02T12:00:00Z,2026-02-02T00:00:00Z,2026-02-04T09:00:00Z,turbine_1,45,8.4,2.93,3.72,3.81,253,8.4,3.72,100,unverified,2026-02-02T12:00:00Z,assumed,1.0.0,b3ad5c95580a49b2260b1ff6ab649242c717638b569451db5f2f6be5bcf54aee,0.04615503782611541
2026-02-02T12:00:00Z,2026-02-02T00:00:00Z,2026-02-04T09:00:00Z,turbine_2,45,8.4,2.93,3.72,3.81,253,8.4,3.72,100,unverified,2026-02-02T12:00:00Z,assumed,1.0.0,8fe049cee2dbb83c819c3ad1ab9e327e982b3408b6617f11599b4115d67eb141,0.03995583512167844
2026-02-02T12:00:00Z,2026-02-02T00:00:00Z,2026-02-04T10:00:00Z,turbine_1,46,8.2,2.62,3.36,3.4,245,8.2,3.36,100,unverified,2026-02-02T12:00:00Z,assumed,1.0.0,b3ad5c95580a49b2260b1ff6ab649242c717638b569451db5f2f6be5bcf54aee,0.029038591709645345
2026-02-02T12:00:00Z,2026-02-02T00:00:00Z,2026-02-04T10:00:00Z,turbine_2,46,8.2,2.62,3.36,3.4,245,8.2,3.36,100,unverified,2026-02-02T12:00:00Z,assumed,1.0.0,8fe049cee2dbb83c819c3ad1ab9e327e982b3408b6617f11599b4115d67eb141,0.02774758021767504
2026-02-02T12:00:00Z,2026-02-02T00:00:00Z,2026-02-04T11:00:00Z,turbine_1,47,6.7,0.97,2.04,2.0,245,6.7,2.04,100,unverified,2026-02-02T12:00:00Z,assumed,1.0.0,b3ad5c95580a49b2260b1ff6ab649242c717638b569451db5f2f6be5bcf54aee,0.011794956555602365
2026-02-02T12:00:00Z,2026-02-02T00:00:00Z,2026-02-04T11:00:00Z,turbine_2,47,6.7,0.97,2.04,2.0,245,6.7,2.04,100,unverified,2026-02-02T12:00:00Z,assumed,1.0.0,8fe049cee2dbb83c819c3ad1ab9e327e982b3408b6617f11599b4115d67eb141,0.01194099267654608
2026-02-02T12:00:00Z,2026-02-02T00:00:00Z,2026-02-04T12:00:00Z,turbine_1,48,3.9,0.4,1.05,0.25,329,3.9,1.05,100,unverified,2026-02-02T12:00:00Z,assumed,1.0.0,b3ad5c95580a49b2260b1ff6ab649242c717638b569451db5f2f6be5bcf54aee,0.008341962672607062
2026-02-02T12:00:00Z,2026-02-02T00:00:00Z,2026-02-04T12:00:00Z,turbine_2,48,3.9,0.4,1.05,0.25,329,3.9,1.05,100,unverified,2026-02-02T12:00:00Z,assumed,1.0.0,8fe049cee2dbb83c819c3ad1ab9e327e982b3408b6617f11599b4115d67eb141,0.00747944469799966
2026-02-03T12:00:00Z,2026-02-03T00:00:00Z,2026-02-03T13:00:00Z,turbine_1,1,2.2,2.04,4.67,5.85,244,2.2,4.67,100,unverified,2026-02-03T12:00:00Z,assumed,1.0.0,b3ad5c95580a49b2260b1ff6ab649242c717638b569451db5f2f6be5bcf54aee,0.0783048109272636
2026-02-03T12:00:00Z,2026-02-03T00:00:00Z,2026-02-03T13:00:00Z,turbine_2,1,2.2,2.04,4.67,5.85,244,2.2,4.67,100,unverified,2026-02-03T12:00:00Z,assumed,1.0.0,8fe049cee2dbb83c819c3ad1ab9e327e982b3408b6617f11599b4115d67eb141,0.07043780681898115
2026-02-03T12:00:00Z,2026-02-03T00:00:00Z,2026-02-03T14:00:00Z,turbine_1,2,2.8,2.72,5.77,6.74,244,2.8,5.77,100,unverified,2026-02-03T12:00:00Z,assumed,1.0.0,b3ad5c95580a49b2260b1ff6ab649242c717638b569451db5f2f6be5bcf54aee,0.1706571722243099
2026-02-03T12:00:00Z,2026-02-03T00:00:00Z,2026-02-03T14:00:00Z,turbine_2,2,2.8,2.72,5.77,6.74,244,2.8,5.77,100,unverified,2026-02-03T12:00:00Z,assumed,1.0.0,8fe049cee2dbb83c819c3ad1ab9e327e982b3408b6617f11599b4115d67eb141,0.1668511116469877
2026-02-03T12:00:00Z,2026-02-03T00:00:00Z,2026-02-03T15:00:00Z,turbine_1,3,2.8,3.76,7.36,8.59,235,2.8,7.36,100,unverified,2026-02-03T12:00:00Z,assumed,1.0.0,b3ad5c95580a49b2260b1ff6ab649242c717638b569451db5f2f6be5bcf54aee,0.4313578467204419
2026-02-03T12:00:00Z,2026-02-03T00:00:00Z,2026-02-03T15:00:00Z,turbine_2,3,2.8,3.76,7.36,8.59,235,2.8,7.36,100,unverified,2026-02-03T12:00:00Z,assumed,1.0.0,8fe049cee2dbb83c819c3ad1ab9e327e982b3408b6617f11599b4115d67eb141,0.41001617806943635
2026-02-03T12:00:00Z,2026-02-03T00:00:00Z,2026-02-03T16:00:00Z,turbine_1,4,2.5,4.07,7.49,9.27,243,2.5,7.49,100,unverified,2026-02-03T12:00:00Z,assumed,1.0.0,b3ad5c95580a49b2260b1ff6ab649242c717638b569451db5f2f6be5bcf54aee,0.4564967178852395
2026-02-03T12:00:00Z,2026-02-03T00:00:00Z,2026-02-03T16:00:00Z,turbine_2,4,2.5,4.07,7.49,9.27,243,2.5,7.49,100,unverified,2026-02-03T12:00:00Z,assumed,1.0.0,8fe049cee2dbb83c819c3ad1ab9e327e982b3408b6617f11599b4115d67eb141,0.4230080048215325
2026-02-03T12:00:00Z,2026-02-03T00:00:00Z,2026-02-03T17:00:00Z,turbine_1,5,3.0,4.09,7.07,8.55,241,3.0,7.07,100,unverified,2026-02-03T12:00:00Z,assumed,1.0.0,b3ad5c95580a49b2260b1ff6ab649242c717638b569451db5f2f6be5bcf54aee,0.37195856487994444
2026-02-03T12:00:00Z,2026-02-03T00:00:00Z,2026-02-03T17:00:00Z,turbine_2,5,3.0,4.09,7.07,8.55,241,3.0,7.07,100,unverified,2026-02-03T12:00:00Z,assumed,1.0.0,8fe049cee2dbb83c819c3ad1ab9e327e982b3408b6617f11599b4115d67eb141,0.35387715732648767
2026-02-03T12:00:00Z,2026-02-03T00:00:00Z,2026-02-03T18:00:00Z,turbine_1,6,2.8,3.89,7.18,8.52,241,2.8,7.18,100,unverified,2026-02-03T12:00:00Z,assumed,1.0.0,b3ad5c95580a49b2260b1ff6ab649242c717638b569451db5f2f6be5bcf54aee,0.39530628523730993
2026-02-03T12:00:00Z,2026-02-03T00:00:00Z,2026-02-03T18:00:00Z,turbine_2,6,2.8,3.89,7.18,8.52,241,2.8,7.18,100,unverified,2026-02-03T12:00:00Z,assumed,1.0.0,8fe049cee2dbb83c819c3ad1ab9e327e982b3408b6617f11599b4115d67eb141,0.3706218816704762
2026-02-03T12:00:00Z,2026-02-03T00:00:00Z,2026-02-03T19:00:00Z,turbine_1,7,2.7,4.14,7.67,9.11,244,2.7,7.67,100,unverified,2026-02-03T12:00:00Z,assumed,1.0.0,b3ad5c95580a49b2260b1ff6ab649242c717638b569451db5f2f6be5bcf54aee,0.4878281465897306
2026-02-03T12:00:00Z,2026-02-03T00:00:00Z,2026-02-03T19:00:00Z,turbine_2,7,2.7,4.14,7.67,9.11,244,2.7,7.67,100,unverified,2026-02-03T12:00:00Z,assumed,1.0.0,8fe049cee2dbb83c819c3ad1ab9e327e982b3408b6617f11599b4115d67eb141,0.4531792253805051
2026-02-03T12:00:00Z,2026-02-03T00:00:00Z,2026-02-03T20:00:00Z,turbine_1,8,2.4,3.56,7.13,9.02,250,2.4,7.13,100,unverified,2026-02-03T12:00:00Z,assumed,1.0.0,b3ad5c95580a49b2260b1ff6ab649242c717638b569451db5f2f6be5bcf54aee,0.3828462949309602
2026-02-03T12:00:00Z,2026-02-03T00:00:00Z,2026-02-03T20:00:00Z,turbine_2,8,2.4,3.56,7.13,9.02,250,2.4,7.13,100,unverified,2026-02-03T12:00:00Z,assumed,1.0.0,8fe049cee2dbb83c819c3ad1ab9e327e982b3408b6617f11599b4115d67eb141,0.36301814969555696
2026-02-03T12:00:00Z,2026-02-03T00:00:00Z,2026-02-03T21:00:00Z,turbine_1,9,2.1,4.05,7.74,9.92,257,2.1,7.74,100,unverified,2026-02-03T12:00:00Z,assumed,1.0.0,b3ad5c95580a49b2260b1ff6ab649242c717638b569451db5f2f6be5bcf54aee,0.4978757403935832
2026-02-03T12:00:00Z,2026-02-03T00:00:00Z,2026-02-03T21:00:00Z,turbine_2,9,2.1,4.05,7.74,9.92,257,2.1,7.74,100,unverified,2026-02-03T12:00:00Z,assumed,1.0.0,8fe049cee2dbb83c819c3ad1ab9e327e982b3408b6617f11599b4115d67eb141,0.4642479892063621
2026-02-03T12:00:00Z,2026-02-03T00:00:00Z,2026-02-03T22:00:00Z,turbine_1,10,2.0,4.12,7.5,9.78,253,2.0,7.5,100,unverified,2026-02-03T12:00:00Z,assumed,1.0.0,b3ad5c95580a49b2260b1ff6ab649242c717638b569451db5f2f6be5bcf54aee,0.45284091255812187
2026-02-03T12:00:00Z,2026-02-03T00:00:00Z,2026-02-03T22:00:00Z,turbine_2,10,2.0,4.12,7.5,9.78,253,2.0,7.5,100,unverified,2026-02-03T12:00:00Z,assumed,1.0.0,8fe049cee2dbb83c819c3ad1ab9e327e982b3408b6617f11599b4115d67eb141,0.4216403726060879
2026-02-03T12:00:00Z,2026-02-03T00:00:00Z,2026-02-03T23:00:00Z,turbine_1,11,2.4,4.58,8.23,10.19,247,2.4,8.23,100,unverified,2026-02-03T12:00:00Z,assumed,1.0.0,b3ad5c95580a49b2260b1ff6ab649242c717638b569451db5f2f6be5bcf54aee,0.579026000441563
2026-02-03T12:00:00Z,2026-02-03T00:00:00Z,2026-02-03T23:00:00Z,turbine_2,11,2.4,4.58,8.23,10.19,247,2.4,8.23,100,unverified,2026-02-03T12:00:00Z,assumed,1.0.0,8fe049cee2dbb83c819c3ad1ab9e327e982b3408b6617f11599b4115d67eb141,0.5369295059063873
2026-02-03T12:00:00Z,2026-02-03T00:00:00Z,2026-02-04T00:00:00Z,turbine_1,12,2.6,4.31,7.61,9.35,241,2.6,7.61,100,unverified,2026-02-03T12:00:00Z,assumed,1.0.0,b3ad5c95580a49b2260b1ff6ab649242c717638b569451db5f2f6be5bcf54aee,0.48376137089620563
2026-02-03T12:00:00Z,2026-02-03T00:00:00Z,2026-02-04T00:00:00Z,turbine_2,12,2.6,4.31,7.61,9.35,241,2.6,7.61,100,unverified,2026-02-03T12:00:00Z,assumed,1.0.0,8fe049cee2dbb83c819c3ad1ab9e327e982b3408b6617f11599b4115d67eb141,0.43213506129699647
2026-02-03T12:00:00Z,2026-02-03T00:00:00Z,2026-02-04T01:00:00Z,turbine_1,13,2.5,3.79,6.87,8.57,241,2.5,6.87,100,unverified,2026-02-03T12:00:00Z,assumed,1.0.0,b3ad5c95580a49b2260b1ff6ab649242c717638b569451db5f2f6be5bcf54aee,0.3445994491733946
2026-02-03T12:00:00Z,2026-02-03T00:00:00Z,2026-02-04T01:00:00Z,turbine_2,13,2.5,3.79,6.87,8.57,241,2.5,6.87,100,unverified,2026-02-03T12:00:00Z,assumed,1.0.0,8fe049cee2dbb83c819c3ad1ab9e327e982b3408b6617f11599b4115d67eb141,0.3152312892485805
2026-02-03T12:00:00Z,2026-02-03T00:00:00Z,2026-02-04T02:00:00Z,turbine_1,14,2.4,3.83,6.98,8.6,238,2.4,6.98,100,unverified,2026-02-03T12:00:00Z,assumed,1.0.0,b3ad5c95580a49b2260b1ff6ab649242c717638b569451db5f2f6be5bcf54aee,0.37088797307467847
2026-02-03T12:00:00Z,2026-02-03T00:00:00Z,2026-02-04T02:00:00Z,turbine_2,14,2.4,3.83,6.98,8.6,238,2.4,6.98,100,unverified,2026-02-03T12:00:00Z,assumed,1.0.0,8fe049cee2dbb83c819c3ad1ab9e327e982b3408b6617f11599b4115d67eb141,0.34718900458343843
2026-02-03T12:00:00Z,2026-02-03T00:00:00Z,2026-02-04T03:00:00Z,turbine_1,15,2.6,3.75,7.0,8.74,244,2.6,7.0,100,unverified,2026-02-03T12:00:00Z,assumed,1.0.0,b3ad5c95580a49b2260b1ff6ab649242c717638b569451db5f2f6be5bcf54aee,0.3725315235214552
2026-02-03T12:00:00Z,2026-02-03T00:00:00Z,2026-02-04T03:00:00Z,turbine_2,15,2.6,3.75,7.0,8.74,244,2.6,7.0,100,unverified,2026-02-03T12:00:00Z,assumed,1.0.0,8fe049cee2dbb83c819c3ad1ab9e327e982b3408b6617f11599b4115d67eb141,0.3471819197984087
2026-02-03T12:00:00Z,2026-02-03T00:00:00Z,2026-02-04T04:00:00Z,turbine_1,16,3.0,4.15,7.15,8.57,232,3.0,7.15,100,unverified,2026-02-03T12:00:00Z,assumed,1.0.0,b3ad5c95580a49b2260b1ff6ab649242c717638b569451db5f2f6be5bcf54aee,0.3947928711458522
2026-02-03T12:00:00Z,2026-02-03T00:00:00Z,2026-02-04T04:00:00Z,turbine_2,16,3.0,4.15,7.15,8.57,232,3.0,7.15,100,unverified,2026-02-03T12:00:00Z,assumed,1.0.0,8fe049cee2dbb83c819c3ad1ab9e327e982b3408b6617f11599b4115d67eb141,0.36446728622142693
2026-02-03T12:00:00Z,2026-02-03T00:00:00Z,2026-02-04T05:00:00Z,turbine_1,17,3.7,4.37,7.05,8.46,232,3.7,7.05,100,unverified,2026-02-03T12:00:00Z,assumed,1.0.0,b3ad5c95580a49b2260b1ff6ab649242c717638b569451db5f2f6be5bcf54aee,0.37146646178440484
2026-02-03T12:00:00Z,2026-02-03T00:00:00Z,2026-02-04T05:00:00Z,turbine_2,17,3.7,4.37,7.05,8.46,232,3.7,7.05,100,unverified,2026-02-03T12:00:00Z,assumed,1.0.0,8fe049cee2dbb83c819c3ad1ab9e327e982b3408b6617f11599b4115d67eb141,0.35053915547988357
2026-02-03T12:00:00Z,2026-02-03T00:00:00Z,2026-02-04T06:00:00Z,turbine_1,18,4.0,3.63,5.88,6.84,228,4.0,5.88,100,unverified,2026-02-03T12:00:00Z,assumed,1.0.0,b3ad5c95580a49b2260b1ff6ab649242c717638b569451db5f2f6be5bcf54aee,0.19580556530020887
2026-02-03T12:00:00Z,2026-02-03T00:00:00Z,2026-02-04T06:00:00Z,turbine_2,18,4.0,3.63,5.88,6.84,228,4.0,5.88,100,unverified,2026-02-03T12:00:00Z,assumed,1.0.0,8fe049cee2dbb83c819c3ad1ab9e327e982b3408b6617f11599b4115d67eb141,0.1776760599611785
2026-02-03T12:00:00Z,2026-02-03T00:00:00Z,2026-02-04T07:00:00Z,turbine_1,19,6.6,3.34,4.49,5.02,235,6.6,4.49,100,unverified,2026-02-03T12:00:00Z,assumed,1.0.0,b3ad5c95580a49b2260b1ff6ab649242c717638b569451db5f2f6be5bcf54aee,0.08076371236313329
2026-02-03T12:00:00Z,2026-02-03T00:00:00Z,2026-02-04T07:00:00Z,turbine_2,19,6.6,3.34,4.49,5.02,235,6.6,4.49,100,unverified,2026-02-03T12:00:00Z,assumed,1.0.0,8fe049cee2dbb83c819c3ad1ab9e327e982b3408b6617f11599b4115d67eb141,0.07015132551120135
2026-02-03T12:00:00Z,2026-02-03T00:00:00Z,2026-02-04T08:00:00Z,turbine_1,20,6.9,3.36,4.37,4.68,231,6.9,4.37,100,unverified,2026-02-03T12:00:00Z,assumed,1.0.0,b3ad5c95580a49b2260b1ff6ab649242c717638b569451db5f2f6be5bcf54aee,0.07147855394213781
2026-02-03T12:00:00Z,2026-02-03T00:00:00Z,2026-02-04T08:00:00Z,turbine_2,20,6.9,3.36,4.37,4.68,231,6.9,4.37,100,unverified,2026-02-03T12:00:00Z,assumed,1.0.0,8fe049cee2dbb83c819c3ad1ab9e327e982b3408b6617f11599b4115d67eb141,0.07075459645901772
2026-02-03T12:00:00Z,2026-02-03T00:00:00Z,2026-02-04T09:00:00Z,turbine_1,21,7.4,3.43,4.42,4.62,227,7.4,4.42,100,unverified,2026-02-03T12:00:00Z,assumed,1.0.0,b3ad5c95580a49b2260b1ff6ab649242c717638b569451db5f2f6be5bcf54aee,0.07165157370138481
2026-02-03T12:00:00Z,2026-02-03T00:00:00Z,2026-02-04T09:00:00Z,turbine_2,21,7.4,3.43,4.42,4.62,227,7.4,4.42,100,unverified,2026-02-03T12:00:00Z,assumed,1.0.0,8fe049cee2dbb83c819c3ad1ab9e327e982b3408b6617f11599b4115d67eb141,0.07507665121900992
2026-02-03T12:00:00Z,2026-02-03T00:00:00Z,2026-02-04T10:00:00Z,turbine_1,22,7.4,3.13,4.15,4.24,221,7.4,4.15,100,unverified,2026-02-03T12:00:00Z,assumed,1.0.0,b3ad5c95580a49b2260b1ff6ab649242c717638b569451db5f2f6be5bcf54aee,0.06171889081440518
2026-02-03T12:00:00Z,2026-02-03T00:00:00Z,2026-02-04T10:00:00Z,turbine_2,22,7.4,3.13,4.15,4.24,221,7.4,4.15,100,unverified,2026-02-03T12:00:00Z,assumed,1.0.0,8fe049cee2dbb83c819c3ad1ab9e327e982b3408b6617f11599b4115d67eb141,0.0643142307429721
2026-02-03T12:00:00Z,2026-02-03T00:00:00Z,2026-02-04T11:00:00Z,turbine_1,23,5.9,1.6,3.82,4.0,224,5.9,3.82,100,unverified,2026-02-03T12:00:00Z,assumed,1.0.0,b3ad5c95580a49b2260b1ff6ab649242c717638b569451db5f2f6be5bcf54aee,0.043429446474748834
2026-02-03T12:00:00Z,2026-02-03T00:00:00Z,2026-02-04T11:00:00Z,turbine_2,23,5.9,1.6,3.82,4.0,224,5.9,3.82,100,unverified,2026-02-03T12:00:00Z,assumed,1.0.0,8fe049cee2dbb83c819c3ad1ab9e327e982b3408b6617f11599b4115d67eb141,0.03411225692223968
2026-02-03T12:00:00Z,2026-02-03T00:00:00Z,2026-02-04T12:00:00Z,turbine_1,24,2.6,0.99,3.01,3.54,228,2.6,3.01,100,unverified,2026-02-03T12:00:00Z,assumed,1.0.0,b3ad5c95580a49b2260b1ff6ab649242c717638b569451db5f2f6be5bcf54aee,0.016863392464834093
2026-02-03T12:00:00Z,2026-02-03T00:00:00Z,2026-02-04T12:00:00Z,turbine_2,24,2.6,0.99,3.01,3.54,228,2.6,3.01,100,unverified,2026-02-03T12:00:00Z,assumed,1.0.0,8fe049cee2dbb83c819c3ad1ab9e327e982b3408b6617f11599b4115d67eb141,0.01170091703761017
2026-02-03T12:00:00Z,2026-02-03T00:00:00Z,2026-02-04T13:00:00Z,turbine_1,25,1.1,0.52,1.27,2.19,222,1.1,1.27,100,unverified,2026-02-03T12:00:00Z,assumed,1.0.0,b3ad5c95580a49b2260b1ff6ab649242c717638b569451db5f2f6be5bcf54aee,0.008390021330170472
2026-02-03T12:00:00Z,2026-02-03T00:00:00Z,2026-02-04T13:00:00Z,turbine_2,25,1.1,0.52,1.27,2.19,222,1.1,1.27,100,unverified,2026-02-03T12:00:00Z,assumed,1.0.0,8fe049cee2dbb83c819c3ad1ab9e327e982b3408b6617f11599b4115d67eb141,0.010056462278430767
2026-02-03T12:00:00Z,2026-02-03T00:00:00Z,2026-02-04T14:00:00Z,turbine_1,26,0.6,1.74,3.4,2.17,57,0.6,3.4,100,unverified,2026-02-03T12:00:00Z,assumed,1.0.0,b3ad5c95580a49b2260b1ff6ab649242c717638b569451db5f2f6be5bcf54aee,0.021713502329981593
2026-02-03T12:00:00Z,2026-02-03T00:00:00Z,2026-02-04T14:00:00Z,turbine_2,26,0.6,1.74,3.4,2.17,57,0.6,3.4,100,unverified,2026-02-03T12:00:00Z,assumed,1.0.0,8fe049cee2dbb83c819c3ad1ab9e327e982b3408b6617f11599b4115d67eb141,0.01922992126806894
2026-02-03T12:00:00Z,2026-02-03T00:00:00Z,2026-02-04T15:00:00Z,turbine_1,27,0.5,2.98,6.38,6.1,66,0.5,6.38,100,unverified,2026-02-03T12:00:00Z,assumed,1.0.0,b3ad5c95580a49b2260b1ff6ab649242c717638b569451db5f2f6be5bcf54aee,0.25940101099283763
2026-02-03T12:00:00Z,2026-02-03T00:00:00Z,2026-02-04T15:00:00Z,turbine_2,27,0.5,2.98,6.38,6.1,66,0.5,6.38,100,unverified,2026-02-03T12:00:00Z,assumed,1.0.0,8fe049cee2dbb83c819c3ad1ab9e327e982b3408b6617f11599b4115d67eb141,0.2334407173032516
2026-02-03T12:00:00Z,2026-02-03T00:00:00Z,2026-02-04T16:00:00Z,turbine_1,28,-0.3,3.07,6.6,7.46,65,-0.3,6.6,100,unverified,2026-02-03T12:00:00Z,assumed,1.0.0,b3ad5c95580a49b2260b1ff6ab649242c717638b569451db5f2f6be5bcf54aee,0.28965018092324213
2026-02-03T12:00:00Z,2026-02-03T00:00:00Z,2026-02-04T16:00:00Z,turbine_2,28,-0.3,3.07,6.6,7.46,65,-0.3,6.6,100,unverified,2026-02-03T12:00:00Z,assumed,1.0.0,8fe049cee2dbb83c819c3ad1ab9e327e982b3408b6617f11599b4115d67eb141,0.26722714674958226
2026-02-03T12:00:00Z,2026-02-03T00:00:00Z,2026-02-04T17:00:00Z,turbine_1,29,-1.0,3.43,7.07,8.89,65,-1.0,7.07,100,unverified,2026-02-03T12:00:00Z,assumed,1.0.0,b3ad5c95580a49b2260b1ff6ab649242c717638b569451db5f2f6be5bcf54aee,0.3569683775897781
2026-02-03T12:00:00Z,2026-02-03T00:00:00Z,2026-02-04T17:00:00Z,turbine_2,29,-1.0,3.43,7.07,8.89,65,-1.0,7.07,100,unverified,2026-02-03T12:00:00Z,assumed,1.0.0,8fe049cee2dbb83c819c3ad1ab9e327e982b3408b6617f11599b4115d67eb141,0.3433785366136416
2026-02-03T12:00:00Z,2026-02-03T00:00:00Z,2026-02-04T18:00:00Z,turbine_1,30,-1.4,3.73,7.52,9.74,61,-1.4,7.52,100,unverified,2026-02-03T12:00:00Z,assumed,1.0.0,b3ad5c95580a49b2260b1ff6ab649242c717638b569451db5f2f6be5bcf54aee,0.4456774699832129
2026-02-03T12:00:00Z,2026-02-03T00:00:00Z,2026-02-04T18:00:00Z,turbine_2,30,-1.4,3.73,7.52,9.74,61,-1.4,7.52,100,unverified,2026-02-03T12:00:00Z,assumed,1.0.0,8fe049cee2dbb83c819c3ad1ab9e327e982b3408b6617f11599b4115d67eb141,0.41936712216824923
2026-02-03T12:00:00Z,2026-02-03T00:00:00Z,2026-02-04T19:00:00Z,turbine_1,31,-1.5,4.1,7.65,10.01,62,-1.5,7.65,100,unverified,2026-02-03T12:00:00Z,assumed,1.0.0,b3ad5c95580a49b2260b1ff6ab649242c717638b569451db5f2f6be5bcf54aee,0.46680506359262414
2026-02-03T12:00:00Z,2026-02-03T00:00:00Z,2026-02-04T19:00:00Z,turbine_2,31,-1.5,4.1,7.65,10.01,62,-1.5,7.65,100,unverified,2026-02-03T12:00:00Z,assumed,1.0.0,8fe049cee2dbb83c819c3ad1ab9e327e982b3408b6617f11599b4115d67eb141,0.43461951089423034
2026-02-03T12:00:00Z,2026-02-03T00:00:00Z,2026-02-04T20:00:00Z,turbine_1,32,-1.1,4.53,7.89,10.15,62,-1.1,7.89,100,unverified,2026-02-03T12:00:00Z,assumed,1.0.0,b3ad5c95580a49b2260b1ff6ab649242c717638b569451db5f2f6be5bcf54aee,0.4903137196968722
2026-02-03T12:00:00Z,2026-02-03T00:00:00Z,2026-02-04T20:00:00Z,turbine_2,32,-1.1,4.53,7.89,10.15,62,-1.1,7.89,100,unverified,2026-02-03T12:00:00Z,assumed,1.0.0,8fe049cee2dbb83c819c3ad1ab9e327e982b3408b6617f11599b4115d67eb141,0.464528100866885
2026-02-03T12:00:00Z,2026-02-03T00:00:00Z,2026-02-04T21:00:00Z,turbine_1,33,-0.6,4.9,8.21,10.33,66,-0.6,8.21,100,unverified,2026-02-03T12:00:00Z,assumed,1.0.0,b3ad5c95580a49b2260b1ff6ab649242c717638b569451db5f2f6be5bcf54aee,0.563265967103312
2026-02-03T12:00:00Z,2026-02-03T00:00:00Z,2026-02-04T21:00:00Z,turbine_2,33,-0.6,4.9,8.21,10.33,66,-0.6,8.21,100,unverified,2026-02-03T12:00:00Z,assumed,1.0.0,8fe049cee2dbb83c819c3ad1ab9e327e982b3408b6617f11599b4115d67eb141,0.5316955310348263
2026-02-03T12:00:00Z,2026-02-03T00:00:00Z,2026-02-04T22:00:00Z,turbine_1,34,0.0,5.5,8.78,10.6,70,0.0,8.78,100,unverified,2026-02-03T12:00:00Z,assumed,1.0.0,b3ad5c95580a49b2260b1ff6ab649242c717638b569451db5f2f6be5bcf54aee,0.6724533552343241
2026-02-03T12:00:00Z,2026-02-03T00:00:00Z,2026-02-04T22:00:00Z,turbine_2,34,0.0,5.5,8.78,10.6,70,0.0,8.78,100,unverified,2026-02-03T12:00:00Z,assumed,1.0.0,8fe049cee2dbb83c819c3ad1ab9e327e982b3408b6617f11599b4115d67eb141,0.6356764455897966
2026-02-03T12:00:00Z,2026-02-03T00:00:00Z,2026-02-04T23:00:00Z,turbine_1,35,0.2,5.85,9.69,11.18,73,0.2,9.69,100,unverified,2026-02-03T12:00:00Z,assumed,1.0.0,b3ad5c95580a49b2260b1ff6ab649242c717638b569451db5f2f6be5bcf54aee,0.802512823870944
2026-02-03T12:00:00Z,2026-02-03T00:00:00Z,2026-02-04T23:00:00Z,turbine_2,35,0.2,5.85,9.69,11.18,73,0.2,9.69,100,unverified,2026-02-03T12:00:00Z,assumed,1.0.0,8fe049cee2dbb83c819c3ad1ab9e327e982b3408b6617f11599b4115d67eb141,0.7830461511111204
2026-02-03T12:00:00Z,2026-02-03T00:00:00Z,2026-02-05T00:00:00Z,turbine_1,36,0.5,6.32,10.41,11.83,75,0.5,10.41,100,unverified,2026-02-03T12:00:00Z,assumed,1.0.0,b3ad5c95580a49b2260b1ff6ab649242c717638b569451db5f2f6be5bcf54aee,0.9006377392420722
2026-02-03T12:00:00Z,2026-02-03T00:00:00Z,2026-02-05T00:00:00Z,turbine_2,36,0.5,6.32,10.41,11.83,75,0.5,10.41,100,unverified,2026-02-03T12:00:00Z,assumed,1.0.0,8fe049cee2dbb83c819c3ad1ab9e327e982b3408b6617f11599b4115d67eb141,0.8843085384011398
2026-02-03T12:00:00Z,2026-02-03T00:00:00Z,2026-02-05T01:00:00Z,turbine_1,37,1.0,6.97,11.19,12.71,76,1.0,11.19,100,unverified,2026-02-03T12:00:00Z,assumed,1.0.0,b3ad5c95580a49b2260b1ff6ab649242c717638b569451db5f2f6be5bcf54aee,0.9691629944499448
2026-02-03T12:00:00Z,2026-02-03T00:00:00Z,2026-02-05T01:00:00Z,turbine_2,37,1.0,6.97,11.19,12.71,76,1.0,11.19,100,unverified,2026-02-03T12:00:00Z,assumed,1.0.0,8fe049cee2dbb83c819c3ad1ab9e327e982b3408b6617f11599b4115d67eb141,0.9579810970731697
2026-02-03T12:00:00Z,2026-02-03T00:00:00Z,2026-02-05T02:00:00Z,turbine_1,38,0.9,7.03,11.33,12.86,79,0.9,11.33,100,unverified,2026-02-03T12:00:00Z,assumed,1.0.0,b3ad5c95580a49b2260b1ff6ab649242c717638b569451db5f2f6be5bcf54aee,0.9786583285899862
2026-02-03T12:00:00Z,2026-02-03T00:00:00Z,2026-02-05T02:00:00Z,turbine_2,38,0.9,7.03,11.33,12.86,79,0.9,11.33,100,unverified,2026-02-03T12:00:00Z,assumed,1.0.0,8fe049cee2dbb83c819c3ad1ab9e327e982b3408b6617f11599b4115d67eb141,0.9627034207366574
2026-02-03T12:00:00Z,2026-02-03T00:00:00Z,2026-02-05T03:00:00Z,turbine_1,39,1.6,7.31,11.51,13.22,79,1.6,11.51,100,unverified,2026-02-03T12:00:00Z,assumed,1.0.0,b3ad5c95580a49b2260b1ff6ab649242c717638b569451db5f2f6be5bcf54aee,0.9820014602438658
2026-02-03T12:00:00Z,2026-02-03T00:00:00Z,2026-02-05T03:00:00Z,turbine_2,39,1.6,7.31,11.51,13.22,79,1.6,11.51,100,unverified,2026-02-03T12:00:00Z,assumed,1.0.0,8fe049cee2dbb83c819c3ad1ab9e327e982b3408b6617f11599b4115d67eb141,0.9644390461966872
2026-02-03T12:00:00Z,2026-02-03T00:00:00Z,2026-02-05T04:00:00Z,turbine_1,40,2.8,7.31,10.58,13.25,77,2.8,10.58,100,unverified,2026-02-03T12:00:00Z,assumed,1.0.0,b3ad5c95580a49b2260b1ff6ab649242c717638b569451db5f2f6be5bcf54aee,0.9311625129690281
2026-02-03T12:00:00Z,2026-02-03T00:00:00Z,2026-02-05T04:00:00Z,turbine_2,40,2.8,7.31,10.58,13.25,77,2.8,10.58,100,unverified,2026-02-03T12:00:00Z,assumed,1.0.0,8fe049cee2dbb83c819c3ad1ab9e327e982b3408b6617f11599b4115d67eb141,0.9077833565729078
2026-02-03T12:00:00Z,2026-02-03T00:00:00Z,2026-02-05T05:00:00Z,turbine_1,41,4.4,7.65,10.9,12.2,78,4.4,10.9,100,unverified,2026-02-03T12:00:00Z,assumed,1.0.0,b3ad5c95580a49b2260b1ff6ab649242c717638b569451db5f2f6be5bcf54aee,0.9484134225182203
2026-02-03T12:00:00Z,2026-02-03T00:00:00Z,2026-02-05T05:00:00Z,turbine_2,41,4.4,7.65,10.9,12.2,78,4.4,10.9,100,unverified,2026-02-03T12:00:00Z,assumed,1.0.0,8fe049cee2dbb83c819c3ad1ab9e327e982b3408b6617f11599b4115d67eb141,0.9330594639675595
2026-02-03T12:00:00Z,2026-02-03T00:00:00Z,2026-02-05T06:00:00Z,turbine_1,42,6.0,8.43,11.74,12.37,76,6.0,11.74,100,unverified,2026-02-03T12:00:00Z,assumed,1.0.0,b3ad5c95580a49b2260b1ff6ab649242c717638b569451db5f2f6be5bcf54aee,0.9745086747227069
2026-02-03T12:00:00Z,2026-02-03T00:00:00Z,2026-02-05T06:00:00Z,turbine_2,42,6.0,8.43,11.74,12.37,76,6.0,11.74,100,unverified,2026-02-03T12:00:00Z,assumed,1.0.0,8fe049cee2dbb83c819c3ad1ab9e327e982b3408b6617f11599b4115d67eb141,0.9667556905198826
2026-02-03T12:00:00Z,2026-02-03T00:00:00Z,2026-02-05T07:00:00Z,turbine_1,43,7.5,8.86,12.32,12.93,76,7.5,12.32,100,unverified,2026-02-03T12:00:00Z,assumed,1.0.0,b3ad5c95580a49b2260b1ff6ab649242c717638b569451db5f2f6be5bcf54aee,0.9507679701880338
2026-02-03T12:00:00Z,2026-02-03T00:00:00Z,2026-02-05T07:00:00Z,turbine_2,43,7.5,8.86,12.32,12.93,76,7.5,12.32,100,unverified,2026-02-03T12:00:00Z,assumed,1.0.0,8fe049cee2dbb83c819c3ad1ab9e327e982b3408b6617f11599b4115d67eb141,0.966412770053596
2026-02-03T12:00:00Z,2026-02-03T00:00:00Z,2026-02-05T08:00:00Z,turbine_1,44,8.0,8.64,12.04,12.93,75,8.0,12.04,100,unverified,2026-02-03T12:00:00Z,assumed,1.0.0,b3ad5c95580a49b2260b1ff6ab649242c717638b569451db5f2f6be5bcf54aee,0.9692812767568456
2026-02-03T12:00:00Z,2026-02-03T00:00:00Z,2026-02-05T08:00:00Z,turbine_2,44,8.0,8.64,12.04,12.93,75,8.0,12.04,100,unverified,2026-02-03T12:00:00Z,assumed,1.0.0,8fe049cee2dbb83c819c3ad1ab9e327e982b3408b6617f11599b4115d67eb141,0.9652419806941956
2026-02-03T12:00:00Z,2026-02-03T00:00:00Z,2026-02-05T09:00:00Z,turbine_1,45,8.1,7.93,11.12,12.31,72,8.1,11.12,100,unverified,2026-02-03T12:00:00Z,assumed,1.0.0,b3ad5c95580a49b2260b1ff6ab649242c717638b569451db5f2f6be5bcf54aee,0.9519546552607626
2026-02-03T12:00:00Z,2026-02-03T00:00:00Z,2026-02-05T09:00:00Z,turbine_2,45,8.1,7.93,11.12,12.31,72,8.1,11.12,100,unverified,2026-02-03T12:00:00Z,assumed,1.0.0,8fe049cee2dbb83c819c3ad1ab9e327e982b3408b6617f11599b4115d67eb141,0.9430015551642098
2026-02-03T12:00:00Z,2026-02-03T00:00:00Z,2026-02-05T10:00:00Z,turbine_1,46,7.7,6.49,9.9,11.78,70,7.7,9.9,100,unverified,2026-02-03T12:00:00Z,assumed,1.0.0,b3ad5c95580a49b2260b1ff6ab649242c717638b569451db5f2f6be5bcf54aee,0.8090772402342923
2026-02-03T12:00:00Z,2026-02-03T00:00:00Z,2026-02-05T10:00:00Z,turbine_2,46,7.7,6.49,9.9,11.78,70,7.7,9.9,100,unverified,2026-02-03T12:00:00Z,assumed,1.0.0,8fe049cee2dbb83c819c3ad1ab9e327e982b3408b6617f11599b4115d67eb141,0.7921187607450977
2026-02-03T12:00:00Z,2026-02-03T00:00:00Z,2026-02-05T11:00:00Z,turbine_1,47,6.4,5.69,9.46,11.36,77,6.4,9.46,100,unverified,2026-02-03T12:00:00Z,assumed,1.0.0,b3ad5c95580a49b2260b1ff6ab649242c717638b569451db5f2f6be5bcf54aee,0.7510113861635326
2026-02-03T12:00:00Z,2026-02-03T00:00:00Z,2026-02-05T11:00:00Z,turbine_2,47,6.4,5.69,9.46,11.36,77,6.4,9.46,100,unverified,2026-02-03T12:00:00Z,assumed,1.0.0,8fe049cee2dbb83c819c3ad1ab9e327e982b3408b6617f11599b4115d67eb141,0.5984226196056978
2026-02-03T12:00:00Z,2026-02-03T00:00:00Z,2026-02-05T12:00:00Z,turbine_1,48,3.2,4.38,8.55,10.32,78,3.2,8.55,100,unverified,2026-02-03T12:00:00Z,assumed,1.0.0,b3ad5c95580a49b2260b1ff6ab649242c717638b569451db5f2f6be5bcf54aee,0.6256670257702471
2026-02-03T12:00:00Z,2026-02-03T00:00:00Z,2026-02-05T12:00:00Z,turbine_2,48,3.2,4.38,8.55,10.32,78,3.2,8.55,100,unverified,2026-02-03T12:00:00Z,assumed,1.0.0,8fe049cee2dbb83c819c3ad1ab9e327e982b3408b6617f11599b4115d67eb141,0.5962062798529555
2026-02-04T12:00:00Z,2026-02-04T00:00:00Z,2026-02-04T13:00:00Z,turbine_1,1,1.7,0.92,2.13,1.32,39,1.7,2.13,100,unverified,2026-02-04T12:00:00Z,assumed,1.0.0,b3ad5c95580a49b2260b1ff6ab649242c717638b569451db5f2f6be5bcf54aee,0.011727804746150927
2026-02-04T12:00:00Z,2026-02-04T00:00:00Z,2026-02-04T13:00:00Z,turbine_2,1,1.7,0.92,2.13,1.32,39,1.7,2.13,100,unverified,2026-02-04T12:00:00Z,assumed,1.0.0,8fe049cee2dbb83c819c3ad1ab9e327e982b3408b6617f11599b4115d67eb141,0.010590646772400958
2026-02-04T12:00:00Z,2026-02-04T00:00:00Z,2026-02-04T14:00:00Z,turbine_1,2,1.7,2.55,6.02,5.35,69,1.7,6.02,100,unverified,2026-02-04T12:00:00Z,assumed,1.0.0,b3ad5c95580a49b2260b1ff6ab649242c717638b569451db5f2f6be5bcf54aee,0.20438936208051206
2026-02-04T12:00:00Z,2026-02-04T00:00:00Z,2026-02-04T14:00:00Z,turbine_2,2,1.7,2.55,6.02,5.35,69,1.7,6.02,100,unverified,2026-02-04T12:00:00Z,assumed,1.0.0,8fe049cee2dbb83c819c3ad1ab9e327e982b3408b6617f11599b4115d67eb141,0.18357121425123102
2026-02-04T12:00:00Z,2026-02-04T00:00:00Z,2026-02-04T15:00:00Z,turbine_1,3,0.7,2.7,6.04,6.35,66,0.7,6.04,100,unverified,2026-02-04T12:00:00Z,assumed,1.0.0,b3ad5c95580a49b2260b1ff6ab649242c717638b569451db5f2f6be5bcf54aee,0.20168795891726077
2026-02-04T12:00:00Z,2026-02-04T00:00:00Z,2026-02-04T15:00:00Z,turbine_2,3,0.7,2.7,6.04,6.35,66,0.7,6.04,100,unverified,2026-02-04T12:00:00Z,assumed,1.0.0,8fe049cee2dbb83c819c3ad1ab9e327e982b3408b6617f11599b4115d67eb141,0.18500717080913412
2026-02-04T12:00:00Z,2026-02-04T00:00:00Z,2026-02-04T16:00:00Z,turbine_1,4,0.1,3.42,7.14,8.82,62,0.1,7.14,100,unverified,2026-02-04T12:00:00Z,assumed,1.0.0,b3ad5c95580a49b2260b1ff6ab649242c717638b569451db5f2f6be5bcf54aee,0.3775961481071609
2026-02-04T12:00:00Z,2026-02-04T00:00:00Z,2026-02-04T16:00:00Z,turbine_2,4,0.1,3.42,7.14,8.82,62,0.1,7.14,100,unverified,2026-02-04T12:00:00Z,assumed,1.0.0,8fe049cee2dbb83c819c3ad1ab9e327e982b3408b6617f11599b4115d67eb141,0.36025820018479865
2026-02-04T12:00:00Z,2026-02-04T00:00:00Z,2026-02-04T17:00:00Z,turbine_1,5,-0.6,3.57,7.27,9.42,62,-0.6,7.27,100,unverified,2026-02-04T12:00:00Z,assumed,1.0.0,b3ad5c95580a49b2260b1ff6ab649242c717638b569451db5f2f6be5bcf54aee,0.39990263983600405
2026-02-04T12:00:00Z,2026-02-04T00:00:00Z,2026-02-04T17:00:00Z,turbine_2,5,-0.6,3.57,7.27,9.42,62,-0.6,7.27,100,unverified,2026-02-04T12:00:00Z,assumed,1.0.0,8fe049cee2dbb83c819c3ad1ab9e327e982b3408b6617f11599b4115d67eb141,0.370391271569802
2026-02-04T12:00:00Z,2026-02-04T00:00:00Z,2026-02-04T18:00:00Z,turbine_1,6,-0.9,3.87,7.5,9.61,61,-0.9,7.5,100,unverified,2026-02-04T12:00:00Z,assumed,1.0.0,b3ad5c95580a49b2260b1ff6ab649242c717638b569451db5f2f6be5bcf54aee,0.4419717862536921
2026-02-04T12:00:00Z,2026-02-04T00:00:00Z,2026-02-04T18:00:00Z,turbine_2,6,-0.9,3.87,7.5,9.61,61,-0.9,7.5,100,unverified,2026-02-04T12:00:00Z,assumed,1.0.0,8fe049cee2dbb83c819c3ad1ab9e327e982b3408b6617f11599b4115d67eb141,0.417225626496372
2026-02-04T12:00:00Z,2026-02-04T00:00:00Z,2026-02-04T19:00:00Z,turbine_1,7,-1.1,4.33,7.95,10.18,61,-1.1,7.95,100,unverified,2026-02-04T12:00:00Z,assumed,1.0.0,b3ad5c95580a49b2260b1ff6ab649242c717638b569451db5f2f6be5bcf54aee,0.49522142281827797
2026-02-04T12:00:00Z,2026-02-04T00:00:00Z,2026-02-04T19:00:00Z,turbine_2,7,-1.1,4.33,7.95,10.18,61,-1.1,7.95,100,unverified,2026-02-04T12:00:00Z,assumed,1.0.0,8fe049cee2dbb83c819c3ad1ab9e327e982b3408b6617f11599b4115d67eb141,0.4849466846101728
2026-02-04T12:00:00Z,2026-02-04T00:00:00Z,2026-02-04T20:00:00Z,turbine_1,8,-0.9,4.73,8.41,10.47,63,-0.9,8.41,100,unverified,2026-02-04T12:00:00Z,assumed,1.0.0,b3ad5c95580a49b2260b1ff6ab649242c717638b569451db5f2f6be5bcf54aee,0.5913608666909753
2026-02-04T12:00:00Z,2026-02-04T00:00:00Z,2026-02-04T20:00:00Z,turbine_2,8,-0.9,4.73,8.41,10.47,63,-0.9,8.41,100,unverified,2026-02-04T12:00:00Z,assumed,1.0.0,8fe049cee2dbb83c819c3ad1ab9e327e982b3408b6617f11599b4115d67eb141,0.5672554298790615
2026-02-04T12:00:00Z,2026-02-04T00:00:00Z,2026-02-04T21:00:00Z,turbine_1,9,-0.5,5.12,8.77,10.52,68,-0.5,8.77,100,unverified,2026-02-04T12:00:00Z,assumed,1.0.0,b3ad5c95580a49b2260b1ff6ab649242c717638b569451db5f2f6be5bcf54aee,0.6706425183621048
2026-02-04T12:00:00Z,2026-02-04T00:00:00Z,2026-02-04T21:00:00Z,turbine_2,9,-0.5,5.12,8.77,10.52,68,-0.5,8.77,100,unverified,2026-02-04T12:00:00Z,assumed,1.0.0,8fe049cee2dbb83c819c3ad1ab9e327e982b3408b6617f11599b4115d67eb141,0.6360375583259701
2026-02-04T12:00:00Z,2026-02-04T00:00:00Z,2026-02-04T22:00:00Z,turbine_1,10,0.0,5.65,9.58,11.14,73,0.0,9.58,100,unverified,2026-02-04T12:00:00Z,assumed,1.0.0,b3ad5c95580a49b2260b1ff6ab649242c717638b569451db5f2f6be5bcf54aee,0.7923841647297998
2026-02-04T12:00:00Z,2026-02-04T00:00:00Z,2026-02-04T22:00:00Z,turbine_2,10,0.0,5.65,9.58,11.14,73,0.0,9.58,100,unverified,2026-02-04T12:00:00Z,assumed,1.0.0,8fe049cee2dbb83c819c3ad1ab9e327e982b3408b6617f11599b4115d67eb141,0.7664047272595882
2026-02-04T12:00:00Z,2026-02-04T00:00:00Z,2026-02-04T23:00:00Z,turbine_1,11,0.6,6.3,10.33,11.9,75,0.6,10.33,100,unverified,2026-02-04T12:00:00Z,assumed,1.0.0,b3ad5c95580a49b2260b1ff6ab649242c717638b569451db5f2f6be5bcf54aee,0.8936054657052669
2026-02-04T12:00:00Z,2026-02-04T00:00:00Z,2026-02-04T23:00:00Z,turbine_2,11,0.6,6.3,10.33,11.9,75,0.6,10.33,100,unverified,2026-02-04T12:00:00Z,assumed,1.0.0,8fe049cee2dbb83c819c3ad1ab9e327e982b3408b6617f11599b4115d67eb141,0.8835818108475897
2026-02-04T12:00:00Z,2026-02-04T00:00:00Z,2026-02-05T00:00:00Z,turbine_1,12,1.1,6.8,10.98,12.53,77,1.1,10.98,100,unverified,2026-02-04T12:00:00Z,assumed,1.0.0,b3ad5c95580a49b2260b1ff6ab649242c717638b569451db5f2f6be5bcf54aee,0.9597431514375351
2026-02-04T12:00:00Z,2026-02-04T00:00:00Z,2026-02-05T00:00:00Z,turbine_2,12,1.1,6.8,10.98,12.53,77,1.1,10.98,100,unverified,2026-02-04T12:00:00Z,assumed,1.0.0,8fe049cee2dbb83c819c3ad1ab9e327e982b3408b6617f11599b4115d67eb141,0.942736823983876
2026-02-04T12:00:00Z,2026-02-04T00:00:00Z,2026-02-05T01:00:00Z,turbine_1,13,1.6,7.47,11.71,13.41,79,1.6,11.71,100,unverified,2026-02-04T12:00:00Z,assumed,1.0.0,b3ad5c95580a49b2260b1ff6ab649242c717638b569451db5f2f6be5bcf54aee,0.9818121469077481
2026-02-04T12:00:00Z,2026-02-04T00:00:00Z,2026-02-05T01:00:00Z,turbine_2,13,1.6,7.47,11.71,13.41,79,1.6,11.71,100,unverified,2026-02-04T12:00:00Z,assumed,1.0.0,8fe049cee2dbb83c819c3ad1ab9e327e982b3408b6617f11599b4115d67eb141,0.9707611668209258
2026-02-04T12:00:00Z,2026-02-04T00:00:00Z,2026-02-05T02:00:00Z,turbine_1,14,1.5,7.57,11.89,13.65,80,1.5,11.89,100,unverified,2026-02-04T12:00:00Z,assumed,1.0.0,b3ad5c95580a49b2260b1ff6ab649242c717638b569451db5f2f6be5bcf54aee,0.9768095575739053
2026-02-04T12:00:00Z,2026-02-04T00:00:00Z,2026-02-05T02:00:00Z,turbine_2,14,1.5,7.57,11.89,13.65,80,1.5,11.89,100,unverified,2026-02-04T12:00:00Z,assumed,1.0.0,8fe049cee2dbb83c819c3ad1ab9e327e982b3408b6617f11599b4115d67eb141,0.9718435934942927
2026-02-04T12:00:00Z,2026-02-04T00:00:00Z,2026-02-05T03:00:00Z,turbine_1,15,2.0,7.77,11.98,13.86,83,2.0,11.98,100,unverified,2026-02-04T12:00:00Z,assumed,1.0.0,b3ad5c95580a49b2260b1ff6ab649242c717638b569451db5f2f6be5bcf54aee,0.9782981196854695
2026-02-04T12:00:00Z,2026-02-04T00:00:00Z,2026-02-05T03:00:00Z,turbine_2,15,2.0,7.77,11.98,13.86,83,2.0,11.98,100,unverified,2026-02-04T12:00:00Z,assumed,1.0.0,8fe049cee2dbb83c819c3ad1ab9e327e982b3408b6617f11599b4115d67eb141,0.9725253612679493
2026-02-04T12:00:00Z,2026-02-04T00:00:00Z,2026-02-05T04:00:00Z,turbine_1,16,3.2,7.05,11.6,13.99,78,3.2,11.6,100,unverified,2026-02-04T12:00:00Z,assumed,1.0.0,b3ad5c95580a49b2260b1ff6ab649242c717638b569451db5f2f6be5bcf54aee,0.9825303344989833
2026-02-04T12:00:00Z,2026-02-04T00:00:00Z,2026-02-05T04:00:00Z,turbine_2,16,3.2,7.05,11.6,13.99,78,3.2,11.6,100,unverified,2026-02-04T12:00:00Z,assumed,1.0.0,8fe049cee2dbb83c819c3ad1ab9e327e982b3408b6617f11599b4115d67eb141,0.9681133132478901
2026-02-04T12:00:00Z,2026-02-04T00:00:00Z,2026-02-05T05:00:00Z,turbine_1,17,4.8,8.03,11.45,13.35,77,4.8,11.45,100,unverified,2026-02-04T12:00:00Z,assumed,1.0.0,b3ad5c95580a49b2260b1ff6ab649242c717638b569451db5f2f6be5bcf54aee,0.9786882124149278
2026-02-04T12:00:00Z,2026-02-04T00:00:00Z,2026-02-05T05:00:00Z,turbine_2,17,4.8,8.03,11.45,13.35,77,4.8,11.45,100,unverified,2026-02-04T12:00:00Z,assumed,1.0.0,8fe049cee2dbb83c819c3ad1ab9e327e982b3408b6617f11599b4115d67eb141,0.9551767959284729
2026-02-04T12:00:00Z,2026-02-04T00:00:00Z,2026-02-05T06:00:00Z,turbine_1,18,6.8,8.48,11.79,12.65,77,6.8,11.79,100,unverified,2026-02-04T12:00:00Z,assumed,1.0.0,b3ad5c95580a49b2260b1ff6ab649242c717638b569451db5f2f6be5bcf54aee,0.9749507695696078
2026-02-04T12:00:00Z,2026-02-04T00:00:00Z,2026-02-05T06:00:00Z,turbine_2,18,6.8,8.48,11.79,12.65,77,6.8,11.79,100,unverified,2026-02-04T12:00:00Z,assumed,1.0.0,8fe049cee2dbb83c819c3ad1ab9e327e982b3408b6617f11599b4115d67eb141,0.9675102187137207
2026-02-04T12:00:00Z,2026-02-04T00:00:00Z,2026-02-05T07:00:00Z,turbine_1,19,8.0,8.64,12.09,12.92,76,8.0,12.09,100,unverified,2026-02-04T12:00:00Z,assumed,1.0.0,b3ad5c95580a49b2260b1ff6ab649242c717638b569451db5f2f6be5bcf54aee,0.9692812767568456
2026-02-04T12:00:00Z,2026-02-04T00:00:00Z,2026-02-05T07:00:00Z,turbine_2,19,8.0,8.64,12.09,12.92,76,8.0,12.09,100,unverified,2026-02-04T12:00:00Z,assumed,1.0.0,8fe049cee2dbb83c819c3ad1ab9e327e982b3408b6617f11599b4115d67eb141,0.9648811439167934
2026-02-04T12:00:00Z,2026-02-04T00:00:00Z,2026-02-05T08:00:00Z,turbine_1,20,8.6,8.17,11.37,12.18,74,8.6,11.37,100,unverified,2026-02-04T12:00:00Z,assumed,1.0.0,b3ad5c95580a49b2260b1ff6ab649242c717638b569451db5f2f6be5bcf54aee,0.9645474324236737
2026-02-04T12:00:00Z,2026-02-04T00:00:00Z,2026-02-05T08:00:00Z,turbine_2,20,8.6,8.17,11.37,12.18,74,8.6,11.37,100,unverified,2026-02-04T12:00:00Z,assumed,1.0.0,8fe049cee2dbb83c819c3ad1ab9e327e982b3408b6617f11599b4115d67eb141,0.9485726724183264
2026-02-04T12:00:00Z,2026-02-04T00:00:00Z,2026-02-05T09:00:00Z,turbine_1,21,8.6,7.5,10.43,11.19,69,8.6,10.43,100,unverified,2026-02-04T12:00:00Z,assumed,1.0.0,b3ad5c95580a49b2260b1ff6ab649242c717638b569451db5f2f6be5bcf54aee,0.881247825418159
2026-02-04T12:00:00Z,2026-02-04T00:00:00Z,2026-02-05T09:00:00Z,turbine_2,21,8.6,7.5,10.43,11.19,69,8.6,10.43,100,unverified,2026-02-04T12:00:00Z,assumed,1.0.0,8fe049cee2dbb83c819c3ad1ab9e327e982b3408b6617f11599b4115d67eb141,0.8727150825175605
2026-02-04T12:00:00Z,2026-02-04T00:00:00Z,2026-02-05T10:00:00Z,turbine_1,22,8.1,5.81,8.3,10.31,62,8.1,8.3,100,unverified,2026-02-04T12:00:00Z,assumed,1.0.0,b3ad5c95580a49b2260b1ff6ab649242c717638b569451db5f2f6be5bcf54aee,0.5689907117333208
2026-02-04T12:00:00Z,2026-02-04T00:00:00Z,2026-02-05T10:00:00Z,turbine_2,22,8.1,5.81,8.3,10.31,62,8.1,8.3,100,unverified,2026-02-04T12:00:00Z,assumed,1.0.0,8fe049cee2dbb83c819c3ad1ab9e327e982b3408b6617f11599b4115d67eb141,0.5731141816485221
2026-02-04T12:00:00Z,2026-02-04T00:00:00Z,2026-02-05T11:00:00Z,turbine_1,23,6.4,4.53,7.68,8.84,67,6.4,7.68,100,unverified,2026-02-04T12:00:00Z,assumed,1.0.0,b3ad5c95580a49b2260b1ff6ab649242c717638b569451db5f2f6be5bcf54aee,0.4829494123016474
2026-02-04T12:00:00Z,2026-02-04T00:00:00Z,2026-02-05T11:00:00Z,turbine_2,23,6.4,4.53,7.68,8.84,67,6.4,7.68,100,unverified,2026-02-04T12:00:00Z,assumed,1.0.0,8fe049cee2dbb83c819c3ad1ab9e327e982b3408b6617f11599b4115d67eb141,0.4575938964364435
2026-02-04T12:00:00Z,2026-02-04T00:00:00Z,2026-02-05T12:00:00Z,turbine_1,24,3.5,3.46,7.09,8.2,74,3.5,7.09,100,unverified,2026-02-04T12:00:00Z,assumed,1.0.0,b3ad5c95580a49b2260b1ff6ab649242c717638b569451db5f2f6be5bcf54aee,0.37339761506408475
2026-02-04T12:00:00Z,2026-02-04T00:00:00Z,2026-02-05T12:00:00Z,turbine_2,24,3.5,3.46,7.09,8.2,74,3.5,7.09,100,unverified,2026-02-04T12:00:00Z,assumed,1.0.0,8fe049cee2dbb83c819c3ad1ab9e327e982b3408b6617f11599b4115d67eb141,0.3550750864966863
2026-02-04T12:00:00Z,2026-02-04T00:00:00Z,2026-02-05T13:00:00Z,turbine_1,25,1.9,3.51,6.92,8.6,82,1.9,6.92,100,unverified,2026-02-04T12:00:00Z,assumed,1.0.0,b3ad5c95580a49b2260b1ff6ab649242c717638b569451db5f2f6be5bcf54aee,0.34683670576965897
2026-02-04T12:00:00Z,2026-02-04T00:00:00Z,2026-02-05T13:00:00Z,turbine_2,25,1.9,3.51,6.92,8.6,82,1.9,6.92,100,unverified,2026-02-04T12:00:00Z,assumed,1.0.0,8fe049cee2dbb83c819c3ad1ab9e327e982b3408b6617f11599b4115d67eb141,0.3222624960071351
2026-02-04T12:00:00Z,2026-02-04T00:00:00Z,2026-02-05T14:00:00Z,turbine_1,26,0.8,3.12,6.58,8.49,81,0.8,6.58,100,unverified,2026-02-04T12:00:00Z,assumed,1.0.0,b3ad5c95580a49b2260b1ff6ab649242c717638b569451db5f2f6be5bcf54aee,0.2922643096887237
2026-02-04T12:00:00Z,2026-02-04T00:00:00Z,2026-02-05T14:00:00Z,turbine_2,26,0.8,3.12,6.58,8.49,81,0.8,6.58,100,unverified,2026-02-04T12:00:00Z,assumed,1.0.0,8fe049cee2dbb83c819c3ad1ab9e327e982b3408b6617f11599b4115d67eb141,0.26837852349572267
2026-02-04T12:00:00Z,2026-02-04T00:00:00Z,2026-02-05T15:00:00Z,turbine_1,27,-0.6,3.19,6.63,8.0,75,-0.6,6.63,100,unverified,2026-02-04T12:00:00Z,assumed,1.0.0,b3ad5c95580a49b2260b1ff6ab649242c717638b569451db5f2f6be5bcf54aee,0.29525687966002645
2026-02-04T12:00:00Z,2026-02-04T00:00:00Z,2026-02-05T15:00:00Z,turbine_2,27,-0.6,3.19,6.63,8.0,75,-0.6,6.63,100,unverified,2026-02-04T12:00:00Z,assumed,1.0.0,8fe049cee2dbb83c819c3ad1ab9e327e982b3408b6617f11599b4115d67eb141,0.2676861899378884
2026-02-04T12:00:00Z,2026-02-04T00:00:00Z,2026-02-05T16:00:00Z,turbine_1,28,0.3,3.01,6.2,7.96,76,0.3,6.2,100,unverified,2026-02-04T12:00:00Z,assumed,1.0.0,b3ad5c95580a49b2260b1ff6ab649242c717638b569451db5f2f6be5bcf54aee,0.2306779705057148
2026-02-04T12:00:00Z,2026-02-04T00:00:00Z,2026-02-05T16:00:00Z,turbine_2,28,0.3,3.01,6.2,7.96,76,0.3,6.2,100,unverified,2026-02-04T12:00:00Z,assumed,1.0.0,8fe049cee2dbb83c819c3ad1ab9e327e982b3408b6617f11599b4115d67eb141,0.21848965461255054
2026-02-04T12:00:00Z,2026-02-04T00:00:00Z,2026-02-05T17:00:00Z,turbine_1,29,0.4,3.4,6.5,8.18,73,0.4,6.5,100,unverified,2026-02-04T12:00:00Z,assumed,1.0.0,b3ad5c95580a49b2260b1ff6ab649242c717638b569451db5f2f6be5bcf54aee,0.2723695691470981
2026-02-04T12:00:00Z,2026-02-04T00:00:00Z,2026-02-05T17:00:00Z,turbine_2,29,0.4,3.4,6.5,8.18,73,0.4,6.5,100,unverified,2026-02-04T12:00:00Z,assumed,1.0.0,8fe049cee2dbb83c819c3ad1ab9e327e982b3408b6617f11599b4115d67eb141,0.25728728127767875
2026-02-04T12:00:00Z,2026-02-04T00:00:00Z,2026-02-05T18:00:00Z,turbine_1,30,1.5,4.0,7.43,9.35,70,1.5,7.43,100,unverified,2026-02-04T12:00:00Z,assumed,1.0.0,b3ad5c95580a49b2260b1ff6ab649242c717638b569451db5f2f6be5bcf54aee,0.4397742288687941
2026-02-04T12:00:00Z,2026-02-04T00:00:00Z,2026-02-05T18:00:00Z,turbine_2,30,1.5,4.0,7.43,9.35,70,1.5,7.43,100,unverified,2026-02-04T12:00:00Z,assumed,1.0.0,8fe049cee2dbb83c819c3ad1ab9e327e982b3408b6617f11599b4115d67eb141,0.40718151911780787
2026-02-04T12:00:00Z,2026-02-04T00:00:00Z,2026-02-05T19:00:00Z,turbine_1,31,1.0,3.35,7.13,9.27,70,1.0,7.13,100,unverified,2026-02-04T12:00:00Z,assumed,1.0.0,b3ad5c95580a49b2260b1ff6ab649242c717638b569451db5f2f6be5bcf54aee,0.3792568781835785
2026-02-04T12:00:00Z,2026-02-04T00:00:00Z,2026-02-05T19:00:00Z,turbine_2,31,1.0,3.35,7.13,9.27,70,1.0,7.13,100,unverified,2026-02-04T12:00:00Z,assumed,1.0.0,8fe049cee2dbb83c819c3ad1ab9e327e982b3408b6617f11599b4115d67eb141,0.36078995091263366
2026-02-04T12:00:00Z,2026-02-04T00:00:00Z,2026-02-05T20:00:00Z,turbine_1,32,0.3,3.26,7.1,9.32,66,0.3,7.1,100,unverified,2026-02-04T12:00:00Z,assumed,1.0.0,b3ad5c95580a49b2260b1ff6ab649242c717638b569451db5f2f6be5bcf54aee,0.36517509928794173
2026-02-04T12:00:00Z,2026-02-04T00:00:00Z,2026-02-05T20:00:00Z,turbine_2,32,0.3,3.26,7.1,9.32,66,0.3,7.1,100,unverified,2026-02-04T12:00:00Z,assumed,1.0.0,8fe049cee2dbb83c819c3ad1ab9e327e982b3408b6617f11599b4115d67eb141,0.35010891440708225
2026-02-04T12:00:00Z,2026-02-04T00:00:00Z,2026-02-05T21:00:00Z,turbine_1,33,-0.5,2.89,6.65,9.06,69,-0.5,6.65,100,unverified,2026-02-04T12:00:00Z,assumed,1.0.0,b3ad5c95580a49b2260b1ff6ab649242c717638b569451db5f2f6be5bcf54aee,0.29525687966002645
2026-02-04T12:00:00Z,2026-02-04T00:00:00Z,2026-02-05T21:00:00Z,turbine_2,33,-0.5,2.89,6.65,9.06,69,-0.5,6.65,100,unverified,2026-02-04T12:00:00Z,assumed,1.0.0,8fe049cee2dbb83c819c3ad1ab9e327e982b3408b6617f11599b4115d67eb141,0.2787809788148956
2026-02-04T12:00:00Z,2026-02-04T00:00:00Z,2026-02-05T22:00:00Z,turbine_1,34,-0.7,2.04,5.46,7.92,62,-0.7,5.46,100,unverified,2026-02-04T12:00:00Z,assumed,1.0.0,b3ad5c95580a49b2260b1ff6ab649242c717638b569451db5f2f6be5bcf54aee,0.12514308410696487
2026-02-04T12:00:00Z,2026-02-04T00:00:00Z,2026-02-05T22:00:00Z,turbine_2,34,-0.7,2.04,5.46,7.92,62,-0.7,5.46,100,unverified,2026-02-04T12:00:00Z,assumed,1.0.0,8fe049cee2dbb83c819c3ad1ab9e327e982b3408b6617f11599b4115d67eb141,0.11759895340168613
2026-02-04T12:00:00Z,2026-02-04T00:00:00Z,2026-02-05T23:00:00Z,turbine_1,35,-0.4,1.2,3.34,5.96,77,-0.4,3.34,100,unverified,2026-02-04T12:00:00Z,assumed,1.0.0,b3ad5c95580a49b2260b1ff6ab649242c717638b569451db5f2f6be5bcf54aee,0.019055735569994847
2026-02-04T12:00:00Z,2026-02-04T00:00:00Z,2026-02-05T23:00:00Z,turbine_2,35,-0.4,1.2,3.34,5.96,77,-0.4,3.34,100,unverified,2026-02-04T12:00:00Z,assumed,1.0.0,8fe049cee2dbb83c819c3ad1ab9e327e982b3408b6617f11599b4115d67eb141,0.018885733053032705
2026-02-04T12:00:00Z,2026-02-04T00:00:00Z,2026-02-06T00:00:00Z,turbine_1,36,0.6,2.43,3.06,1.71,214,0.6,3.06,100,unverified,2026-02-04T12:00:00Z,assumed,1.0.0,b3ad5c95580a49b2260b1ff6ab649242c717638b569451db5f2f6be5bcf54aee,0.012195898013800388
2026-02-04T12:00:00Z,2026-02-04T00:00:00Z,2026-02-06T00:00:00Z,turbine_2,36,0.6,2.43,3.06,1.71,214,0.6,3.06,100,unverified,2026-02-04T12:00:00Z,assumed,1.0.0,8fe049cee2dbb83c819c3ad1ab9e327e982b3408b6617f11599b4115d67eb141,0.01161115775886562
2026-02-04T12:00:00Z,2026-02-04T00:00:00Z,2026-02-06T01:00:00Z,turbine_1,37,1.2,3.58,7.97,9.91,260,1.2,7.97,100,unverified,2026-02-04T12:00:00Z,assumed,1.0.0,b3ad5c95580a49b2260b1ff6ab649242c717638b569451db5f2f6be5bcf54aee,0.5210286555215122
2026-02-04T12:00:00Z,2026-02-04T00:00:00Z,2026-02-06T01:00:00Z,turbine_2,37,1.2,3.58,7.97,9.91,260,1.2,7.97,100,unverified,2026-02-04T12:00:00Z,assumed,1.0.0,8fe049cee2dbb83c819c3ad1ab9e327e982b3408b6617f11599b4115d67eb141,0.4876808296682289
2026-02-04T12:00:00Z,2026-02-04T00:00:00Z,2026-02-06T02:00:00Z,turbine_1,38,0.3,2.13,5.78,9.48,264,0.3,5.78,100,unverified,2026-02-04T12:00:00Z,assumed,1.0.0,b3ad5c95580a49b2260b1ff6ab649242c717638b569451db5f2f6be5bcf54aee,0.17737966641047942
2026-02-04T12:00:00Z,2026-02-04T00:00:00Z,2026-02-06T02:00:00Z,turbine_2,38,0.3,2.13,5.78,9.48,264,0.3,5.78,100,unverified,2026-02-04T12:00:00Z,assumed,1.0.0,8fe049cee2dbb83c819c3ad1ab9e327e982b3408b6617f11599b4115d67eb141,0.15522257338528705
2026-02-04T12:00:00Z,2026-02-04T00:00:00Z,2026-02-06T03:00:00Z,turbine_1,39,1.9,2.09,5.28,8.56,260,1.9,5.28,100,unverified,2026-02-04T12:00:00Z,assumed,1.0.0,b3ad5c95580a49b2260b1ff6ab649242c717638b569451db5f2f6be5bcf54aee,0.1270630175999245
2026-02-04T12:00:00Z,2026-02-04T00:00:00Z,2026-02-06T03:00:00Z,turbine_2,39,1.9,2.09,5.28,8.56,260,1.9,5.28,100,unverified,2026-02-04T12:00:00Z,assumed,1.0.0,8fe049cee2dbb83c819c3ad1ab9e327e982b3408b6617f11599b4115d67eb141,0.11046551781298558
2026-02-04T12:00:00Z,2026-02-04T00:00:00Z,2026-02-06T04:00:00Z,turbine_1,40,4.3,4.87,8.5,12.95,259,4.3,8.5,100,unverified,2026-02-04T12:00:00Z,assumed,1.0.0,b3ad5c95580a49b2260b1ff6ab649242c717638b569451db5f2f6be5bcf54aee,0.6230985250490533
2026-02-04T12:00:00Z,2026-02-04T00:00:00Z,2026-02-06T04:00:00Z,turbine_2,40,4.3,4.87,8.5,12.95,259,4.3,8.5,100,unverified,2026-02-04T12:00:00Z,assumed,1.0.0,8fe049cee2dbb83c819c3ad1ab9e327e982b3408b6617f11599b4115d67eb141,0.5969255050910616
2026-02-04T12:00:00Z,2026-02-04T00:00:00Z,2026-02-06T05:00:00Z,turbine_1,41,6.7,7.74,13.45,15.85,269,6.7,13.45,100,unverified,2026-02-04T12:00:00Z,assumed,1.0.0,b3ad5c95580a49b2260b1ff6ab649242c717638b569451db5f2f6be5bcf54aee,0.9756559057745645
2026-02-04T12:00:00Z,2026-02-04T00:00:00Z,2026-02-06T05:00:00Z,turbine_2,41,6.7,7.74,13.45,15.85,269,6.7,13.45,100,unverified,2026-02-04T12:00:00Z,assumed,1.0.0,8fe049cee2dbb83c819c3ad1ab9e327e982b3408b6617f11599b4115d67eb141,0.9653304800047533
2026-02-04T12:00:00Z,2026-02-04T00:00:00Z,2026-02-06T06:00:00Z,turbine_1,42,6.0,6.74,14.05,16.84,270,6.0,14.05,100,unverified,2026-02-04T12:00:00Z,assumed,1.0.0,b3ad5c95580a49b2260b1ff6ab649242c717638b569451db5f2f6be5bcf54aee,0.9509502173061003
2026-02-04T12:00:00Z,2026-02-04T00:00:00Z,2026-02-06T06:00:00Z,turbine_2,42,6.0,6.74,14.05,16.84,270,6.0,14.05,100,unverified,2026-02-04T12:00:00Z,assumed,1.0.0,8fe049cee2dbb83c819c3ad1ab9e327e982b3408b6617f11599b4115d67eb141,0.9640300572808599
2026-02-04T12:00:00Z,2026-02-04T00:00:00Z,2026-02-06T07:00:00Z,turbine_1,43,6.0,7.06,13.43,15.38,264,6.0,13.43,100,unverified,2026-02-04T12:00:00Z,assumed,1.0.0,b3ad5c95580a49b2260b1ff6ab649242c717638b569451db5f2f6be5bcf54aee,0.9737977213042699
2026-02-04T12:00:00Z,2026-02-04T00:00:00Z,2026-02-06T07:00:00Z,turbine_2,43,6.0,7.06,13.43,15.38,264,6.0,13.43,100,unverified,2026-02-04T12:00:00Z,assumed,1.0.0,8fe049cee2dbb83c819c3ad1ab9e327e982b3408b6617f11599b4115d67eb141,0.9726383678882022
2026-02-04T12:00:00Z,2026-02-04T00:00:00Z,2026-02-06T08:00:00Z,turbine_1,44,6.8,7.64,11.41,14.62,258,6.8,11.41,100,unverified,2026-02-04T12:00:00Z,assumed,1.0.0,b3ad5c95580a49b2260b1ff6ab649242c717638b569451db5f2f6be5bcf54aee,0.9696188426433493
2026-02-04T12:00:00Z,2026-02-04T00:00:00Z,2026-02-06T08:00:00Z,turbine_2,44,6.8,7.64,11.41,14.62,258,6.8,11.41,100,unverified,2026-02-04T12:00:00Z,assumed,1.0.0,8fe049cee2dbb83c819c3ad1ab9e327e982b3408b6617f11599b4115d67eb141,0.9534730017487014
2026-02-04T12:00:00Z,2026-02-04T00:00:00Z,2026-02-06T09:00:00Z,turbine_1,45,6.6,8.79,12.79,14.02,258,6.6,12.79,100,unverified,2026-02-04T12:00:00Z,assumed,1.0.0,b3ad5c95580a49b2260b1ff6ab649242c717638b569451db5f2f6be5bcf54aee,0.9755159291682414
2026-02-04T12:00:00Z,2026-02-04T00:00:00Z,2026-02-06T09:00:00Z,turbine_2,45,6.6,8.79,12.79,14.02,258,6.6,12.79,100,unverified,2026-02-04T12:00:00Z,assumed,1.0.0,8fe049cee2dbb83c819c3ad1ab9e327e982b3408b6617f11599b4115d67eb141,0.9643805946895503
2026-02-04T12:00:00Z,2026-02-04T00:00:00Z,2026-02-06T10:00:00Z,turbine_1,46,6.0,7.87,11.75,13.15,257,6.0,11.75,100,unverified,2026-02-04T12:00:00Z,assumed,1.0.0,b3ad5c95580a49b2260b1ff6ab649242c717638b569451db5f2f6be5bcf54aee,0.9742671485097492
2026-02-04T12:00:00Z,2026-02-04T00:00:00Z,2026-02-06T10:00:00Z,turbine_2,46,6.0,7.87,11.75,13.15,257,6.0,11.75,100,unverified,2026-02-04T12:00:00Z,assumed,1.0.0,8fe049cee2dbb83c819c3ad1ab9e327e982b3408b6617f11599b4115d67eb141,0.9667556905198826
2026-02-04T12:00:00Z,2026-02-04T00:00:00Z,2026-02-06T11:00:00Z,turbine_1,47,4.8,7.01,10.94,13.09,258,4.8,10.94,100,unverified,2026-02-04T12:00:00Z,assumed,1.0.0,b3ad5c95580a49b2260b1ff6ab649242c717638b569451db5f2f6be5bcf54aee,0.9484748874361446
2026-02-04T12:00:00Z,2026-02-04T00:00:00Z,2026-02-06T11:00:00Z,turbine_2,47,4.8,7.01,10.94,13.09,258,4.8,10.94,100,unverified,2026-02-04T12:00:00Z,assumed,1.0.0,8fe049cee2dbb83c819c3ad1ab9e327e982b3408b6617f11599b4115d67eb141,0.9360106443493129
2026-02-04T12:00:00Z,2026-02-04T00:00:00Z,2026-02-06T12:00:00Z,turbine_1,48,3.2,6.89,11.12,13.56,259,3.2,11.12,100,unverified,2026-02-04T12:00:00Z,assumed,1.0.0,b3ad5c95580a49b2260b1ff6ab649242c717638b569451db5f2f6be5bcf54aee,0.9652695577320858
2026-02-04T12:00:00Z,2026-02-04T00:00:00Z,2026-02-06T12:00:00Z,turbine_2,48,3.2,6.89,11.12,13.56,259,3.2,11.12,100,unverified,2026-02-04T12:00:00Z,assumed,1.0.0,8fe049cee2dbb83c819c3ad1ab9e327e982b3408b6617f11599b4115d67eb141,0.9490927510499418
2026-02-05T12:00:00Z,2026-02-05T00:00:00Z,2026-02-05T13:00:00Z,turbine_1,1,0.5,3.25,6.89,8.78,75,0.5,6.89,100,unverified,2026-02-05T12:00:00Z,assumed,1.0.0,b3ad5c95580a49b2260b1ff6ab649242c717638b569451db5f2f6be5bcf54aee,0.3373914596426501
2026-02-05T12:00:00Z,2026-02-05T00:00:00Z,2026-02-05T13:00:00Z,turbine_2,1,0.5,3.25,6.89,8.78,75,0.5,6.89,100,unverified,2026-02-05T12:00:00Z,assumed,1.0.0,8fe049cee2dbb83c819c3ad1ab9e327e982b3408b6617f11599b4115d67eb141,0.3131129366044684
2026-02-05T12:00:00Z,2026-02-05T00:00:00Z,2026-02-05T14:00:00Z,turbine_1,2,-0.8,3.43,7.23,9.34,74,-0.8,7.23,100,unverified,2026-02-05T12:00:00Z,assumed,1.0.0,b3ad5c95580a49b2260b1ff6ab649242c717638b569451db5f2f6be5bcf54aee,0.386462735303701
2026-02-05T12:00:00Z,2026-02-05T00:00:00Z,2026-02-05T14:00:00Z,turbine_2,2,-0.8,3.43,7.23,9.34,74,-0.8,7.23,100,unverified,2026-02-05T12:00:00Z,assumed,1.0.0,8fe049cee2dbb83c819c3ad1ab9e327e982b3408b6617f11599b4115d67eb141,0.3588908640944873
2026-02-05T12:00:00Z,2026-02-05T00:00:00Z,2026-02-05T15:00:00Z,turbine_1,3,-1.1,3.27,7.01,8.9,70,-1.1,7.01,100,unverified,2026-02-05T12:00:00Z,assumed,1.0.0,b3ad5c95580a49b2260b1ff6ab649242c717638b569451db5f2f6be5bcf54aee,0.357146070242295
2026-02-05T12:00:00Z,2026-02-05T00:00:00Z,2026-02-05T15:00:00Z,turbine_2,3,-1.1,3.27,7.01,8.9,70,-1.1,7.01,100,unverified,2026-02-05T12:00:00Z,assumed,1.0.0,8fe049cee2dbb83c819c3ad1ab9e327e982b3408b6617f11599b4115d67eb141,0.33827373539509564
2026-02-05T12:00:00Z,2026-02-05T00:00:00Z,2026-02-05T16:00:00Z,turbine_1,4,-1.3,3.14,6.85,8.78,70,-1.3,6.85,100,unverified,2026-02-05T12:00:00Z,assumed,1.0.0,b3ad5c95580a49b2260b1ff6ab649242c717638b569451db5f2f6be5bcf54aee,0.3257675358746623
2026-02-05T12:00:00Z,2026-02-05T00:00:00Z,2026-02-05T16:00:00Z,turbine_2,4,-1.3,3.14,6.85,8.78,70,-1.3,6.85,100,unverified,2026-02-05T12:00:00Z,assumed,1.0.0,8fe049cee2dbb83c819c3ad1ab9e327e982b3408b6617f11599b4115d67eb141,0.3020305056620684
2026-02-05T12:00:00Z,2026-02-05T00:00:00Z,2026-02-05T17:00:00Z,turbine_1,5,-1.4,3.04,6.44,8.43,74,-1.4,6.44,100,unverified,2026-02-05T12:00:00Z,assumed,1.0.0,b3ad5c95580a49b2260b1ff6ab649242c717638b569451db5f2f6be5bcf54aee,0.2550938666130526
2026-02-05T12:00:00Z,2026-02-05T00:00:00Z,2026-02-05T17:00:00Z,turbine_2,5,-1.4,3.04,6.44,8.43,74,-1.4,6.44,100,unverified,2026-02-05T12:00:00Z,assumed,1.0.0,8fe049cee2dbb83c819c3ad1ab9e327e982b3408b6617f11599b4115d67eb141,0.23658605708186617
2026-02-05T12:00:00Z,2026-02-05T00:00:00Z,2026-02-05T18:00:00Z,turbine_1,6,-1.7,2.9,6.33,8.21,70,-1.7,6.33,100,unverified,2026-02-05T12:00:00Z,assumed,1.0.0,b3ad5c95580a49b2260b1ff6ab649242c717638b569451db5f2f6be5bcf54aee,0.23502614845520953
2026-02-05T12:00:00Z,2026-02-05T00:00:00Z,2026-02-05T18:00:00Z,turbine_2,6,-1.7,2.9,6.33,8.21,70,-1.7,6.33,100,unverified,2026-02-05T12:00:00Z,assumed,1.0.0,8fe049cee2dbb83c819c3ad1ab9e327e982b3408b6617f11599b4115d67eb141,0.21737673441924107
2026-02-05T12:00:00Z,2026-02-05T00:00:00Z,2026-02-05T19:00:00Z,turbine_1,7,-1.6,2.83,6.39,8.44,67,-1.6,6.39,100,unverified,2026-02-05T12:00:00Z,assumed,1.0.0,b3ad5c95580a49b2260b1ff6ab649242c717638b569451db5f2f6be5bcf54aee,0.24892980413991722
2026-02-05T12:00:00Z,2026-02-05T00:00:00Z,2026-02-05T19:00:00Z,turbine_2,7,-1.6,2.83,6.39,8.44,67,-1.6,6.39,100,unverified,2026-02-05T12:00:00Z,assumed,1.0.0,8fe049cee2dbb83c819c3ad1ab9e327e982b3408b6617f11599b4115d67eb141,0.2207331378521101
2026-02-05T12:00:00Z,2026-02-05T00:00:00Z,2026-02-05T20:00:00Z,turbine_1,8,-1.6,2.5,5.96,8.13,67,-1.6,5.96,100,unverified,2026-02-05T12:00:00Z,assumed,1.0.0,b3ad5c95580a49b2260b1ff6ab649242c717638b569451db5f2f6be5bcf54aee,0.18910886897812415
2026-02-05T12:00:00Z,2026-02-05T00:00:00Z,2026-02-05T20:00:00Z,turbine_2,8,-1.6,2.5,5.96,8.13,67,-1.6,5.96,100,unverified,2026-02-05T12:00:00Z,assumed,1.0.0,8fe049cee2dbb83c819c3ad1ab9e327e982b3408b6617f11599b4115d67eb141,0.17370710078993318
2026-02-05T12:00:00Z,2026-02-05T00:00:00Z,2026-02-05T21:00:00Z,turbine_1,9,-1.8,1.96,5.22,7.32,61,-1.8,5.22,100,unverified,2026-02-05T12:00:00Z,assumed,1.0.0,b3ad5c95580a49b2260b1ff6ab649242c717638b569451db5f2f6be5bcf54aee,0.11063750908017411
2026-02-05T12:00:00Z,2026-02-05T00:00:00Z,2026-02-05T21:00:00Z,turbine_2,9,-1.8,1.96,5.22,7.32,61,-1.8,5.22,100,unverified,2026-02-05T12:00:00Z,assumed,1.0.0,8fe049cee2dbb83c819c3ad1ab9e327e982b3408b6617f11599b4115d67eb141,0.09186737068730322
2026-02-05T12:00:00Z,2026-02-05T00:00:00Z,2026-02-05T22:00:00Z,turbine_1,10,-1.7,1.84,5.14,7.49,59,-1.7,5.14,100,unverified,2026-02-05T12:00:00Z,assumed,1.0.0,b3ad5c95580a49b2260b1ff6ab649242c717638b569451db5f2f6be5bcf54aee,0.0940859824141041
2026-02-05T12:00:00Z,2026-02-05T00:00:00Z,2026-02-05T22:00:00Z,turbine_2,10,-1.7,1.84,5.14,7.49,59,-1.7,5.14,100,unverified,2026-02-05T12:00:00Z,assumed,1.0.0,8fe049cee2dbb83c819c3ad1ab9e327e982b3408b6617f11599b4115d67eb141,0.07939196976871521
2026-02-05T12:00:00Z,2026-02-05T00:00:00Z,2026-02-05T23:00:00Z,turbine_1,11,-1.5,1.64,4.48,6.69,68,-1.5,4.48,100,unverified,2026-02-05T12:00:00Z,assumed,1.0.0,b3ad5c95580a49b2260b1ff6ab649242c717638b569451db5f2f6be5bcf54aee,0.04744140093409421
2026-02-05T12:00:00Z,2026-02-05T00:00:00Z,2026-02-05T23:00:00Z,turbine_2,11,-1.5,1.64,4.48,6.69,68,-1.5,4.48,100,unverified,2026-02-05T12:00:00Z,assumed,1.0.0,8fe049cee2dbb83c819c3ad1ab9e327e982b3408b6617f11599b4115d67eb141,0.04464633875929985
2026-02-05T12:00:00Z,2026-02-05T00:00:00Z,2026-02-06T00:00:00Z,turbine_1,12,-0.8,1.2,2.92,4.79,84,-0.8,2.92,100,unverified,2026-02-05T12:00:00Z,assumed,1.0.0,b3ad5c95580a49b2260b1ff6ab649242c717638b569451db5f2f6be5bcf54aee,0.012717930365736374
2026-02-05T12:00:00Z,2026-02-05T00:00:00Z,2026-02-06T00:00:00Z,turbine_2,12,-0.8,1.2,2.92,4.79,84,-0.8,2.92,100,unverified,2026-02-05T12:00:00Z,assumed,1.0.0,8fe049cee2dbb83c819c3ad1ab9e327e982b3408b6617f11599b4115d67eb141,0.009763939804647626
2026-02-05T12:00:00Z,2026-02-05T00:00:00Z,2026-02-06T01:00:00Z,turbine_1,13,0.2,1.48,2.02,1.62,171,0.2,2.02,100,unverified,2026-02-05T12:00:00Z,assumed,1.0.0,b3ad5c95580a49b2260b1ff6ab649242c717638b569451db5f2f6be5bcf54aee,0.01222728630275527
2026-02-05T12:00:00Z,2026-02-05T00:00:00Z,2026-02-06T01:00:00Z,turbine_2,13,0.2,1.48,2.02,1.62,171,0.2,2.02,100,unverified,2026-02-05T12:00:00Z,assumed,1.0.0,8fe049cee2dbb83c819c3ad1ab9e327e982b3408b6617f11599b4115d67eb141,0.011912344621570259
2026-02-05T12:00:00Z,2026-02-05T00:00:00Z,2026-02-06T02:00:00Z,turbine_1,14,1.3,2.65,6.09,7.87,258,1.3,6.09,100,unverified,2026-02-05T12:00:00Z,assumed,1.0.0,b3ad5c95580a49b2260b1ff6ab649242c717638b569451db5f2f6be5bcf54aee,0.22624933822675428
2026-02-05T12:00:00Z,2026-02-05T00:00:00Z,2026-02-06T02:00:00Z,turbine_2,14,1.3,2.65,6.09,7.87,258,1.3,6.09,100,unverified,2026-02-05T12:00:00Z,assumed,1.0.0,8fe049cee2dbb83c819c3ad1ab9e327e982b3408b6617f11599b4115d67eb141,0.2059941179532896
2026-02-05T12:00:00Z,2026-02-05T00:00:00Z,2026-02-06T03:00:00Z,turbine_1,15,1.6,3.94,7.29,10.0,259,1.6,7.29,100,unverified,2026-02-05T12:00:00Z,assumed,1.0.0,b3ad5c95580a49b2260b1ff6ab649242c717638b569451db5f2f6be5bcf54aee,0.4227650136818147
2026-02-05T12:00:00Z,2026-02-05T00:00:00Z,2026-02-06T03:00:00Z,turbine_2,15,1.6,3.94,7.29,10.0,259,1.6,7.29,100,unverified,2026-02-05T12:00:00Z,assumed,1.0.0,8fe049cee2dbb83c819c3ad1ab9e327e982b3408b6617f11599b4115d67eb141,0.387868477000954
2026-02-05T12:00:00Z,2026-02-05T00:00:00Z,2026-02-06T04:00:00Z,turbine_1,16,3.0,3.4,5.48,7.65,260,3.0,5.48,100,unverified,2026-02-05T12:00:00Z,assumed,1.0.0,b3ad5c95580a49b2260b1ff6ab649242c717638b569451db5f2f6be5bcf54aee,0.1428466524826539
2026-02-05T12:00:00Z,2026-02-05T00:00:00Z,2026-02-06T04:00:00Z,turbine_2,16,3.0,3.4,5.48,7.65,260,3.0,5.48,100,unverified,2026-02-05T12:00:00Z,assumed,1.0.0,8fe049cee2dbb83c819c3ad1ab9e327e982b3408b6617f11599b4115d67eb141,0.1269456817227437
2026-02-05T12:00:00Z,2026-02-05T00:00:00Z,2026-02-06T05:00:00Z,turbine_1,17,4.5,2.1,2.77,7.1,242,4.5,2.77,100,unverified,2026-02-05T12:00:00Z,assumed,1.0.0,b3ad5c95580a49b2260b1ff6ab649242c717638b569451db5f2f6be5bcf54aee,0.013922458847395791
2026-02-05T12:00:00Z,2026-02-05T00:00:00Z,2026-02-06T05:00:00Z,turbine_2,17,4.5,2.1,2.77,7.1,242,4.5,2.77,100,unverified,2026-02-05T12:00:00Z,assumed,1.0.0,8fe049cee2dbb83c819c3ad1ab9e327e982b3408b6617f11599b4115d67eb141,0.004830556545969755
2026-02-05T12:00:00Z,2026-02-05T00:00:00Z,2026-02-06T06:00:00Z,turbine_1,18,6.1,3.56,4.95,9.96,262,6.1,4.95,100,unverified,2026-02-05T12:00:00Z,assumed,1.0.0,b3ad5c95580a49b2260b1ff6ab649242c717638b569451db5f2f6be5bcf54aee,0.11296410240059185
2026-02-05T12:00:00Z,2026-02-05T00:00:00Z,2026-02-06T06:00:00Z,turbine_2,18,6.1,3.56,4.95,9.96,262,6.1,4.95,100,unverified,2026-02-05T12:00:00Z,assumed,1.0.0,8fe049cee2dbb83c819c3ad1ab9e327e982b3408b6617f11599b4115d67eb141,0.09454410188520934
2026-02-05T12:00:00Z,2026-02-05T00:00:00Z,2026-02-06T07:00:00Z,turbine_1,19,6.9,7.89,11.18,12.83,266,6.9,11.18,100,unverified,2026-02-05T12:00:00Z,assumed,1.0.0,b3ad5c95580a49b2260b1ff6ab649242c717638b569451db5f2f6be5bcf54aee,0.9608493835705475
2026-02-05T12:00:00Z,2026-02-05T00:00:00Z,2026-02-06T07:00:00Z,turbine_2,19,6.9,7.89,11.18,12.83,266,6.9,11.18,100,unverified,2026-02-05T12:00:00Z,assumed,1.0.0,8fe049cee2dbb83c819c3ad1ab9e327e982b3408b6617f11599b4115d67eb141,0.9520365995134134
2026-02-05T12:00:00Z,2026-02-05T00:00:00Z,2026-02-06T08:00:00Z,turbine_1,20,6.3,7.67,11.07,12.89,257,6.3,11.07,100,unverified,2026-02-05T12:00:00Z,assumed,1.0.0,b3ad5c95580a49b2260b1ff6ab649242c717638b569451db5f2f6be5bcf54aee,0.9517621525145451
2026-02-05T12:00:00Z,2026-02-05T00:00:00Z,2026-02-06T08:00:00Z,turbine_2,20,6.3,7.67,11.07,12.89,257,6.3,11.07,100,unverified,2026-02-05T12:00:00Z,assumed,1.0.0,8fe049cee2dbb83c819c3ad1ab9e327e982b3408b6617f11599b4115d67eb141,0.9148463877625735
2026-02-05T12:00:00Z,2026-02-05T00:00:00Z,2026-02-06T09:00:00Z,turbine_1,21,6.5,8.37,12.1,13.57,260,6.5,12.1,100,unverified,2026-02-05T12:00:00Z,assumed,1.0.0,b3ad5c95580a49b2260b1ff6ab649242c717638b569451db5f2f6be5bcf54aee,0.9601392895486048
2026-02-05T12:00:00Z,2026-02-05T00:00:00Z,2026-02-06T09:00:00Z,turbine_2,21,6.5,8.37,12.1,13.57,260,6.5,12.1,100,unverified,2026-02-05T12:00:00Z,assumed,1.0.0,8fe049cee2dbb83c819c3ad1ab9e327e982b3408b6617f11599b4115d67eb141,0.9503380679670892
2026-02-05T12:00:00Z,2026-02-05T00:00:00Z,2026-02-06T10:00:00Z,turbine_1,22,5.9,9.61,13.67,14.74,260,5.9,13.67,100,unverified,2026-02-05T12:00:00Z,assumed,1.0.0,b3ad5c95580a49b2260b1ff6ab649242c717638b569451db5f2f6be5bcf54aee,0.9698728192261352
2026-02-05T12:00:00Z,2026-02-05T00:00:00Z,2026-02-06T10:00:00Z,turbine_2,22,5.9,9.61,13.67,14.74,260,5.9,13.67,100,unverified,2026-02-05T12:00:00Z,assumed,1.0.0,8fe049cee2dbb83c819c3ad1ab9e327e982b3408b6617f11599b4115d67eb141,0.9726172264346391
2026-02-05T12:00:00Z,2026-02-05T00:00:00Z,2026-02-06T11:00:00Z,turbine_1,23,4.9,9.02,13.79,15.87,252,4.9,13.79,100,unverified,2026-02-05T12:00:00Z,assumed,1.0.0,b3ad5c95580a49b2260b1ff6ab649242c717638b569451db5f2f6be5bcf54aee,0.9576635274620209
2026-02-05T12:00:00Z,2026-02-05T00:00:00Z,2026-02-06T11:00:00Z,turbine_2,23,4.9,9.02,13.79,15.87,252,4.9,13.79,100,unverified,2026-02-05T12:00:00Z,assumed,1.0.0,8fe049cee2dbb83c819c3ad1ab9e327e982b3408b6617f11599b4115d67eb141,0.9746625514584853
2026-02-05T12:00:00Z,2026-02-05T00:00:00Z,2026-02-06T12:00:00Z,turbine_1,24,4.1,9.54,14.85,16.88,252,4.1,14.85,100,unverified,2026-02-05T12:00:00Z,assumed,1.0.0,b3ad5c95580a49b2260b1ff6ab649242c717638b569451db5f2f6be5bcf54aee,0.9795539462933041
2026-02-05T12:00:00Z,2026-02-05T00:00:00Z,2026-02-06T12:00:00Z,turbine_2,24,4.1,9.54,14.85,16.88,252,4.1,14.85,100,unverified,2026-02-05T12:00:00Z,assumed,1.0.0,8fe049cee2dbb83c819c3ad1ab9e327e982b3408b6617f11599b4115d67eb141,0.9694626933922749
2026-02-05T12:00:00Z,2026-02-05T00:00:00Z,2026-02-06T13:00:00Z,turbine_1,25,3.3,9.74,14.93,16.88,250,3.3,14.93,100,unverified,2026-02-05T12:00:00Z,assumed,1.0.0,b3ad5c95580a49b2260b1ff6ab649242c717638b569451db5f2f6be5bcf54aee,0.9910506976586742
2026-02-05T12:00:00Z,2026-02-05T00:00:00Z,2026-02-06T13:00:00Z,turbine_2,25,3.3,9.74,14.93,16.88,250,3.3,14.93,100,unverified,2026-02-05T12:00:00Z,assumed,1.0.0,8fe049cee2dbb83c819c3ad1ab9e327e982b3408b6617f11599b4115d67eb141,0.9668732804641751
2026-02-05T12:00:00Z,2026-02-05T00:00:00Z,2026-02-06T14:00:00Z,turbine_1,26,2.1,9.97,15.09,17.43,253,2.1,15.09,100,unverified,2026-02-05T12:00:00Z,assumed,1.0.0,b3ad5c95580a49b2260b1ff6ab649242c717638b569451db5f2f6be5bcf54aee,0.9822044197767696
2026-02-05T12:00:00Z,2026-02-05T00:00:00Z,2026-02-06T14:00:00Z,turbine_2,26,2.1,9.97,15.09,17.43,253,2.1,15.09,100,unverified,2026-02-05T12:00:00Z,assumed,1.0.0,8fe049cee2dbb83c819c3ad1ab9e327e982b3408b6617f11599b4115d67eb141,0.8044151472390919
2026-02-05T12:00:00Z,2026-02-05T00:00:00Z,2026-02-06T15:00:00Z,turbine_1,27,1.3,9.89,15.13,17.35,249,1.3,15.13,100,unverified,2026-02-05T12:00:00Z,assumed,1.0.0,b3ad5c95580a49b2260b1ff6ab649242c717638b569451db5f2f6be5bcf54aee,0.9807752236200244
2026-02-05T12:00:00Z,2026-02-05T00:00:00Z,2026-02-06T15:00:00Z,turbine_2,27,1.3,9.89,15.13,17.35,249,1.3,15.13,100,unverified,2026-02-05T12:00:00Z,assumed,1.0.0,8fe049cee2dbb83c819c3ad1ab9e327e982b3408b6617f11599b4115d67eb141,0.9317479971722105
2026-02-05T12:00:00Z,2026-02-05T00:00:00Z,2026-02-06T16:00:00Z,turbine_1,28,1.2,9.37,14.42,16.23,246,1.2,14.42,100,unverified,2026-02-05T12:00:00Z,assumed,1.0.0,b3ad5c95580a49b2260b1ff6ab649242c717638b569451db5f2f6be5bcf54aee,0.9861930127193397
2026-02-05T12:00:00Z,2026-02-05T00:00:00Z,2026-02-06T16:00:00Z,turbine_2,28,1.2,9.37,14.42,16.23,246,1.2,14.42,100,unverified,2026-02-05T12:00:00Z,assumed,1.0.0,8fe049cee2dbb83c819c3ad1ab9e327e982b3408b6617f11599b4115d67eb141,0.9520114485620832
2026-02-05T12:00:00Z,2026-02-05T00:00:00Z,2026-02-06T17:00:00Z,turbine_1,29,0.9,8.21,12.65,14.23,246,0.9,12.65,100,unverified,2026-02-05T12:00:00Z,assumed,1.0.0,b3ad5c95580a49b2260b1ff6ab649242c717638b569451db5f2f6be5bcf54aee,0.9839998980492197
2026-02-05T12:00:00Z,2026-02-05T00:00:00Z,2026-02-06T17:00:00Z,turbine_2,29,0.9,8.21,12.65,14.23,246,0.9,12.65,100,unverified,2026-02-05T12:00:00Z,assumed,1.0.0,8fe049cee2dbb83c819c3ad1ab9e327e982b3408b6617f11599b4115d67eb141,0.9722758250910274
2026-02-05T12:00:00Z,2026-02-05T00:00:00Z,2026-02-06T18:00:00Z,turbine_1,30,0.8,7.4,11.36,12.76,248,0.8,11.36,100,unverified,2026-02-05T12:00:00Z,assumed,1.0.0,b3ad5c95580a49b2260b1ff6ab649242c717638b569451db5f2f6be5bcf54aee,0.978125015841682
2026-02-05T12:00:00Z,2026-02-05T00:00:00Z,2026-02-06T18:00:00Z,turbine_2,30,0.8,7.4,11.36,12.76,248,0.8,11.36,100,unverified,2026-02-05T12:00:00Z,assumed,1.0.0,8fe049cee2dbb83c819c3ad1ab9e327e982b3408b6617f11599b4115d67eb141,0.9627034207366574
2026-02-05T12:00:00Z,2026-02-05T00:00:00Z,2026-02-06T19:00:00Z,turbine_1,31,0.6,5.69,8.86,9.88,245,0.6,8.86,100,unverified,2026-02-05T12:00:00Z,assumed,1.0.0,b3ad5c95580a49b2260b1ff6ab649242c717638b569451db5f2f6be5bcf54aee,0.6743499977300813
2026-02-05T12:00:00Z,2026-02-05T00:00:00Z,2026-02-06T19:00:00Z,turbine_2,31,0.6,5.69,8.86,9.88,245,0.6,8.86,100,unverified,2026-02-05T12:00:00Z,assumed,1.0.0,8fe049cee2dbb83c819c3ad1ab9e327e982b3408b6617f11599b4115d67eb141,0.6489464827700596
2026-02-05T12:00:00Z,2026-02-05T00:00:00Z,2026-02-06T20:00:00Z,turbine_1,32,0.5,4.78,7.79,9.22,246,0.5,7.79,100,unverified,2026-02-05T12:00:00Z,assumed,1.0.0,b3ad5c95580a49b2260b1ff6ab649242c717638b569451db5f2f6be5bcf54aee,0.49831364257831245
2026-02-05T12:00:00Z,2026-02-05T00:00:00Z,2026-02-06T20:00:00Z,turbine_2,32,0.5,4.78,7.79,9.22,246,0.5,7.79,100,unverified,2026-02-05T12:00:00Z,assumed,1.0.0,8fe049cee2dbb83c819c3ad1ab9e327e982b3408b6617f11599b4115d67eb141,0.4643706543660195
2026-02-05T12:00:00Z,2026-02-05T00:00:00Z,2026-02-06T21:00:00Z,turbine_1,33,-0.2,4.02,7.05,8.65,252,-0.2,7.05,100,unverified,2026-02-05T12:00:00Z,assumed,1.0.0,b3ad5c95580a49b2260b1ff6ab649242c717638b569451db5f2f6be5bcf54aee,0.36339976112827443
2026-02-05T12:00:00Z,2026-02-05T00:00:00Z,2026-02-06T21:00:00Z,turbine_2,33,-0.2,4.02,7.05,8.65,252,-0.2,7.05,100,unverified,2026-02-05T12:00:00Z,assumed,1.0.0,8fe049cee2dbb83c819c3ad1ab9e327e982b3408b6617f11599b4115d67eb141,0.3413110143220913
2026-02-05T12:00:00Z,2026-02-05T00:00:00Z,2026-02-06T22:00:00Z,turbine_1,34,-0.6,3.6,6.33,8.07,253,-0.6,6.33,100,unverified,2026-02-05T12:00:00Z,assumed,1.0.0,b3ad5c95580a49b2260b1ff6ab649242c717638b569451db5f2f6be5bcf54aee,0.24235636705199573
2026-02-05T12:00:00Z,2026-02-05T00:00:00Z,2026-02-06T22:00:00Z,turbine_2,34,-0.6,3.6,6.33,8.07,253,-0.6,6.33,100,unverified,2026-02-05T12:00:00Z,assumed,1.0.0,8fe049cee2dbb83c819c3ad1ab9e327e982b3408b6617f11599b4115d67eb141,0.22857128818773195
2026-02-05T12:00:00Z,2026-02-05T00:00:00Z,2026-02-06T23:00:00Z,turbine_1,35,-0.9,3.22,5.94,7.52,247,-0.9,5.94,100,unverified,2026-02-05T12:00:00Z,assumed,1.0.0,b3ad5c95580a49b2260b1ff6ab649242c717638b569451db5f2f6be5bcf54aee,0.1738664709262317
2026-02-05T12:00:00Z,2026-02-05T00:00:00Z,2026-02-06T23:00:00Z,turbine_2,35,-0.9,3.22,5.94,7.52,247,-0.9,5.94,100,unverified,2026-02-05T12:00:00Z,assumed,1.0.0,8fe049cee2dbb83c819c3ad1ab9e327e982b3408b6617f11599b4115d67eb141,0.16210733860902052
2026-02-05T12:00:00Z,2026-02-05T00:00:00Z,2026-02-07T00:00:00Z,turbine_1,36,-1.1,2.75,5.41,7.23,249,-1.1,5.41,100,unverified,2026-02-05T12:00:00Z,assumed,1.0.0,b3ad5c95580a49b2260b1ff6ab649242c717638b569451db5f2f6be5bcf54aee,0.11855937727942079
2026-02-05T12:00:00Z,2026-02-05T00:00:00Z,2026-02-07T00:00:00Z,turbine_2,36,-1.1,2.75,5.41,7.23,249,-1.1,5.41,100,unverified,2026-02-05T12:00:00Z,assumed,1.0.0,8fe049cee2dbb83c819c3ad1ab9e327e982b3408b6617f11599b4115d67eb141,0.11457338711117404
2026-02-05T12:00:00Z,2026-02-05T00:00:00Z,2026-02-07T01:00:00Z,turbine_1,37,-0.9,2.07,4.48,5.99,239,-0.9,4.48,100,unverified,2026-02-05T12:00:00Z,assumed,1.0.0,b3ad5c95580a49b2260b1ff6ab649242c717638b569451db5f2f6be5bcf54aee,0.049461991155373475
2026-02-05T12:00:00Z,2026-02-05T00:00:00Z,2026-02-07T01:00:00Z,turbine_2,37,-0.9,2.07,4.48,5.99,239,-0.9,4.48,100,unverified,2026-02-05T12:00:00Z,assumed,1.0.0,8fe049cee2dbb83c819c3ad1ab9e327e982b3408b6617f11599b4115d67eb141,0.049795320634096196
2026-02-05T12:00:00Z,2026-02-05T00:00:00Z,2026-02-07T02:00:00Z,turbine_1,38,-1.5,0.66,2.44,3.69,239,-1.5,2.44,100,unverified,2026-02-05T12:00:00Z,assumed,1.0.0,b3ad5c95580a49b2260b1ff6ab649242c717638b569451db5f2f6be5bcf54aee,0.009278175933299382
2026-02-05T12:00:00Z,2026-02-05T00:00:00Z,2026-02-07T02:00:00Z,turbine_2,38,-1.5,0.66,2.44,3.69,239,-1.5,2.44,100,unverified,2026-02-05T12:00:00Z,assumed,1.0.0,8fe049cee2dbb83c819c3ad1ab9e327e982b3408b6617f11599b4115d67eb141,0.009465817506884466
2026-02-05T12:00:00Z,2026-02-05T00:00:00Z,2026-02-07T03:00:00Z,turbine_1,39,-0.4,0.36,0.86,1.52,324,-0.4,0.86,100,unverified,2026-02-05T12:00:00Z,assumed,1.0.0,b3ad5c95580a49b2260b1ff6ab649242c717638b569451db5f2f6be5bcf54aee,0.007768126697162148
2026-02-05T12:00:00Z,2026-02-05T00:00:00Z,2026-02-07T03:00:00Z,turbine_2,39,-0.4,0.36,0.86,1.52,324,-0.4,0.86,100,unverified,2026-02-05T12:00:00Z,assumed,1.0.0,8fe049cee2dbb83c819c3ad1ab9e327e982b3408b6617f11599b4115d67eb141,0.010540783178964286
2026-02-05T12:00:00Z,2026-02-05T00:00:00Z,2026-02-07T04:00:00Z,turbine_1,40,0.6,1.61,1.97,2.28,336,0.6,1.97,100,unverified,2026-02-05T12:00:00Z,assumed,1.0.0,b3ad5c95580a49b2260b1ff6ab649242c717638b569451db5f2f6be5bcf54aee,0.011559223293507614
2026-02-05T12:00:00Z,2026-02-05T00:00:00Z,2026-02-07T04:00:00Z,turbine_2,40,0.6,1.61,1.97,2.28,336,0.6,1.97,100,unverified,2026-02-05T12:00:00Z,assumed,1.0.0,8fe049cee2dbb83c819c3ad1ab9e327e982b3408b6617f11599b4115d67eb141,0.01232386458449436
2026-02-05T12:00:00Z,2026-02-05T00:00:00Z,2026-02-07T05:00:00Z,turbine_1,41,2.0,1.69,1.95,1.93,347,2.0,1.95,100,unverified,2026-02-05T12:00:00Z,assumed,1.0.0,b3ad5c95580a49b2260b1ff6ab649242c717638b569451db5f2f6be5bcf54aee,0.012078478262769643
2026-02-05T12:00:00Z,2026-02-05T00:00:00Z,2026-02-07T05:00:00Z,turbine_2,41,2.0,1.69,1.95,1.93,347,2.0,1.95,100,unverified,2026-02-05T12:00:00Z,assumed,1.0.0,8fe049cee2dbb83c819c3ad1ab9e327e982b3408b6617f11599b4115d67eb141,0.011127008051420806
2026-02-05T12:00:00Z,2026-02-05T00:00:00Z,2026-02-07T06:00:00Z,turbine_1,42,3.2,2.26,2.57,2.56,37,3.2,2.57,100,unverified,2026-02-05T12:00:00Z,assumed,1.0.0,b3ad5c95580a49b2260b1ff6ab649242c717638b569451db5f2f6be5bcf54aee,0.013592842552657691
2026-02-05T12:00:00Z,2026-02-05T00:00:00Z,2026-02-07T06:00:00Z,turbine_2,42,3.2,2.26,2.57,2.56,37,3.2,2.57,100,unverified,2026-02-05T12:00:00Z,assumed,1.0.0,8fe049cee2dbb83c819c3ad1ab9e327e982b3408b6617f11599b4115d67eb141,0.01010103524773387
2026-02-05T12:00:00Z,2026-02-05T00:00:00Z,2026-02-07T07:00:00Z,turbine_1,43,3.3,3.36,4.12,4.09,50,3.3,4.12,100,unverified,2026-02-05T12:00:00Z,assumed,1.0.0,b3ad5c95580a49b2260b1ff6ab649242c717638b569451db5f2f6be5bcf54aee,0.05700564194398189
2026-02-05T12:00:00Z,2026-02-05T00:00:00Z,2026-02-07T07:00:00Z,turbine_2,43,3.3,3.36,4.12,4.09,50,3.3,4.12,100,unverified,2026-02-05T12:00:00Z,assumed,1.0.0,8fe049cee2dbb83c819c3ad1ab9e327e982b3408b6617f11599b4115d67eb141,0.05056818190313228
2026-02-05T12:00:00Z,2026-02-05T00:00:00Z,2026-02-07T08:00:00Z,turbine_1,44,4.1,3.74,4.72,4.76,56,4.1,4.72,100,unverified,2026-02-05T12:00:00Z,assumed,1.0.0,b3ad5c95580a49b2260b1ff6ab649242c717638b569451db5f2f6be5bcf54aee,0.0938157174521736
2026-02-05T12:00:00Z,2026-02-05T00:00:00Z,2026-02-07T08:00:00Z,turbine_2,44,4.1,3.74,4.72,4.76,56,4.1,4.72,100,unverified,2026-02-05T12:00:00Z,assumed,1.0.0,8fe049cee2dbb83c819c3ad1ab9e327e982b3408b6617f11599b4115d67eb141,0.08157674635003337
2026-02-05T12:00:00Z,2026-02-05T00:00:00Z,2026-02-07T09:00:00Z,turbine_1,45,3.8,3.97,5.04,5.13,58,3.8,5.04,100,unverified,2026-02-05T12:00:00Z,assumed,1.0.0,b3ad5c95580a49b2260b1ff6ab649242c717638b569451db5f2f6be5bcf54aee,0.11117776190500883
2026-02-05T12:00:00Z,2026-02-05T00:00:00Z,2026-02-07T09:00:00Z,turbine_2,45,3.8,3.97,5.04,5.13,58,3.8,5.04,100,unverified,2026-02-05T12:00:00Z,assumed,1.0.0,8fe049cee2dbb83c819c3ad1ab9e327e982b3408b6617f11599b4115d67eb141,0.0920390749147239
2026-02-05T12:00:00Z,2026-02-05T00:00:00Z,2026-02-07T10:00:00Z,turbine_1,46,3.1,3.68,4.73,4.88,51,3.1,4.73,100,unverified,2026-02-05T12:00:00Z,assumed,1.0.0,b3ad5c95580a49b2260b1ff6ab649242c717638b569451db5f2f6be5bcf54aee,0.09013879080772458
2026-02-05T12:00:00Z,2026-02-05T00:00:00Z,2026-02-07T10:00:00Z,turbine_2,46,3.1,3.68,4.73,4.88,51,3.1,4.73,100,unverified,2026-02-05T12:00:00Z,assumed,1.0.0,8fe049cee2dbb83c819c3ad1ab9e327e982b3408b6617f11599b4115d67eb141,0.07759441928219535
2026-02-05T12:00:00Z,2026-02-05T00:00:00Z,2026-02-07T11:00:00Z,turbine_1,47,1.9,3.31,4.65,5.1,40,1.9,4.65,100,unverified,2026-02-05T12:00:00Z,assumed,1.0.0,b3ad5c95580a49b2260b1ff6ab649242c717638b569451db5f2f6be5bcf54aee,0.0780328533852519
2026-02-05T12:00:00Z,2026-02-05T00:00:00Z,2026-02-07T11:00:00Z,turbine_2,47,1.9,3.31,4.65,5.1,40,1.9,4.65,100,unverified,2026-02-05T12:00:00Z,assumed,1.0.0,8fe049cee2dbb83c819c3ad1ab9e327e982b3408b6617f11599b4115d67eb141,0.07078220890962106
2026-02-05T12:00:00Z,2026-02-05T00:00:00Z,2026-02-07T12:00:00Z,turbine_1,48,0.0,1.38,3.61,4.21,59,0.0,3.61,100,unverified,2026-02-05T12:00:00Z,assumed,1.0.0,b3ad5c95580a49b2260b1ff6ab649242c717638b569451db5f2f6be5bcf54aee,0.028323691721192867
2026-02-05T12:00:00Z,2026-02-05T00:00:00Z,2026-02-07T12:00:00Z,turbine_2,48,0.0,1.38,3.61,4.21,59,0.0,3.61,100,unverified,2026-02-05T12:00:00Z,assumed,1.0.0,8fe049cee2dbb83c819c3ad1ab9e327e982b3408b6617f11599b4115d67eb141,0.024158761512583726
2026-02-06T12:00:00Z,2026-02-06T00:00:00Z,2026-02-06T13:00:00Z,turbine_1,1,2.0,8.64,13.23,15.56,261,2.0,13.23,100,unverified,2026-02-06T12:00:00Z,assumed,1.0.0,b3ad5c95580a49b2260b1ff6ab649242c717638b569451db5f2f6be5bcf54aee,0.9806331298260342
2026-02-06T12:00:00Z,2026-02-06T00:00:00Z,2026-02-06T13:00:00Z,turbine_2,1,2.0,8.64,13.23,15.56,261,2.0,13.23,100,unverified,2026-02-06T12:00:00Z,assumed,1.0.0,8fe049cee2dbb83c819c3ad1ab9e327e982b3408b6617f11599b4115d67eb141,0.9763443876023771
2026-02-06T12:00:00Z,2026-02-06T00:00:00Z,2026-02-06T14:00:00Z,turbine_1,2,0.8,7.73,12.2,14.86,265,0.8,12.2,100,unverified,2026-02-06T12:00:00Z,assumed,1.0.0,b3ad5c95580a49b2260b1ff6ab649242c717638b569451db5f2f6be5bcf54aee,0.9736006613607183
2026-02-06T12:00:00Z,2026-02-06T00:00:00Z,2026-02-06T14:00:00Z,turbine_2,2,0.8,7.73,12.2,14.86,265,0.8,12.2,100,unverified,2026-02-06T12:00:00Z,assumed,1.0.0,8fe049cee2dbb83c819c3ad1ab9e327e982b3408b6617f11599b4115d67eb141,0.9734030244492503
2026-02-06T12:00:00Z,2026-02-06T00:00:00Z,2026-02-06T15:00:00Z,turbine_1,3,0.5,6.77,10.79,13.08,259,0.5,10.79,100,unverified,2026-02-06T12:00:00Z,assumed,1.0.0,b3ad5c95580a49b2260b1ff6ab649242c717638b569451db5f2f6be5bcf54aee,0.9419679958508881
2026-02-06T12:00:00Z,2026-02-06T00:00:00Z,2026-02-06T15:00:00Z,turbine_2,3,0.5,6.77,10.79,13.08,259,0.5,10.79,100,unverified,2026-02-06T12:00:00Z,assumed,1.0.0,8fe049cee2dbb83c819c3ad1ab9e327e982b3408b6617f11599b4115d67eb141,0.9283726097456397
2026-02-06T12:00:00Z,2026-02-06T00:00:00Z,2026-02-06T16:00:00Z,turbine_1,4,0.6,6.73,10.81,13.41,257,0.6,10.81,100,unverified,2026-02-06T12:00:00Z,assumed,1.0.0,b3ad5c95580a49b2260b1ff6ab649242c717638b569451db5f2f6be5bcf54aee,0.9473633617927658
2026-02-06T12:00:00Z,2026-02-06T00:00:00Z,2026-02-06T16:00:00Z,turbine_2,4,0.6,6.73,10.81,13.41,257,0.6,10.81,100,unverified,2026-02-06T12:00:00Z,assumed,1.0.0,8fe049cee2dbb83c819c3ad1ab9e327e982b3408b6617f11599b4115d67eb141,0.9283437762612107
2026-02-06T12:00:00Z,2026-02-06T00:00:00Z,2026-02-06T17:00:00Z,turbine_1,5,0.7,6.45,10.29,12.29,258,0.7,10.29,100,unverified,2026-02-06T12:00:00Z,assumed,1.0.0,b3ad5c95580a49b2260b1ff6ab649242c717638b569451db5f2f6be5bcf54aee,0.8937265008856231
2026-02-06T12:00:00Z,2026-02-06T00:00:00Z,2026-02-06T17:00:00Z,turbine_2,5,0.7,6.45,10.29,12.29,258,0.7,10.29,100,unverified,2026-02-06T12:00:00Z,assumed,1.0.0,8fe049cee2dbb83c819c3ad1ab9e327e982b3408b6617f11599b4115d67eb141,0.8700472871501514
2026-02-06T12:00:00Z,2026-02-06T00:00:00Z,2026-02-06T18:00:00Z,turbine_1,6,0.0,5.02,8.26,9.91,256,0.0,8.26,100,unverified,2026-02-06T12:00:00Z,assumed,1.0.0,b3ad5c95580a49b2260b1ff6ab649242c717638b569451db5f2f6be5bcf54aee,0.5752053553372273
2026-02-06T12:00:00Z,2026-02-06T00:00:00Z,2026-02-06T18:00:00Z,turbine_2,6,0.0,5.02,8.26,9.91,256,0.0,8.26,100,unverified,2026-02-06T12:00:00Z,assumed,1.0.0,8fe049cee2dbb83c819c3ad1ab9e327e982b3408b6617f11599b4115d67eb141,0.5546398132317174
2026-02-06T12:00:00Z,2026-02-06T00:00:00Z,2026-02-06T19:00:00Z,turbine_1,7,-0.4,3.76,6.29,7.72,245,-0.4,6.29,100,unverified,2026-02-06T12:00:00Z,assumed,1.0.0,b3ad5c95580a49b2260b1ff6ab649242c717638b569451db5f2f6be5bcf54aee,0.23963899018838528
2026-02-06T12:00:00Z,2026-02-06T00:00:00Z,2026-02-06T19:00:00Z,turbine_2,7,-0.4,3.76,6.29,7.72,245,-0.4,6.29,100,unverified,2026-02-06T12:00:00Z,assumed,1.0.0,8fe049cee2dbb83c819c3ad1ab9e327e982b3408b6617f11599b4115d67eb141,0.22896704232747453
2026-02-06T12:00:00Z,2026-02-06T00:00:00Z,2026-02-06T20:00:00Z,turbine_1,8,-0.5,3.08,5.2,6.6,240,-0.5,5.2,100,unverified,2026-02-06T12:00:00Z,assumed,1.0.0,b3ad5c95580a49b2260b1ff6ab649242c717638b569451db5f2f6be5bcf54aee,0.10987616384392124
2026-02-06T12:00:00Z,2026-02-06T00:00:00Z,2026-02-06T20:00:00Z,turbine_2,8,-0.5,3.08,5.2,6.6,240,-0.5,5.2,100,unverified,2026-02-06T12:00:00Z,assumed,1.0.0,8fe049cee2dbb83c819c3ad1ab9e327e982b3408b6617f11599b4115d67eb141,0.10282033482859909
2026-02-06T12:00:00Z,2026-02-06T00:00:00Z,2026-02-06T21:00:00Z,turbine_1,9,-0.5,3.04,5.23,6.55,236,-0.5,5.23,100,unverified,2026-02-06T12:00:00Z,assumed,1.0.0,b3ad5c95580a49b2260b1ff6ab649242c717638b569451db5f2f6be5bcf54aee,0.11580271217673638
2026-02-06T12:00:00Z,2026-02-06T00:00:00Z,2026-02-06T21:00:00Z,turbine_2,9,-0.5,3.04,5.23,6.55,236,-0.5,5.23,100,unverified,2026-02-06T12:00:00Z,assumed,1.0.0,8fe049cee2dbb83c819c3ad1ab9e327e982b3408b6617f11599b4115d67eb141,0.10282033482859909
2026-02-06T12:00:00Z,2026-02-06T00:00:00Z,2026-02-06T22:00:00Z,turbine_1,10,-0.5,2.83,5.09,6.41,235,-0.5,5.09,100,unverified,2026-02-06T12:00:00Z,assumed,1.0.0,b3ad5c95580a49b2260b1ff6ab649242c717638b569451db5f2f6be5bcf54aee,0.09643452450135831
2026-02-06T12:00:00Z,2026-02-06T00:00:00Z,2026-02-06T22:00:00Z,turbine_2,10,-0.5,2.83,5.09,6.41,235,-0.5,5.09,100,unverified,2026-02-06T12:00:00Z,assumed,1.0.0,8fe049cee2dbb83c819c3ad1ab9e327e982b3408b6617f11599b4115d67eb141,0.0841982209573412
2026-02-06T12:00:00Z,2026-02-06T00:00:00Z,2026-02-06T23:00:00Z,turbine_1,11,-0.5,2.19,4.37,5.72,240,-0.5,4.37,100,unverified,2026-02-06T12:00:00Z,assumed,1.0.0,b3ad5c95580a49b2260b1ff6ab649242c717638b569451db5f2f6be5bcf54aee,0.051156863740425274
2026-02-06T12:00:00Z,2026-02-06T00:00:00Z,2026-02-06T23:00:00Z,turbine_2,11,-0.5,2.19,4.37,5.72,240,-0.5,4.37,100,unverified,2026-02-06T12:00:00Z,assumed,1.0.0,8fe049cee2dbb83c819c3ad1ab9e327e982b3408b6617f11599b4115d67eb141,0.0485764935903632
2026-02-06T12:00:00Z,2026-02-06T00:00:00Z,2026-02-07T00:00:00Z,turbine_1,12,-0.8,1.64,3.93,5.28,239,-0.8,3.93,100,unverified,2026-02-06T12:00:00Z,assumed,1.0.0,b3ad5c95580a49b2260b1ff6ab649242c717638b569451db5f2f6be5bcf54aee,0.041607394571077316
2026-02-06T12:00:00Z,2026-02-06T00:00:00Z,2026-02-07T00:00:00Z,turbine_2,12,-0.8,1.64,3.93,5.28,239,-0.8,3.93,100,unverified,2026-02-06T12:00:00Z,assumed,1.0.0,8fe049cee2dbb83c819c3ad1ab9e327e982b3408b6617f11599b4115d67eb141,0.031328850247791806
2026-02-06T12:00:00Z,2026-02-06T00:00:00Z,2026-02-07T01:00:00Z,turbine_1,13,-1.9,0.91,2.55,4.02,228,-1.9,2.55,100,unverified,2026-02-06T12:00:00Z,assumed,1.0.0,b3ad5c95580a49b2260b1ff6ab649242c717638b569451db5f2f6be5bcf54aee,0.008963143516058314
2026-02-06T12:00:00Z,2026-02-06T00:00:00Z,2026-02-07T01:00:00Z,turbine_2,13,-1.9,0.91,2.55,4.02,228,-1.9,2.55,100,unverified,2026-02-06T12:00:00Z,assumed,1.0.0,8fe049cee2dbb83c819c3ad1ab9e327e982b3408b6617f11599b4115d67eb141,0.007795232907248373
2026-02-06T12:00:00Z,2026-02-06T00:00:00Z,2026-02-07T02:00:00Z,turbine_1,14,-2.2,0.07,0.91,2.6,276,-2.2,0.91,100,unverified,2026-02-06T12:00:00Z,assumed,1.0.0,b3ad5c95580a49b2260b1ff6ab649242c717638b569451db5f2f6be5bcf54aee,0.00807503380030239
2026-02-06T12:00:00Z,2026-02-06T00:00:00Z,2026-02-07T02:00:00Z,turbine_2,14,-2.2,0.07,0.91,2.6,276,-2.2,0.91,100,unverified,2026-02-06T12:00:00Z,assumed,1.0.0,8fe049cee2dbb83c819c3ad1ab9e327e982b3408b6617f11599b4115d67eb141,0.00850802602769063
2026-02-06T12:00:00Z,2026-02-06T00:00:00Z,2026-02-07T03:00:00Z,turbine_1,15,-1.1,0.3,0.59,1.65,340,-1.1,0.59,100,unverified,2026-02-06T12:00:00Z,assumed,1.0.0,b3ad5c95580a49b2260b1ff6ab649242c717638b569451db5f2f6be5bcf54aee,0.007018974894781926
2026-02-06T12:00:00Z,2026-02-06T00:00:00Z,2026-02-07T03:00:00Z,turbine_2,15,-1.1,0.3,0.59,1.65,340,-1.1,0.59,100,unverified,2026-02-06T12:00:00Z,assumed,1.0.0,8fe049cee2dbb83c819c3ad1ab9e327e982b3408b6617f11599b4115d67eb141,0.009054021268048495
2026-02-06T12:00:00Z,2026-02-06T00:00:00Z,2026-02-07T04:00:00Z,turbine_1,16,0.5,1.31,1.34,0.61,45,0.5,1.34,100,unverified,2026-02-06T12:00:00Z,assumed,1.0.0,b3ad5c95580a49b2260b1ff6ab649242c717638b569451db5f2f6be5bcf54aee,0.008466582277348422
2026-02-06T12:00:00Z,2026-02-06T00:00:00Z,2026-02-07T04:00:00Z,turbine_2,16,0.5,1.31,1.34,0.61,45,0.5,1.34,100,unverified,2026-02-06T12:00:00Z,assumed,1.0.0,8fe049cee2dbb83c819c3ad1ab9e327e982b3408b6617f11599b4115d67eb141,0.00991605998929096
2026-02-06T12:00:00Z,2026-02-06T00:00:00Z,2026-02-07T05:00:00Z,turbine_1,17,1.7,2.73,3.24,3.04,52,1.7,3.24,100,unverified,2026-02-06T12:00:00Z,assumed,1.0.0,b3ad5c95580a49b2260b1ff6ab649242c717638b569451db5f2f6be5bcf54aee,0.022107067028195482
2026-02-06T12:00:00Z,2026-02-06T00:00:00Z,2026-02-07T05:00:00Z,turbine_2,17,1.7,2.73,3.24,3.04,52,1.7,3.24,100,unverified,2026-02-06T12:00:00Z,assumed,1.0.0,8fe049cee2dbb83c819c3ad1ab9e327e982b3408b6617f11599b4115d67eb141,0.01872540162642783
2026-02-06T12:00:00Z,2026-02-06T00:00:00Z,2026-02-07T06:00:00Z,turbine_1,18,2.2,4.21,5.31,5.38,52,2.2,5.31,100,unverified,2026-02-06T12:00:00Z,assumed,1.0.0,b3ad5c95580a49b2260b1ff6ab649242c717638b569451db5f2f6be5bcf54aee,0.1273808677690703
2026-02-06T12:00:00Z,2026-02-06T00:00:00Z,2026-02-07T06:00:00Z,turbine_2,18,2.2,4.21,5.31,5.38,52,2.2,5.31,100,unverified,2026-02-06T12:00:00Z,assumed,1.0.0,8fe049cee2dbb83c819c3ad1ab9e327e982b3408b6617f11599b4115d67eb141,0.1145415653565433
2026-02-06T12:00:00Z,2026-02-06T00:00:00Z,2026-02-07T07:00:00Z,turbine_1,19,3.3,4.74,5.99,6.17,57,3.3,5.99,100,unverified,2026-02-06T12:00:00Z,assumed,1.0.0,b3ad5c95580a49b2260b1ff6ab649242c717638b569451db5f2f6be5bcf54aee,0.21113508819624124
2026-02-06T12:00:00Z,2026-02-06T00:00:00Z,2026-02-07T07:00:00Z,turbine_2,19,3.3,4.74,5.99,6.17,57,3.3,5.99,100,unverified,2026-02-06T12:00:00Z,assumed,1.0.0,8fe049cee2dbb83c819c3ad1ab9e327e982b3408b6617f11599b4115d67eb141,0.19116029674508933
2026-02-06T12:00:00Z,2026-02-06T00:00:00Z,2026-02-07T08:00:00Z,turbine_1,20,3.0,4.63,5.88,6.03,52,3.0,5.88,100,unverified,2026-02-06T12:00:00Z,assumed,1.0.0,b3ad5c95580a49b2260b1ff6ab649242c717638b569451db5f2f6be5bcf54aee,0.1933511301152476
2026-02-06T12:00:00Z,2026-02-06T00:00:00Z,2026-02-07T08:00:00Z,turbine_2,20,3.0,4.63,5.88,6.03,52,3.0,5.88,100,unverified,2026-02-06T12:00:00Z,assumed,1.0.0,8fe049cee2dbb83c819c3ad1ab9e327e982b3408b6617f11599b4115d67eb141,0.17386193585455822
2026-02-06T12:00:00Z,2026-02-06T00:00:00Z,2026-02-07T09:00:00Z,turbine_1,21,2.8,4.1,5.1,5.13,49,2.8,5.1,100,unverified,2026-02-06T12:00:00Z,assumed,1.0.0,b3ad5c95580a49b2260b1ff6ab649242c717638b569451db5f2f6be5bcf54aee,0.10977485683536231
2026-02-06T12:00:00Z,2026-02-06T00:00:00Z,2026-02-07T09:00:00Z,turbine_2,21,2.8,4.1,5.1,5.13,49,2.8,5.1,100,unverified,2026-02-06T12:00:00Z,assumed,1.0.0,8fe049cee2dbb83c819c3ad1ab9e327e982b3408b6617f11599b4115d67eb141,0.09639139033323024
2026-02-06T12:00:00Z,2026-02-06T00:00:00Z,2026-02-07T10:00:00Z,turbine_1,22,2.2,3.34,4.19,4.21,40,2.2,4.19,100,unverified,2026-02-06T12:00:00Z,assumed,1.0.0,b3ad5c95580a49b2260b1ff6ab649242c717638b569451db5f2f6be5bcf54aee,0.05393350036665223
2026-02-06T12:00:00Z,2026-02-06T00:00:00Z,2026-02-07T10:00:00Z,turbine_2,22,2.2,3.34,4.19,4.21,40,2.2,4.19,100,unverified,2026-02-06T12:00:00Z,assumed,1.0.0,8fe049cee2dbb83c819c3ad1ab9e327e982b3408b6617f11599b4115d67eb141,0.046104687973350156
2026-02-06T12:00:00Z,2026-02-06T00:00:00Z,2026-02-07T11:00:00Z,turbine_1,23,1.3,2.25,2.94,3.04,42,1.3,2.94,100,unverified,2026-02-06T12:00:00Z,assumed,1.0.0,b3ad5c95580a49b2260b1ff6ab649242c717638b569451db5f2f6be5bcf54aee,0.01410832119259503
2026-02-06T12:00:00Z,2026-02-06T00:00:00Z,2026-02-07T11:00:00Z,turbine_2,23,1.3,2.25,2.94,3.04,42,1.3,2.94,100,unverified,2026-02-06T12:00:00Z,assumed,1.0.0,8fe049cee2dbb83c819c3ad1ab9e327e982b3408b6617f11599b4115d67eb141,0.012621651409289003
2026-02-06T12:00:00Z,2026-02-06T00:00:00Z,2026-02-07T12:00:00Z,turbine_1,24,-0.1,0.25,0.68,0.45,144,-0.1,0.68,100,unverified,2026-02-06T12:00:00Z,assumed,1.0.0,b3ad5c95580a49b2260b1ff6ab649242c717638b569451db5f2f6be5bcf54aee,0.007951637831222047
2026-02-06T12:00:00Z,2026-02-06T00:00:00Z,2026-02-07T12:00:00Z,turbine_2,24,-0.1,0.25,0.68,0.45,144,-0.1,0.68,100,unverified,2026-02-06T12:00:00Z,assumed,1.0.0,8fe049cee2dbb83c819c3ad1ab9e327e982b3408b6617f11599b4115d67eb141,0.010528130014435755
2026-02-06T12:00:00Z,2026-02-06T00:00:00Z,2026-02-07T13:00:00Z,turbine_1,25,0.1,2.17,4.07,4.67,249,0.1,4.07,100,unverified,2026-02-06T12:00:00Z,assumed,1.0.0,b3ad5c95580a49b2260b1ff6ab649242c717638b569451db5f2f6be5bcf54aee,0.04713419563005794
2026-02-06T12:00:00Z,2026-02-06T00:00:00Z,2026-02-07T13:00:00Z,turbine_2,25,0.1,2.17,4.07,4.67,249,0.1,4.07,100,unverified,2026-02-06T12:00:00Z,assumed,1.0.0,8fe049cee2dbb83c819c3ad1ab9e327e982b3408b6617f11599b4115d67eb141,0.04558477681846912
2026-02-06T12:00:00Z,2026-02-06T00:00:00Z,2026-02-07T14:00:00Z,turbine_1,26,0.0,3.76,6.43,8.18,255,0.0,6.43,100,unverified,2026-02-06T12:00:00Z,assumed,1.0.0,b3ad5c95580a49b2260b1ff6ab649242c717638b569451db5f2f6be5bcf54aee,0.2652972750557899
2026-02-06T12:00:00Z,2026-02-06T00:00:00Z,2026-02-07T14:00:00Z,turbine_2,26,0.0,3.76,6.43,8.18,255,0.0,6.43,100,unverified,2026-02-06T12:00:00Z,assumed,1.0.0,8fe049cee2dbb83c819c3ad1ab9e327e982b3408b6617f11599b4115d67eb141,0.2476187449934616
2026-02-06T12:00:00Z,2026-02-06T00:00:00Z,2026-02-07T15:00:00Z,turbine_1,27,-0.1,4.46,7.57,9.58,251,-0.1,7.57,100,unverified,2026-02-06T12:00:00Z,assumed,1.0.0,b3ad5c95580a49b2260b1ff6ab649242c717638b569451db5f2f6be5bcf54aee,0.45618092154846096
2026-02-06T12:00:00Z,2026-02-06T00:00:00Z,2026-02-07T15:00:00Z,turbine_2,27,-0.1,4.46,7.57,9.58,251,-0.1,7.57,100,unverified,2026-02-06T12:00:00Z,assumed,1.0.0,8fe049cee2dbb83c819c3ad1ab9e327e982b3408b6617f11599b4115d67eb141,0.4297288657673565
2026-02-06T12:00:00Z,2026-02-06T00:00:00Z,2026-02-07T16:00:00Z,turbine_1,28,-0.6,5.6,9.17,11.45,255,-0.6,9.17,100,unverified,2026-02-06T12:00:00Z,assumed,1.0.0,b3ad5c95580a49b2260b1ff6ab649242c717638b569451db5f2f6be5bcf54aee,0.7271907760362357
2026-02-06T12:00:00Z,2026-02-06T00:00:00Z,2026-02-07T16:00:00Z,turbine_2,28,-0.6,5.6,9.17,11.45,255,-0.6,9.17,100,unverified,2026-02-06T12:00:00Z,assumed,1.0.0,8fe049cee2dbb83c819c3ad1ab9e327e982b3408b6617f11599b4115d67eb141,0.6908278027753871
2026-02-06T12:00:00Z,2026-02-06T00:00:00Z,2026-02-07T17:00:00Z,turbine_1,29,-1.0,6.19,10.0,12.18,257,-1.0,10.0,100,unverified,2026-02-06T12:00:00Z,assumed,1.0.0,b3ad5c95580a49b2260b1ff6ab649242c717638b569451db5f2f6be5bcf54aee,0.8509060183757133
2026-02-06T12:00:00Z,2026-02-06T00:00:00Z,2026-02-07T17:00:00Z,turbine_2,29,-1.0,6.19,10.0,12.18,257,-1.0,10.0,100,unverified,2026-02-06T12:00:00Z,assumed,1.0.0,8fe049cee2dbb83c819c3ad1ab9e327e982b3408b6617f11599b4115d67eb141,0.8156985374246423
2026-02-06T12:00:00Z,2026-02-06T00:00:00Z,2026-02-07T18:00:00Z,turbine_1,30,-1.4,5.96,9.56,11.94,261,-1.4,9.56,100,unverified,2026-02-06T12:00:00Z,assumed,1.0.0,b3ad5c95580a49b2260b1ff6ab649242c717638b569451db5f2f6be5bcf54aee,0.7775085420404305
2026-02-06T12:00:00Z,2026-02-06T00:00:00Z,2026-02-07T18:00:00Z,turbine_2,30,-1.4,5.96,9.56,11.94,261,-1.4,9.56,100,unverified,2026-02-06T12:00:00Z,assumed,1.0.0,8fe049cee2dbb83c819c3ad1ab9e327e982b3408b6617f11599b4115d67eb141,0.737104592310894
2026-02-06T12:00:00Z,2026-02-06T00:00:00Z,2026-02-07T19:00:00Z,turbine_1,31,-1.9,5.82,9.61,11.87,260,-1.9,9.61,100,unverified,2026-02-06T12:00:00Z,assumed,1.0.0,b3ad5c95580a49b2260b1ff6ab649242c717638b569451db5f2f6be5bcf54aee,0.7892599654524652
2026-02-06T12:00:00Z,2026-02-06T00:00:00Z,2026-02-07T19:00:00Z,turbine_2,31,-1.9,5.82,9.61,11.87,260,-1.9,9.61,100,unverified,2026-02-06T12:00:00Z,assumed,1.0.0,8fe049cee2dbb83c819c3ad1ab9e327e982b3408b6617f11599b4115d67eb141,0.76026807607404
2026-02-06T12:00:00Z,2026-02-06T00:00:00Z,2026-02-07T20:00:00Z,turbine_1,32,-2.2,5.62,9.25,11.16,248,-2.2,9.25,100,unverified,2026-02-06T12:00:00Z,assumed,1.0.0,b3ad5c95580a49b2260b1ff6ab649242c717638b569451db5f2f6be5bcf54aee,0.7299022677616935
2026-02-06T12:00:00Z,2026-02-06T00:00:00Z,2026-02-07T20:00:00Z,turbine_2,32,-2.2,5.62,9.25,11.16,248,-2.2,9.25,100,unverified,2026-02-06T12:00:00Z,assumed,1.0.0,8fe049cee2dbb83c819c3ad1ab9e327e982b3408b6617f11599b4115d67eb141,0.6909046378579782
2026-02-06T12:00:00Z,2026-02-06T00:00:00Z,2026-02-07T21:00:00Z,turbine_1,33,-2.3,5.19,8.78,10.78,247,-2.3,8.78,100,unverified,2026-02-06T12:00:00Z,assumed,1.0.0,b3ad5c95580a49b2260b1ff6ab649242c717638b569451db5f2f6be5bcf54aee,0.6680969397554419
2026-02-06T12:00:00Z,2026-02-06T00:00:00Z,2026-02-07T21:00:00Z,turbine_2,33,-2.3,5.19,8.78,10.78,247,-2.3,8.78,100,unverified,2026-02-06T12:00:00Z,assumed,1.0.0,8fe049cee2dbb83c819c3ad1ab9e327e982b3408b6617f11599b4115d67eb141,0.6259915195507355
2026-02-06T12:00:00Z,2026-02-06T00:00:00Z,2026-02-07T22:00:00Z,turbine_1,34,-2.1,4.96,8.37,10.09,241,-2.1,8.37,100,unverified,2026-02-06T12:00:00Z,assumed,1.0.0,b3ad5c95580a49b2260b1ff6ab649242c717638b569451db5f2f6be5bcf54aee,0.5820164291371832
2026-02-06T12:00:00Z,2026-02-06T00:00:00Z,2026-02-07T22:00:00Z,turbine_2,34,-2.1,4.96,8.37,10.09,241,-2.1,8.37,100,unverified,2026-02-06T12:00:00Z,assumed,1.0.0,8fe049cee2dbb83c819c3ad1ab9e327e982b3408b6617f11599b4115d67eb141,0.5581999133603809
2026-02-06T12:00:00Z,2026-02-06T00:00:00Z,2026-02-07T23:00:00Z,turbine_1,35,-1.6,4.62,7.96,9.28,236,-1.6,7.96,100,unverified,2026-02-06T12:00:00Z,assumed,1.0.0,b3ad5c95580a49b2260b1ff6ab649242c717638b569451db5f2f6be5bcf54aee,0.5077666710032362
2026-02-06T12:00:00Z,2026-02-06T00:00:00Z,2026-02-07T23:00:00Z,turbine_2,35,-1.6,4.62,7.96,9.28,236,-1.6,7.96,100,unverified,2026-02-06T12:00:00Z,assumed,1.0.0,8fe049cee2dbb83c819c3ad1ab9e327e982b3408b6617f11599b4115d67eb141,0.4807263465130872
2026-02-06T12:00:00Z,2026-02-06T00:00:00Z,2026-02-08T00:00:00Z,turbine_1,36,-1.2,4.28,7.29,8.86,237,-1.2,7.29,100,unverified,2026-02-06T12:00:00Z,assumed,1.0.0,b3ad5c95580a49b2260b1ff6ab649242c717638b569451db5f2f6be5bcf54aee,0.4100752035846938
2026-02-06T12:00:00Z,2026-02-06T00:00:00Z,2026-02-08T00:00:00Z,turbine_2,36,-1.2,4.28,7.29,8.86,237,-1.2,7.29,100,unverified,2026-02-06T12:00:00Z,assumed,1.0.0,8fe049cee2dbb83c819c3ad1ab9e327e982b3408b6617f11599b4115d67eb141,0.38156105160090303
2026-02-06T12:00:00Z,2026-02-06T00:00:00Z,2026-02-08T01:00:00Z,turbine_1,37,-1.0,3.96,6.88,8.5,236,-1.0,6.88,100,unverified,2026-02-06T12:00:00Z,assumed,1.0.0,b3ad5c95580a49b2260b1ff6ab649242c717638b569451db5f2f6be5bcf54aee,0.32921399589423433
2026-02-06T12:00:00Z,2026-02-06T00:00:00Z,2026-02-08T01:00:00Z,turbine_2,37,-1.0,3.96,6.88,8.5,236,-1.0,6.88,100,unverified,2026-02-06T12:00:00Z,assumed,1.0.0,8fe049cee2dbb83c819c3ad1ab9e327e982b3408b6617f11599b4115d67eb141,0.3063160200602377
2026-02-06T12:00:00Z,2026-02-06T00:00:00Z,2026-02-08T02:00:00Z,turbine_1,38,-1.0,3.48,6.31,7.95,246,-1.0,6.31,100,unverified,2026-02-06T12:00:00Z,assumed,1.0.0,b3ad5c95580a49b2260b1ff6ab649242c717638b569451db5f2f6be5bcf54aee,0.23683580864562054
2026-02-06T12:00:00Z,2026-02-06T00:00:00Z,2026-02-08T02:00:00Z,turbine_2,38,-1.0,3.48,6.31,7.95,246,-1.0,6.31,100,unverified,2026-02-06T12:00:00Z,assumed,1.0.0,8fe049cee2dbb83c819c3ad1ab9e327e982b3408b6617f11599b4115d67eb141,0.22511872134386038
2026-02-06T12:00:00Z,2026-02-06T00:00:00Z,2026-02-08T03:00:00Z,turbine_1,39,-0.7,3.33,5.89,7.36,240,-0.7,5.89,100,unverified,2026-02-06T12:00:00Z,assumed,1.0.0,b3ad5c95580a49b2260b1ff6ab649242c717638b569451db5f2f6be5bcf54aee,0.17654285875547676
2026-02-06T12:00:00Z,2026-02-06T00:00:00Z,2026-02-08T03:00:00Z,turbine_2,39,-0.7,3.33,5.89,7.36,240,-0.7,5.89,100,unverified,2026-02-06T12:00:00Z,assumed,1.0.0,8fe049cee2dbb83c819c3ad1ab9e327e982b3408b6617f11599b4115d67eb141,0.16415306814018804
2026-02-06T12:00:00Z,2026-02-06T00:00:00Z,2026-02-08T04:00:00Z,turbine_1,40,-0.2,3.01,4.9,6.0,219,-0.2,4.9,100,unverified,2026-02-06T12:00:00Z,assumed,1.0.0,b3ad5c95580a49b2260b1ff6ab649242c717638b569451db5f2f6be5bcf54aee,0.09023462159041301
2026-02-06T12:00:00Z,2026-02-06T00:00:00Z,2026-02-08T04:00:00Z,turbine_2,40,-0.2,3.01,4.9,6.0,219,-0.2,4.9,100,unverified,2026-02-06T12:00:00Z,assumed,1.0.0,8fe049cee2dbb83c819c3ad1ab9e327e982b3408b6617f11599b4115d67eb141,0.07526771898463802
2026-02-06T12:00:00Z,2026-02-06T00:00:00Z,2026-02-08T05:00:00Z,turbine_1,41,1.1,1.91,3.5,3.58,226,1.1,3.5,100,unverified,2026-02-06T12:00:00Z,assumed,1.0.0,b3ad5c95580a49b2260b1ff6ab649242c717638b569451db5f2f6be5bcf54aee,0.027480238681231284
2026-02-06T12:00:00Z,2026-02-06T00:00:00Z,2026-02-08T05:00:00Z,turbine_2,41,1.1,1.91,3.5,3.58,226,1.1,3.5,100,unverified,2026-02-06T12:00:00Z,assumed,1.0.0,8fe049cee2dbb83c819c3ad1ab9e327e982b3408b6617f11599b4115d67eb141,0.02119670916885147
2026-02-06T12:00:00Z,2026-02-06T00:00:00Z,2026-02-08T06:00:00Z,turbine_1,42,1.9,1.15,2.33,2.38,245,1.9,2.33,100,unverified,2026-02-06T12:00:00Z,assumed,1.0.0,b3ad5c95580a49b2260b1ff6ab649242c717638b569451db5f2f6be5bcf54aee,0.012784704715711914
2026-02-06T12:00:00Z,2026-02-06T00:00:00Z,2026-02-08T06:00:00Z,turbine_2,42,1.9,1.15,2.33,2.38,245,1.9,2.33,100,unverified,2026-02-06T12:00:00Z,assumed,1.0.0,8fe049cee2dbb83c819c3ad1ab9e327e982b3408b6617f11599b4115d67eb141,0.010589520214146386
2026-02-06T12:00:00Z,2026-02-06T00:00:00Z,2026-02-08T07:00:00Z,turbine_1,43,2.5,0.67,1.25,1.07,270,2.5,1.25,100,unverified,2026-02-06T12:00:00Z,assumed,1.0.0,b3ad5c95580a49b2260b1ff6ab649242c717638b569451db5f2f6be5bcf54aee,0.010947615181120529
2026-02-06T12:00:00Z,2026-02-06T00:00:00Z,2026-02-08T07:00:00Z,turbine_2,43,2.5,0.67,1.25,1.07,270,2.5,1.25,100,unverified,2026-02-06T12:00:00Z,assumed,1.0.0,8fe049cee2dbb83c819c3ad1ab9e327e982b3408b6617f11599b4115d67eb141,0.008774528664069747
2026-02-06T12:00:00Z,2026-02-06T00:00:00Z,2026-02-08T08:00:00Z,turbine_1,44,2.9,0.69,1.21,1.28,38,2.9,1.21,100,unverified,2026-02-06T12:00:00Z,assumed,1.0.0,b3ad5c95580a49b2260b1ff6ab649242c717638b569451db5f2f6be5bcf54aee,0.010618956995388895
2026-02-06T12:00:00Z,2026-02-06T00:00:00Z,2026-02-08T08:00:00Z,turbine_2,44,2.9,0.69,1.21,1.28,38,2.9,1.21,100,unverified,2026-02-06T12:00:00Z,assumed,1.0.0,8fe049cee2dbb83c819c3ad1ab9e327e982b3408b6617f11599b4115d67eb141,0.014408169312692065
2026-02-06T12:00:00Z,2026-02-06T00:00:00Z,2026-02-08T09:00:00Z,turbine_1,45,2.7,2.05,3.72,3.87,59,2.7,3.72,100,unverified,2026-02-06T12:00:00Z,assumed,1.0.0,b3ad5c95580a49b2260b1ff6ab649242c717638b569451db5f2f6be5bcf54aee,0.039353300919571066
2026-02-06T12:00:00Z,2026-02-06T00:00:00Z,2026-02-08T09:00:00Z,turbine_2,45,2.7,2.05,3.72,3.87,59,2.7,3.72,100,unverified,2026-02-06T12:00:00Z,assumed,1.0.0,8fe049cee2dbb83c819c3ad1ab9e327e982b3408b6617f11599b4115d67eb141,0.028978126145586536
2026-02-06T12:00:00Z,2026-02-06T00:00:00Z,2026-02-08T10:00:00Z,turbine_1,46,3.2,3.36,6.08,6.72,63,3.2,6.08,100,unverified,2026-02-06T12:00:00Z,assumed,1.0.0,b3ad5c95580a49b2260b1ff6ab649242c717638b569451db5f2f6be5bcf54aee,0.23425706874079935
2026-02-06T12:00:00Z,2026-02-06T00:00:00Z,2026-02-08T10:00:00Z,turbine_2,46,3.2,3.36,6.08,6.72,63,3.2,6.08,100,unverified,2026-02-06T12:00:00Z,assumed,1.0.0,8fe049cee2dbb83c819c3ad1ab9e327e982b3408b6617f11599b4115d67eb141,0.2129816949254222
2026-02-06T12:00:00Z,2026-02-06T00:00:00Z,2026-02-08T11:00:00Z,turbine_1,47,2.0,4.92,9.02,10.15,65,2.0,9.02,100,unverified,2026-02-06T12:00:00Z,assumed,1.0.0,b3ad5c95580a49b2260b1ff6ab649242c717638b569451db5f2f6be5bcf54aee,0.7128050816897296
2026-02-06T12:00:00Z,2026-02-06T00:00:00Z,2026-02-08T11:00:00Z,turbine_2,47,2.0,4.92,9.02,10.15,65,2.0,9.02,100,unverified,2026-02-06T12:00:00Z,assumed,1.0.0,8fe049cee2dbb83c819c3ad1ab9e327e982b3408b6617f11599b4115d67eb141,0.6695260547795256
2026-02-06T12:00:00Z,2026-02-06T00:00:00Z,2026-02-08T12:00:00Z,turbine_1,48,-0.1,6.38,11.26,12.73,70,-0.1,11.26,100,unverified,2026-02-06T12:00:00Z,assumed,1.0.0,b3ad5c95580a49b2260b1ff6ab649242c717638b569451db5f2f6be5bcf54aee,0.9696669271998899
2026-02-06T12:00:00Z,2026-02-06T00:00:00Z,2026-02-08T12:00:00Z,turbine_2,48,-0.1,6.38,11.26,12.73,70,-0.1,11.26,100,unverified,2026-02-06T12:00:00Z,assumed,1.0.0,8fe049cee2dbb83c819c3ad1ab9e327e982b3408b6617f11599b4115d67eb141,0.9604202853193596
2026-02-07T12:00:00Z,2026-02-07T00:00:00Z,2026-02-07T13:00:00Z,turbine_1,1,0.5,3.5,6.26,7.29,257,0.5,6.26,100,unverified,2026-02-07T12:00:00Z,assumed,1.0.0,b3ad5c95580a49b2260b1ff6ab649242c717638b569451db5f2f6be5bcf54aee,0.242004870826257
2026-02-07T12:00:00Z,2026-02-07T00:00:00Z,2026-02-07T13:00:00Z,turbine_2,1,0.5,3.5,6.26,7.29,257,0.5,6.26,100,unverified,2026-02-07T12:00:00Z,assumed,1.0.0,8fe049cee2dbb83c819c3ad1ab9e327e982b3408b6617f11599b4115d67eb141,0.22467386186055655
2026-02-07T12:00:00Z,2026-02-07T00:00:00Z,2026-02-07T14:00:00Z,turbine_1,2,0.3,4.01,6.83,8.28,241,0.3,6.83,100,unverified,2026-02-07T12:00:00Z,assumed,1.0.0,b3ad5c95580a49b2260b1ff6ab649242c717638b569451db5f2f6be5bcf54aee,0.3344301028177061
2026-02-07T12:00:00Z,2026-02-07T00:00:00Z,2026-02-07T14:00:00Z,turbine_2,2,0.3,4.01,6.83,8.28,241,0.3,6.83,100,unverified,2026-02-07T12:00:00Z,assumed,1.0.0,8fe049cee2dbb83c819c3ad1ab9e327e982b3408b6617f11599b4115d67eb141,0.30697296281576075
2026-02-07T12:00:00Z,2026-02-07T00:00:00Z,2026-02-07T15:00:00Z,turbine_1,3,0.1,4.21,7.45,9.46,246,0.1,7.45,100,unverified,2026-02-07T12:00:00Z,assumed,1.0.0,b3ad5c95580a49b2260b1ff6ab649242c717638b569451db5f2f6be5bcf54aee,0.4365786581482039
2026-02-07T12:00:00Z,2026-02-07T00:00:00Z,2026-02-07T15:00:00Z,turbine_2,3,0.1,4.21,7.45,9.46,246,0.1,7.45,100,unverified,2026-02-07T12:00:00Z,assumed,1.0.0,8fe049cee2dbb83c819c3ad1ab9e327e982b3408b6617f11599b4115d67eb141,0.40885237702381483
2026-02-07T12:00:00Z,2026-02-07T00:00:00Z,2026-02-07T16:00:00Z,turbine_1,4,-0.2,5.63,9.27,11.39,258,-0.2,9.27,100,unverified,2026-02-07T12:00:00Z,assumed,1.0.0,b3ad5c95580a49b2260b1ff6ab649242c717638b569451db5f2f6be5bcf54aee,0.7350859770374016
2026-02-07T12:00:00Z,2026-02-07T00:00:00Z,2026-02-07T16:00:00Z,turbine_2,4,-0.2,5.63,9.27,11.39,258,-0.2,9.27,100,unverified,2026-02-07T12:00:00Z,assumed,1.0.0,8fe049cee2dbb83c819c3ad1ab9e327e982b3408b6617f11599b4115d67eb141,0.6962249756157667
2026-02-07T12:00:00Z,2026-02-07T00:00:00Z,2026-02-07T17:00:00Z,turbine_1,5,-0.5,6.26,10.04,12.33,257,-0.5,10.04,100,unverified,2026-02-07T12:00:00Z,assumed,1.0.0,b3ad5c95580a49b2260b1ff6ab649242c717638b569451db5f2f6be5bcf54aee,0.8569902273820729
2026-02-07T12:00:00Z,2026-02-07T00:00:00Z,2026-02-07T17:00:00Z,turbine_2,5,-0.5,6.26,10.04,12.33,257,-0.5,10.04,100,unverified,2026-02-07T12:00:00Z,assumed,1.0.0,8fe049cee2dbb83c819c3ad1ab9e327e982b3408b6617f11599b4115d67eb141,0.8194554729618535
2026-02-07T12:00:00Z,2026-02-07T00:00:00Z,2026-02-07T18:00:00Z,turbine_1,6,-1.0,6.71,10.61,12.94,262,-1.0,10.61,100,unverified,2026-02-07T12:00:00Z,assumed,1.0.0,b3ad5c95580a49b2260b1ff6ab649242c717638b569451db5f2f6be5bcf54aee,0.9260787299228393
2026-02-07T12:00:00Z,2026-02-07T00:00:00Z,2026-02-07T18:00:00Z,turbine_2,6,-1.0,6.71,10.61,12.94,262,-1.0,10.61,100,unverified,2026-02-07T12:00:00Z,assumed,1.0.0,8fe049cee2dbb83c819c3ad1ab9e327e982b3408b6617f11599b4115d67eb141,0.9011916893128761
2026-02-07T12:00:00Z,2026-02-07T00:00:00Z,2026-02-07T19:00:00Z,turbine_1,7,-1.5,6.62,10.84,13.28,256,-1.5,10.84,100,unverified,2026-02-07T12:00:00Z,assumed,1.0.0,b3ad5c95580a49b2260b1ff6ab649242c717638b569451db5f2f6be5bcf54aee,0.9451738256820805
2026-02-07T12:00:00Z,2026-02-07T00:00:00Z,2026-02-07T19:00:00Z,turbine_2,7,-1.5,6.62,10.84,13.28,256,-1.5,10.84,100,unverified,2026-02-07T12:00:00Z,assumed,1.0.0,8fe049cee2dbb83c819c3ad1ab9e327e982b3408b6617f11599b4115d67eb141,0.9303451035426168
2026-02-07T12:00:00Z,2026-02-07T00:00:00Z,2026-02-07T20:00:00Z,turbine_1,8,-1.7,6.48,10.82,12.96,251,-1.7,10.82,100,unverified,2026-02-07T12:00:00Z,assumed,1.0.0,b3ad5c95580a49b2260b1ff6ab649242c717638b569451db5f2f6be5bcf54aee,0.945027541965734
2026-02-07T12:00:00Z,2026-02-07T00:00:00Z,2026-02-07T20:00:00Z,turbine_2,8,-1.7,6.48,10.82,12.96,251,-1.7,10.82,100,unverified,2026-02-07T12:00:00Z,assumed,1.0.0,8fe049cee2dbb83c819c3ad1ab9e327e982b3408b6617f11599b4115d67eb141,0.9304363484734705
2026-02-07T12:00:00Z,2026-02-07T00:00:00Z,2026-02-07T21:00:00Z,turbine_1,9,-1.8,6.24,10.03,12.05,250,-1.8,10.03,100,unverified,2026-02-07T12:00:00Z,assumed,1.0.0,b3ad5c95580a49b2260b1ff6ab649242c717638b569451db5f2f6be5bcf54aee,0.8523273322438583
2026-02-07T12:00:00Z,2026-02-07T00:00:00Z,2026-02-07T21:00:00Z,turbine_2,9,-1.8,6.24,10.03,12.05,250,-1.8,10.03,100,unverified,2026-02-07T12:00:00Z,assumed,1.0.0,8fe049cee2dbb83c819c3ad1ab9e327e982b3408b6617f11599b4115d67eb141,0.8141616140003176
2026-02-07T12:00:00Z,2026-02-07T00:00:00Z,2026-02-07T22:00:00Z,turbine_1,10,-1.9,5.29,8.77,10.6,243,-1.9,8.77,100,unverified,2026-02-07T12:00:00Z,assumed,1.0.0,b3ad5c95580a49b2260b1ff6ab649242c717638b569451db5f2f6be5bcf54aee,0.668112960801327
2026-02-07T12:00:00Z,2026-02-07T00:00:00Z,2026-02-07T22:00:00Z,turbine_2,10,-1.9,5.29,8.77,10.6,243,-1.9,8.77,100,unverified,2026-02-07T12:00:00Z,assumed,1.0.0,8fe049cee2dbb83c819c3ad1ab9e327e982b3408b6617f11599b4115d67eb141,0.6271303816117695
2026-02-07T12:00:00Z,2026-02-07T00:00:00Z,2026-02-07T23:00:00Z,turbine_1,11,-1.7,4.9,8.53,9.89,233,-1.7,8.53,100,unverified,2026-02-07T12:00:00Z,assumed,1.0.0,b3ad5c95580a49b2260b1ff6ab649242c717638b569451db5f2f6be5bcf54aee,0.6162347396936307
2026-02-07T12:00:00Z,2026-02-07T00:00:00Z,2026-02-07T23:00:00Z,turbine_2,11,-1.7,4.9,8.53,9.89,233,-1.7,8.53,100,unverified,2026-02-07T12:00:00Z,assumed,1.0.0,8fe049cee2dbb83c819c3ad1ab9e327e982b3408b6617f11599b4115d67eb141,0.5853207122144135
2026-02-07T12:00:00Z,2026-02-07T00:00:00Z,2026-02-08T00:00:00Z,turbine_1,12,-1.3,4.65,7.97,9.44,228,-1.3,7.97,100,unverified,2026-02-07T12:00:00Z,assumed,1.0.0,b3ad5c95580a49b2260b1ff6ab649242c717638b569451db5f2f6be5bcf54aee,0.5096598690258688
2026-02-07T12:00:00Z,2026-02-07T00:00:00Z,2026-02-08T00:00:00Z,turbine_2,12,-1.3,4.65,7.97,9.44,228,-1.3,7.97,100,unverified,2026-02-07T12:00:00Z,assumed,1.0.0,8fe049cee2dbb83c819c3ad1ab9e327e982b3408b6617f11599b4115d67eb141,0.4774376403697417
2026-02-07T12:00:00Z,2026-02-07T00:00:00Z,2026-02-08T01:00:00Z,turbine_1,13,-1.0,4.39,7.62,9.15,234,-1.0,7.62,100,unverified,2026-02-07T12:00:00Z,assumed,1.0.0,b3ad5c95580a49b2260b1ff6ab649242c717638b569451db5f2f6be5bcf54aee,0.4692692034991049
2026-02-07T12:00:00Z,2026-02-07T00:00:00Z,2026-02-08T01:00:00Z,turbine_2,13,-1.0,4.39,7.62,9.15,234,-1.0,7.62,100,unverified,2026-02-07T12:00:00Z,assumed,1.0.0,8fe049cee2dbb83c819c3ad1ab9e327e982b3408b6617f11599b4115d67eb141,0.4385924209582524
2026-02-07T12:00:00Z,2026-02-07T00:00:00Z,2026-02-08T02:00:00Z,turbine_1,14,-1.1,3.58,6.74,8.12,233,-1.1,6.74,100,unverified,2026-02-07T12:00:00Z,assumed,1.0.0,b3ad5c95580a49b2260b1ff6ab649242c717638b569451db5f2f6be5bcf54aee,0.3000401375801506
2026-02-07T12:00:00Z,2026-02-07T00:00:00Z,2026-02-08T02:00:00Z,turbine_2,14,-1.1,3.58,6.74,8.12,233,-1.1,6.74,100,unverified,2026-02-07T12:00:00Z,assumed,1.0.0,8fe049cee2dbb83c819c3ad1ab9e327e982b3408b6617f11599b4115d67eb141,0.27960085741631335
2026-02-07T12:00:00Z,2026-02-07T00:00:00Z,2026-02-08T03:00:00Z,turbine_1,15,-0.4,2.27,5.02,6.1,223,-0.4,5.02,100,unverified,2026-02-07T12:00:00Z,assumed,1.0.0,b3ad5c95580a49b2260b1ff6ab649242c717638b569451db5f2f6be5bcf54aee,0.09672200364999478
2026-02-07T12:00:00Z,2026-02-07T00:00:00Z,2026-02-08T03:00:00Z,turbine_2,15,-0.4,2.27,5.02,6.1,223,-0.4,5.02,100,unverified,2026-02-07T12:00:00Z,assumed,1.0.0,8fe049cee2dbb83c819c3ad1ab9e327e982b3408b6617f11599b4115d67eb141,0.08334632743517467
2026-02-07T12:00:00Z,2026-02-07T00:00:00Z,2026-02-08T04:00:00Z,turbine_1,16,0.9,1.61,3.43,4.28,217,0.9,3.43,100,unverified,2026-02-07T12:00:00Z,assumed,1.0.0,b3ad5c95580a49b2260b1ff6ab649242c717638b569451db5f2f6be5bcf54aee,0.022189516099380524
2026-02-07T12:00:00Z,2026-02-07T00:00:00Z,2026-02-08T04:00:00Z,turbine_2,16,0.9,1.61,3.43,4.28,217,0.9,3.43,100,unverified,2026-02-07T12:00:00Z,assumed,1.0.0,8fe049cee2dbb83c819c3ad1ab9e327e982b3408b6617f11599b4115d67eb141,0.021016154609976134
2026-02-07T12:00:00Z,2026-02-07T00:00:00Z,2026-02-08T05:00:00Z,turbine_1,17,1.8,1.25,2.58,2.75,238,1.8,2.58,100,unverified,2026-02-07T12:00:00Z,assumed,1.0.0,b3ad5c95580a49b2260b1ff6ab649242c717638b569451db5f2f6be5bcf54aee,0.012143318162164574
2026-02-07T12:00:00Z,2026-02-07T00:00:00Z,2026-02-08T05:00:00Z,turbine_2,17,1.8,1.25,2.58,2.75,238,1.8,2.58,100,unverified,2026-02-07T12:00:00Z,assumed,1.0.0,8fe049cee2dbb83c819c3ad1ab9e327e982b3408b6617f11599b4115d67eb141,0.009540077646607026
2026-02-07T12:00:00Z,2026-02-07T00:00:00Z,2026-02-08T06:00:00Z,turbine_1,18,2.6,0.95,1.82,1.85,261,2.6,1.82,100,unverified,2026-02-07T12:00:00Z,assumed,1.0.0,b3ad5c95580a49b2260b1ff6ab649242c717638b569451db5f2f6be5bcf54aee,0.013902875512240898
2026-02-07T12:00:00Z,2026-02-07T00:00:00Z,2026-02-08T06:00:00Z,turbine_2,18,2.6,0.95,1.82,1.85,261,2.6,1.82,100,unverified,2026-02-07T12:00:00Z,assumed,1.0.0,8fe049cee2dbb83c819c3ad1ab9e327e982b3408b6617f11599b4115d67eb141,0.011029842433995463
2026-02-07T12:00:00Z,2026-02-07T00:00:00Z,2026-02-08T07:00:00Z,turbine_1,19,3.3,0.36,0.85,0.6,291,3.3,0.85,100,unverified,2026-02-07T12:00:00Z,assumed,1.0.0,b3ad5c95580a49b2260b1ff6ab649242c717638b569451db5f2f6be5bcf54aee,0.009748311440159585
2026-02-07T12:00:00Z,2026-02-07T00:00:00Z,2026-02-08T07:00:00Z,turbine_2,19,3.3,0.36,0.85,0.6,291,3.3,0.85,100,unverified,2026-02-07T12:00:00Z,assumed,1.0.0,8fe049cee2dbb83c819c3ad1ab9e327e982b3408b6617f11599b4115d67eb141,0.007883404680295358
2026-02-07T12:00:00Z,2026-02-07T00:00:00Z,2026-02-08T08:00:00Z,turbine_1,20,3.8,0.74,1.35,1.41,48,3.8,1.35,100,unverified,2026-02-07T12:00:00Z,assumed,1.0.0,b3ad5c95580a49b2260b1ff6ab649242c717638b569451db5f2f6be5bcf54aee,0.008418206588092225
2026-02-07T12:00:00Z,2026-02-07T00:00:00Z,2026-02-08T08:00:00Z,turbine_2,20,3.8,0.74,1.35,1.41,48,3.8,1.35,100,unverified,2026-02-07T12:00:00Z,assumed,1.0.0,8fe049cee2dbb83c819c3ad1ab9e327e982b3408b6617f11599b4115d67eb141,0.007864334822386632
2026-02-07T12:00:00Z,2026-02-07T00:00:00Z,2026-02-08T09:00:00Z,turbine_1,21,3.1,1.97,3.76,3.97,63,3.1,3.76,100,unverified,2026-02-07T12:00:00Z,assumed,1.0.0,b3ad5c95580a49b2260b1ff6ab649242c717638b569451db5f2f6be5bcf54aee,0.03884822915905645
2026-02-07T12:00:00Z,2026-02-07T00:00:00Z,2026-02-08T09:00:00Z,turbine_2,21,3.1,1.97,3.76,3.97,63,3.1,3.76,100,unverified,2026-02-07T12:00:00Z,assumed,1.0.0,8fe049cee2dbb83c819c3ad1ab9e327e982b3408b6617f11599b4115d67eb141,0.030238233846566875
2026-02-07T12:00:00Z,2026-02-07T00:00:00Z,2026-02-08T10:00:00Z,turbine_1,22,3.8,3.69,6.4,7.01,64,3.8,6.4,100,unverified,2026-02-07T12:00:00Z,assumed,1.0.0,b3ad5c95580a49b2260b1ff6ab649242c717638b569451db5f2f6be5bcf54aee,0.2693698611995459
2026-02-07T12:00:00Z,2026-02-07T00:00:00Z,2026-02-08T10:00:00Z,turbine_2,22,3.8,3.69,6.4,7.01,64,3.8,6.4,100,unverified,2026-02-07T12:00:00Z,assumed,1.0.0,8fe049cee2dbb83c819c3ad1ab9e327e982b3408b6617f11599b4115d67eb141,0.25064484240183205
2026-02-07T12:00:00Z,2026-02-07T00:00:00Z,2026-02-08T11:00:00Z,turbine_1,23,2.6,4.84,8.79,9.82,64,2.6,8.79,100,unverified,2026-02-07T12:00:00Z,assumed,1.0.0,b3ad5c95580a49b2260b1ff6ab649242c717638b569451db5f2f6be5bcf54aee,0.6750217178920308
2026-02-07T12:00:00Z,2026-02-07T00:00:00Z,2026-02-08T11:00:00Z,turbine_2,23,2.6,4.84,8.79,9.82,64,2.6,8.79,100,unverified,2026-02-07T12:00:00Z,assumed,1.0.0,8fe049cee2dbb83c819c3ad1ab9e327e982b3408b6617f11599b4115d67eb141,0.6358455915112684
2026-02-07T12:00:00Z,2026-02-07T00:00:00Z,2026-02-08T12:00:00Z,turbine_1,24,0.5,5.76,10.34,11.44,71,0.5,10.34,100,unverified,2026-02-07T12:00:00Z,assumed,1.0.0,b3ad5c95580a49b2260b1ff6ab649242c717638b569451db5f2f6be5bcf54aee,0.900848341409558
2026-02-07T12:00:00Z,2026-02-07T00:00:00Z,2026-02-08T12:00:00Z,turbine_2,24,0.5,5.76,10.34,11.44,71,0.5,10.34,100,unverified,2026-02-07T12:00:00Z,assumed,1.0.0,8fe049cee2dbb83c819c3ad1ab9e327e982b3408b6617f11599b4115d67eb141,0.8836106443320187
2026-02-07T12:00:00Z,2026-02-07T00:00:00Z,2026-02-08T13:00:00Z,turbine_1,25,-1.2,6.06,10.74,12.13,77,-1.2,10.74,100,unverified,2026-02-07T12:00:00Z,assumed,1.0.0,b3ad5c95580a49b2260b1ff6ab649242c717638b569451db5f2f6be5bcf54aee,0.9330551887264765
2026-02-07T12:00:00Z,2026-02-07T00:00:00Z,2026-02-08T13:00:00Z,turbine_2,25,-1.2,6.06,10.74,12.13,77,-1.2,10.74,100,unverified,2026-02-07T12:00:00Z,assumed,1.0.0,8fe049cee2dbb83c819c3ad1ab9e327e982b3408b6617f11599b4115d67eb141,0.9224152562306495
2026-02-07T12:00:00Z,2026-02-07T00:00:00Z,2026-02-08T14:00:00Z,turbine_1,26,-1.9,6.56,11.35,12.96,78,-1.9,11.35,100,unverified,2026-02-07T12:00:00Z,assumed,1.0.0,b3ad5c95580a49b2260b1ff6ab649242c717638b569451db5f2f6be5bcf54aee,0.9764178872198195
2026-02-07T12:00:00Z,2026-02-07T00:00:00Z,2026-02-08T14:00:00Z,turbine_2,26,-1.9,6.56,11.35,12.96,78,-1.9,11.35,100,unverified,2026-02-07T12:00:00Z,assumed,1.0.0,8fe049cee2dbb83c819c3ad1ab9e327e982b3408b6617f11599b4115d67eb141,0.95728884806953
2026-02-07T12:00:00Z,2026-02-07T00:00:00Z,2026-02-08T15:00:00Z,turbine_1,27,-2.0,7.12,11.81,13.56,78,-2.0,11.81,100,unverified,2026-02-07T12:00:00Z,assumed,1.0.0,b3ad5c95580a49b2260b1ff6ab649242c717638b569451db5f2f6be5bcf54aee,0.9811812355693307
2026-02-07T12:00:00Z,2026-02-07T00:00:00Z,2026-02-08T15:00:00Z,turbine_2,27,-2.0,7.12,11.81,13.56,78,-2.0,11.81,100,unverified,2026-02-07T12:00:00Z,assumed,1.0.0,8fe049cee2dbb83c819c3ad1ab9e327e982b3408b6617f11599b4115d67eb141,0.970541166051885
2026-02-07T12:00:00Z,2026-02-07T00:00:00Z,2026-02-08T16:00:00Z,turbine_1,28,-1.1,7.68,12.19,13.98,80,-1.1,12.19,100,unverified,2026-02-07T12:00:00Z,assumed,1.0.0,b3ad5c95580a49b2260b1ff6ab649242c717638b569451db5f2f6be5bcf54aee,0.9721188539452204
2026-02-07T12:00:00Z,2026-02-07T00:00:00Z,2026-02-08T16:00:00Z,turbine_2,28,-1.1,7.68,12.19,13.98,80,-1.1,12.19,100,unverified,2026-02-07T12:00:00Z,assumed,1.0.0,8fe049cee2dbb83c819c3ad1ab9e327e982b3408b6617f11599b4115d67eb141,0.9595140893456912
2026-02-07T12:00:00Z,2026-02-07T00:00:00Z,2026-02-08T17:00:00Z,turbine_1,29,-1.3,7.91,12.5,14.52,81,-1.3,12.5,100,unverified,2026-02-07T12:00:00Z,assumed,1.0.0,b3ad5c95580a49b2260b1ff6ab649242c717638b569451db5f2f6be5bcf54aee,0.978590967150094
2026-02-07T12:00:00Z,2026-02-07T00:00:00Z,2026-02-08T17:00:00Z,turbine_2,29,-1.3,7.91,12.5,14.52,81,-1.3,12.5,100,unverified,2026-02-07T12:00:00Z,assumed,1.0.0,8fe049cee2dbb83c819c3ad1ab9e327e982b3408b6617f11599b4115d67eb141,0.9665898185477286
2026-02-07T12:00:00Z,2026-02-07T00:00:00Z,2026-02-08T18:00:00Z,turbine_1,30,-1.6,7.83,12.45,14.9,85,-1.6,12.45,100,unverified,2026-02-07T12:00:00Z,assumed,1.0.0,b3ad5c95580a49b2260b1ff6ab649242c717638b569451db5f2f6be5bcf54aee,0.9803989860204293
2026-02-07T12:00:00Z,2026-02-07T00:00:00Z,2026-02-08T18:00:00Z,turbine_2,30,-1.6,7.83,12.45,14.9,85,-1.6,12.45,100,unverified,2026-02-07T12:00:00Z,assumed,1.0.0,8fe049cee2dbb83c819c3ad1ab9e327e982b3408b6617f11599b4115d67eb141,0.9680598094152897
2026-02-07T12:00:00Z,2026-02-07T00:00:00Z,2026-02-08T19:00:00Z,turbine_1,31,-1.5,7.62,12.36,15.06,87,-1.5,12.36,100,unverified,2026-02-07T12:00:00Z,assumed,1.0.0,b3ad5c95580a49b2260b1ff6ab649242c717638b569451db5f2f6be5bcf54aee,0.9805122245973346
2026-02-07T12:00:00Z,2026-02-07T00:00:00Z,2026-02-08T19:00:00Z,turbine_2,31,-1.5,7.62,12.36,15.06,87,-1.5,12.36,100,unverified,2026-02-07T12:00:00Z,assumed,1.0.0,8fe049cee2dbb83c819c3ad1ab9e327e982b3408b6617f11599b4115d67eb141,0.9675150368214329
2026-02-07T12:00:00Z,2026-02-07T00:00:00Z,2026-02-08T20:00:00Z,turbine_1,32,-1.6,7.61,12.51,15.52,88,-1.6,12.51,100,unverified,2026-02-07T12:00:00Z,assumed,1.0.0,b3ad5c95580a49b2260b1ff6ab649242c717638b569451db5f2f6be5bcf54aee,0.9803989860204293
2026-02-07T12:00:00Z,2026-02-07T00:00:00Z,2026-02-08T20:00:00Z,turbine_2,32,-1.6,7.61,12.51,15.52,88,-1.6,12.51,100,unverified,2026-02-07T12:00:00Z,assumed,1.0.0,8fe049cee2dbb83c819c3ad1ab9e327e982b3408b6617f11599b4115d67eb141,0.968059907068565
2026-02-07T12:00:00Z,2026-02-07T00:00:00Z,2026-02-08T21:00:00Z,turbine_1,33,-1.6,7.28,12.1,15.19,90,-1.6,12.1,100,unverified,2026-02-07T12:00:00Z,assumed,1.0.0,b3ad5c95580a49b2260b1ff6ab649242c717638b569451db5f2f6be5bcf54aee,0.9693731488628404
2026-02-07T12:00:00Z,2026-02-07T00:00:00Z,2026-02-08T21:00:00Z,turbine_2,33,-1.6,7.28,12.1,15.19,90,-1.6,12.1,100,unverified,2026-02-07T12:00:00Z,assumed,1.0.0,8fe049cee2dbb83c819c3ad1ab9e327e982b3408b6617f11599b4115d67eb141,0.9686934015400733
2026-02-07T12:00:00Z,2026-02-07T00:00:00Z,2026-02-08T22:00:00Z,turbine_1,34,-1.6,7.13,11.96,14.83,88,-1.6,11.96,100,unverified,2026-02-07T12:00:00Z,assumed,1.0.0,b3ad5c95580a49b2260b1ff6ab649242c717638b569451db5f2f6be5bcf54aee,0.97777061705182
2026-02-07T12:00:00Z,2026-02-07T00:00:00Z,2026-02-08T22:00:00Z,turbine_2,34,-1.6,7.13,11.96,14.83,88,-1.6,11.96,100,unverified,2026-02-07T12:00:00Z,assumed,1.0.0,8fe049cee2dbb83c819c3ad1ab9e327e982b3408b6617f11599b4115d67eb141,0.9690400228887797
2026-02-07T12:00:00Z,2026-02-07T00:00:00Z,2026-02-08T23:00:00Z,turbine_1,35,-1.6,7.01,11.84,14.45,83,-1.6,11.84,100,unverified,2026-02-07T12:00:00Z,assumed,1.0.0,b3ad5c95580a49b2260b1ff6ab649242c717638b569451db5f2f6be5bcf54aee,0.9779009750695724
2026-02-07T12:00:00Z,2026-02-07T00:00:00Z,2026-02-08T23:00:00Z,turbine_2,35,-1.6,7.01,11.84,14.45,83,-1.6,11.84,100,unverified,2026-02-07T12:00:00Z,assumed,1.0.0,8fe049cee2dbb83c819c3ad1ab9e327e982b3408b6617f11599b4115d67eb141,0.9686449518135952
2026-02-07T12:00:00Z,2026-02-07T00:00:00Z,2026-02-09T00:00:00Z,turbine_1,36,-2.2,6.39,11.14,13.62,79,-2.2,11.14,100,unverified,2026-02-07T12:00:00Z,assumed,1.0.0,b3ad5c95580a49b2260b1ff6ab649242c717638b569451db5f2f6be5bcf54aee,0.9675417802296682
2026-02-07T12:00:00Z,2026-02-07T00:00:00Z,2026-02-09T00:00:00Z,turbine_2,36,-2.2,6.39,11.14,13.62,79,-2.2,11.14,100,unverified,2026-02-07T12:00:00Z,assumed,1.0.0,8fe049cee2dbb83c819c3ad1ab9e327e982b3408b6617f11599b4115d67eb141,0.9454280087433209
2026-02-07T12:00:00Z,2026-02-07T00:00:00Z,2026-02-09T01:00:00Z,turbine_1,37,-2.5,6.18,10.78,13.28,74,-2.5,10.78,100,unverified,2026-02-07T12:00:00Z,assumed,1.0.0,b3ad5c95580a49b2260b1ff6ab649242c717638b569451db5f2f6be5bcf54aee,0.9420009519666305
2026-02-07T12:00:00Z,2026-02-07T00:00:00Z,2026-02-09T01:00:00Z,turbine_2,37,-2.5,6.18,10.78,13.28,74,-2.5,10.78,100,unverified,2026-02-07T12:00:00Z,assumed,1.0.0,8fe049cee2dbb83c819c3ad1ab9e327e982b3408b6617f11599b4115d67eb141,0.9193400891063723
2026-02-07T12:00:00Z,2026-02-07T00:00:00Z,2026-02-09T02:00:00Z,turbine_1,38,-3.3,5.98,10.32,13.02,72,-3.3,10.32,100,unverified,2026-02-07T12:00:00Z,assumed,1.0.0,b3ad5c95580a49b2260b1ff6ab649242c717638b569451db5f2f6be5bcf54aee,0.8903886516065567
2026-02-07T12:00:00Z,2026-02-07T00:00:00Z,2026-02-09T02:00:00Z,turbine_2,38,-3.3,5.98,10.32,13.02,72,-3.3,10.32,100,unverified,2026-02-07T12:00:00Z,assumed,1.0.0,8fe049cee2dbb83c819c3ad1ab9e327e982b3408b6617f11599b4115d67eb141,0.8653842847064397
2026-02-07T12:00:00Z,2026-02-07T00:00:00Z,2026-02-09T03:00:00Z,turbine_1,39,-2.5,5.99,10.01,12.88,70,-2.5,10.01,100,unverified,2026-02-07T12:00:00Z,assumed,1.0.0,b3ad5c95580a49b2260b1ff6ab649242c717638b569451db5f2f6be5bcf54aee,0.854853438288015
2026-02-07T12:00:00Z,2026-02-07T00:00:00Z,2026-02-09T03:00:00Z,turbine_2,39,-2.5,5.99,10.01,12.88,70,-2.5,10.01,100,unverified,2026-02-07T12:00:00Z,assumed,1.0.0,8fe049cee2dbb83c819c3ad1ab9e327e982b3408b6617f11599b4115d67eb141,0.8156133077761598
2026-02-07T12:00:00Z,2026-02-07T00:00:00Z,2026-02-09T04:00:00Z,turbine_1,40,-0.3,5.48,10.08,13.17,67,-0.3,10.08,100,unverified,2026-02-07T12:00:00Z,assumed,1.0.0,b3ad5c95580a49b2260b1ff6ab649242c717638b569451db5f2f6be5bcf54aee,0.8571059583933854
2026-02-07T12:00:00Z,2026-02-07T00:00:00Z,2026-02-09T04:00:00Z,turbine_2,40,-0.3,5.48,10.08,13.17,67,-0.3,10.08,100,unverified,2026-02-07T12:00:00Z,assumed,1.0.0,8fe049cee2dbb83c819c3ad1ab9e327e982b3408b6617f11599b4115d67eb141,0.8387353607261044
2026-02-07T12:00:00Z,2026-02-07T00:00:00Z,2026-02-09T05:00:00Z,turbine_1,41,2.2,6.14,9.1,12.81,62,2.2,9.1,100,unverified,2026-02-07T12:00:00Z,assumed,1.0.0,b3ad5c95580a49b2260b1ff6ab649242c717638b569451db5f2f6be5bcf54aee,0.7290414361574064
2026-02-07T12:00:00Z,2026-02-07T00:00:00Z,2026-02-09T05:00:00Z,turbine_2,41,2.2,6.14,9.1,12.81,62,2.2,9.1,100,unverified,2026-02-07T12:00:00Z,assumed,1.0.0,8fe049cee2dbb83c819c3ad1ab9e327e982b3408b6617f11599b4115d67eb141,0.6690555331104244
2026-02-07T12:00:00Z,2026-02-07T00:00:00Z,2026-02-09T06:00:00Z,turbine_1,42,4.3,6.77,9.44,12.38,62,4.3,9.44,100,unverified,2026-02-07T12:00:00Z,assumed,1.0.0,b3ad5c95580a49b2260b1ff6ab649242c717638b569451db5f2f6be5bcf54aee,0.7588564797421602
2026-02-07T12:00:00Z,2026-02-07T00:00:00Z,2026-02-09T06:00:00Z,turbine_2,42,4.3,6.77,9.44,12.38,62,4.3,9.44,100,unverified,2026-02-07T12:00:00Z,assumed,1.0.0,8fe049cee2dbb83c819c3ad1ab9e327e982b3408b6617f11599b4115d67eb141,0.7318530428211354
2026-02-07T12:00:00Z,2026-02-07T00:00:00Z,2026-02-09T07:00:00Z,turbine_1,43,5.7,6.75,9.39,11.54,65,5.7,9.39,100,unverified,2026-02-07T12:00:00Z,assumed,1.0.0,b3ad5c95580a49b2260b1ff6ab649242c717638b569451db5f2f6be5bcf54aee,0.7516046577596462
2026-02-07T12:00:00Z,2026-02-07T00:00:00Z,2026-02-09T07:00:00Z,turbine_2,43,5.7,6.75,9.39,11.54,65,5.7,9.39,100,unverified,2026-02-07T12:00:00Z,assumed,1.0.0,8fe049cee2dbb83c819c3ad1ab9e327e982b3408b6617f11599b4115d67eb141,0.7128752582431245
2026-02-07T12:00:00Z,2026-02-07T00:00:00Z,2026-02-09T08:00:00Z,turbine_1,44,6.2,5.9,8.59,11.19,66,6.2,8.59,100,unverified,2026-02-07T12:00:00Z,assumed,1.0.0,b3ad5c95580a49b2260b1ff6ab649242c717638b569451db5f2f6be5bcf54aee,0.6318018062401488
2026-02-07T12:00:00Z,2026-02-07T00:00:00Z,2026-02-09T08:00:00Z,turbine_2,44,6.2,5.9,8.59,11.19,66,6.2,8.59,100,unverified,2026-02-07T12:00:00Z,assumed,1.0.0,8fe049cee2dbb83c819c3ad1ab9e327e982b3408b6617f11599b4115d67eb141,0.5819131923139325
2026-02-07T12:00:00Z,2026-02-07T00:00:00Z,2026-02-09T09:00:00Z,turbine_1,45,7.1,5.53,8.62,10.44,72,7.1,8.62,100,unverified,2026-02-07T12:00:00Z,assumed,1.0.0,b3ad5c95580a49b2260b1ff6ab649242c717638b569451db5f2f6be5bcf54aee,0.6196988744740618
2026-02-07T12:00:00Z,2026-02-07T00:00:00Z,2026-02-09T09:00:00Z,turbine_2,45,7.1,5.53,8.62,10.44,72,7.1,8.62,100,unverified,2026-02-07T12:00:00Z,assumed,1.0.0,8fe049cee2dbb83c819c3ad1ab9e327e982b3408b6617f11599b4115d67eb141,0.6044648165531417
2026-02-07T12:00:00Z,2026-02-07T00:00:00Z,2026-02-09T10:00:00Z,turbine_1,46,7.0,5.06,8.13,9.77,74,7.0,8.13,100,unverified,2026-02-07T12:00:00Z,assumed,1.0.0,b3ad5c95580a49b2260b1ff6ab649242c717638b569451db5f2f6be5bcf54aee,0.5492183473279973
2026-02-07T12:00:00Z,2026-02-07T00:00:00Z,2026-02-09T10:00:00Z,turbine_2,46,7.0,5.06,8.13,9.77,74,7.0,8.13,100,unverified,2026-02-07T12:00:00Z,assumed,1.0.0,8fe049cee2dbb83c819c3ad1ab9e327e982b3408b6617f11599b4115d67eb141,0.5196680386566945
2026-02-07T12:00:00Z,2026-02-07T00:00:00Z,2026-02-09T11:00:00Z,turbine_1,47,5.7,4.96,8.8,10.49,74,5.7,8.8,100,unverified,2026-02-07T12:00:00Z,assumed,1.0.0,b3ad5c95580a49b2260b1ff6ab649242c717638b569451db5f2f6be5bcf54aee,0.665888884651435
2026-02-07T12:00:00Z,2026-02-07T00:00:00Z,2026-02-09T11:00:00Z,turbine_2,47,5.7,4.96,8.8,10.49,74,5.7,8.8,100,unverified,2026-02-07T12:00:00Z,assumed,1.0.0,8fe049cee2dbb83c819c3ad1ab9e327e982b3408b6617f11599b4115d67eb141,0.6291111177383633
2026-02-07T12:00:00Z,2026-02-07T00:00:00Z,2026-02-09T12:00:00Z,turbine_1,48,2.7,4.39,8.78,10.78,71,2.7,8.78,100,unverified,2026-02-07T12:00:00Z,assumed,1.0.0,b3ad5c95580a49b2260b1ff6ab649242c717638b569451db5f2f6be5bcf54aee,0.6743638493208837
2026-02-07T12:00:00Z,2026-02-07T00:00:00Z,2026-02-09T12:00:00Z,turbine_2,48,2.7,4.39,8.78,10.78,71,2.7,8.78,100,unverified,2026-02-07T12:00:00Z,assumed,1.0.0,8fe049cee2dbb83c819c3ad1ab9e327e982b3408b6617f11599b4115d67eb141,0.6358455915112684
2026-02-08T12:00:00Z,2026-02-08T00:00:00Z,2026-02-08T13:00:00Z,turbine_1,1,-0.8,6.39,11.13,12.59,78,-0.8,11.13,100,unverified,2026-02-08T12:00:00Z,assumed,1.0.0,b3ad5c95580a49b2260b1ff6ab649242c717638b569451db5f2f6be5bcf54aee,0.9643417034693406
2026-02-08T12:00:00Z,2026-02-08T00:00:00Z,2026-02-08T13:00:00Z,turbine_2,1,-0.8,6.39,11.13,12.59,78,-0.8,11.13,100,unverified,2026-02-08T12:00:00Z,assumed,1.0.0,8fe049cee2dbb83c819c3ad1ab9e327e982b3408b6617f11599b4115d67eb141,0.9508333003300559
2026-02-08T12:00:00Z,2026-02-08T00:00:00Z,2026-02-08T14:00:00Z,turbine_1,2,-1.5,6.86,11.73,13.37,77,-1.5,11.73,100,unverified,2026-02-08T12:00:00Z,assumed,1.0.0,b3ad5c95580a49b2260b1ff6ab649242c717638b569451db5f2f6be5bcf54aee,0.9800763454918994
2026-02-08T12:00:00Z,2026-02-08T00:00:00Z,2026-02-08T14:00:00Z,turbine_2,2,-1.5,6.86,11.73,13.37,77,-1.5,11.73,100,unverified,2026-02-08T12:00:00Z,assumed,1.0.0,8fe049cee2dbb83c819c3ad1ab9e327e982b3408b6617f11599b4115d67eb141,0.9657954092918652
2026-02-08T12:00:00Z,2026-02-08T00:00:00Z,2026-02-08T15:00:00Z,turbine_1,3,-1.1,7.36,12.0,13.62,79,-1.1,12.0,100,unverified,2026-02-08T12:00:00Z,assumed,1.0.0,b3ad5c95580a49b2260b1ff6ab649242c717638b569451db5f2f6be5bcf54aee,0.9765104266350205
2026-02-08T12:00:00Z,2026-02-08T00:00:00Z,2026-02-08T15:00:00Z,turbine_2,3,-1.1,7.36,12.0,13.62,79,-1.1,12.0,100,unverified,2026-02-08T12:00:00Z,assumed,1.0.0,8fe049cee2dbb83c819c3ad1ab9e327e982b3408b6617f11599b4115d67eb141,0.9673612070220863
2026-02-08T12:00:00Z,2026-02-08T00:00:00Z,2026-02-08T16:00:00Z,turbine_1,4,-1.2,7.54,12.11,13.92,81,-1.2,12.11,100,unverified,2026-02-08T12:00:00Z,assumed,1.0.0,b3ad5c95580a49b2260b1ff6ab649242c717638b569451db5f2f6be5bcf54aee,0.9676571132011608
2026-02-08T12:00:00Z,2026-02-08T00:00:00Z,2026-02-08T16:00:00Z,turbine_2,4,-1.2,7.54,12.11,13.92,81,-1.2,12.11,100,unverified,2026-02-08T12:00:00Z,assumed,1.0.0,8fe049cee2dbb83c819c3ad1ab9e327e982b3408b6617f11599b4115d67eb141,0.9684332493145127
2026-02-08T12:00:00Z,2026-02-08T00:00:00Z,2026-02-08T17:00:00Z,turbine_1,5,-1.2,7.67,12.36,14.5,84,-1.2,12.36,100,unverified,2026-02-08T12:00:00Z,assumed,1.0.0,b3ad5c95580a49b2260b1ff6ab649242c717638b569451db5f2f6be5bcf54aee,0.9785579220106527
2026-02-08T12:00:00Z,2026-02-08T00:00:00Z,2026-02-08T17:00:00Z,turbine_2,5,-1.2,7.67,12.36,14.5,84,-1.2,12.36,100,unverified,2026-02-08T12:00:00Z,assumed,1.0.0,8fe049cee2dbb83c819c3ad1ab9e327e982b3408b6617f11599b4115d67eb141,0.9687723867037528
2026-02-08T12:00:00Z,2026-02-08T00:00:00Z,2026-02-08T18:00:00Z,turbine_1,6,-1.2,7.62,12.33,14.8,86,-1.2,12.33,100,unverified,2026-02-08T12:00:00Z,assumed,1.0.0,b3ad5c95580a49b2260b1ff6ab649242c717638b569451db5f2f6be5bcf54aee,0.9623496678479604
2026-02-08T12:00:00Z,2026-02-08T00:00:00Z,2026-02-08T18:00:00Z,turbine_2,6,-1.2,7.62,12.33,14.8,86,-1.2,12.33,100,unverified,2026-02-08T12:00:00Z,assumed,1.0.0,8fe049cee2dbb83c819c3ad1ab9e327e982b3408b6617f11599b4115d67eb141,0.9687723867037528
2026-02-08T12:00:00Z,2026-02-08T00:00:00Z,2026-02-08T19:00:00Z,turbine_1,7,-1.5,7.16,11.86,14.43,88,-1.5,11.86,100,unverified,2026-02-08T12:00:00Z,assumed,1.0.0,b3ad5c95580a49b2260b1ff6ab649242c717638b569451db5f2f6be5bcf54aee,0.9780472587859189
2026-02-08T12:00:00Z,2026-02-08T00:00:00Z,2026-02-08T19:00:00Z,turbine_2,7,-1.5,7.16,11.86,14.43,88,-1.5,11.86,100,unverified,2026-02-08T12:00:00Z,assumed,1.0.0,8fe049cee2dbb83c819c3ad1ab9e327e982b3408b6617f11599b4115d67eb141,0.9671274497057147
2026-02-08T12:00:00Z,2026-02-08T00:00:00Z,2026-02-08T20:00:00Z,turbine_1,8,-1.4,7.28,12.27,15.11,87,-1.4,12.27,100,unverified,2026-02-08T12:00:00Z,assumed,1.0.0,b3ad5c95580a49b2260b1ff6ab649242c717638b569451db5f2f6be5bcf54aee,0.9631361406726839
2026-02-08T12:00:00Z,2026-02-08T00:00:00Z,2026-02-08T20:00:00Z,turbine_2,8,-1.4,7.28,12.27,15.11,87,-1.4,12.27,100,unverified,2026-02-08T12:00:00Z,assumed,1.0.0,8fe049cee2dbb83c819c3ad1ab9e327e982b3408b6617f11599b4115d67eb141,0.9664748116877232
2026-02-08T12:00:00Z,2026-02-08T00:00:00Z,2026-02-08T21:00:00Z,turbine_1,9,-1.4,6.96,11.86,14.77,88,-1.4,11.86,100,unverified,2026-02-08T12:00:00Z,assumed,1.0.0,b3ad5c95580a49b2260b1ff6ab649242c717638b569451db5f2f6be5bcf54aee,0.9769714122326163
2026-02-08T12:00:00Z,2026-02-08T00:00:00Z,2026-02-08T21:00:00Z,turbine_2,9,-1.4,6.96,11.86,14.77,88,-1.4,11.86,100,unverified,2026-02-08T12:00:00Z,assumed,1.0.0,8fe049cee2dbb83c819c3ad1ab9e327e982b3408b6617f11599b4115d67eb141,0.9671748632927588
2026-02-08T12:00:00Z,2026-02-08T00:00:00Z,2026-02-08T22:00:00Z,turbine_1,10,-1.5,7.05,12.19,14.95,85,-1.5,12.19,100,unverified,2026-02-08T12:00:00Z,assumed,1.0.0,b3ad5c95580a49b2260b1ff6ab649242c717638b569451db5f2f6be5bcf54aee,0.973617311287022
2026-02-08T12:00:00Z,2026-02-08T00:00:00Z,2026-02-08T22:00:00Z,turbine_2,10,-1.5,7.05,12.19,14.95,85,-1.5,12.19,100,unverified,2026-02-08T12:00:00Z,assumed,1.0.0,8fe049cee2dbb83c819c3ad1ab9e327e982b3408b6617f11599b4115d67eb141,0.9600067970469919
2026-02-08T12:00:00Z,2026-02-08T00:00:00Z,2026-02-08T23:00:00Z,turbine_1,11,-2.0,6.62,11.75,14.55,82,-2.0,11.75,100,unverified,2026-02-08T12:00:00Z,assumed,1.0.0,b3ad5c95580a49b2260b1ff6ab649242c717638b569451db5f2f6be5bcf54aee,0.9811812355693307
2026-02-08T12:00:00Z,2026-02-08T00:00:00Z,2026-02-08T23:00:00Z,turbine_2,11,-2.0,6.62,11.75,14.55,82,-2.0,11.75,100,unverified,2026-02-08T12:00:00Z,assumed,1.0.0,8fe049cee2dbb83c819c3ad1ab9e327e982b3408b6617f11599b4115d67eb141,0.9667980483684001
2026-02-08T12:00:00Z,2026-02-08T00:00:00Z,2026-02-09T00:00:00Z,turbine_1,12,-2.5,6.04,10.62,13.04,76,-2.5,10.62,100,unverified,2026-02-08T12:00:00Z,assumed,1.0.0,b3ad5c95580a49b2260b1ff6ab649242c717638b569451db5f2f6be5bcf54aee,0.9293929524617512
2026-02-08T12:00:00Z,2026-02-08T00:00:00Z,2026-02-09T00:00:00Z,turbine_2,12,-2.5,6.04,10.62,13.04,76,-2.5,10.62,100,unverified,2026-02-08T12:00:00Z,assumed,1.0.0,8fe049cee2dbb83c819c3ad1ab9e327e982b3408b6617f11599b4115d67eb141,0.8965314162720013
2026-02-08T12:00:00Z,2026-02-08T00:00:00Z,2026-02-09T01:00:00Z,turbine_1,13,-3.2,5.67,9.93,12.45,72,-3.2,9.93,100,unverified,2026-02-08T12:00:00Z,assumed,1.0.0,b3ad5c95580a49b2260b1ff6ab649242c717638b569451db5f2f6be5bcf54aee,0.8433268996713283
2026-02-08T12:00:00Z,2026-02-08T00:00:00Z,2026-02-09T01:00:00Z,turbine_2,13,-3.2,5.67,9.93,12.45,72,-3.2,9.93,100,unverified,2026-02-08T12:00:00Z,assumed,1.0.0,8fe049cee2dbb83c819c3ad1ab9e327e982b3408b6617f11599b4115d67eb141,0.8154927986366572
2026-02-08T12:00:00Z,2026-02-08T00:00:00Z,2026-02-09T02:00:00Z,turbine_1,14,-3.6,5.64,9.86,12.76,73,-3.6,9.86,100,unverified,2026-02-08T12:00:00Z,assumed,1.0.0,b3ad5c95580a49b2260b1ff6ab649242c717638b569451db5f2f6be5bcf54aee,0.8318361614179849
2026-02-08T12:00:00Z,2026-02-08T00:00:00Z,2026-02-09T02:00:00Z,turbine_2,14,-3.6,5.64,9.86,12.76,73,-3.6,9.86,100,unverified,2026-02-08T12:00:00Z,assumed,1.0.0,8fe049cee2dbb83c819c3ad1ab9e327e982b3408b6617f11599b4115d67eb141,0.8014211925940682
2026-02-08T12:00:00Z,2026-02-08T00:00:00Z,2026-02-09T03:00:00Z,turbine_1,15,-2.7,5.71,9.63,12.59,71,-2.7,9.63,100,unverified,2026-02-08T12:00:00Z,assumed,1.0.0,b3ad5c95580a49b2260b1ff6ab649242c717638b569451db5f2f6be5bcf54aee,0.7917670477986154
2026-02-08T12:00:00Z,2026-02-08T00:00:00Z,2026-02-09T03:00:00Z,turbine_2,15,-2.7,5.71,9.63,12.59,71,-2.7,9.63,100,unverified,2026-02-08T12:00:00Z,assumed,1.0.0,8fe049cee2dbb83c819c3ad1ab9e327e982b3408b6617f11599b4115d67eb141,0.7799110058101328
2026-02-08T12:00:00Z,2026-02-08T00:00:00Z,2026-02-09T04:00:00Z,turbine_1,16,-0.1,5.46,9.28,12.87,67,-0.1,9.28,100,unverified,2026-02-08T12:00:00Z,assumed,1.0.0,b3ad5c95580a49b2260b1ff6ab649242c717638b569451db5f2f6be5bcf54aee,0.7363091507650872
2026-02-08T12:00:00Z,2026-02-08T00:00:00Z,2026-02-09T04:00:00Z,turbine_2,16,-0.1,5.46,9.28,12.87,67,-0.1,9.28,100,unverified,2026-02-08T12:00:00Z,assumed,1.0.0,8fe049cee2dbb83c819c3ad1ab9e327e982b3408b6617f11599b4115d67eb141,0.6991802652016039
2026-02-08T12:00:00Z,2026-02-08T00:00:00Z,2026-02-09T05:00:00Z,turbine_1,17,2.9,5.93,9.57,12.63,65,2.9,9.57,100,unverified,2026-02-08T12:00:00Z,assumed,1.0.0,b3ad5c95580a49b2260b1ff6ab649242c717638b569451db5f2f6be5bcf54aee,0.7825585482524093
2026-02-08T12:00:00Z,2026-02-08T00:00:00Z,2026-02-09T05:00:00Z,turbine_2,17,2.9,5.93,9.57,12.63,65,2.9,9.57,100,unverified,2026-02-08T12:00:00Z,assumed,1.0.0,8fe049cee2dbb83c819c3ad1ab9e327e982b3408b6617f11599b4115d67eb141,0.7684056941324926
2026-02-08T12:00:00Z,2026-02-08T00:00:00Z,2026-02-09T06:00:00Z,turbine_1,18,4.5,6.82,9.68,12.08,63,4.5,9.68,100,unverified,2026-02-08T12:00:00Z,assumed,1.0.0,b3ad5c95580a49b2260b1ff6ab649242c717638b569451db5f2f6be5bcf54aee,0.7991574782447867
2026-02-08T12:00:00Z,2026-02-08T00:00:00Z,2026-02-09T06:00:00Z,turbine_2,18,4.5,6.82,9.68,12.08,63,4.5,9.68,100,unverified,2026-02-08T12:00:00Z,assumed,1.0.0,8fe049cee2dbb83c819c3ad1ab9e327e982b3408b6617f11599b4115d67eb141,0.7619140352689866
2026-02-08T12:00:00Z,2026-02-08T00:00:00Z,2026-02-09T07:00:00Z,turbine_1,19,5.9,7.02,9.87,11.81,65,5.9,9.87,100,unverified,2026-02-08T12:00:00Z,assumed,1.0.0,b3ad5c95580a49b2260b1ff6ab649242c717638b569451db5f2f6be5bcf54aee,0.8223736072200383
2026-02-08T12:00:00Z,2026-02-08T00:00:00Z,2026-02-09T07:00:00Z,turbine_2,19,5.9,7.02,9.87,11.81,65,5.9,9.87,100,unverified,2026-02-08T12:00:00Z,assumed,1.0.0,8fe049cee2dbb83c819c3ad1ab9e327e982b3408b6617f11599b4115d67eb141,0.7932789410939272
2026-02-08T12:00:00Z,2026-02-08T00:00:00Z,2026-02-09T08:00:00Z,turbine_1,20,6.4,6.4,9.24,11.75,65,6.4,9.24,100,unverified,2026-02-08T12:00:00Z,assumed,1.0.0,b3ad5c95580a49b2260b1ff6ab649242c717638b569451db5f2f6be5bcf54aee,0.7251190218446227
2026-02-08T12:00:00Z,2026-02-08T00:00:00Z,2026-02-09T08:00:00Z,turbine_2,20,6.4,6.4,9.24,11.75,65,6.4,9.24,100,unverified,2026-02-08T12:00:00Z,assumed,1.0.0,8fe049cee2dbb83c819c3ad1ab9e327e982b3408b6617f11599b4115d67eb141,0.34926757105257317
2026-02-08T12:00:00Z,2026-02-08T00:00:00Z,2026-02-09T09:00:00Z,turbine_1,21,7.1,5.73,10.33,12.34,73,7.1,10.33,100,unverified,2026-02-08T12:00:00Z,assumed,1.0.0,b3ad5c95580a49b2260b1ff6ab649242c717638b569451db5f2f6be5bcf54aee,0.8720116838491262
2026-02-08T12:00:00Z,2026-02-08T00:00:00Z,2026-02-09T09:00:00Z,turbine_2,21,7.1,5.73,10.33,12.34,73,7.1,10.33,100,unverified,2026-02-08T12:00:00Z,assumed,1.0.0,8fe049cee2dbb83c819c3ad1ab9e327e982b3408b6617f11599b4115d67eb141,0.8753259144508311
2026-02-08T12:00:00Z,2026-02-08T00:00:00Z,2026-02-09T10:00:00Z,turbine_1,22,7.1,6.08,9.56,11.1,74,7.1,9.56,100,unverified,2026-02-08T12:00:00Z,assumed,1.0.0,b3ad5c95580a49b2260b1ff6ab649242c717638b569451db5f2f6be5bcf54aee,0.756800694014907
2026-02-08T12:00:00Z,2026-02-08T00:00:00Z,2026-02-09T10:00:00Z,turbine_2,22,7.1,6.08,9.56,11.1,74,7.1,9.56,100,unverified,2026-02-08T12:00:00Z,assumed,1.0.0,8fe049cee2dbb83c819c3ad1ab9e327e982b3408b6617f11599b4115d67eb141,0.7365657833467316
2026-02-08T12:00:00Z,2026-02-08T00:00:00Z,2026-02-09T11:00:00Z,turbine_1,23,5.8,5.35,9.32,11.15,73,5.8,9.32,100,unverified,2026-02-08T12:00:00Z,assumed,1.0.0,b3ad5c95580a49b2260b1ff6ab649242c717638b569451db5f2f6be5bcf54aee,0.7296341076131447
2026-02-08T12:00:00Z,2026-02-08T00:00:00Z,2026-02-09T11:00:00Z,turbine_2,23,5.8,5.35,9.32,11.15,73,5.8,9.32,100,unverified,2026-02-08T12:00:00Z,assumed,1.0.0,8fe049cee2dbb83c819c3ad1ab9e327e982b3408b6617f11599b4115d67eb141,0.705019505423992
2026-02-08T12:00:00Z,2026-02-08T00:00:00Z,2026-02-09T12:00:00Z,turbine_1,24,3.0,4.34,8.7,10.75,69,3.0,8.7,100,unverified,2026-02-08T12:00:00Z,assumed,1.0.0,b3ad5c95580a49b2260b1ff6ab649242c717638b569451db5f2f6be5bcf54aee,0.6612989650943197
2026-02-08T12:00:00Z,2026-02-08T00:00:00Z,2026-02-09T12:00:00Z,turbine_2,24,3.0,4.34,8.7,10.75,69,3.0,8.7,100,unverified,2026-02-08T12:00:00Z,assumed,1.0.0,8fe049cee2dbb83c819c3ad1ab9e327e982b3408b6617f11599b4115d67eb141,0.6221046122163887
2026-02-08T12:00:00Z,2026-02-08T00:00:00Z,2026-02-09T13:00:00Z,turbine_1,25,0.5,2.96,6.96,9.24,69,0.5,6.96,100,unverified,2026-02-08T12:00:00Z,assumed,1.0.0,b3ad5c95580a49b2260b1ff6ab649242c717638b569451db5f2f6be5bcf54aee,0.36448439511286607
2026-02-08T12:00:00Z,2026-02-08T00:00:00Z,2026-02-09T13:00:00Z,turbine_2,25,0.5,2.96,6.96,9.24,69,0.5,6.96,100,unverified,2026-02-08T12:00:00Z,assumed,1.0.0,8fe049cee2dbb83c819c3ad1ab9e327e982b3408b6617f11599b4115d67eb141,0.33696208295571406
2026-02-08T12:00:00Z,2026-02-08T00:00:00Z,2026-02-09T14:00:00Z,turbine_1,26,-0.7,2.26,5.79,8.1,63,-0.7,5.79,100,unverified,2026-02-08T12:00:00Z,assumed,1.0.0,b3ad5c95580a49b2260b1ff6ab649242c717638b569451db5f2f6be5bcf54aee,0.17256367292355357
2026-02-08T12:00:00Z,2026-02-08T00:00:00Z,2026-02-09T14:00:00Z,turbine_2,26,-0.7,2.26,5.79,8.1,63,-0.7,5.79,100,unverified,2026-02-08T12:00:00Z,assumed,1.0.0,8fe049cee2dbb83c819c3ad1ab9e327e982b3408b6617f11599b4115d67eb141,0.15103177219772218
2026-02-08T12:00:00Z,2026-02-08T00:00:00Z,2026-02-09T15:00:00Z,turbine_1,27,-0.3,0.93,3.1,5.37,59,-0.3,3.1,100,unverified,2026-02-08T12:00:00Z,assumed,1.0.0,b3ad5c95580a49b2260b1ff6ab649242c717638b569451db5f2f6be5bcf54aee,0.015608169295057928
2026-02-08T12:00:00Z,2026-02-08T00:00:00Z,2026-02-09T15:00:00Z,turbine_2,27,-0.3,0.93,3.1,5.37,59,-0.3,3.1,100,unverified,2026-02-08T12:00:00Z,assumed,1.0.0,8fe049cee2dbb83c819c3ad1ab9e327e982b3408b6617f11599b4115d67eb141,0.011509495163531003
2026-02-08T12:00:00Z,2026-02-08T00:00:00Z,2026-02-09T16:00:00Z,turbine_1,28,-0.5,0.74,0.96,2.6,99,-0.5,0.96,100,unverified,2026-02-08T12:00:00Z,assumed,1.0.0,b3ad5c95580a49b2260b1ff6ab649242c717638b569451db5f2f6be5bcf54aee,0.007930897336642095
2026-02-08T12:00:00Z,2026-02-08T00:00:00Z,2026-02-09T16:00:00Z,turbine_2,28,-0.5,0.74,0.96,2.6,99,-0.5,0.96,100,unverified,2026-02-08T12:00:00Z,assumed,1.0.0,8fe049cee2dbb83c819c3ad1ab9e327e982b3408b6617f11599b4115d67eb141,0.010540783178964286
2026-02-08T12:00:00Z,2026-02-08T00:00:00Z,2026-02-09T17:00:00Z,turbine_1,29,-0.2,1.1,2.06,2.73,96,-0.2,2.06,100,unverified,2026-02-08T12:00:00Z,assumed,1.0.0,b3ad5c95580a49b2260b1ff6ab649242c717638b569451db5f2f6be5bcf54aee,0.010611230771488234
2026-02-08T12:00:00Z,2026-02-08T00:00:00Z,2026-02-09T17:00:00Z,turbine_2,29,-0.2,1.1,2.06,2.73,96,-0.2,2.06,100,unverified,2026-02-08T12:00:00Z,assumed,1.0.0,8fe049cee2dbb83c819c3ad1ab9e327e982b3408b6617f11599b4115d67eb141,0.008306285265742619
2026-02-08T12:00:00Z,2026-02-08T00:00:00Z,2026-02-09T18:00:00Z,turbine_1,30,0.7,1.69,3.54,3.32,81,0.7,3.54,100,unverified,2026-02-08T12:00:00Z,assumed,1.0.0,b3ad5c95580a49b2260b1ff6ab649242c717638b569451db5f2f6be5bcf54aee,0.026255430187856033
2026-02-08T12:00:00Z,2026-02-08T00:00:00Z,2026-02-09T18:00:00Z,turbine_2,30,0.7,1.69,3.54,3.32,81,0.7,3.54,100,unverified,2026-02-08T12:00:00Z,assumed,1.0.0,8fe049cee2dbb83c819c3ad1ab9e327e982b3408b6617f11599b4115d67eb141,0.02151447409843671
2026-02-08T12:00:00Z,2026-02-08T00:00:00Z,2026-02-09T19:00:00Z,turbine_1,31,1.3,2.29,4.89,4.4,76,1.3,4.89,100,unverified,2026-02-08T12:00:00Z,assumed,1.0.0,b3ad5c95580a49b2260b1ff6ab649242c717638b569451db5f2f6be5bcf54aee,0.08696142374008381
2026-02-08T12:00:00Z,2026-02-08T00:00:00Z,2026-02-09T19:00:00Z,turbine_2,31,1.3,2.29,4.89,4.4,76,1.3,4.89,100,unverified,2026-02-08T12:00:00Z,assumed,1.0.0,8fe049cee2dbb83c819c3ad1ab9e327e982b3408b6617f11599b4115d67eb141,0.07480756036486158
2026-02-08T12:00:00Z,2026-02-08T00:00:00Z,2026-02-09T20:00:00Z,turbine_1,32,0.4,1.69,4.37,3.88,68,0.4,4.37,100,unverified,2026-02-08T12:00:00Z,assumed,1.0.0,b3ad5c95580a49b2260b1ff6ab649242c717638b569451db5f2f6be5bcf54aee,0.05362447786226787
2026-02-08T12:00:00Z,2026-02-08T00:00:00Z,2026-02-09T20:00:00Z,turbine_2,32,0.4,1.69,4.37,3.88,68,0.4,4.37,100,unverified,2026-02-08T12:00:00Z,assumed,1.0.0,8fe049cee2dbb83c819c3ad1ab9e327e982b3408b6617f11599b4115d67eb141,0.050409056051449186
2026-02-08T12:00:00Z,2026-02-08T00:00:00Z,2026-02-09T21:00:00Z,turbine_1,33,0.4,1.79,4.59,4.52,74,0.4,4.59,100,unverified,2026-02-08T12:00:00Z,assumed,1.0.0,b3ad5c95580a49b2260b1ff6ab649242c717638b569451db5f2f6be5bcf54aee,0.06434451314141171
2026-02-08T12:00:00Z,2026-02-08T00:00:00Z,2026-02-09T21:00:00Z,turbine_2,33,0.4,1.79,4.59,4.52,74,0.4,4.59,100,unverified,2026-02-08T12:00:00Z,assumed,1.0.0,8fe049cee2dbb83c819c3ad1ab9e327e982b3408b6617f11599b4115d67eb141,0.06805574535076425
2026-02-08T12:00:00Z,2026-02-08T00:00:00Z,2026-02-09T22:00:00Z,turbine_1,34,0.5,1.9,5.22,5.57,67,0.5,5.22,100,unverified,2026-02-08T12:00:00Z,assumed,1.0.0,b3ad5c95580a49b2260b1ff6ab649242c717638b569451db5f2f6be5bcf54aee,0.11902032645574206
2026-02-08T12:00:00Z,2026-02-08T00:00:00Z,2026-02-09T22:00:00Z,turbine_2,34,0.5,1.9,5.22,5.57,67,0.5,5.22,100,unverified,2026-02-08T12:00:00Z,assumed,1.0.0,8fe049cee2dbb83c819c3ad1ab9e327e982b3408b6617f11599b4115d67eb141,0.10465289728968508
2026-02-08T12:00:00Z,2026-02-08T00:00:00Z,2026-02-09T23:00:00Z,turbine_1,35,0.3,1.68,4.78,5.97,69,0.3,4.78,100,unverified,2026-02-08T12:00:00Z,assumed,1.0.0,b3ad5c95580a49b2260b1ff6ab649242c717638b569451db5f2f6be5bcf54aee,0.08008910231261052
2026-02-08T12:00:00Z,2026-02-08T00:00:00Z,2026-02-09T23:00:00Z,turbine_2,35,0.3,1.68,4.78,5.97,69,0.3,4.78,100,unverified,2026-02-08T12:00:00Z,assumed,1.0.0,8fe049cee2dbb83c819c3ad1ab9e327e982b3408b6617f11599b4115d67eb141,0.07322252727049006
2026-02-08T12:00:00Z,2026-02-08T00:00:00Z,2026-02-10T00:00:00Z,turbine_1,36,0.7,1.87,4.63,5.68,83,0.7,4.63,100,unverified,2026-02-08T12:00:00Z,assumed,1.0.0,b3ad5c95580a49b2260b1ff6ab649242c717638b569451db5f2f6be5bcf54aee,0.07448164682927488
2026-02-08T12:00:00Z,2026-02-08T00:00:00Z,2026-02-10T00:00:00Z,turbine_2,36,0.7,1.87,4.63,5.68,83,0.7,4.63,100,unverified,2026-02-08T12:00:00Z,assumed,1.0.0,8fe049cee2dbb83c819c3ad1ab9e327e982b3408b6617f11599b4115d67eb141,0.06926179553954287
2026-02-08T12:00:00Z,2026-02-08T00:00:00Z,2026-02-10T01:00:00Z,turbine_1,37,1.7,2.58,5.8,6.03,90,1.7,5.8,100,unverified,2026-02-08T12:00:00Z,assumed,1.0.0,b3ad5c95580a49b2260b1ff6ab649242c717638b569451db5f2f6be5bcf54aee,0.1832203031789511
2026-02-08T12:00:00Z,2026-02-08T00:00:00Z,2026-02-10T01:00:00Z,turbine_2,37,1.7,2.58,5.8,6.03,90,1.7,5.8,100,unverified,2026-02-08T12:00:00Z,assumed,1.0.0,8fe049cee2dbb83c819c3ad1ab9e327e982b3408b6617f11599b4115d67eb141,0.16038592067576546
2026-02-08T12:00:00Z,2026-02-08T00:00:00Z,2026-02-10T02:00:00Z,turbine_1,38,1.2,2.05,3.41,2.84,238,1.2,3.41,100,unverified,2026-02-08T12:00:00Z,assumed,1.0.0,b3ad5c95580a49b2260b1ff6ab649242c717638b569451db5f2f6be5bcf54aee,0.02350066825919883
2026-02-08T12:00:00Z,2026-02-08T00:00:00Z,2026-02-10T02:00:00Z,turbine_2,38,1.2,2.05,3.41,2.84,238,1.2,3.41,100,unverified,2026-02-08T12:00:00Z,assumed,1.0.0,8fe049cee2dbb83c819c3ad1ab9e327e982b3408b6617f11599b4115d67eb141,0.020870529688419126
2026-02-08T12:00:00Z,2026-02-08T00:00:00Z,2026-02-10T03:00:00Z,turbine_1,39,2.5,2.93,5.51,6.51,249,2.5,5.51,100,unverified,2026-02-08T12:00:00Z,assumed,1.0.0,b3ad5c95580a49b2260b1ff6ab649242c717638b569451db5f2f6be5bcf54aee,0.14362884266032963
2026-02-08T12:00:00Z,2026-02-08T00:00:00Z,2026-02-10T03:00:00Z,turbine_2,39,2.5,2.93,5.51,6.51,249,2.5,5.51,100,unverified,2026-02-08T12:00:00Z,assumed,1.0.0,8fe049cee2dbb83c819c3ad1ab9e327e982b3408b6617f11599b4115d67eb141,0.1248660414210328
2026-02-08T12:00:00Z,2026-02-08T00:00:00Z,2026-02-10T04:00:00Z,turbine_1,40,4.5,1.92,3.15,4.14,216,4.5,3.15,100,unverified,2026-02-08T12:00:00Z,assumed,1.0.0,b3ad5c95580a49b2260b1ff6ab649242c717638b569451db5f2f6be5bcf54aee,0.02066185320169167
2026-02-08T12:00:00Z,2026-02-08T00:00:00Z,2026-02-10T04:00:00Z,turbine_2,40,4.5,1.92,3.15,4.14,216,4.5,3.15,100,unverified,2026-02-08T12:00:00Z,assumed,1.0.0,8fe049cee2dbb83c819c3ad1ab9e327e982b3408b6617f11599b4115d67eb141,0.009541291856834055
2026-02-08T12:00:00Z,2026-02-08T00:00:00Z,2026-02-10T05:00:00Z,turbine_1,41,6.1,2.84,5.06,7.23,256,6.1,5.06,100,unverified,2026-02-08T12:00:00Z,assumed,1.0.0,b3ad5c95580a49b2260b1ff6ab649242c717638b569451db5f2f6be5bcf54aee,0.11788661370299502
2026-02-08T12:00:00Z,2026-02-08T00:00:00Z,2026-02-10T05:00:00Z,turbine_2,41,6.1,2.84,5.06,7.23,256,6.1,5.06,100,unverified,2026-02-08T12:00:00Z,assumed,1.0.0,8fe049cee2dbb83c819c3ad1ab9e327e982b3408b6617f11599b4115d67eb141,0.09865969111711564
2026-02-08T12:00:00Z,2026-02-08T00:00:00Z,2026-02-10T06:00:00Z,turbine_1,42,7.6,4.47,6.25,7.63,251,7.6,6.25,100,unverified,2026-02-08T12:00:00Z,assumed,1.0.0,b3ad5c95580a49b2260b1ff6ab649242c717638b569451db5f2f6be5bcf54aee,0.24545640487423956
2026-02-08T12:00:00Z,2026-02-08T00:00:00Z,2026-02-10T06:00:00Z,turbine_2,42,7.6,4.47,6.25,7.63,251,7.6,6.25,100,unverified,2026-02-08T12:00:00Z,assumed,1.0.0,8fe049cee2dbb83c819c3ad1ab9e327e982b3408b6617f11599b4115d67eb141,0.24841643809624842
2026-02-08T12:00:00Z,2026-02-08T00:00:00Z,2026-02-10T07:00:00Z,turbine_1,43,8.2,4.57,6.12,6.62,237,8.2,6.12,100,unverified,2026-02-08T12:00:00Z,assumed,1.0.0,b3ad5c95580a49b2260b1ff6ab649242c717638b569451db5f2f6be5bcf54aee,0.23786520900961935
2026-02-08T12:00:00Z,2026-02-08T00:00:00Z,2026-02-10T07:00:00Z,turbine_2,43,8.2,4.57,6.12,6.62,237,8.2,6.12,100,unverified,2026-02-08T12:00:00Z,assumed,1.0.0,8fe049cee2dbb83c819c3ad1ab9e327e982b3408b6617f11599b4115d67eb141,0.23387142960167379
2026-02-08T12:00:00Z,2026-02-08T00:00:00Z,2026-02-10T08:00:00Z,turbine_1,44,9.7,5.85,8.09,8.84,256,9.7,8.09,100,unverified,2026-02-08T12:00:00Z,assumed,1.0.0,b3ad5c95580a49b2260b1ff6ab649242c717638b569451db5f2f6be5bcf54aee,0.531807624468672
2026-02-08T12:00:00Z,2026-02-08T00:00:00Z,2026-02-10T08:00:00Z,turbine_2,44,9.7,5.85,8.09,8.84,256,9.7,8.09,100,unverified,2026-02-08T12:00:00Z,assumed,1.0.0,8fe049cee2dbb83c819c3ad1ab9e327e982b3408b6617f11599b4115d67eb141,0.5180011072478623
2026-02-08T12:00:00Z,2026-02-08T00:00:00Z,2026-02-10T09:00:00Z,turbine_1,45,10.8,5.44,7.71,8.73,255,10.8,7.71,100,unverified,2026-02-08T12:00:00Z,assumed,1.0.0,b3ad5c95580a49b2260b1ff6ab649242c717638b569451db5f2f6be5bcf54aee,0.49146192868723637
2026-02-08T12:00:00Z,2026-02-08T00:00:00Z,2026-02-10T09:00:00Z,turbine_2,45,10.8,5.44,7.71,8.73,255,10.8,7.71,100,unverified,2026-02-08T12:00:00Z,assumed,1.0.0,8fe049cee2dbb83c819c3ad1ab9e327e982b3408b6617f11599b4115d67eb141,0.469020165036529
2026-02-08T12:00:00Z,2026-02-08T00:00:00Z,2026-02-10T10:00:00Z,turbine_1,46,10.2,4.65,6.96,8.01,238,10.2,6.96,100,unverified,2026-02-08T12:00:00Z,assumed,1.0.0,b3ad5c95580a49b2260b1ff6ab649242c717638b569451db5f2f6be5bcf54aee,0.37043730193744634
2026-02-08T12:00:00Z,2026-02-08T00:00:00Z,2026-02-10T10:00:00Z,turbine_2,46,10.2,4.65,6.96,8.01,238,10.2,6.96,100,unverified,2026-02-08T12:00:00Z,assumed,1.0.0,8fe049cee2dbb83c819c3ad1ab9e327e982b3408b6617f11599b4115d67eb141,0.3607308756137044
2026-02-08T12:00:00Z,2026-02-08T00:00:00Z,2026-02-10T11:00:00Z,turbine_1,47,8.3,3.52,6.95,7.6,221,8.3,6.95,100,unverified,2026-02-08T12:00:00Z,assumed,1.0.0,b3ad5c95580a49b2260b1ff6ab649242c717638b569451db5f2f6be5bcf54aee,0.36267447279971676
2026-02-08T12:00:00Z,2026-02-08T00:00:00Z,2026-02-10T11:00:00Z,turbine_2,47,8.3,3.52,6.95,7.6,221,8.3,6.95,100,unverified,2026-02-08T12:00:00Z,assumed,1.0.0,8fe049cee2dbb83c819c3ad1ab9e327e982b3408b6617f11599b4115d67eb141,0.3560278165704488
2026-02-08T12:00:00Z,2026-02-08T00:00:00Z,2026-02-10T12:00:00Z,turbine_1,48,4.9,2.66,5.87,6.06,200,4.9,5.87,100,unverified,2026-02-08T12:00:00Z,assumed,1.0.0,b3ad5c95580a49b2260b1ff6ab649242c717638b569451db5f2f6be5bcf54aee,0.1942220356408405
2026-02-08T12:00:00Z,2026-02-08T00:00:00Z,2026-02-10T12:00:00Z,turbine_2,48,4.9,2.66,5.87,6.06,200,4.9,5.87,100,unverified,2026-02-08T12:00:00Z,assumed,1.0.0,8fe049cee2dbb83c819c3ad1ab9e327e982b3408b6617f11599b4115d67eb141,0.18012350013407538
2026-02-09T12:00:00Z,2026-02-09T00:00:00Z,2026-02-09T13:00:00Z,turbine_1,1,0.4,3.45,7.67,9.94,68,0.4,7.67,100,unverified,2026-02-09T12:00:00Z,assumed,1.0.0,b3ad5c95580a49b2260b1ff6ab649242c717638b569451db5f2f6be5bcf54aee,0.48113692456016177
2026-02-09T12:00:00Z,2026-02-09T00:00:00Z,2026-02-09T13:00:00Z,turbine_2,1,0.4,3.45,7.67,9.94,68,0.4,7.67,100,unverified,2026-02-09T12:00:00Z,assumed,1.0.0,8fe049cee2dbb83c819c3ad1ab9e327e982b3408b6617f11599b4115d67eb141,0.45152944217745494
2026-02-09T12:00:00Z,2026-02-09T00:00:00Z,2026-02-09T14:00:00Z,turbine_1,2,-0.6,3.2,7.45,9.85,63,-0.6,7.45,100,unverified,2026-02-09T12:00:00Z,assumed,1.0.0,b3ad5c95580a49b2260b1ff6ab649242c717638b569451db5f2f6be5bcf54aee,0.4327950832913659
2026-02-09T12:00:00Z,2026-02-09T00:00:00Z,2026-02-09T14:00:00Z,turbine_2,2,-0.6,3.2,7.45,9.85,63,-0.6,7.45,100,unverified,2026-02-09T12:00:00Z,assumed,1.0.0,8fe049cee2dbb83c819c3ad1ab9e327e982b3408b6617f11599b4115d67eb141,0.4055981785846903
2026-02-09T12:00:00Z,2026-02-09T00:00:00Z,2026-02-09T15:00:00Z,turbine_1,3,-0.6,2.77,6.6,9.3,65,-0.6,6.6,100,unverified,2026-02-09T12:00:00Z,assumed,1.0.0,b3ad5c95580a49b2260b1ff6ab649242c717638b569451db5f2f6be5bcf54aee,0.28894554879277934
2026-02-09T12:00:00Z,2026-02-09T00:00:00Z,2026-02-09T15:00:00Z,turbine_2,3,-0.6,2.77,6.6,9.3,65,-0.6,6.6,100,unverified,2026-02-09T12:00:00Z,assumed,1.0.0,8fe049cee2dbb83c819c3ad1ab9e327e982b3408b6617f11599b4115d67eb141,0.2676861899378884
2026-02-09T12:00:00Z,2026-02-09T00:00:00Z,2026-02-09T16:00:00Z,turbine_1,4,-1.3,2.21,5.54,7.91,68,-1.3,5.54,100,unverified,2026-02-09T12:00:00Z,assumed,1.0.0,b3ad5c95580a49b2260b1ff6ab649242c717638b569451db5f2f6be5bcf54aee,0.13575322257822206
2026-02-09T12:00:00Z,2026-02-09T00:00:00Z,2026-02-09T16:00:00Z,turbine_2,4,-1.3,2.21,5.54,7.91,68,-1.3,5.54,100,unverified,2026-02-09T12:00:00Z,assumed,1.0.0,8fe049cee2dbb83c819c3ad1ab9e327e982b3408b6617f11599b4115d67eb141,0.12398719513321249
2026-02-09T12:00:00Z,2026-02-09T00:00:00Z,2026-02-09T17:00:00Z,turbine_1,5,-1.6,1.33,4.07,6.24,62,-1.6,4.07,100,unverified,2026-02-09T12:00:00Z,assumed,1.0.0,b3ad5c95580a49b2260b1ff6ab649242c717638b569451db5f2f6be5bcf54aee,0.03929357379336157
2026-02-09T12:00:00Z,2026-02-09T00:00:00Z,2026-02-09T17:00:00Z,turbine_2,5,-1.6,1.33,4.07,6.24,62,-1.6,4.07,100,unverified,2026-02-09T12:00:00Z,assumed,1.0.0,8fe049cee2dbb83c819c3ad1ab9e327e982b3408b6617f11599b4115d67eb141,0.036630581017048136
2026-02-09T12:00:00Z,2026-02-09T00:00:00Z,2026-02-09T18:00:00Z,turbine_1,6,-1.6,0.68,0.47,2.34,72,-1.6,0.47,100,unverified,2026-02-09T12:00:00Z,assumed,1.0.0,b3ad5c95580a49b2260b1ff6ab649242c717638b569451db5f2f6be5bcf54aee,0.007823383250202487
2026-02-09T12:00:00Z,2026-02-09T00:00:00Z,2026-02-09T18:00:00Z,turbine_2,6,-1.6,0.68,0.47,2.34,72,-1.6,0.47,100,unverified,2026-02-09T12:00:00Z,assumed,1.0.0,8fe049cee2dbb83c819c3ad1ab9e327e982b3408b6617f11599b4115d67eb141,0.009628963420147074
2026-02-09T12:00:00Z,2026-02-09T00:00:00Z,2026-02-09T19:00:00Z,turbine_1,7,-1.1,1.04,1.43,2.04,144,-1.1,1.43,100,unverified,2026-02-09T12:00:00Z,assumed,1.0.0,b3ad5c95580a49b2260b1ff6ab649242c717638b569451db5f2f6be5bcf54aee,0.006999323334673735
2026-02-09T12:00:00Z,2026-02-09T00:00:00Z,2026-02-09T19:00:00Z,turbine_2,7,-1.1,1.04,1.43,2.04,144,-1.1,1.43,100,unverified,2026-02-09T12:00:00Z,assumed,1.0.0,8fe049cee2dbb83c819c3ad1ab9e327e982b3408b6617f11599b4115d67eb141,0.008062615657996097
2026-02-09T12:00:00Z,2026-02-09T00:00:00Z,2026-02-09T20:00:00Z,turbine_1,8,-0.9,1.53,2.8,2.18,91,-0.9,2.8,100,unverified,2026-02-09T12:00:00Z,assumed,1.0.0,b3ad5c95580a49b2260b1ff6ab649242c717638b569451db5f2f6be5bcf54aee,0.011399711326618711
2026-02-09T12:00:00Z,2026-02-09T00:00:00Z,2026-02-09T20:00:00Z,turbine_2,8,-0.9,1.53,2.8,2.18,91,-0.9,2.8,100,unverified,2026-02-09T12:00:00Z,assumed,1.0.0,8fe049cee2dbb83c819c3ad1ab9e327e982b3408b6617f11599b4115d67eb141,0.007548505798180838
2026-02-09T12:00:00Z,2026-02-09T00:00:00Z,2026-02-09T21:00:00Z,turbine_1,9,-0.5,1.57,3.1,1.98,87,-0.5,3.1,100,unverified,2026-02-09T12:00:00Z,assumed,1.0.0,b3ad5c95580a49b2260b1ff6ab649242c717638b569451db5f2f6be5bcf54aee,0.014903537164595082
2026-02-09T12:00:00Z,2026-02-09T00:00:00Z,2026-02-09T21:00:00Z,turbine_2,9,-0.5,1.57,3.1,1.98,87,-0.5,3.1,100,unverified,2026-02-09T12:00:00Z,assumed,1.0.0,8fe049cee2dbb83c819c3ad1ab9e327e982b3408b6617f11599b4115d67eb141,0.015227079061611304
2026-02-09T12:00:00Z,2026-02-09T00:00:00Z,2026-02-09T22:00:00Z,turbine_1,10,-0.2,1.56,3.01,1.9,96,-0.2,3.01,100,unverified,2026-02-09T12:00:00Z,assumed,1.0.0,b3ad5c95580a49b2260b1ff6ab649242c717638b569451db5f2f6be5bcf54aee,0.011421220414296773
2026-02-09T12:00:00Z,2026-02-09T00:00:00Z,2026-02-09T22:00:00Z,turbine_2,10,-0.2,1.56,3.01,1.9,96,-0.2,3.01,100,unverified,2026-02-09T12:00:00Z,assumed,1.0.0,8fe049cee2dbb83c819c3ad1ab9e327e982b3408b6617f11599b4115d67eb141,0.008052709636547917
2026-02-09T12:00:00Z,2026-02-09T00:00:00Z,2026-02-09T23:00:00Z,turbine_1,11,1.0,1.06,2.21,1.45,95,1.0,2.21,100,unverified,2026-02-09T12:00:00Z,assumed,1.0.0,b3ad5c95580a49b2260b1ff6ab649242c717638b569451db5f2f6be5bcf54aee,0.011403663327587243
2026-02-09T12:00:00Z,2026-02-09T00:00:00Z,2026-02-09T23:00:00Z,turbine_2,11,1.0,1.06,2.21,1.45,95,1.0,2.21,100,unverified,2026-02-09T12:00:00Z,assumed,1.0.0,8fe049cee2dbb83c819c3ad1ab9e327e982b3408b6617f11599b4115d67eb141,0.011439179170311287
2026-02-09T12:00:00Z,2026-02-09T00:00:00Z,2026-02-10T00:00:00Z,turbine_1,12,2.6,0.45,1.28,1.0,121,2.6,1.28,100,unverified,2026-02-09T12:00:00Z,assumed,1.0.0,b3ad5c95580a49b2260b1ff6ab649242c717638b569451db5f2f6be5bcf54aee,0.010947615181120529
2026-02-09T12:00:00Z,2026-02-09T00:00:00Z,2026-02-10T00:00:00Z,turbine_2,12,2.6,0.45,1.28,1.0,121,2.6,1.28,100,unverified,2026-02-09T12:00:00Z,assumed,1.0.0,8fe049cee2dbb83c819c3ad1ab9e327e982b3408b6617f11599b4115d67eb141,0.008712366376932512
2026-02-09T12:00:00Z,2026-02-09T00:00:00Z,2026-02-10T01:00:00Z,turbine_1,13,1.6,1.71,3.69,3.8,234,1.6,3.69,100,unverified,2026-02-09T12:00:00Z,assumed,1.0.0,b3ad5c95580a49b2260b1ff6ab649242c717638b569451db5f2f6be5bcf54aee,0.03352163747830278
2026-02-09T12:00:00Z,2026-02-09T00:00:00Z,2026-02-10T01:00:00Z,turbine_2,13,1.6,1.71,3.69,3.8,234,1.6,3.69,100,unverified,2026-02-09T12:00:00Z,assumed,1.0.0,8fe049cee2dbb83c819c3ad1ab9e327e982b3408b6617f11599b4115d67eb141,0.027031383131498554
2026-02-09T12:00:00Z,2026-02-09T00:00:00Z,2026-02-10T02:00:00Z,turbine_1,14,0.7,2.09,4.52,4.84,244,0.7,4.52,100,unverified,2026-02-09T12:00:00Z,assumed,1.0.0,b3ad5c95580a49b2260b1ff6ab649242c717638b569451db5f2f6be5bcf54aee,0.06421552077637699
2026-02-09T12:00:00Z,2026-02-09T00:00:00Z,2026-02-10T02:00:00Z,turbine_2,14,0.7,2.09,4.52,4.84,244,0.7,4.52,100,unverified,2026-02-09T12:00:00Z,assumed,1.0.0,8fe049cee2dbb83c819c3ad1ab9e327e982b3408b6617f11599b4115d67eb141,0.06081714809148603
2026-02-09T12:00:00Z,2026-02-09T00:00:00Z,2026-02-10T03:00:00Z,turbine_1,15,3.0,2.45,5.61,6.72,243,3.0,5.61,100,unverified,2026-02-09T12:00:00Z,assumed,1.0.0,b3ad5c95580a49b2260b1ff6ab649242c717638b569451db5f2f6be5bcf54aee,0.15603878062125662
2026-02-09T12:00:00Z,2026-02-09T00:00:00Z,2026-02-10T03:00:00Z,turbine_2,15,3.0,2.45,5.61,6.72,243,3.0,5.61,100,unverified,2026-02-09T12:00:00Z,assumed,1.0.0,8fe049cee2dbb83c819c3ad1ab9e327e982b3408b6617f11599b4115d67eb141,0.14211725058463637
2026-02-09T12:00:00Z,2026-02-09T00:00:00Z,2026-02-10T04:00:00Z,turbine_1,16,5.6,2.5,4.64,5.94,259,5.6,4.64,100,unverified,2026-02-09T12:00:00Z,assumed,1.0.0,b3ad5c95580a49b2260b1ff6ab649242c717638b569451db5f2f6be5bcf54aee,0.08828256514431349
2026-02-09T12:00:00Z,2026-02-09T00:00:00Z,2026-02-10T04:00:00Z,turbine_2,16,5.6,2.5,4.64,5.94,259,5.6,4.64,100,unverified,2026-02-09T12:00:00Z,assumed,1.0.0,8fe049cee2dbb83c819c3ad1ab9e327e982b3408b6617f11599b4115d67eb141,0.08080383265654445
2026-02-09T12:00:00Z,2026-02-09T00:00:00Z,2026-02-10T05:00:00Z,turbine_1,17,6.0,3.78,5.33,7.87,246,6.0,5.33,100,unverified,2026-02-09T12:00:00Z,assumed,1.0.0,b3ad5c95580a49b2260b1ff6ab649242c717638b569451db5f2f6be5bcf54aee,0.14587607890821852
2026-02-09T12:00:00Z,2026-02-09T00:00:00Z,2026-02-10T05:00:00Z,turbine_2,17,6.0,3.78,5.33,7.87,246,6.0,5.33,100,unverified,2026-02-09T12:00:00Z,assumed,1.0.0,8fe049cee2dbb83c819c3ad1ab9e327e982b3408b6617f11599b4115d67eb141,0.1329678511152398
2026-02-09T12:00:00Z,2026-02-09T00:00:00Z,2026-02-10T06:00:00Z,turbine_1,18,6.8,5.13,7.89,10.91,226,6.8,7.89,100,unverified,2026-02-09T12:00:00Z,assumed,1.0.0,b3ad5c95580a49b2260b1ff6ab649242c717638b569451db5f2f6be5bcf54aee,0.49888426094073
2026-02-09T12:00:00Z,2026-02-09T00:00:00Z,2026-02-10T06:00:00Z,turbine_2,18,6.8,5.13,7.89,10.91,226,6.8,7.89,100,unverified,2026-02-09T12:00:00Z,assumed,1.0.0,8fe049cee2dbb83c819c3ad1ab9e327e982b3408b6617f11599b4115d67eb141,0.4866757802556067
2026-02-09T12:00:00Z,2026-02-09T00:00:00Z,2026-02-10T07:00:00Z,turbine_1,19,8.5,4.78,10.31,11.74,249,8.5,10.31,100,unverified,2026-02-09T12:00:00Z,assumed,1.0.0,b3ad5c95580a49b2260b1ff6ab649242c717638b569451db5f2f6be5bcf54aee,0.8742155518813536
2026-02-09T12:00:00Z,2026-02-09T00:00:00Z,2026-02-10T07:00:00Z,turbine_2,19,8.5,4.78,10.31,11.74,249,8.5,10.31,100,unverified,2026-02-09T12:00:00Z,assumed,1.0.0,8fe049cee2dbb83c819c3ad1ab9e327e982b3408b6617f11599b4115d67eb141,0.8575254253180177
2026-02-09T12:00:00Z,2026-02-09T00:00:00Z,2026-02-10T08:00:00Z,turbine_1,20,10.0,5.59,8.71,11.33,257,10.0,8.71,100,unverified,2026-02-09T12:00:00Z,assumed,1.0.0,b3ad5c95580a49b2260b1ff6ab649242c717638b569451db5f2f6be5bcf54aee,0.6457056688700227
2026-02-09T12:00:00Z,2026-02-09T00:00:00Z,2026-02-10T08:00:00Z,turbine_2,20,10.0,5.59,8.71,11.33,257,10.0,8.71,100,unverified,2026-02-09T12:00:00Z,assumed,1.0.0,8fe049cee2dbb83c819c3ad1ab9e327e982b3408b6617f11599b4115d67eb141,0.6230552850354072
2026-02-09T12:00:00Z,2026-02-09T00:00:00Z,2026-02-10T09:00:00Z,turbine_1,21,10.3,5.02,8.31,9.55,254,10.3,8.31,100,unverified,2026-02-09T12:00:00Z,assumed,1.0.0,b3ad5c95580a49b2260b1ff6ab649242c717638b569451db5f2f6be5bcf54aee,0.574854045092674
2026-02-09T12:00:00Z,2026-02-09T00:00:00Z,2026-02-10T09:00:00Z,turbine_2,21,10.3,5.02,8.31,9.55,254,10.3,8.31,100,unverified,2026-02-09T12:00:00Z,assumed,1.0.0,8fe049cee2dbb83c819c3ad1ab9e327e982b3408b6617f11599b4115d67eb141,0.5737379478858822
2026-02-09T12:00:00Z,2026-02-09T00:00:00Z,2026-02-10T10:00:00Z,turbine_1,22,10.6,4.23,6.55,7.41,243,10.6,6.55,100,unverified,2026-02-09T12:00:00Z,assumed,1.0.0,b3ad5c95580a49b2260b1ff6ab649242c717638b569451db5f2f6be5bcf54aee,0.29930497670330436
2026-02-09T12:00:00Z,2026-02-09T00:00:00Z,2026-02-10T10:00:00Z,turbine_2,22,10.6,4.23,6.55,7.41,243,10.6,6.55,100,unverified,2026-02-09T12:00:00Z,assumed,1.0.0,8fe049cee2dbb83c819c3ad1ab9e327e982b3408b6617f11599b4115d67eb141,0.2949196501554284
2026-02-09T12:00:00Z,2026-02-09T00:00:00Z,2026-02-10T11:00:00Z,turbine_1,23,8.4,3.58,6.81,6.94,212,8.4,6.81,100,unverified,2026-02-09T12:00:00Z,assumed,1.0.0,b3ad5c95580a49b2260b1ff6ab649242c717638b569451db5f2f6be5bcf54aee,0.3240410625503737
2026-02-09T12:00:00Z,2026-02-09T00:00:00Z,2026-02-10T11:00:00Z,turbine_2,23,8.4,3.58,6.81,6.94,212,8.4,6.81,100,unverified,2026-02-09T12:00:00Z,assumed,1.0.0,8fe049cee2dbb83c819c3ad1ab9e327e982b3408b6617f11599b4115d67eb141,0.3279048430339666
2026-02-09T12:00:00Z,2026-02-09T00:00:00Z,2026-02-10T12:00:00Z,turbine_1,24,5.5,4.25,7.1,6.43,203,5.5,7.1,100,unverified,2026-02-09T12:00:00Z,assumed,1.0.0,b3ad5c95580a49b2260b1ff6ab649242c717638b569451db5f2f6be5bcf54aee,0.3706916272481432
2026-02-09T12:00:00Z,2026-02-09T00:00:00Z,2026-02-10T12:00:00Z,turbine_2,24,5.5,4.25,7.1,6.43,203,5.5,7.1,100,unverified,2026-02-09T12:00:00Z,assumed,1.0.0,8fe049cee2dbb83c819c3ad1ab9e327e982b3408b6617f11599b4115d67eb141,0.3550760802026106
2026-02-09T12:00:00Z,2026-02-09T00:00:00Z,2026-02-10T13:00:00Z,turbine_1,25,4.4,3.83,6.2,5.47,187,4.4,6.2,100,unverified,2026-02-09T12:00:00Z,assumed,1.0.0,b3ad5c95580a49b2260b1ff6ab649242c717638b569451db5f2f6be5bcf54aee,0.2450423525814566
2026-02-09T12:00:00Z,2026-02-09T00:00:00Z,2026-02-10T13:00:00Z,turbine_2,25,4.4,3.83,6.2,5.47,187,4.4,6.2,100,unverified,2026-02-09T12:00:00Z,assumed,1.0.0,8fe049cee2dbb83c819c3ad1ab9e327e982b3408b6617f11599b4115d67eb141,0.21438145485593887
2026-02-09T12:00:00Z,2026-02-09T00:00:00Z,2026-02-10T14:00:00Z,turbine_1,26,2.2,3.13,4.25,3.56,156,2.2,4.25,100,unverified,2026-02-09T12:00:00Z,assumed,1.0.0,b3ad5c95580a49b2260b1ff6ab649242c717638b569451db5f2f6be5bcf54aee,0.05607966831294503
2026-02-09T12:00:00Z,2026-02-09T00:00:00Z,2026-02-10T14:00:00Z,turbine_2,26,2.2,3.13,4.25,3.56,156,2.2,4.25,100,unverified,2026-02-09T12:00:00Z,assumed,1.0.0,8fe049cee2dbb83c819c3ad1ab9e327e982b3408b6617f11599b4115d67eb141,0.04637048304592445
2026-02-09T12:00:00Z,2026-02-09T00:00:00Z,2026-02-10T15:00:00Z,turbine_1,27,1.0,3.1,6.2,6.78,83,1.0,6.2,100,unverified,2026-02-09T12:00:00Z,assumed,1.0.0,b3ad5c95580a49b2260b1ff6ab649242c717638b569451db5f2f6be5bcf54aee,0.23394648404089763
2026-02-09T12:00:00Z,2026-02-09T00:00:00Z,2026-02-10T15:00:00Z,turbine_2,27,1.0,3.1,6.2,6.78,83,1.0,6.2,100,unverified,2026-02-09T12:00:00Z,assumed,1.0.0,8fe049cee2dbb83c819c3ad1ab9e327e982b3408b6617f11599b4115d67eb141,0.21860243241629654
2026-02-09T12:00:00Z,2026-02-09T00:00:00Z,2026-02-10T16:00:00Z,turbine_1,28,1.1,4.35,8.53,10.55,70,1.1,8.53,100,unverified,2026-02-09T12:00:00Z,assumed,1.0.0,b3ad5c95580a49b2260b1ff6ab649242c717638b569451db5f2f6be5bcf54aee,0.623669865350784
2026-02-09T12:00:00Z,2026-02-09T00:00:00Z,2026-02-10T16:00:00Z,turbine_2,28,1.1,4.35,8.53,10.55,70,1.1,8.53,100,unverified,2026-02-09T12:00:00Z,assumed,1.0.0,8fe049cee2dbb83c819c3ad1ab9e327e982b3408b6617f11599b4115d67eb141,0.5945898211207633
2026-02-09T12:00:00Z,2026-02-09T00:00:00Z,2026-02-10T17:00:00Z,turbine_1,29,0.8,4.99,9.56,12.29,69,0.8,9.56,100,unverified,2026-02-09T12:00:00Z,assumed,1.0.0,b3ad5c95580a49b2260b1ff6ab649242c717638b569451db5f2f6be5bcf54aee,0.780814992239234
2026-02-09T12:00:00Z,2026-02-09T00:00:00Z,2026-02-10T17:00:00Z,turbine_2,29,0.8,4.99,9.56,12.29,69,0.8,9.56,100,unverified,2026-02-09T12:00:00Z,assumed,1.0.0,8fe049cee2dbb83c819c3ad1ab9e327e982b3408b6617f11599b4115d67eb141,0.7416553396853827
2026-02-09T12:00:00Z,2026-02-09T00:00:00Z,2026-02-10T18:00:00Z,turbine_1,30,1.1,5.98,11.07,14.09,64,1.1,11.07,100,unverified,2026-02-09T12:00:00Z,assumed,1.0.0,b3ad5c95580a49b2260b1ff6ab649242c717638b569451db5f2f6be5bcf54aee,0.961602430070211
2026-02-09T12:00:00Z,2026-02-09T00:00:00Z,2026-02-10T18:00:00Z,turbine_2,30,1.1,5.98,11.07,14.09,64,1.1,11.07,100,unverified,2026-02-09T12:00:00Z,assumed,1.0.0,8fe049cee2dbb83c819c3ad1ab9e327e982b3408b6617f11599b4115d67eb141,0.9431761299064703
2026-02-09T12:00:00Z,2026-02-09T00:00:00Z,2026-02-10T19:00:00Z,turbine_1,31,1.1,6.1,11.11,13.82,69,1.1,11.11,100,unverified,2026-02-09T12:00:00Z,assumed,1.0.0,b3ad5c95580a49b2260b1ff6ab649242c717638b569451db5f2f6be5bcf54aee,0.96631127811538
2026-02-09T12:00:00Z,2026-02-09T00:00:00Z,2026-02-10T19:00:00Z,turbine_2,31,1.1,6.1,11.11,13.82,69,1.1,11.11,100,unverified,2026-02-09T12:00:00Z,assumed,1.0.0,8fe049cee2dbb83c819c3ad1ab9e327e982b3408b6617f11599b4115d67eb141,0.9535055171086161
2026-02-09T12:00:00Z,2026-02-09T00:00:00Z,2026-02-10T20:00:00Z,turbine_1,32,0.7,4.98,9.42,11.91,66,0.7,9.42,100,unverified,2026-02-09T12:00:00Z,assumed,1.0.0,b3ad5c95580a49b2260b1ff6ab649242c717638b569451db5f2f6be5bcf54aee,0.7581595294826493
2026-02-09T12:00:00Z,2026-02-09T00:00:00Z,2026-02-10T20:00:00Z,turbine_2,32,0.7,4.98,9.42,11.91,66,0.7,9.42,100,unverified,2026-02-09T12:00:00Z,assumed,1.0.0,8fe049cee2dbb83c819c3ad1ab9e327e982b3408b6617f11599b4115d67eb141,0.7365671078657816
2026-02-09T12:00:00Z,2026-02-09T00:00:00Z,2026-02-10T21:00:00Z,turbine_1,33,0.2,4.75,8.82,11.33,83,0.2,8.82,100,unverified,2026-02-09T12:00:00Z,assumed,1.0.0,b3ad5c95580a49b2260b1ff6ab649242c717638b569451db5f2f6be5bcf54aee,0.673837192099793
2026-02-09T12:00:00Z,2026-02-09T00:00:00Z,2026-02-10T21:00:00Z,turbine_2,33,0.2,4.75,8.82,11.33,83,0.2,8.82,100,unverified,2026-02-09T12:00:00Z,assumed,1.0.0,8fe049cee2dbb83c819c3ad1ab9e327e982b3408b6617f11599b4115d67eb141,0.6357912610497404
2026-02-09T12:00:00Z,2026-02-09T00:00:00Z,2026-02-10T22:00:00Z,turbine_1,34,0.7,3.82,7.68,9.66,75,0.7,7.68,100,unverified,2026-02-09T12:00:00Z,assumed,1.0.0,b3ad5c95580a49b2260b1ff6ab649242c717638b569451db5f2f6be5bcf54aee,0.4811186193430266
2026-02-09T12:00:00Z,2026-02-09T00:00:00Z,2026-02-10T22:00:00Z,turbine_2,34,0.7,3.82,7.68,9.66,75,0.7,7.68,100,unverified,2026-02-09T12:00:00Z,assumed,1.0.0,8fe049cee2dbb83c819c3ad1ab9e327e982b3408b6617f11599b4115d67eb141,0.45150060869302583
2026-02-09T12:00:00Z,2026-02-09T00:00:00Z,2026-02-10T23:00:00Z,turbine_1,35,0.0,3.23,6.84,9.23,75,0.0,6.84,100,unverified,2026-02-09T12:00:00Z,assumed,1.0.0,b3ad5c95580a49b2260b1ff6ab649242c717638b569451db5f2f6be5bcf54aee,0.33387793838572427
2026-02-09T12:00:00Z,2026-02-09T00:00:00Z,2026-02-10T23:00:00Z,turbine_2,35,0.0,3.23,6.84,9.23,75,0.0,6.84,100,unverified,2026-02-09T12:00:00Z,assumed,1.0.0,8fe049cee2dbb83c819c3ad1ab9e327e982b3408b6617f11599b4115d67eb141,0.3062830892399608
2026-02-09T12:00:00Z,2026-02-09T00:00:00Z,2026-02-11T00:00:00Z,turbine_1,36,-0.7,1.35,3.78,5.55,62,-0.7,3.78,100,unverified,2026-02-09T12:00:00Z,assumed,1.0.0,b3ad5c95580a49b2260b1ff6ab649242c717638b569451db5f2f6be5bcf54aee,0.030705123683458235
2026-02-09T12:00:00Z,2026-02-09T00:00:00Z,2026-02-11T00:00:00Z,turbine_2,36,-0.7,1.35,3.78,5.55,62,-0.7,3.78,100,unverified,2026-02-09T12:00:00Z,assumed,1.0.0,8fe049cee2dbb83c819c3ad1ab9e327e982b3408b6617f11599b4115d67eb141,0.025869012456946505
2026-02-09T12:00:00Z,2026-02-09T00:00:00Z,2026-02-11T01:00:00Z,turbine_1,37,-1.4,1.57,2.3,3.48,132,-1.4,2.3,100,unverified,2026-02-09T12:00:00Z,assumed,1.0.0,b3ad5c95580a49b2260b1ff6ab649242c717638b569451db5f2f6be5bcf54aee,0.01027500169775325
2026-02-09T12:00:00Z,2026-02-09T00:00:00Z,2026-02-11T01:00:00Z,turbine_2,37,-1.4,1.57,2.3,3.48,132,-1.4,2.3,100,unverified,2026-02-09T12:00:00Z,assumed,1.0.0,8fe049cee2dbb83c819c3ad1ab9e327e982b3408b6617f11599b4115d67eb141,0.01066449280699494
2026-02-09T12:00:00Z,2026-02-09T00:00:00Z,2026-02-11T02:00:00Z,turbine_1,38,-1.2,1.88,2.11,1.91,158,-1.2,2.11,100,unverified,2026-02-09T12:00:00Z,assumed,1.0.0,b3ad5c95580a49b2260b1ff6ab649242c717638b569451db5f2f6be5bcf54aee,0.010124715427220543
2026-02-09T12:00:00Z,2026-02-09T00:00:00Z,2026-02-11T02:00:00Z,turbine_2,38,-1.2,1.88,2.11,1.91,158,-1.2,2.11,100,unverified,2026-02-09T12:00:00Z,assumed,1.0.0,8fe049cee2dbb83c819c3ad1ab9e327e982b3408b6617f11599b4115d67eb141,0.01046685910952505
2026-02-09T12:00:00Z,2026-02-09T00:00:00Z,2026-02-11T03:00:00Z,turbine_1,39,1.5,1.32,1.19,0.54,195,1.5,1.19,100,unverified,2026-02-09T12:00:00Z,assumed,1.0.0,b3ad5c95580a49b2260b1ff6ab649242c717638b569451db5f2f6be5bcf54aee,0.009023381050668744
2026-02-09T12:00:00Z,2026-02-09T00:00:00Z,2026-02-11T03:00:00Z,turbine_2,39,1.5,1.32,1.19,0.54,195,1.5,1.19,100,unverified,2026-02-09T12:00:00Z,assumed,1.0.0,8fe049cee2dbb83c819c3ad1ab9e327e982b3408b6617f11599b4115d67eb141,0.00901621054394075
2026-02-09T12:00:00Z,2026-02-09T00:00:00Z,2026-02-11T04:00:00Z,turbine_1,40,6.1,2.6,4.12,4.8,216,6.1,4.12,100,unverified,2026-02-09T12:00:00Z,assumed,1.0.0,b3ad5c95580a49b2260b1ff6ab649242c717638b569451db5f2f6be5bcf54aee,0.06215809131963257
2026-02-09T12:00:00Z,2026-02-09T00:00:00Z,2026-02-11T04:00:00Z,turbine_2,40,6.1,2.6,4.12,4.8,216,6.1,4.12,100,unverified,2026-02-09T12:00:00Z,assumed,1.0.0,8fe049cee2dbb83c819c3ad1ab9e327e982b3408b6617f11599b4115d67eb141,0.054121964202273165
2026-02-09T12:00:00Z,2026-02-09T00:00:00Z,2026-02-11T05:00:00Z,turbine_1,41,9.5,0.63,2.17,4.48,218,9.5,2.17,100,unverified,2026-02-09T12:00:00Z,assumed,1.0.0,b3ad5c95580a49b2260b1ff6ab649242c717638b569451db5f2f6be5bcf54aee,0.013318059885138178
2026-02-09T12:00:00Z,2026-02-09T00:00:00Z,2026-02-11T05:00:00Z,turbine_2,41,9.5,0.63,2.17,4.48,218,9.5,2.17,100,unverified,2026-02-09T12:00:00Z,assumed,1.0.0,8fe049cee2dbb83c819c3ad1ab9e327e982b3408b6617f11599b4115d67eb141,0.011563571580934462
2026-02-09T12:00:00Z,2026-02-09T00:00:00Z,2026-02-11T06:00:00Z,turbine_1,42,9.8,2.53,2.97,3.05,290,9.8,2.97,100,unverified,2026-02-09T12:00:00Z,assumed,1.0.0,b3ad5c95580a49b2260b1ff6ab649242c717638b569451db5f2f6be5bcf54aee,0.02265976633296035
2026-02-09T12:00:00Z,2026-02-09T00:00:00Z,2026-02-11T06:00:00Z,turbine_2,42,9.8,2.53,2.97,3.05,290,9.8,2.97,100,unverified,2026-02-09T12:00:00Z,assumed,1.0.0,8fe049cee2dbb83c819c3ad1ab9e327e982b3408b6617f11599b4115d67eb141,0.019466427604109826
2026-02-09T12:00:00Z,2026-02-09T00:00:00Z,2026-02-11T07:00:00Z,turbine_1,43,11.1,2.2,2.88,3.24,253,11.1,2.88,100,unverified,2026-02-09T12:00:00Z,assumed,1.0.0,b3ad5c95580a49b2260b1ff6ab649242c717638b569451db5f2f6be5bcf54aee,0.02321707173141907
2026-02-09T12:00:00Z,2026-02-09T00:00:00Z,2026-02-11T07:00:00Z,turbine_2,43,11.1,2.2,2.88,3.24,253,11.1,2.88,100,unverified,2026-02-09T12:00:00Z,assumed,1.0.0,8fe049cee2dbb83c819c3ad1ab9e327e982b3408b6617f11599b4115d67eb141,0.020682131513486024
2026-02-09T12:00:00Z,2026-02-09T00:00:00Z,2026-02-11T08:00:00Z,turbine_1,44,11.7,4.57,5.99,6.33,264,11.7,5.99,100,unverified,2026-02-09T12:00:00Z,assumed,1.0.0,b3ad5c95580a49b2260b1ff6ab649242c717638b569451db5f2f6be5bcf54aee,0.22942849851004699
2026-02-09T12:00:00Z,2026-02-09T00:00:00Z,2026-02-11T08:00:00Z,turbine_2,44,11.7,4.57,5.99,6.33,264,11.7,5.99,100,unverified,2026-02-09T12:00:00Z,assumed,1.0.0,8fe049cee2dbb83c819c3ad1ab9e327e982b3408b6617f11599b4115d67eb141,0.22714433298132866
2026-02-09T12:00:00Z,2026-02-09T00:00:00Z,2026-02-11T09:00:00Z,turbine_1,45,9.9,6.92,9.68,10.72,274,9.9,9.68,100,unverified,2026-02-09T12:00:00Z,assumed,1.0.0,b3ad5c95580a49b2260b1ff6ab649242c717638b569451db5f2f6be5bcf54aee,0.7858456790869475
2026-02-09T12:00:00Z,2026-02-09T00:00:00Z,2026-02-11T09:00:00Z,turbine_2,45,9.9,6.92,9.68,10.72,274,9.9,9.68,100,unverified,2026-02-09T12:00:00Z,assumed,1.0.0,8fe049cee2dbb83c819c3ad1ab9e327e982b3408b6617f11599b4115d67eb141,0.7716040437667004
2026-02-09T12:00:00Z,2026-02-09T00:00:00Z,2026-02-11T10:00:00Z,turbine_1,46,7.7,8.14,11.52,13.47,262,7.7,11.52,100,unverified,2026-02-09T12:00:00Z,assumed,1.0.0,b3ad5c95580a49b2260b1ff6ab649242c717638b569451db5f2f6be5bcf54aee,0.9694477829753421
2026-02-09T12:00:00Z,2026-02-09T00:00:00Z,2026-02-11T10:00:00Z,turbine_2,46,7.7,8.14,11.52,13.47,262,7.7,11.52,100,unverified,2026-02-09T12:00:00Z,assumed,1.0.0,8fe049cee2dbb83c819c3ad1ab9e327e982b3408b6617f11599b4115d67eb141,0.9556510975011486
2026-02-09T12:00:00Z,2026-02-09T00:00:00Z,2026-02-11T11:00:00Z,turbine_1,47,5.4,7.62,11.61,13.89,243,5.4,11.61,100,unverified,2026-02-09T12:00:00Z,assumed,1.0.0,b3ad5c95580a49b2260b1ff6ab649242c717638b569451db5f2f6be5bcf54aee,0.9776570140568285
2026-02-09T12:00:00Z,2026-02-09T00:00:00Z,2026-02-11T11:00:00Z,turbine_2,47,5.4,7.62,11.61,13.89,243,5.4,11.61,100,unverified,2026-02-09T12:00:00Z,assumed,1.0.0,8fe049cee2dbb83c819c3ad1ab9e327e982b3408b6617f11599b4115d67eb141,0.9635329252531897
2026-02-09T12:00:00Z,2026-02-09T00:00:00Z,2026-02-11T12:00:00Z,turbine_1,48,3.7,8.66,13.46,15.8,248,3.7,13.46,100,unverified,2026-02-09T12:00:00Z,assumed,1.0.0,b3ad5c95580a49b2260b1ff6ab649242c717638b569451db5f2f6be5bcf54aee,0.976703268556264
2026-02-09T12:00:00Z,2026-02-09T00:00:00Z,2026-02-11T12:00:00Z,turbine_2,48,3.7,8.66,13.46,15.8,248,3.7,13.46,100,unverified,2026-02-09T12:00:00Z,assumed,1.0.0,8fe049cee2dbb83c819c3ad1ab9e327e982b3408b6617f11599b4115d67eb141,0.9748669408462866
2026-02-10T12:00:00Z,2026-02-10T00:00:00Z,2026-02-10T13:00:00Z,turbine_1,1,1.5,3.09,4.43,4.33,187,1.5,4.43,100,unverified,2026-02-10T12:00:00Z,assumed,1.0.0,b3ad5c95580a49b2260b1ff6ab649242c717638b569451db5f2f6be5bcf54aee,0.0588070178076438
2026-02-10T12:00:00Z,2026-02-10T00:00:00Z,2026-02-10T13:00:00Z,turbine_2,1,1.5,3.09,4.43,4.33,187,1.5,4.43,100,unverified,2026-02-10T12:00:00Z,assumed,1.0.0,8fe049cee2dbb83c819c3ad1ab9e327e982b3408b6617f11599b4115d67eb141,0.05437198750449801
2026-02-10T12:00:00Z,2026-02-10T00:00:00Z,2026-02-10T14:00:00Z,turbine_1,2,0.3,2.33,2.87,3.54,149,0.3,2.87,100,unverified,2026-02-10T12:00:00Z,assumed,1.0.0,b3ad5c95580a49b2260b1ff6ab649242c717638b569451db5f2f6be5bcf54aee,0.012934749842437254
2026-02-10T12:00:00Z,2026-02-10T00:00:00Z,2026-02-10T14:00:00Z,turbine_2,2,0.3,2.33,2.87,3.54,149,0.3,2.87,100,unverified,2026-02-10T12:00:00Z,assumed,1.0.0,8fe049cee2dbb83c819c3ad1ab9e327e982b3408b6617f11599b4115d67eb141,0.012786676832998778
2026-02-10T12:00:00Z,2026-02-10T00:00:00Z,2026-02-10T15:00:00Z,turbine_1,3,0.9,3.32,6.86,7.53,78,0.9,6.86,100,unverified,2026-02-10T12:00:00Z,assumed,1.0.0,b3ad5c95580a49b2260b1ff6ab649242c717638b569451db5f2f6be5bcf54aee,0.3357674946011396
2026-02-10T12:00:00Z,2026-02-10T00:00:00Z,2026-02-10T15:00:00Z,turbine_2,3,0.9,3.32,6.86,7.53,78,0.9,6.86,100,unverified,2026-02-10T12:00:00Z,assumed,1.0.0,8fe049cee2dbb83c819c3ad1ab9e327e982b3408b6617f11599b4115d67eb141,0.3129854664179755
2026-02-10T12:00:00Z,2026-02-10T00:00:00Z,2026-02-10T16:00:00Z,turbine_1,4,1.6,4.51,8.78,10.66,74,1.6,8.78,100,unverified,2026-02-10T12:00:00Z,assumed,1.0.0,b3ad5c95580a49b2260b1ff6ab649242c717638b569451db5f2f6be5bcf54aee,0.6742938267932158
2026-02-10T12:00:00Z,2026-02-10T00:00:00Z,2026-02-10T16:00:00Z,turbine_2,4,1.6,4.51,8.78,10.66,74,1.6,8.78,100,unverified,2026-02-10T12:00:00Z,assumed,1.0.0,8fe049cee2dbb83c819c3ad1ab9e327e982b3408b6617f11599b4115d67eb141,0.6328325077293011
2026-02-10T12:00:00Z,2026-02-10T00:00:00Z,2026-02-10T17:00:00Z,turbine_1,5,1.1,5.53,10.49,13.17,62,1.1,10.49,100,unverified,2026-02-10T12:00:00Z,assumed,1.0.0,b3ad5c95580a49b2260b1ff6ab649242c717638b569451db5f2f6be5bcf54aee,0.9031076955136726
2026-02-10T12:00:00Z,2026-02-10T00:00:00Z,2026-02-10T17:00:00Z,turbine_2,5,1.1,5.53,10.49,13.17,62,1.1,10.49,100,unverified,2026-02-10T12:00:00Z,assumed,1.0.0,8fe049cee2dbb83c819c3ad1ab9e327e982b3408b6617f11599b4115d67eb141,0.8904966294727102
2026-02-10T12:00:00Z,2026-02-10T00:00:00Z,2026-02-10T18:00:00Z,turbine_1,6,0.9,6.28,11.24,14.14,68,0.9,11.24,100,unverified,2026-02-10T12:00:00Z,assumed,1.0.0,b3ad5c95580a49b2260b1ff6ab649242c717638b569451db5f2f6be5bcf54aee,0.9701440201934244
2026-02-10T12:00:00Z,2026-02-10T00:00:00Z,2026-02-10T18:00:00Z,turbine_2,6,0.9,6.28,11.24,14.14,68,0.9,11.24,100,unverified,2026-02-10T12:00:00Z,assumed,1.0.0,8fe049cee2dbb83c819c3ad1ab9e327e982b3408b6617f11599b4115d67eb141,0.9580508267760026
2026-02-10T12:00:00Z,2026-02-10T00:00:00Z,2026-02-10T19:00:00Z,turbine_1,7,1.4,6.69,11.93,14.53,74,1.4,11.93,100,unverified,2026-02-10T12:00:00Z,assumed,1.0.0,b3ad5c95580a49b2260b1ff6ab649242c717638b569451db5f2f6be5bcf54aee,0.976894629706033
2026-02-10T12:00:00Z,2026-02-10T00:00:00Z,2026-02-10T19:00:00Z,turbine_2,7,1.4,6.69,11.93,14.53,74,1.4,11.93,100,unverified,2026-02-10T12:00:00Z,assumed,1.0.0,8fe049cee2dbb83c819c3ad1ab9e327e982b3408b6617f11599b4115d67eb141,0.973642624805124
2026-02-10T12:00:00Z,2026-02-10T00:00:00Z,2026-02-10T20:00:00Z,turbine_1,8,1.0,5.44,9.89,12.12,66,1.0,9.89,100,unverified,2026-02-10T12:00:00Z,assumed,1.0.0,b3ad5c95580a49b2260b1ff6ab649242c717638b569451db5f2f6be5bcf54aee,0.8337815620681559
2026-02-10T12:00:00Z,2026-02-10T00:00:00Z,2026-02-10T20:00:00Z,turbine_2,8,1.0,5.44,9.89,12.12,66,1.0,9.89,100,unverified,2026-02-10T12:00:00Z,assumed,1.0.0,8fe049cee2dbb83c819c3ad1ab9e327e982b3408b6617f11599b4115d67eb141,0.8036620087924173
2026-02-10T12:00:00Z,2026-02-10T00:00:00Z,2026-02-10T21:00:00Z,turbine_1,9,-0.1,5.35,9.36,11.89,84,-0.1,9.36,100,unverified,2026-02-10T12:00:00Z,assumed,1.0.0,b3ad5c95580a49b2260b1ff6ab649242c717638b569451db5f2f6be5bcf54aee,0.7582157492374193
2026-02-10T12:00:00Z,2026-02-10T00:00:00Z,2026-02-10T21:00:00Z,turbine_2,9,-0.1,5.35,9.36,11.89,84,-0.1,9.36,100,unverified,2026-02-10T12:00:00Z,assumed,1.0.0,8fe049cee2dbb83c819c3ad1ab9e327e982b3408b6617f11599b4115d67eb141,0.7214364488549225
2026-02-10T12:00:00Z,2026-02-10T00:00:00Z,2026-02-10T22:00:00Z,turbine_1,10,0.4,4.49,8.56,10.73,73,0.4,8.56,100,unverified,2026-02-10T12:00:00Z,assumed,1.0.0,b3ad5c95580a49b2260b1ff6ab649242c717638b569451db5f2f6be5bcf54aee,0.6393198879982793
2026-02-10T12:00:00Z,2026-02-10T00:00:00Z,2026-02-10T22:00:00Z,turbine_2,10,0.4,4.49,8.56,10.73,73,0.4,8.56,100,unverified,2026-02-10T12:00:00Z,assumed,1.0.0,8fe049cee2dbb83c819c3ad1ab9e327e982b3408b6617f11599b4115d67eb141,0.5946996672595745
2026-02-10T12:00:00Z,2026-02-10T00:00:00Z,2026-02-10T23:00:00Z,turbine_1,11,0.3,4.36,7.92,10.34,80,0.3,7.92,100,unverified,2026-02-10T12:00:00Z,assumed,1.0.0,b3ad5c95580a49b2260b1ff6ab649242c717638b569451db5f2f6be5bcf54aee,0.5034195986846987
2026-02-10T12:00:00Z,2026-02-10T00:00:00Z,2026-02-10T23:00:00Z,turbine_2,11,0.3,4.36,7.92,10.34,80,0.3,7.92,100,unverified,2026-02-10T12:00:00Z,assumed,1.0.0,8fe049cee2dbb83c819c3ad1ab9e327e982b3408b6617f11599b4115d67eb141,0.49136062114353163
2026-02-10T12:00:00Z,2026-02-10T00:00:00Z,2026-02-11T00:00:00Z,turbine_1,12,0.6,2.17,4.09,5.54,98,0.6,4.09,100,unverified,2026-02-10T12:00:00Z,assumed,1.0.0,b3ad5c95580a49b2260b1ff6ab649242c717638b569451db5f2f6be5bcf54aee,0.04660811842971324
2026-02-10T12:00:00Z,2026-02-10T00:00:00Z,2026-02-11T00:00:00Z,turbine_2,12,0.6,2.17,4.09,5.54,98,0.6,4.09,100,unverified,2026-02-10T12:00:00Z,assumed,1.0.0,8fe049cee2dbb83c819c3ad1ab9e327e982b3408b6617f11599b4115d67eb141,0.04570357052753543
2026-02-10T12:00:00Z,2026-02-10T00:00:00Z,2026-02-11T01:00:00Z,turbine_1,13,-0.5,0.67,2.27,3.99,68,-0.5,2.27,100,unverified,2026-02-10T12:00:00Z,assumed,1.0.0,b3ad5c95580a49b2260b1ff6ab649242c717638b569451db5f2f6be5bcf54aee,0.011220053948767739
2026-02-10T12:00:00Z,2026-02-10T00:00:00Z,2026-02-11T01:00:00Z,turbine_2,13,-0.5,0.67,2.27,3.99,68,-0.5,2.27,100,unverified,2026-02-10T12:00:00Z,assumed,1.0.0,8fe049cee2dbb83c819c3ad1ab9e327e982b3408b6617f11599b4115d67eb141,0.01206220762691701
2026-02-10T12:00:00Z,2026-02-10T00:00:00Z,2026-02-11T02:00:00Z,turbine_1,14,-0.5,1.46,2.44,4.06,118,-0.5,2.44,100,unverified,2026-02-10T12:00:00Z,assumed,1.0.0,b3ad5c95580a49b2260b1ff6ab649242c717638b569451db5f2f6be5bcf54aee,0.009492897570467451
2026-02-10T12:00:00Z,2026-02-10T00:00:00Z,2026-02-11T02:00:00Z,turbine_2,14,-0.5,1.46,2.44,4.06,118,-0.5,2.44,100,unverified,2026-02-10T12:00:00Z,assumed,1.0.0,8fe049cee2dbb83c819c3ad1ab9e327e982b3408b6617f11599b4115d67eb141,0.011351326360404979
2026-02-10T12:00:00Z,2026-02-10T00:00:00Z,2026-02-11T03:00:00Z,turbine_1,15,1.5,3.51,4.85,4.63,202,1.5,4.85,100,unverified,2026-02-10T12:00:00Z,assumed,1.0.0,b3ad5c95580a49b2260b1ff6ab649242c717638b569451db5f2f6be5bcf54aee,0.08768166221428014
2026-02-10T12:00:00Z,2026-02-10T00:00:00Z,2026-02-11T03:00:00Z,turbine_2,15,1.5,3.51,4.85,4.63,202,1.5,4.85,100,unverified,2026-02-10T12:00:00Z,assumed,1.0.0,8fe049cee2dbb83c819c3ad1ab9e327e982b3408b6617f11599b4115d67eb141,0.07399499314715091
2026-02-10T12:00:00Z,2026-02-10T00:00:00Z,2026-02-11T04:00:00Z,turbine_1,16,6.0,1.59,3.22,4.34,234,6.0,3.22,100,unverified,2026-02-10T12:00:00Z,assumed,1.0.0,b3ad5c95580a49b2260b1ff6ab649242c717638b569451db5f2f6be5bcf54aee,0.02717997581745646
2026-02-10T12:00:00Z,2026-02-10T00:00:00Z,2026-02-11T04:00:00Z,turbine_2,16,6.0,1.59,3.22,4.34,234,6.0,3.22,100,unverified,2026-02-10T12:00:00Z,assumed,1.0.0,8fe049cee2dbb83c819c3ad1ab9e327e982b3408b6617f11599b4115d67eb141,0.01896349260786967
2026-02-10T12:00:00Z,2026-02-10T00:00:00Z,2026-02-11T05:00:00Z,turbine_1,17,6.4,1.8,1.97,2.39,297,6.4,1.97,100,unverified,2026-02-10T12:00:00Z,assumed,1.0.0,b3ad5c95580a49b2260b1ff6ab649242c717638b569451db5f2f6be5bcf54aee,0.011336947328849767
2026-02-10T12:00:00Z,2026-02-10T00:00:00Z,2026-02-11T05:00:00Z,turbine_2,17,6.4,1.8,1.97,2.39,297,6.4,1.97,100,unverified,2026-02-10T12:00:00Z,assumed,1.0.0,8fe049cee2dbb83c819c3ad1ab9e327e982b3408b6617f11599b4115d67eb141,0.0121330880717615
2026-02-10T12:00:00Z,2026-02-10T00:00:00Z,2026-02-11T06:00:00Z,turbine_1,18,8.1,0.78,1.2,2.99,178,8.1,1.2,100,unverified,2026-02-10T12:00:00Z,assumed,1.0.0,b3ad5c95580a49b2260b1ff6ab649242c717638b569451db5f2f6be5bcf54aee,0.0069403358926989345
2026-02-10T12:00:00Z,2026-02-10T00:00:00Z,2026-02-11T06:00:00Z,turbine_2,18,8.1,0.78,1.2,2.99,178,8.1,1.2,100,unverified,2026-02-10T12:00:00Z,assumed,1.0.0,8fe049cee2dbb83c819c3ad1ab9e327e982b3408b6617f11599b4115d67eb141,0.008036506035832947
2026-02-10T12:00:00Z,2026-02-10T00:00:00Z,2026-02-11T07:00:00Z,turbine_1,19,9.7,1.29,1.24,1.37,310,9.7,1.24,100,unverified,2026-02-10T12:00:00Z,assumed,1.0.0,b3ad5c95580a49b2260b1ff6ab649242c717638b569451db5f2f6be5bcf54aee,0.009780243500159103
2026-02-10T12:00:00Z,2026-02-10T00:00:00Z,2026-02-11T07:00:00Z,turbine_2,19,9.7,1.29,1.24,1.37,310,9.7,1.24,100,unverified,2026-02-10T12:00:00Z,assumed,1.0.0,8fe049cee2dbb83c819c3ad1ab9e327e982b3408b6617f11599b4115d67eb141,0.008788912000982918
2026-02-10T12:00:00Z,2026-02-10T00:00:00Z,2026-02-11T08:00:00Z,turbine_1,20,10.1,2.05,2.65,2.86,268,10.1,2.65,100,unverified,2026-02-10T12:00:00Z,assumed,1.0.0,b3ad5c95580a49b2260b1ff6ab649242c717638b569451db5f2f6be5bcf54aee,0.019347474627050387
2026-02-10T12:00:00Z,2026-02-10T00:00:00Z,2026-02-11T08:00:00Z,turbine_2,20,10.1,2.05,2.65,2.86,268,10.1,2.65,100,unverified,2026-02-10T12:00:00Z,assumed,1.0.0,8fe049cee2dbb83c819c3ad1ab9e327e982b3408b6617f11599b4115d67eb141,0.016554110916302434
2026-02-10T12:00:00Z,2026-02-10T00:00:00Z,2026-02-11T09:00:00Z,turbine_1,21,8.7,6.16,8.57,10.34,274,8.7,8.57,100,unverified,2026-02-10T12:00:00Z,assumed,1.0.0,b3ad5c95580a49b2260b1ff6ab649242c717638b569451db5f2f6be5bcf54aee,0.6232299005014574
2026-02-10T12:00:00Z,2026-02-10T00:00:00Z,2026-02-11T09:00:00Z,turbine_2,21,8.7,6.16,8.57,10.34,274,8.7,8.57,100,unverified,2026-02-10T12:00:00Z,assumed,1.0.0,8fe049cee2dbb83c819c3ad1ab9e327e982b3408b6617f11599b4115d67eb141,0.6022886576202862
2026-02-10T12:00:00Z,2026-02-10T00:00:00Z,2026-02-11T10:00:00Z,turbine_1,22,7.3,8.55,12.72,15.27,267,7.3,12.72,100,unverified,2026-02-10T12:00:00Z,assumed,1.0.0,b3ad5c95580a49b2260b1ff6ab649242c717638b569451db5f2f6be5bcf54aee,0.9771390121336072
2026-02-10T12:00:00Z,2026-02-10T00:00:00Z,2026-02-11T10:00:00Z,turbine_2,22,7.3,8.55,12.72,15.27,267,7.3,12.72,100,unverified,2026-02-10T12:00:00Z,assumed,1.0.0,8fe049cee2dbb83c819c3ad1ab9e327e982b3408b6617f11599b4115d67eb141,0.9701717408294055
2026-02-10T12:00:00Z,2026-02-10T00:00:00Z,2026-02-11T11:00:00Z,turbine_1,23,5.0,8.68,13.09,15.47,251,5.0,13.09,100,unverified,2026-02-10T12:00:00Z,assumed,1.0.0,b3ad5c95580a49b2260b1ff6ab649242c717638b569451db5f2f6be5bcf54aee,0.9740581034412857
2026-02-10T12:00:00Z,2026-02-10T00:00:00Z,2026-02-11T11:00:00Z,turbine_2,23,5.0,8.68,13.09,15.47,251,5.0,13.09,100,unverified,2026-02-10T12:00:00Z,assumed,1.0.0,8fe049cee2dbb83c819c3ad1ab9e327e982b3408b6617f11599b4115d67eb141,0.9758467098910241
2026-02-10T12:00:00Z,2026-02-10T00:00:00Z,2026-02-11T12:00:00Z,turbine_1,24,3.3,7.2,11.5,13.43,241,3.3,11.5,100,unverified,2026-02-10T12:00:00Z,assumed,1.0.0,b3ad5c95580a49b2260b1ff6ab649242c717638b569451db5f2f6be5bcf54aee,0.9810293846528403
2026-02-10T12:00:00Z,2026-02-10T00:00:00Z,2026-02-11T12:00:00Z,turbine_2,24,3.3,7.2,11.5,13.43,241,3.3,11.5,100,unverified,2026-02-10T12:00:00Z,assumed,1.0.0,8fe049cee2dbb83c819c3ad1ab9e327e982b3408b6617f11599b4115d67eb141,0.960685917163727
2026-02-10T12:00:00Z,2026-02-10T00:00:00Z,2026-02-11T13:00:00Z,turbine_1,25,2.9,6.59,10.68,12.92,235,2.9,10.68,100,unverified,2026-02-10T12:00:00Z,assumed,1.0.0,b3ad5c95580a49b2260b1ff6ab649242c717638b569451db5f2f6be5bcf54aee,0.9336580854543816
2026-02-10T12:00:00Z,2026-02-10T00:00:00Z,2026-02-11T13:00:00Z,turbine_2,25,2.9,6.59,10.68,12.92,235,2.9,10.68,100,unverified,2026-02-10T12:00:00Z,assumed,1.0.0,8fe049cee2dbb83c819c3ad1ab9e327e982b3408b6617f11599b4115d67eb141,0.9130337391472109
2026-02-10T12:00:00Z,2026-02-10T00:00:00Z,2026-02-11T14:00:00Z,turbine_1,26,2.8,6.66,11.0,13.37,240,2.8,11.0,100,unverified,2026-02-10T12:00:00Z,assumed,1.0.0,b3ad5c95580a49b2260b1ff6ab649242c717638b569451db5f2f6be5bcf54aee,0.9595534619063318
2026-02-10T12:00:00Z,2026-02-10T00:00:00Z,2026-02-11T14:00:00Z,turbine_2,26,2.8,6.66,11.0,13.37,240,2.8,11.0,100,unverified,2026-02-10T12:00:00Z,assumed,1.0.0,8fe049cee2dbb83c819c3ad1ab9e327e982b3408b6617f11599b4115d67eb141,0.9448471077525952
2026-02-10T12:00:00Z,2026-02-10T00:00:00Z,2026-02-11T15:00:00Z,turbine_1,27,2.4,6.73,10.86,13.11,248,2.4,10.86,100,unverified,2026-02-10T12:00:00Z,assumed,1.0.0,b3ad5c95580a49b2260b1ff6ab649242c717638b569451db5f2f6be5bcf54aee,0.9524813215131966
2026-02-10T12:00:00Z,2026-02-10T00:00:00Z,2026-02-11T15:00:00Z,turbine_2,27,2.4,6.73,10.86,13.11,248,2.4,10.86,100,unverified,2026-02-10T12:00:00Z,assumed,1.0.0,8fe049cee2dbb83c819c3ad1ab9e327e982b3408b6617f11599b4115d67eb141,0.9325971862492718
2026-02-10T12:00:00Z,2026-02-10T00:00:00Z,2026-02-11T16:00:00Z,turbine_1,28,1.7,6.2,9.87,11.86,246,1.7,9.87,100,unverified,2026-02-10T12:00:00Z,assumed,1.0.0,b3ad5c95580a49b2260b1ff6ab649242c717638b569451db5f2f6be5bcf54aee,0.8338532502567133
2026-02-10T12:00:00Z,2026-02-10T00:00:00Z,2026-02-11T16:00:00Z,turbine_2,28,1.7,6.2,9.87,11.86,246,1.7,9.87,100,unverified,2026-02-10T12:00:00Z,assumed,1.0.0,8fe049cee2dbb83c819c3ad1ab9e327e982b3408b6617f11599b4115d67eb141,0.8021713614040826
2026-02-10T12:00:00Z,2026-02-10T00:00:00Z,2026-02-11T17:00:00Z,turbine_1,29,1.1,5.37,8.84,10.47,246,1.1,8.84,100,unverified,2026-02-10T12:00:00Z,assumed,1.0.0,b3ad5c95580a49b2260b1ff6ab649242c717638b569451db5f2f6be5bcf54aee,0.6761482766009033
2026-02-10T12:00:00Z,2026-02-10T00:00:00Z,2026-02-11T17:00:00Z,turbine_2,29,1.1,5.37,8.84,10.47,246,1.1,8.84,100,unverified,2026-02-10T12:00:00Z,assumed,1.0.0,8fe049cee2dbb83c819c3ad1ab9e327e982b3408b6617f11599b4115d67eb141,0.6488654701156775
2026-02-10T12:00:00Z,2026-02-10T00:00:00Z,2026-02-11T18:00:00Z,turbine_1,30,0.6,5.34,8.68,9.87,235,0.6,8.68,100,unverified,2026-02-10T12:00:00Z,assumed,1.0.0,b3ad5c95580a49b2260b1ff6ab649242c717638b569451db5f2f6be5bcf54aee,0.6491115148320509
2026-02-10T12:00:00Z,2026-02-10T00:00:00Z,2026-02-11T18:00:00Z,turbine_2,30,0.6,5.34,8.68,9.87,235,0.6,8.68,100,unverified,2026-02-10T12:00:00Z,assumed,1.0.0,8fe049cee2dbb83c819c3ad1ab9e327e982b3408b6617f11599b4115d67eb141,0.6111577535121199
2026-02-10T12:00:00Z,2026-02-10T00:00:00Z,2026-02-11T19:00:00Z,turbine_1,31,0.6,5.42,8.73,10.06,234,0.6,8.73,100,unverified,2026-02-10T12:00:00Z,assumed,1.0.0,b3ad5c95580a49b2260b1ff6ab649242c717638b569451db5f2f6be5bcf54aee,0.6589428162278596
2026-02-10T12:00:00Z,2026-02-10T00:00:00Z,2026-02-11T19:00:00Z,turbine_2,31,0.6,5.42,8.73,10.06,234,0.6,8.73,100,unverified,2026-02-10T12:00:00Z,assumed,1.0.0,8fe049cee2dbb83c819c3ad1ab9e327e982b3408b6617f11599b4115d67eb141,0.6225761893614369
2026-02-10T12:00:00Z,2026-02-10T00:00:00Z,2026-02-11T20:00:00Z,turbine_1,32,0.5,4.37,7.32,8.5,233,0.5,7.32,100,unverified,2026-02-10T12:00:00Z,assumed,1.0.0,b3ad5c95580a49b2260b1ff6ab649242c717638b569451db5f2f6be5bcf54aee,0.4187085125779898
2026-02-10T12:00:00Z,2026-02-10T00:00:00Z,2026-02-11T20:00:00Z,turbine_2,32,0.5,4.37,7.32,8.5,233,0.5,7.32,100,unverified,2026-02-10T12:00:00Z,assumed,1.0.0,8fe049cee2dbb83c819c3ad1ab9e327e982b3408b6617f11599b4115d67eb141,0.3901809317736072
2026-02-10T12:00:00Z,2026-02-10T00:00:00Z,2026-02-11T21:00:00Z,turbine_1,33,0.5,4.39,7.51,8.79,234,0.5,7.51,100,unverified,2026-02-10T12:00:00Z,assumed,1.0.0,b3ad5c95580a49b2260b1ff6ab649242c717638b569451db5f2f6be5bcf54aee,0.456703828030695
2026-02-10T12:00:00Z,2026-02-10T00:00:00Z,2026-02-11T21:00:00Z,turbine_2,33,0.5,4.39,7.51,8.79,234,0.5,7.51,100,unverified,2026-02-10T12:00:00Z,assumed,1.0.0,8fe049cee2dbb83c819c3ad1ab9e327e982b3408b6617f11599b4115d67eb141,0.4213511368334526
2026-02-10T12:00:00Z,2026-02-10T00:00:00Z,2026-02-11T22:00:00Z,turbine_1,34,0.7,4.28,7.39,9.03,235,0.7,7.39,100,unverified,2026-02-10T12:00:00Z,assumed,1.0.0,b3ad5c95580a49b2260b1ff6ab649242c717638b569451db5f2f6be5bcf54aee,0.42475881903050167
2026-02-10T12:00:00Z,2026-02-10T00:00:00Z,2026-02-11T22:00:00Z,turbine_2,34,0.7,4.28,7.39,9.03,235,0.7,7.39,100,unverified,2026-02-10T12:00:00Z,assumed,1.0.0,8fe049cee2dbb83c819c3ad1ab9e327e982b3408b6617f11599b4115d67eb141,0.40197395543557896
2026-02-10T12:00:00Z,2026-02-10T00:00:00Z,2026-02-11T23:00:00Z,turbine_1,35,0.5,4.33,7.22,8.92,239,0.5,7.22,100,unverified,2026-02-10T12:00:00Z,assumed,1.0.0,b3ad5c95580a49b2260b1ff6ab649242c717638b569451db5f2f6be5bcf54aee,0.391624369308329
2026-02-10T12:00:00Z,2026-02-10T00:00:00Z,2026-02-11T23:00:00Z,turbine_2,35,0.5,4.33,7.22,8.92,239,0.5,7.22,100,unverified,2026-02-10T12:00:00Z,assumed,1.0.0,8fe049cee2dbb83c819c3ad1ab9e327e982b3408b6617f11599b4115d67eb141,0.36301637443156787
2026-02-10T12:00:00Z,2026-02-10T00:00:00Z,2026-02-12T00:00:00Z,turbine_1,36,0.1,4.07,6.71,8.37,242,0.1,6.71,100,unverified,2026-02-10T12:00:00Z,assumed,1.0.0,b3ad5c95580a49b2260b1ff6ab649242c717638b569451db5f2f6be5bcf54aee,0.3090192832086475
2026-02-10T12:00:00Z,2026-02-10T00:00:00Z,2026-02-12T00:00:00Z,turbine_2,36,0.1,4.07,6.71,8.37,242,0.1,6.71,100,unverified,2026-02-10T12:00:00Z,assumed,1.0.0,8fe049cee2dbb83c819c3ad1ab9e327e982b3408b6617f11599b4115d67eb141,0.2857561770938979
2026-02-10T12:00:00Z,2026-02-10T00:00:00Z,2026-02-12T01:00:00Z,turbine_1,37,-0.3,3.22,5.46,6.92,237,-0.3,5.46,100,unverified,2026-02-10T12:00:00Z,assumed,1.0.0,b3ad5c95580a49b2260b1ff6ab649242c717638b569451db5f2f6be5bcf54aee,0.12849453101449157
2026-02-10T12:00:00Z,2026-02-10T00:00:00Z,2026-02-12T01:00:00Z,turbine_2,37,-0.3,3.22,5.46,6.92,237,-0.3,5.46,100,unverified,2026-02-10T12:00:00Z,assumed,1.0.0,8fe049cee2dbb83c819c3ad1ab9e327e982b3408b6617f11599b4115d67eb141,0.11700737620626869
2026-02-10T12:00:00Z,2026-02-10T00:00:00Z,2026-02-12T02:00:00Z,turbine_1,38,-0.5,1.89,3.61,4.43,225,-0.5,3.61,100,unverified,2026-02-10T12:00:00Z,assumed,1.0.0,b3ad5c95580a49b2260b1ff6ab649242c717638b569451db5f2f6be5bcf54aee,0.027411302621035916
2026-02-10T12:00:00Z,2026-02-10T00:00:00Z,2026-02-12T02:00:00Z,turbine_2,38,-0.5,1.89,3.61,4.43,225,-0.5,3.61,100,unverified,2026-02-10T12:00:00Z,assumed,1.0.0,8fe049cee2dbb83c819c3ad1ab9e327e982b3408b6617f11599b4115d67eb141,0.024127321287037873
2026-02-10T12:00:00Z,2026-02-10T00:00:00Z,2026-02-12T03:00:00Z,turbine_1,39,-0.3,1.36,1.96,2.57,251,-0.3,1.96,100,unverified,2026-02-10T12:00:00Z,assumed,1.0.0,b3ad5c95580a49b2260b1ff6ab649242c717638b569451db5f2f6be5bcf54aee,0.010841116153213148
2026-02-10T12:00:00Z,2026-02-10T00:00:00Z,2026-02-12T03:00:00Z,turbine_2,39,-0.3,1.36,1.96,2.57,251,-0.3,1.96,100,unverified,2026-02-10T12:00:00Z,assumed,1.0.0,8fe049cee2dbb83c819c3ad1ab9e327e982b3408b6617f11599b4115d67eb141,0.008572901531348986
2026-02-10T12:00:00Z,2026-02-10T00:00:00Z,2026-02-12T04:00:00Z,turbine_1,40,0.0,1.57,1.9,2.06,293,0.0,1.9,100,unverified,2026-02-10T12:00:00Z,assumed,1.0.0,b3ad5c95580a49b2260b1ff6ab649242c717638b569451db5f2f6be5bcf54aee,0.011024627287273048
2026-02-10T12:00:00Z,2026-02-10T00:00:00Z,2026-02-12T04:00:00Z,turbine_2,40,0.0,1.57,1.9,2.06,293,0.0,1.9,100,unverified,2026-02-10T12:00:00Z,assumed,1.0.0,8fe049cee2dbb83c819c3ad1ab9e327e982b3408b6617f11599b4115d67eb141,0.012321925654975141
2026-02-10T12:00:00Z,2026-02-10T00:00:00Z,2026-02-12T05:00:00Z,turbine_1,41,0.9,1.28,1.5,0.99,307,0.9,1.5,100,unverified,2026-02-10T12:00:00Z,assumed,1.0.0,b3ad5c95580a49b2260b1ff6ab649242c717638b569451db5f2f6be5bcf54aee,0.007904891956074911
2026-02-10T12:00:00Z,2026-02-10T00:00:00Z,2026-02-12T05:00:00Z,turbine_2,41,0.9,1.28,1.5,0.99,307,0.9,1.5,100,unverified,2026-02-10T12:00:00Z,assumed,1.0.0,8fe049cee2dbb83c819c3ad1ab9e327e982b3408b6617f11599b4115d67eb141,0.009689489378959193
2026-02-10T12:00:00Z,2026-02-10T00:00:00Z,2026-02-12T06:00:00Z,turbine_1,42,2.4,1.44,1.6,1.32,340,2.4,1.6,100,unverified,2026-02-10T12:00:00Z,assumed,1.0.0,b3ad5c95580a49b2260b1ff6ab649242c717638b569451db5f2f6be5bcf54aee,0.010098108009853335
2026-02-10T12:00:00Z,2026-02-10T00:00:00Z,2026-02-12T06:00:00Z,turbine_2,42,2.4,1.44,1.6,1.32,340,2.4,1.6,100,unverified,2026-02-10T12:00:00Z,assumed,1.0.0,8fe049cee2dbb83c819c3ad1ab9e327e982b3408b6617f11599b4115d67eb141,0.008322368775000644
2026-02-10T12:00:00Z,2026-02-10T00:00:00Z,2026-02-12T07:00:00Z,turbine_1,43,2.5,2.49,3.0,2.96,330,2.5,3.0,100,unverified,2026-02-10T12:00:00Z,assumed,1.0.0,b3ad5c95580a49b2260b1ff6ab649242c717638b569451db5f2f6be5bcf54aee,0.016863392464834093
2026-02-10T12:00:00Z,2026-02-10T00:00:00Z,2026-02-12T07:00:00Z,turbine_2,43,2.5,2.49,3.0,2.96,330,2.5,3.0,100,unverified,2026-02-10T12:00:00Z,assumed,1.0.0,8fe049cee2dbb83c819c3ad1ab9e327e982b3408b6617f11599b4115d67eb141,0.0117158891173475
2026-02-10T12:00:00Z,2026-02-10T00:00:00Z,2026-02-12T08:00:00Z,turbine_1,44,2.2,1.39,1.59,1.41,336,2.2,1.59,100,unverified,2026-02-10T12:00:00Z,assumed,1.0.0,b3ad5c95580a49b2260b1ff6ab649242c717638b569451db5f2f6be5bcf54aee,0.008872677476359225
2026-02-10T12:00:00Z,2026-02-10T00:00:00Z,2026-02-12T08:00:00Z,turbine_2,44,2.2,1.39,1.59,1.41,336,2.2,1.59,100,unverified,2026-02-10T12:00:00Z,assumed,1.0.0,8fe049cee2dbb83c819c3ad1ab9e327e982b3408b6617f11599b4115d67eb141,0.007934335971554518
2026-02-10T12:00:00Z,2026-02-10T00:00:00Z,2026-02-12T09:00:00Z,turbine_1,45,2.6,2.18,2.54,2.44,328,2.6,2.54,100,unverified,2026-02-10T12:00:00Z,assumed,1.0.0,b3ad5c95580a49b2260b1ff6ab649242c717638b569451db5f2f6be5bcf54aee,0.012943015340436848
2026-02-10T12:00:00Z,2026-02-10T00:00:00Z,2026-02-12T09:00:00Z,turbine_2,45,2.6,2.18,2.54,2.44,328,2.6,2.54,100,unverified,2026-02-10T12:00:00Z,assumed,1.0.0,8fe049cee2dbb83c819c3ad1ab9e327e982b3408b6617f11599b4115d67eb141,0.009907368101222225
2026-02-10T12:00:00Z,2026-02-10T00:00:00Z,2026-02-12T10:00:00Z,turbine_1,46,1.5,2.58,3.37,3.52,302,1.5,3.37,100,unverified,2026-02-10T12:00:00Z,assumed,1.0.0,b3ad5c95580a49b2260b1ff6ab649242c717638b569451db5f2f6be5bcf54aee,0.0213703768351452
2026-02-10T12:00:00Z,2026-02-10T00:00:00Z,2026-02-12T10:00:00Z,turbine_2,46,1.5,2.58,3.37,3.52,302,1.5,3.37,100,unverified,2026-02-10T12:00:00Z,assumed,1.0.0,8fe049cee2dbb83c819c3ad1ab9e327e982b3408b6617f11599b4115d67eb141,0.01825689080201509
2026-02-10T12:00:00Z,2026-02-10T00:00:00Z,2026-02-12T11:00:00Z,turbine_1,47,0.7,2.51,3.49,4.37,289,0.7,3.49,100,unverified,2026-02-10T12:00:00Z,assumed,1.0.0,b3ad5c95580a49b2260b1ff6ab649242c717638b569451db5f2f6be5bcf54aee,0.026255430187856033
2026-02-10T12:00:00Z,2026-02-10T00:00:00Z,2026-02-12T11:00:00Z,turbine_2,47,0.7,2.51,3.49,4.37,289,0.7,3.49,100,unverified,2026-02-10T12:00:00Z,assumed,1.0.0,8fe049cee2dbb83c819c3ad1ab9e327e982b3408b6617f11599b4115d67eb141,0.021241838252007705
2026-02-10T12:00:00Z,2026-02-10T00:00:00Z,2026-02-12T12:00:00Z,turbine_1,48,-0.4,2.52,3.87,5.51,284,-0.4,3.87,100,unverified,2026-02-10T12:00:00Z,assumed,1.0.0,b3ad5c95580a49b2260b1ff6ab649242c717638b569451db5f2f6be5bcf54aee,0.03780783422229872
2026-02-10T12:00:00Z,2026-02-10T00:00:00Z,2026-02-12T12:00:00Z,turbine_2,48,-0.4,2.52,3.87,5.51,284,-0.4,3.87,100,unverified,2026-02-10T12:00:00Z,assumed,1.0.0,8fe049cee2dbb83c819c3ad1ab9e327e982b3408b6617f11599b4115d67eb141,0.032008281250271386
2026-02-11T12:00:00Z,2026-02-11T00:00:00Z,2026-02-11T13:00:00Z,turbine_1,1,3.3,7.27,11.9,14.28,244,3.3,11.9,100,unverified,2026-02-11T12:00:00Z,assumed,1.0.0,b3ad5c95580a49b2260b1ff6ab649242c717638b569451db5f2f6be5bcf54aee,0.9762376002304626
2026-02-11T12:00:00Z,2026-02-11T00:00:00Z,2026-02-11T13:00:00Z,turbine_2,1,3.3,7.27,11.9,14.28,244,3.3,11.9,100,unverified,2026-02-11T12:00:00Z,assumed,1.0.0,8fe049cee2dbb83c819c3ad1ab9e327e982b3408b6617f11599b4115d67eb141,0.9693043307654904
2026-02-11T12:00:00Z,2026-02-11T00:00:00Z,2026-02-11T14:00:00Z,turbine_1,2,2.3,7.78,12.37,14.77,248,2.3,12.37,100,unverified,2026-02-11T12:00:00Z,assumed,1.0.0,b3ad5c95580a49b2260b1ff6ab649242c717638b569451db5f2f6be5bcf54aee,0.9815363131759722
2026-02-11T12:00:00Z,2026-02-11T00:00:00Z,2026-02-11T14:00:00Z,turbine_2,2,2.3,7.78,12.37,14.77,248,2.3,12.37,100,unverified,2026-02-11T12:00:00Z,assumed,1.0.0,8fe049cee2dbb83c819c3ad1ab9e327e982b3408b6617f11599b4115d67eb141,0.973509256762791
2026-02-11T12:00:00Z,2026-02-11T00:00:00Z,2026-02-11T15:00:00Z,turbine_1,3,1.6,6.83,11.01,13.31,245,1.6,11.01,100,unverified,2026-02-11T12:00:00Z,assumed,1.0.0,b3ad5c95580a49b2260b1ff6ab649242c717638b569451db5f2f6be5bcf54aee,0.960018523629002
2026-02-11T12:00:00Z,2026-02-11T00:00:00Z,2026-02-11T15:00:00Z,turbine_2,3,1.6,6.83,11.01,13.31,245,1.6,11.01,100,unverified,2026-02-11T12:00:00Z,assumed,1.0.0,8fe049cee2dbb83c819c3ad1ab9e327e982b3408b6617f11599b4115d67eb141,0.9416180689205785
2026-02-11T12:00:00Z,2026-02-11T00:00:00Z,2026-02-11T16:00:00Z,turbine_1,4,1.2,6.29,10.21,12.32,248,1.2,10.21,100,unverified,2026-02-11T12:00:00Z,assumed,1.0.0,b3ad5c95580a49b2260b1ff6ab649242c717638b569451db5f2f6be5bcf54aee,0.883263053092306
2026-02-11T12:00:00Z,2026-02-11T00:00:00Z,2026-02-11T16:00:00Z,turbine_2,4,1.2,6.29,10.21,12.32,248,1.2,10.21,100,unverified,2026-02-11T12:00:00Z,assumed,1.0.0,8fe049cee2dbb83c819c3ad1ab9e327e982b3408b6617f11599b4115d67eb141,0.8519206095781975
2026-02-11T12:00:00Z,2026-02-11T00:00:00Z,2026-02-11T17:00:00Z,turbine_1,5,0.8,5.62,9.13,10.77,245,0.8,9.13,100,unverified,2026-02-11T12:00:00Z,assumed,1.0.0,b3ad5c95580a49b2260b1ff6ab649242c717638b569451db5f2f6be5bcf54aee,0.7276643018151916
2026-02-11T12:00:00Z,2026-02-11T00:00:00Z,2026-02-11T17:00:00Z,turbine_2,5,0.8,5.62,9.13,10.77,245,0.8,9.13,100,unverified,2026-02-11T12:00:00Z,assumed,1.0.0,8fe049cee2dbb83c819c3ad1ab9e327e982b3408b6617f11599b4115d67eb141,0.6710976849392186
2026-02-11T12:00:00Z,2026-02-11T00:00:00Z,2026-02-11T18:00:00Z,turbine_1,6,0.6,5.3,8.59,9.92,235,0.6,8.59,100,unverified,2026-02-11T12:00:00Z,assumed,1.0.0,b3ad5c95580a49b2260b1ff6ab649242c717638b569451db5f2f6be5bcf54aee,0.6392906300485314
2026-02-11T12:00:00Z,2026-02-11T00:00:00Z,2026-02-11T18:00:00Z,turbine_2,6,0.6,5.3,8.59,9.92,235,0.6,8.59,100,unverified,2026-02-11T12:00:00Z,assumed,1.0.0,8fe049cee2dbb83c819c3ad1ab9e327e982b3408b6617f11599b4115d67eb141,0.599017765720666
2026-02-11T12:00:00Z,2026-02-11T00:00:00Z,2026-02-11T19:00:00Z,turbine_1,7,0.3,4.01,7.13,8.33,232,0.3,7.13,100,unverified,2026-02-11T12:00:00Z,assumed,1.0.0,b3ad5c95580a49b2260b1ff6ab649242c717638b569451db5f2f6be5bcf54aee,0.376764475673674
2026-02-11T12:00:00Z,2026-02-11T00:00:00Z,2026-02-11T19:00:00Z,turbine_2,7,0.3,4.01,7.13,8.33,232,0.3,7.13,100,unverified,2026-02-11T12:00:00Z,assumed,1.0.0,8fe049cee2dbb83c819c3ad1ab9e327e982b3408b6617f11599b4115d67eb141,0.3608332583006548
2026-02-11T12:00:00Z,2026-02-11T00:00:00Z,2026-02-11T20:00:00Z,turbine_1,8,0.0,3.55,6.6,7.42,235,0.0,6.6,100,unverified,2026-02-11T12:00:00Z,assumed,1.0.0,b3ad5c95580a49b2260b1ff6ab649242c717638b569451db5f2f6be5bcf54aee,0.2912860382809951
2026-02-11T12:00:00Z,2026-02-11T00:00:00Z,2026-02-11T20:00:00Z,turbine_2,8,0.0,3.55,6.6,7.42,235,0.0,6.6,100,unverified,2026-02-11T12:00:00Z,assumed,1.0.0,8fe049cee2dbb83c819c3ad1ab9e327e982b3408b6617f11599b4115d67eb141,0.2709134311163211
2026-02-11T12:00:00Z,2026-02-11T00:00:00Z,2026-02-11T21:00:00Z,turbine_1,9,-0.1,3.58,6.8,7.58,228,-0.1,6.8,100,unverified,2026-02-11T12:00:00Z,assumed,1.0.0,b3ad5c95580a49b2260b1ff6ab649242c717638b569451db5f2f6be5bcf54aee,0.3198327084428695
2026-02-11T12:00:00Z,2026-02-11T00:00:00Z,2026-02-11T21:00:00Z,turbine_2,9,-0.1,3.58,6.8,7.58,228,-0.1,6.8,100,unverified,2026-02-11T12:00:00Z,assumed,1.0.0,8fe049cee2dbb83c819c3ad1ab9e327e982b3408b6617f11599b4115d67eb141,0.29949274520173974
2026-02-11T12:00:00Z,2026-02-11T00:00:00Z,2026-02-11T22:00:00Z,turbine_1,10,0.3,3.58,6.33,7.2,225,0.3,6.33,100,unverified,2026-02-11T12:00:00Z,assumed,1.0.0,b3ad5c95580a49b2260b1ff6ab649242c717638b569451db5f2f6be5bcf54aee,0.2449848958513114
2026-02-11T12:00:00Z,2026-02-11T00:00:00Z,2026-02-11T22:00:00Z,turbine_2,10,0.3,3.58,6.33,7.2,225,0.3,6.33,100,unverified,2026-02-11T12:00:00Z,assumed,1.0.0,8fe049cee2dbb83c819c3ad1ab9e327e982b3408b6617f11599b4115d67eb141,0.23276208937529688
2026-02-11T12:00:00Z,2026-02-11T00:00:00Z,2026-02-11T23:00:00Z,turbine_1,11,0.6,3.26,5.9,6.98,231,0.6,5.9,100,unverified,2026-02-11T12:00:00Z,assumed,1.0.0,b3ad5c95580a49b2260b1ff6ab649242c717638b569451db5f2f6be5bcf54aee,0.18180136829225035
2026-02-11T12:00:00Z,2026-02-11T00:00:00Z,2026-02-11T23:00:00Z,turbine_2,11,0.6,3.26,5.9,6.98,231,0.6,5.9,100,unverified,2026-02-11T12:00:00Z,assumed,1.0.0,8fe049cee2dbb83c819c3ad1ab9e327e982b3408b6617f11599b4115d67eb141,0.16853765978588095
2026-02-11T12:00:00Z,2026-02-11T00:00:00Z,2026-02-12T00:00:00Z,turbine_1,12,0.8,2.55,4.84,6.28,239,0.8,4.84,100,unverified,2026-02-11T12:00:00Z,assumed,1.0.0,b3ad5c95580a49b2260b1ff6ab649242c717638b569451db5f2f6be5bcf54aee,0.08095453058747021
2026-02-11T12:00:00Z,2026-02-11T00:00:00Z,2026-02-12T00:00:00Z,turbine_2,12,0.8,2.55,4.84,6.28,239,0.8,4.84,100,unverified,2026-02-11T12:00:00Z,assumed,1.0.0,8fe049cee2dbb83c819c3ad1ab9e327e982b3408b6617f11599b4115d67eb141,0.07415509661746283
2026-02-11T12:00:00Z,2026-02-11T00:00:00Z,2026-02-12T01:00:00Z,turbine_1,13,0.7,1.12,2.82,3.86,237,0.7,2.82,100,unverified,2026-02-11T12:00:00Z,assumed,1.0.0,b3ad5c95580a49b2260b1ff6ab649242c717638b569451db5f2f6be5bcf54aee,0.013461166866897523
2026-02-11T12:00:00Z,2026-02-11T00:00:00Z,2026-02-12T01:00:00Z,turbine_2,13,0.7,1.12,2.82,3.86,237,0.7,2.82,100,unverified,2026-02-11T12:00:00Z,assumed,1.0.0,8fe049cee2dbb83c819c3ad1ab9e327e982b3408b6617f11599b4115d67eb141,0.010566680651165394
2026-02-11T12:00:00Z,2026-02-11T00:00:00Z,2026-02-12T02:00:00Z,turbine_1,14,0.1,0.99,2.37,2.67,298,0.1,2.37,100,unverified,2026-02-11T12:00:00Z,assumed,1.0.0,b3ad5c95580a49b2260b1ff6ab649242c717638b569451db5f2f6be5bcf54aee,0.011713304817895287
2026-02-11T12:00:00Z,2026-02-11T00:00:00Z,2026-02-12T02:00:00Z,turbine_2,14,0.1,0.99,2.37,2.67,298,0.1,2.37,100,unverified,2026-02-11T12:00:00Z,assumed,1.0.0,8fe049cee2dbb83c819c3ad1ab9e327e982b3408b6617f11599b4115d67eb141,0.011965889928128914
2026-02-11T12:00:00Z,2026-02-11T00:00:00Z,2026-02-12T03:00:00Z,turbine_1,15,0.1,1.03,2.1,2.21,288,0.1,2.1,100,unverified,2026-02-11T12:00:00Z,assumed,1.0.0,b3ad5c95580a49b2260b1ff6ab649242c717638b569451db5f2f6be5bcf54aee,0.012209348873103265
2026-02-11T12:00:00Z,2026-02-11T00:00:00Z,2026-02-12T03:00:00Z,turbine_2,15,0.1,1.03,2.1,2.21,288,0.1,2.1,100,unverified,2026-02-11T12:00:00Z,assumed,1.0.0,8fe049cee2dbb83c819c3ad1ab9e327e982b3408b6617f11599b4115d67eb141,0.012020345636375773
2026-02-11T12:00:00Z,2026-02-11T00:00:00Z,2026-02-12T04:00:00Z,turbine_1,16,0.5,1.6,1.99,1.46,18,0.5,1.99,100,unverified,2026-02-11T12:00:00Z,assumed,1.0.0,b3ad5c95580a49b2260b1ff6ab649242c717638b569451db5f2f6be5bcf54aee,0.011559223293507614
2026-02-11T12:00:00Z,2026-02-11T00:00:00Z,2026-02-12T04:00:00Z,turbine_2,16,0.5,1.6,1.99,1.46,18,0.5,1.99,100,unverified,2026-02-11T12:00:00Z,assumed,1.0.0,8fe049cee2dbb83c819c3ad1ab9e327e982b3408b6617f11599b4115d67eb141,0.012067387922417572
2026-02-11T12:00:00Z,2026-02-11T00:00:00Z,2026-02-12T05:00:00Z,turbine_1,17,1.2,2.3,2.8,2.83,47,1.2,2.8,100,unverified,2026-02-11T12:00:00Z,assumed,1.0.0,b3ad5c95580a49b2260b1ff6ab649242c717638b569451db5f2f6be5bcf54aee,0.014669155062996098
2026-02-11T12:00:00Z,2026-02-11T00:00:00Z,2026-02-12T05:00:00Z,turbine_2,17,1.2,2.3,2.8,2.83,47,1.2,2.8,100,unverified,2026-02-11T12:00:00Z,assumed,1.0.0,8fe049cee2dbb83c819c3ad1ab9e327e982b3408b6617f11599b4115d67eb141,0.01032241902754455
2026-02-11T12:00:00Z,2026-02-11T00:00:00Z,2026-02-12T06:00:00Z,turbine_1,18,2.1,2.58,3.23,3.54,39,2.1,3.23,100,unverified,2026-02-11T12:00:00Z,assumed,1.0.0,b3ad5c95580a49b2260b1ff6ab649242c717638b569451db5f2f6be5bcf54aee,0.021543840823346483
2026-02-11T12:00:00Z,2026-02-11T00:00:00Z,2026-02-12T06:00:00Z,turbine_2,18,2.1,2.58,3.23,3.54,39,2.1,3.23,100,unverified,2026-02-11T12:00:00Z,assumed,1.0.0,8fe049cee2dbb83c819c3ad1ab9e327e982b3408b6617f11599b4115d67eb141,0.01882008770889093
2026-02-11T12:00:00Z,2026-02-11T00:00:00Z,2026-02-12T07:00:00Z,turbine_1,19,2.4,1.57,1.98,2.1,34,2.4,1.98,100,unverified,2026-02-11T12:00:00Z,assumed,1.0.0,b3ad5c95580a49b2260b1ff6ab649242c717638b569451db5f2f6be5bcf54aee,0.013235844628347815
2026-02-11T12:00:00Z,2026-02-11T00:00:00Z,2026-02-12T07:00:00Z,turbine_2,19,2.4,1.57,1.98,2.1,34,2.4,1.98,100,unverified,2026-02-11T12:00:00Z,assumed,1.0.0,8fe049cee2dbb83c819c3ad1ab9e327e982b3408b6617f11599b4115d67eb141,0.010823453218084478
2026-02-11T12:00:00Z,2026-02-11T00:00:00Z,2026-02-12T08:00:00Z,turbine_1,20,3.1,1.51,1.8,1.7,13,3.1,1.8,100,unverified,2026-02-11T12:00:00Z,assumed,1.0.0,b3ad5c95580a49b2260b1ff6ab649242c717638b569451db5f2f6be5bcf54aee,0.009396963373675737
2026-02-11T12:00:00Z,2026-02-11T00:00:00Z,2026-02-12T08:00:00Z,turbine_2,20,3.1,1.51,1.8,1.7,13,3.1,1.8,100,unverified,2026-02-11T12:00:00Z,assumed,1.0.0,8fe049cee2dbb83c819c3ad1ab9e327e982b3408b6617f11599b4115d67eb141,0.010448528143730873
2026-02-11T12:00:00Z,2026-02-11T00:00:00Z,2026-02-12T09:00:00Z,turbine_1,21,3.6,1.2,1.35,1.3,4,3.6,1.35,100,unverified,2026-02-11T12:00:00Z,assumed,1.0.0,b3ad5c95580a49b2260b1ff6ab649242c717638b569451db5f2f6be5bcf54aee,0.008418206588092225
2026-02-11T12:00:00Z,2026-02-11T00:00:00Z,2026-02-12T09:00:00Z,turbine_2,21,3.6,1.2,1.35,1.3,4,3.6,1.35,100,unverified,2026-02-11T12:00:00Z,assumed,1.0.0,8fe049cee2dbb83c819c3ad1ab9e327e982b3408b6617f11599b4115d67eb141,0.00796992197936186
2026-02-11T12:00:00Z,2026-02-11T00:00:00Z,2026-02-12T10:00:00Z,turbine_1,22,3.5,1.42,1.64,1.46,322,3.5,1.64,100,unverified,2026-02-11T12:00:00Z,assumed,1.0.0,b3ad5c95580a49b2260b1ff6ab649242c717638b569451db5f2f6be5bcf54aee,0.0102286297045176
2026-02-11T12:00:00Z,2026-02-11T00:00:00Z,2026-02-12T10:00:00Z,turbine_2,22,3.5,1.42,1.64,1.46,322,3.5,1.64,100,unverified,2026-02-11T12:00:00Z,assumed,1.0.0,8fe049cee2dbb83c819c3ad1ab9e327e982b3408b6617f11599b4115d67eb141,0.007620165469404694
2026-02-11T12:00:00Z,2026-02-11T00:00:00Z,2026-02-12T11:00:00Z,turbine_1,23,2.4,2.58,3.5,3.22,301,2.4,3.5,100,unverified,2026-02-11T12:00:00Z,assumed,1.0.0,b3ad5c95580a49b2260b1ff6ab649242c717638b569451db5f2f6be5bcf54aee,0.03139472762848905
2026-02-11T12:00:00Z,2026-02-11T00:00:00Z,2026-02-12T11:00:00Z,turbine_2,23,2.4,2.58,3.5,3.22,301,2.4,3.5,100,unverified,2026-02-11T12:00:00Z,assumed,1.0.0,8fe049cee2dbb83c819c3ad1ab9e327e982b3408b6617f11599b4115d67eb141,0.02114438686190223
2026-02-11T12:00:00Z,2026-02-11T00:00:00Z,2026-02-12T12:00:00Z,turbine_1,24,0.8,2.73,4.27,5.4,275,0.8,4.27,100,unverified,2026-02-11T12:00:00Z,assumed,1.0.0,b3ad5c95580a49b2260b1ff6ab649242c717638b569451db5f2f6be5bcf54aee,0.05250346269364076
2026-02-11T12:00:00Z,2026-02-11T00:00:00Z,2026-02-12T12:00:00Z,turbine_2,24,0.8,2.73,4.27,5.4,275,0.8,4.27,100,unverified,2026-02-11T12:00:00Z,assumed,1.0.0,8fe049cee2dbb83c819c3ad1ab9e327e982b3408b6617f11599b4115d67eb141,0.04817310083545906
2026-02-11T12:00:00Z,2026-02-11T00:00:00Z,2026-02-12T13:00:00Z,turbine_1,25,-0.1,2.36,4.4,5.66,267,-0.1,4.4,100,unverified,2026-02-11T12:00:00Z,assumed,1.0.0,b3ad5c95580a49b2260b1ff6ab649242c717638b569451db5f2f6be5bcf54aee,0.05505222467387244
2026-02-11T12:00:00Z,2026-02-11T00:00:00Z,2026-02-12T13:00:00Z,turbine_2,25,-0.1,2.36,4.4,5.66,267,-0.1,4.4,100,unverified,2026-02-11T12:00:00Z,assumed,1.0.0,8fe049cee2dbb83c819c3ad1ab9e327e982b3408b6617f11599b4115d67eb141,0.0536436260444314
2026-02-11T12:00:00Z,2026-02-11T00:00:00Z,2026-02-12T14:00:00Z,turbine_1,26,-0.4,2.69,4.67,6.5,260,-0.4,4.67,100,unverified,2026-02-11T12:00:00Z,assumed,1.0.0,b3ad5c95580a49b2260b1ff6ab649242c717638b569451db5f2f6be5bcf54aee,0.07185323656303544
2026-02-11T12:00:00Z,2026-02-11T00:00:00Z,2026-02-12T14:00:00Z,turbine_2,26,-0.4,2.69,4.67,6.5,260,-0.4,4.67,100,unverified,2026-02-11T12:00:00Z,assumed,1.0.0,8fe049cee2dbb83c819c3ad1ab9e327e982b3408b6617f11599b4115d67eb141,0.06734610508527278
2026-02-11T12:00:00Z,2026-02-11T00:00:00Z,2026-02-12T15:00:00Z,turbine_1,27,-0.3,2.75,4.92,7.07,261,-0.3,4.92,100,unverified,2026-02-11T12:00:00Z,assumed,1.0.0,b3ad5c95580a49b2260b1ff6ab649242c717638b569451db5f2f6be5bcf54aee,0.09008743539853936
2026-02-11T12:00:00Z,2026-02-11T00:00:00Z,2026-02-12T15:00:00Z,turbine_2,27,-0.3,2.75,4.92,7.07,261,-0.3,4.92,100,unverified,2026-02-11T12:00:00Z,assumed,1.0.0,8fe049cee2dbb83c819c3ad1ab9e327e982b3408b6617f11599b4115d67eb141,0.07526771898463802
2026-02-11T12:00:00Z,2026-02-11T00:00:00Z,2026-02-12T16:00:00Z,turbine_1,28,-0.3,2.09,4.09,5.98,245,-0.3,4.09,100,unverified,2026-02-11T12:00:00Z,assumed,1.0.0,b3ad5c95580a49b2260b1ff6ab649242c717638b569451db5f2f6be5bcf54aee,0.04568625463833598
2026-02-11T12:00:00Z,2026-02-11T00:00:00Z,2026-02-12T16:00:00Z,turbine_2,28,-0.3,2.09,4.09,5.98,245,-0.3,4.09,100,unverified,2026-02-11T12:00:00Z,assumed,1.0.0,8fe049cee2dbb83c819c3ad1ab9e327e982b3408b6617f11599b4115d67eb141,0.04166781924897034
2026-02-11T12:00:00Z,2026-02-11T00:00:00Z,2026-02-12T17:00:00Z,turbine_1,29,-1.1,0.87,2.63,4.22,249,-1.1,2.63,100,unverified,2026-02-11T12:00:00Z,assumed,1.0.0,b3ad5c95580a49b2260b1ff6ab649242c717638b569451db5f2f6be5bcf54aee,0.008092099003813247
2026-02-11T12:00:00Z,2026-02-11T00:00:00Z,2026-02-12T17:00:00Z,turbine_2,29,-1.1,0.87,2.63,4.22,249,-1.1,2.63,100,unverified,2026-02-11T12:00:00Z,assumed,1.0.0,8fe049cee2dbb83c819c3ad1ab9e327e982b3408b6617f11599b4115d67eb141,0.007926285755563367
2026-02-11T12:00:00Z,2026-02-11T00:00:00Z,2026-02-12T18:00:00Z,turbine_1,30,-1.6,0.64,1.88,2.71,292,-1.6,1.88,100,unverified,2026-02-11T12:00:00Z,assumed,1.0.0,b3ad5c95580a49b2260b1ff6ab649242c717638b569451db5f2f6be5bcf54aee,0.010896372706253488
2026-02-11T12:00:00Z,2026-02-11T00:00:00Z,2026-02-12T18:00:00Z,turbine_2,30,-1.6,0.64,1.88,2.71,292,-1.6,1.88,100,unverified,2026-02-11T12:00:00Z,assumed,1.0.0,8fe049cee2dbb83c819c3ad1ab9e327e982b3408b6617f11599b4115d67eb141,0.010992698432265247
2026-02-11T12:00:00Z,2026-02-11T00:00:00Z,2026-02-12T19:00:00Z,turbine_1,31,-2.5,1.65,3.38,2.77,341,-2.5,3.38,100,unverified,2026-02-11T12:00:00Z,assumed,1.0.0,b3ad5c95580a49b2260b1ff6ab649242c717638b569451db5f2f6be5bcf54aee,0.01256287656508992
2026-02-11T12:00:00Z,2026-02-11T00:00:00Z,2026-02-12T19:00:00Z,turbine_2,31,-2.5,1.65,3.38,2.77,341,-2.5,3.38,100,unverified,2026-02-11T12:00:00Z,assumed,1.0.0,8fe049cee2dbb83c819c3ad1ab9e327e982b3408b6617f11599b4115d67eb141,0.009098368052825878
2026-02-11T12:00:00Z,2026-02-11T00:00:00Z,2026-02-12T20:00:00Z,turbine_1,32,-2.9,0.73,2.13,2.95,309,-2.9,2.13,100,unverified,2026-02-11T12:00:00Z,assumed,1.0.0,b3ad5c95580a49b2260b1ff6ab649242c717638b569451db5f2f6be5bcf54aee,0.008583514595501773
2026-02-11T12:00:00Z,2026-02-11T00:00:00Z,2026-02-12T20:00:00Z,turbine_2,32,-2.9,0.73,2.13,2.95,309,-2.9,2.13,100,unverified,2026-02-11T12:00:00Z,assumed,1.0.0,8fe049cee2dbb83c819c3ad1ab9e327e982b3408b6617f11599b4115d67eb141,0.009054681293467703
2026-02-11T12:00:00Z,2026-02-11T00:00:00Z,2026-02-12T21:00:00Z,turbine_1,33,-2.3,1.07,1.66,1.9,314,-2.3,1.66,100,unverified,2026-02-11T12:00:00Z,assumed,1.0.0,b3ad5c95580a49b2260b1ff6ab649242c717638b569451db5f2f6be5bcf54aee,0.007255887477091272
2026-02-11T12:00:00Z,2026-02-11T00:00:00Z,2026-02-12T21:00:00Z,turbine_2,33,-2.3,1.07,1.66,1.9,314,-2.3,1.66,100,unverified,2026-02-11T12:00:00Z,assumed,1.0.0,8fe049cee2dbb83c819c3ad1ab9e327e982b3408b6617f11599b4115d67eb141,0.007583295166179171
2026-02-11T12:00:00Z,2026-02-11T00:00:00Z,2026-02-12T22:00:00Z,turbine_1,34,-2.2,1.15,1.33,0.86,326,-2.2,1.33,100,unverified,2026-02-11T12:00:00Z,assumed,1.0.0,b3ad5c95580a49b2260b1ff6ab649242c717638b569451db5f2f6be5bcf54aee,0.008055382240194198
2026-02-11T12:00:00Z,2026-02-11T00:00:00Z,2026-02-12T22:00:00Z,turbine_2,34,-2.2,1.15,1.33,0.86,326,-2.2,1.33,100,unverified,2026-02-11T12:00:00Z,assumed,1.0.0,8fe049cee2dbb83c819c3ad1ab9e327e982b3408b6617f11599b4115d67eb141,0.008004711773399287
2026-02-11T12:00:00Z,2026-02-11T00:00:00Z,2026-02-12T23:00:00Z,turbine_1,35,-2.4,1.4,1.63,0.61,317,-2.4,1.63,100,unverified,2026-02-11T12:00:00Z,assumed,1.0.0,b3ad5c95580a49b2260b1ff6ab649242c717638b569451db5f2f6be5bcf54aee,0.007255887477091272
2026-02-11T12:00:00Z,2026-02-11T00:00:00Z,2026-02-12T23:00:00Z,turbine_2,35,-2.4,1.4,1.63,0.61,317,-2.4,1.63,100,unverified,2026-02-11T12:00:00Z,assumed,1.0.0,8fe049cee2dbb83c819c3ad1ab9e327e982b3408b6617f11599b4115d67eb141,0.007713416700405817
2026-02-11T12:00:00Z,2026-02-11T00:00:00Z,2026-02-13T00:00:00Z,turbine_1,36,-3.0,1.92,2.55,1.31,313,-3.0,2.55,100,unverified,2026-02-11T12:00:00Z,assumed,1.0.0,b3ad5c95580a49b2260b1ff6ab649242c717638b569451db5f2f6be5bcf54aee,0.006668222834958604
2026-02-11T12:00:00Z,2026-02-11T00:00:00Z,2026-02-13T00:00:00Z,turbine_2,36,-3.0,1.92,2.55,1.31,313,-3.0,2.55,100,unverified,2026-02-11T12:00:00Z,assumed,1.0.0,8fe049cee2dbb83c819c3ad1ab9e327e982b3408b6617f11599b4115d67eb141,0.007936528232459106
2026-02-11T12:00:00Z,2026-02-11T00:00:00Z,2026-02-13T01:00:00Z,turbine_1,37,-2.9,2.22,2.47,1.66,302,-2.9,2.47,100,unverified,2026-02-11T12:00:00Z,assumed,1.0.0,b3ad5c95580a49b2260b1ff6ab649242c717638b569451db5f2f6be5bcf54aee,0.0070904628029281325
2026-02-11T12:00:00Z,2026-02-11T00:00:00Z,2026-02-13T01:00:00Z,turbine_2,37,-2.9,2.22,2.47,1.66,302,-2.9,2.47,100,unverified,2026-02-11T12:00:00Z,assumed,1.0.0,8fe049cee2dbb83c819c3ad1ab9e327e982b3408b6617f11599b4115d67eb141,0.008071830869452346
2026-02-11T12:00:00Z,2026-02-11T00:00:00Z,2026-02-13T02:00:00Z,turbine_1,38,-2.9,1.78,1.83,0.98,296,-2.9,1.83,100,unverified,2026-02-11T12:00:00Z,assumed,1.0.0,b3ad5c95580a49b2260b1ff6ab649242c717638b569451db5f2f6be5bcf54aee,0.008464071340114898
2026-02-11T12:00:00Z,2026-02-11T00:00:00Z,2026-02-13T02:00:00Z,turbine_2,38,-2.9,1.78,1.83,0.98,296,-2.9,1.83,100,unverified,2026-02-11T12:00:00Z,assumed,1.0.0,8fe049cee2dbb83c819c3ad1ab9e327e982b3408b6617f11599b4115d67eb141,0.009544369116780138
2026-02-11T12:00:00Z,2026-02-11T00:00:00Z,2026-02-13T03:00:00Z,turbine_1,39,-2.6,1.85,2.19,1.21,305,-2.6,2.19,100,unverified,2026-02-11T12:00:00Z,assumed,1.0.0,b3ad5c95580a49b2260b1ff6ab649242c717638b569451db5f2f6be5bcf54aee,0.008495796694201585
2026-02-11T12:00:00Z,2026-02-11T00:00:00Z,2026-02-13T03:00:00Z,turbine_2,39,-2.6,1.85,2.19,1.21,305,-2.6,2.19,100,unverified,2026-02-11T12:00:00Z,assumed,1.0.0,8fe049cee2dbb83c819c3ad1ab9e327e982b3408b6617f11599b4115d67eb141,0.007740036473283307
2026-02-11T12:00:00Z,2026-02-11T00:00:00Z,2026-02-13T04:00:00Z,turbine_1,40,-2.5,2.3,2.89,1.68,293,-2.5,2.89,100,unverified,2026-02-11T12:00:00Z,assumed,1.0.0,b3ad5c95580a49b2260b1ff6ab649242c717638b569451db5f2f6be5bcf54aee,0.009229619233312059
2026-02-11T12:00:00Z,2026-02-11T00:00:00Z,2026-02-13T04:00:00Z,turbine_2,40,-2.5,2.3,2.89,1.68,293,-2.5,2.89,100,unverified,2026-02-11T12:00:00Z,assumed,1.0.0,8fe049cee2dbb83c819c3ad1ab9e327e982b3408b6617f11599b4115d67eb141,0.006714673342809063
2026-02-11T12:00:00Z,2026-02-11T00:00:00Z,2026-02-13T05:00:00Z,turbine_1,41,-1.9,1.7,2.02,0.96,303,-1.9,2.02,100,unverified,2026-02-11T12:00:00Z,assumed,1.0.0,b3ad5c95580a49b2260b1ff6ab649242c717638b569451db5f2f6be5bcf54aee,0.010896372706253488
2026-02-11T12:00:00Z,2026-02-11T00:00:00Z,2026-02-13T05:00:00Z,turbine_2,41,-1.9,1.7,2.02,0.96,303,-1.9,2.02,100,unverified,2026-02-11T12:00:00Z,assumed,1.0.0,8fe049cee2dbb83c819c3ad1ab9e327e982b3408b6617f11599b4115d67eb141,0.008805384953451456
2026-02-11T12:00:00Z,2026-02-11T00:00:00Z,2026-02-13T06:00:00Z,turbine_1,42,-0.4,1.75,1.96,0.87,356,-0.4,1.96,100,unverified,2026-02-11T12:00:00Z,assumed,1.0.0,b3ad5c95580a49b2260b1ff6ab649242c717638b569451db5f2f6be5bcf54aee,0.010841116153213148
2026-02-11T12:00:00Z,2026-02-11T00:00:00Z,2026-02-13T06:00:00Z,turbine_2,42,-0.4,1.75,1.96,0.87,356,-0.4,1.96,100,unverified,2026-02-11T12:00:00Z,assumed,1.0.0,8fe049cee2dbb83c819c3ad1ab9e327e982b3408b6617f11599b4115d67eb141,0.012290485429429288
2026-02-11T12:00:00Z,2026-02-11T00:00:00Z,2026-02-13T07:00:00Z,turbine_1,43,1.0,1.87,2.13,1.88,24,1.0,2.13,100,unverified,2026-02-11T12:00:00Z,assumed,1.0.0,b3ad5c95580a49b2260b1ff6ab649242c717638b569451db5f2f6be5bcf54aee,0.01146472491667766
2026-02-11T12:00:00Z,2026-02-11T00:00:00Z,2026-02-13T07:00:00Z,turbine_2,43,1.0,1.87,2.13,1.88,24,1.0,2.13,100,unverified,2026-02-11T12:00:00Z,assumed,1.0.0,8fe049cee2dbb83c819c3ad1ab9e327e982b3408b6617f11599b4115d67eb141,0.011837060304781377
2026-02-11T12:00:00Z,2026-02-11T00:00:00Z,2026-02-13T08:00:00Z,turbine_1,44,2.9,2.13,2.57,2.74,57,2.9,2.57,100,unverified,2026-02-11T12:00:00Z,assumed,1.0.0,b3ad5c95580a49b2260b1ff6ab649242c717638b569451db5f2f6be5bcf54aee,0.014231862289029062
2026-02-11T12:00:00Z,2026-02-11T00:00:00Z,2026-02-13T08:00:00Z,turbine_2,44,2.9,2.13,2.57,2.74,57,2.9,2.57,100,unverified,2026-02-11T12:00:00Z,assumed,1.0.0,8fe049cee2dbb83c819c3ad1ab9e327e982b3408b6617f11599b4115d67eb141,0.015882793608187284
2026-02-11T12:00:00Z,2026-02-11T00:00:00Z,2026-02-13T09:00:00Z,turbine_1,45,3.9,3.13,3.89,4.09,44,3.9,3.89,100,unverified,2026-02-11T12:00:00Z,assumed,1.0.0,b3ad5c95580a49b2260b1ff6ab649242c717638b569451db5f2f6be5bcf54aee,0.046534958973601714
2026-02-11T12:00:00Z,2026-02-11T00:00:00Z,2026-02-13T09:00:00Z,turbine_2,45,3.9,3.13,3.89,4.09,44,3.9,3.89,100,unverified,2026-02-11T12:00:00Z,assumed,1.0.0,8fe049cee2dbb83c819c3ad1ab9e327e982b3408b6617f11599b4115d67eb141,0.03666973502024351
2026-02-11T12:00:00Z,2026-02-11T00:00:00Z,2026-02-13T10:00:00Z,turbine_1,46,3.8,2.86,3.68,3.98,43,3.8,3.68,100,unverified,2026-02-11T12:00:00Z,assumed,1.0.0,b3ad5c95580a49b2260b1ff6ab649242c717638b569451db5f2f6be5bcf54aee,0.038635970624975924
2026-02-11T12:00:00Z,2026-02-11T00:00:00Z,2026-02-13T10:00:00Z,turbine_2,46,3.8,2.86,3.68,3.98,43,3.8,3.68,100,unverified,2026-02-11T12:00:00Z,assumed,1.0.0,8fe049cee2dbb83c819c3ad1ab9e327e982b3408b6617f11599b4115d67eb141,0.0303572572875217
2026-02-11T12:00:00Z,2026-02-11T00:00:00Z,2026-02-13T11:00:00Z,turbine_1,47,3.6,2.56,3.82,4.6,43,3.6,3.82,100,unverified,2026-02-11T12:00:00Z,assumed,1.0.0,b3ad5c95580a49b2260b1ff6ab649242c717638b569451db5f2f6be5bcf54aee,0.040140546488692974
2026-02-11T12:00:00Z,2026-02-11T00:00:00Z,2026-02-13T11:00:00Z,turbine_2,47,3.6,2.56,3.82,4.6,43,3.6,3.82,100,unverified,2026-02-11T12:00:00Z,assumed,1.0.0,8fe049cee2dbb83c819c3ad1ab9e327e982b3408b6617f11599b4115d67eb141,0.032169470751696516
2026-02-11T12:00:00Z,2026-02-11T00:00:00Z,2026-02-13T12:00:00Z,turbine_1,48,1.3,1.96,5.08,5.66,50,1.3,5.08,100,unverified,2026-02-11T12:00:00Z,assumed,1.0.0,b3ad5c95580a49b2260b1ff6ab649242c717638b569451db5f2f6be5bcf54aee,0.10148482270780168
2026-02-11T12:00:00Z,2026-02-11T00:00:00Z,2026-02-13T12:00:00Z,turbine_2,48,1.3,1.96,5.08,5.66,50,1.3,5.08,100,unverified,2026-02-11T12:00:00Z,assumed,1.0.0,8fe049cee2dbb83c819c3ad1ab9e327e982b3408b6617f11599b4115d67eb141,0.08606376080867811
2026-02-12T12:00:00Z,2026-02-12T00:00:00Z,2026-02-12T13:00:00Z,turbine_1,1,0.2,2.8,4.8,3.81,281,0.2,4.8,100,unverified,2026-02-12T12:00:00Z,assumed,1.0.0,b3ad5c95580a49b2260b1ff6ab649242c717638b569451db5f2f6be5bcf54aee,0.08087741575966406
2026-02-12T12:00:00Z,2026-02-12T00:00:00Z,2026-02-12T13:00:00Z,turbine_2,1,0.2,2.8,4.8,3.81,281,0.2,4.8,100,unverified,2026-02-12T12:00:00Z,assumed,1.0.0,8fe049cee2dbb83c819c3ad1ab9e327e982b3408b6617f11599b4115d67eb141,0.07237378272130168
2026-02-12T12:00:00Z,2026-02-12T00:00:00Z,2026-02-12T14:00:00Z,turbine_1,2,0.1,2.89,5.12,5.45,260,0.1,5.12,100,unverified,2026-02-12T12:00:00Z,assumed,1.0.0,b3ad5c95580a49b2260b1ff6ab649242c717638b569451db5f2f6be5bcf54aee,0.10482115671740522
2026-02-12T12:00:00Z,2026-02-12T00:00:00Z,2026-02-12T14:00:00Z,turbine_2,2,0.1,2.89,5.12,5.45,260,0.1,5.12,100,unverified,2026-02-12T12:00:00Z,assumed,1.0.0,8fe049cee2dbb83c819c3ad1ab9e327e982b3408b6617f11599b4115d67eb141,0.09116201058857593
2026-02-12T12:00:00Z,2026-02-12T00:00:00Z,2026-02-12T15:00:00Z,turbine_1,3,0.1,1.61,3.43,4.5,262,0.1,3.43,100,unverified,2026-02-12T12:00:00Z,assumed,1.0.0,b3ad5c95580a49b2260b1ff6ab649242c717638b569451db5f2f6be5bcf54aee,0.022239579530326292
2026-02-12T12:00:00Z,2026-02-12T00:00:00Z,2026-02-12T15:00:00Z,turbine_2,3,0.1,1.61,3.43,4.5,262,0.1,3.43,100,unverified,2026-02-12T12:00:00Z,assumed,1.0.0,8fe049cee2dbb83c819c3ad1ab9e327e982b3408b6617f11599b4115d67eb141,0.02099599760297366
2026-02-12T12:00:00Z,2026-02-12T00:00:00Z,2026-02-12T16:00:00Z,turbine_1,4,-0.3,2.17,3.74,4.91,278,-0.3,3.74,100,unverified,2026-02-12T12:00:00Z,assumed,1.0.0,b3ad5c95580a49b2260b1ff6ab649242c717638b569451db5f2f6be5bcf54aee,0.030820426174564763
2026-02-12T12:00:00Z,2026-02-12T00:00:00Z,2026-02-12T16:00:00Z,turbine_2,4,-0.3,2.17,3.74,4.91,278,-0.3,3.74,100,unverified,2026-02-12T12:00:00Z,assumed,1.0.0,8fe049cee2dbb83c819c3ad1ab9e327e982b3408b6617f11599b4115d67eb141,0.024270247640710896
2026-02-12T12:00:00Z,2026-02-12T00:00:00Z,2026-02-12T17:00:00Z,turbine_1,5,-0.6,2.0,3.61,4.75,274,-0.6,3.61,100,unverified,2026-02-12T12:00:00Z,assumed,1.0.0,b3ad5c95580a49b2260b1ff6ab649242c717638b569451db5f2f6be5bcf54aee,0.027411302621035916
2026-02-12T12:00:00Z,2026-02-12T00:00:00Z,2026-02-12T17:00:00Z,turbine_2,5,-0.6,2.0,3.61,4.75,274,-0.6,3.61,100,unverified,2026-02-12T12:00:00Z,assumed,1.0.0,8fe049cee2dbb83c819c3ad1ab9e327e982b3408b6617f11599b4115d67eb141,0.022550715682376987
2026-02-12T12:00:00Z,2026-02-12T00:00:00Z,2026-02-12T18:00:00Z,turbine_1,6,-0.4,0.7,1.26,1.78,252,-0.4,1.26,100,unverified,2026-02-12T12:00:00Z,assumed,1.0.0,b3ad5c95580a49b2260b1ff6ab649242c717638b569451db5f2f6be5bcf54aee,0.007748475137053956
2026-02-12T12:00:00Z,2026-02-12T00:00:00Z,2026-02-12T18:00:00Z,turbine_2,6,-0.4,0.7,1.26,1.78,252,-0.4,1.26,100,unverified,2026-02-12T12:00:00Z,assumed,1.0.0,8fe049cee2dbb83c819c3ad1ab9e327e982b3408b6617f11599b4115d67eb141,0.01013987230378488
2026-02-12T12:00:00Z,2026-02-12T00:00:00Z,2026-02-12T19:00:00Z,turbine_1,7,-0.8,1.91,2.38,1.18,345,-0.8,2.38,100,unverified,2026-02-12T12:00:00Z,assumed,1.0.0,b3ad5c95580a49b2260b1ff6ab649242c717638b569451db5f2f6be5bcf54aee,0.010769942736320703
2026-02-12T12:00:00Z,2026-02-12T00:00:00Z,2026-02-12T19:00:00Z,turbine_2,7,-0.8,1.91,2.38,1.18,345,-0.8,2.38,100,unverified,2026-02-12T12:00:00Z,assumed,1.0.0,8fe049cee2dbb83c819c3ad1ab9e327e982b3408b6617f11599b4115d67eb141,0.01033308013374118
2026-02-12T12:00:00Z,2026-02-12T00:00:00Z,2026-02-12T20:00:00Z,turbine_1,8,-1.1,1.4,1.66,0.94,355,-1.1,1.66,100,unverified,2026-02-12T12:00:00Z,assumed,1.0.0,b3ad5c95580a49b2260b1ff6ab649242c717638b569451db5f2f6be5bcf54aee,0.006954227732338447
2026-02-12T12:00:00Z,2026-02-12T00:00:00Z,2026-02-12T20:00:00Z,turbine_2,8,-1.1,1.4,1.66,0.94,355,-1.1,1.66,100,unverified,2026-02-12T12:00:00Z,assumed,1.0.0,8fe049cee2dbb83c819c3ad1ab9e327e982b3408b6617f11599b4115d67eb141,0.007743323168190208
2026-02-12T12:00:00Z,2026-02-12T00:00:00Z,2026-02-12T21:00:00Z,turbine_1,9,-1.8,1.03,1.25,1.06,355,-1.8,1.25,100,unverified,2026-02-12T12:00:00Z,assumed,1.0.0,b3ad5c95580a49b2260b1ff6ab649242c717638b569451db5f2f6be5bcf54aee,0.0078037316900942955
2026-02-12T12:00:00Z,2026-02-12T00:00:00Z,2026-02-12T21:00:00Z,turbine_2,9,-1.8,1.03,1.25,1.06,355,-1.8,1.25,100,unverified,2026-02-12T12:00:00Z,assumed,1.0.0,8fe049cee2dbb83c819c3ad1ab9e327e982b3408b6617f11599b4115d67eb141,0.009119233517446479
2026-02-12T12:00:00Z,2026-02-12T00:00:00Z,2026-02-12T22:00:00Z,turbine_1,10,-2.0,0.74,0.82,1.01,322,-2.0,0.82,100,unverified,2026-02-12T12:00:00Z,assumed,1.0.0,b3ad5c95580a49b2260b1ff6ab649242c717638b569451db5f2f6be5bcf54aee,0.00807503380030239
2026-02-12T12:00:00Z,2026-02-12T00:00:00Z,2026-02-12T22:00:00Z,turbine_2,10,-2.0,0.74,0.82,1.01,322,-2.0,0.82,100,unverified,2026-02-12T12:00:00Z,assumed,1.0.0,8fe049cee2dbb83c819c3ad1ab9e327e982b3408b6617f11599b4115d67eb141,0.00850802602769063
2026-02-12T12:00:00Z,2026-02-12T00:00:00Z,2026-02-12T23:00:00Z,turbine_1,11,-1.8,0.97,1.11,0.78,288,-1.8,1.11,100,unverified,2026-02-12T12:00:00Z,assumed,1.0.0,b3ad5c95580a49b2260b1ff6ab649242c717638b569451db5f2f6be5bcf54aee,0.007760015089330052
2026-02-12T12:00:00Z,2026-02-12T00:00:00Z,2026-02-12T23:00:00Z,turbine_2,11,-1.8,0.97,1.11,0.78,288,-1.8,1.11,100,unverified,2026-02-12T12:00:00Z,assumed,1.0.0,8fe049cee2dbb83c819c3ad1ab9e327e982b3408b6617f11599b4115d67eb141,0.008956013643067362
2026-02-12T12:00:00Z,2026-02-12T00:00:00Z,2026-02-13T00:00:00Z,turbine_1,12,-1.9,1.14,1.46,0.91,308,-1.9,1.46,100,unverified,2026-02-12T12:00:00Z,assumed,1.0.0,b3ad5c95580a49b2260b1ff6ab649242c717638b569451db5f2f6be5bcf54aee,0.0078037316900942955
2026-02-12T12:00:00Z,2026-02-12T00:00:00Z,2026-02-13T00:00:00Z,turbine_2,12,-1.9,1.14,1.46,0.91,308,-1.9,1.46,100,unverified,2026-02-12T12:00:00Z,assumed,1.0.0,8fe049cee2dbb83c819c3ad1ab9e327e982b3408b6617f11599b4115d67eb141,0.008893321666520126
2026-02-12T12:00:00Z,2026-02-12T00:00:00Z,2026-02-13T01:00:00Z,turbine_1,13,-2.2,1.75,2.52,1.43,311,-2.2,2.52,100,unverified,2026-02-12T12:00:00Z,assumed,1.0.0,b3ad5c95580a49b2260b1ff6ab649242c717638b569451db5f2f6be5bcf54aee,0.007359174222450471
2026-02-12T12:00:00Z,2026-02-12T00:00:00Z,2026-02-13T01:00:00Z,turbine_2,13,-2.2,1.75,2.52,1.43,311,-2.2,2.52,100,unverified,2026-02-12T12:00:00Z,assumed,1.0.0,8fe049cee2dbb83c819c3ad1ab9e327e982b3408b6617f11599b4115d67eb141,0.006783114542313062
2026-02-12T12:00:00Z,2026-02-12T00:00:00Z,2026-02-13T02:00:00Z,turbine_1,14,-2.4,1.27,1.28,0.61,309,-2.4,1.28,100,unverified,2026-02-12T12:00:00Z,assumed,1.0.0,b3ad5c95580a49b2260b1ff6ab649242c717638b569451db5f2f6be5bcf54aee,0.0073009830794265596
2026-02-12T12:00:00Z,2026-02-12T00:00:00Z,2026-02-13T02:00:00Z,turbine_2,14,-2.4,1.27,1.28,0.61,309,-2.4,1.28,100,unverified,2026-02-12T12:00:00Z,assumed,1.0.0,8fe049cee2dbb83c819c3ad1ab9e327e982b3408b6617f11599b4115d67eb141,0.008190046479337965
2026-02-12T12:00:00Z,2026-02-12T00:00:00Z,2026-02-13T03:00:00Z,turbine_1,15,-2.0,1.06,0.83,0.78,327,-2.0,0.83,100,unverified,2026-02-12T12:00:00Z,assumed,1.0.0,b3ad5c95580a49b2260b1ff6ab649242c717638b569451db5f2f6be5bcf54aee,0.00807503380030239
2026-02-12T12:00:00Z,2026-02-12T00:00:00Z,2026-02-13T03:00:00Z,turbine_2,15,-2.0,1.06,0.83,0.78,327,-2.0,0.83,100,unverified,2026-02-12T12:00:00Z,assumed,1.0.0,8fe049cee2dbb83c819c3ad1ab9e327e982b3408b6617f11599b4115d67eb141,0.00850802602769063
2026-02-12T12:00:00Z,2026-02-12T00:00:00Z,2026-02-13T04:00:00Z,turbine_1,16,-1.2,1.22,1.2,1.39,2,-1.2,1.2,100,unverified,2026-02-12T12:00:00Z,assumed,1.0.0,b3ad5c95580a49b2260b1ff6ab649242c717638b569451db5f2f6be5bcf54aee,0.007301289219679485
2026-02-12T12:00:00Z,2026-02-12T00:00:00Z,2026-02-13T04:00:00Z,turbine_2,16,-1.2,1.22,1.2,1.39,2,-1.2,1.2,100,unverified,2026-02-12T12:00:00Z,assumed,1.0.0,8fe049cee2dbb83c819c3ad1ab9e327e982b3408b6617f11599b4115d67eb141,0.008833252750012233
2026-02-12T12:00:00Z,2026-02-12T00:00:00Z,2026-02-13T05:00:00Z,turbine_1,17,-0.6,1.66,1.75,0.61,329,-0.6,1.75,100,unverified,2026-02-12T12:00:00Z,assumed,1.0.0,b3ad5c95580a49b2260b1ff6ab649242c717638b569451db5f2f6be5bcf54aee,0.007866150174198616
2026-02-12T12:00:00Z,2026-02-12T00:00:00Z,2026-02-13T05:00:00Z,turbine_2,17,-0.6,1.66,1.75,0.61,329,-0.6,1.75,100,unverified,2026-02-12T12:00:00Z,assumed,1.0.0,8fe049cee2dbb83c819c3ad1ab9e327e982b3408b6617f11599b4115d67eb141,0.008695614862905654
2026-02-12T12:00:00Z,2026-02-12T00:00:00Z,2026-02-13T06:00:00Z,turbine_1,18,0.0,1.15,1.18,0.05,324,0.0,1.18,100,unverified,2026-02-12T12:00:00Z,assumed,1.0.0,b3ad5c95580a49b2260b1ff6ab649242c717638b569451db5f2f6be5bcf54aee,0.008183263650079986
2026-02-12T12:00:00Z,2026-02-12T00:00:00Z,2026-02-13T06:00:00Z,turbine_2,18,0.0,1.15,1.18,0.05,324,0.0,1.18,100,unverified,2026-02-12T12:00:00Z,assumed,1.0.0,8fe049cee2dbb83c819c3ad1ab9e327e982b3408b6617f11599b4115d67eb141,0.010240452293283575
2026-02-12T12:00:00Z,2026-02-12T00:00:00Z,2026-02-13T07:00:00Z,turbine_1,19,1.0,0.8,1.07,0.56,11,1.0,1.07,100,unverified,2026-02-12T12:00:00Z,assumed,1.0.0,b3ad5c95580a49b2260b1ff6ab649242c717638b569451db5f2f6be5bcf54aee,0.008346304729406229
2026-02-12T12:00:00Z,2026-02-12T00:00:00Z,2026-02-13T07:00:00Z,turbine_2,19,1.0,0.8,1.07,0.56,11,1.0,1.07,100,unverified,2026-02-12T12:00:00Z,assumed,1.0.0,8fe049cee2dbb83c819c3ad1ab9e327e982b3408b6617f11599b4115d67eb141,0.009893242404051594
2026-02-12T12:00:00Z,2026-02-12T00:00:00Z,2026-02-13T08:00:00Z,turbine_1,20,1.7,0.57,1.07,1.74,62,1.7,1.07,100,unverified,2026-02-12T12:00:00Z,assumed,1.0.0,b3ad5c95580a49b2260b1ff6ab649242c717638b569451db5f2f6be5bcf54aee,0.008609384558879496
2026-02-12T12:00:00Z,2026-02-12T00:00:00Z,2026-02-13T08:00:00Z,turbine_2,20,1.7,0.57,1.07,1.74,62,1.7,1.07,100,unverified,2026-02-12T12:00:00Z,assumed,1.0.0,8fe049cee2dbb83c819c3ad1ab9e327e982b3408b6617f11599b4115d67eb141,0.008646828871671175
2026-02-12T12:00:00Z,2026-02-12T00:00:00Z,2026-02-13T09:00:00Z,turbine_1,21,2.5,1.12,2.09,2.07,44,2.5,2.09,100,unverified,2026-02-12T12:00:00Z,assumed,1.0.0,b3ad5c95580a49b2260b1ff6ab649242c717638b569451db5f2f6be5bcf54aee,0.01439601327705664
2026-02-12T12:00:00Z,2026-02-12T00:00:00Z,2026-02-13T09:00:00Z,turbine_2,21,2.5,1.12,2.09,2.07,44,2.5,2.09,100,unverified,2026-02-12T12:00:00Z,assumed,1.0.0,8fe049cee2dbb83c819c3ad1ab9e327e982b3408b6617f11599b4115d67eb141,0.010730185621370736
2026-02-12T12:00:00Z,2026-02-12T00:00:00Z,2026-02-13T10:00:00Z,turbine_1,22,2.8,1.2,2.45,2.67,57,2.8,2.45,100,unverified,2026-02-12T12:00:00Z,assumed,1.0.0,b3ad5c95580a49b2260b1ff6ab649242c717638b569451db5f2f6be5bcf54aee,0.013492021500760787
2026-02-12T12:00:00Z,2026-02-12T00:00:00Z,2026-02-13T10:00:00Z,turbine_2,22,2.8,1.2,2.45,2.67,57,2.8,2.45,100,unverified,2026-02-12T12:00:00Z,assumed,1.0.0,8fe049cee2dbb83c819c3ad1ab9e327e982b3408b6617f11599b4115d67eb141,0.015615951897000269
2026-02-12T12:00:00Z,2026-02-12T00:00:00Z,2026-02-13T11:00:00Z,turbine_1,23,2.3,1.28,2.53,2.61,65,2.3,2.53,100,unverified,2026-02-12T12:00:00Z,assumed,1.0.0,b3ad5c95580a49b2260b1ff6ab649242c717638b569451db5f2f6be5bcf54aee,0.012138603771504941
2026-02-12T12:00:00Z,2026-02-12T00:00:00Z,2026-02-13T11:00:00Z,turbine_2,23,2.3,1.28,2.53,2.61,65,2.3,2.53,100,unverified,2026-02-12T12:00:00Z,assumed,1.0.0,8fe049cee2dbb83c819c3ad1ab9e327e982b3408b6617f11599b4115d67eb141,0.009534307377513429
2026-02-12T12:00:00Z,2026-02-12T00:00:00Z,2026-02-13T12:00:00Z,turbine_1,24,-0.3,1.62,3.4,2.82,66,-0.3,3.4,100,unverified,2026-02-12T12:00:00Z,assumed,1.0.0,b3ad5c95580a49b2260b1ff6ab649242c717638b569451db5f2f6be5bcf54aee,0.02079163853860433
2026-02-12T12:00:00Z,2026-02-12T00:00:00Z,2026-02-13T12:00:00Z,turbine_2,24,-0.3,1.62,3.4,2.82,66,-0.3,3.4,100,unverified,2026-02-12T12:00:00Z,assumed,1.0.0,8fe049cee2dbb83c819c3ad1ab9e327e982b3408b6617f11599b4115d67eb141,0.015247287975432733
2026-02-12T12:00:00Z,2026-02-12T00:00:00Z,2026-02-13T13:00:00Z,turbine_1,25,-0.1,2.01,4.86,4.63,66,-0.1,4.86,100,unverified,2026-02-12T12:00:00Z,assumed,1.0.0,b3ad5c95580a49b2260b1ff6ab649242c717638b569451db5f2f6be5bcf54aee,0.08392686908050878
2026-02-12T12:00:00Z,2026-02-12T00:00:00Z,2026-02-13T13:00:00Z,turbine_2,25,-0.1,2.01,4.86,4.63,66,-0.1,4.86,100,unverified,2026-02-12T12:00:00Z,assumed,1.0.0,8fe049cee2dbb83c819c3ad1ab9e327e982b3408b6617f11599b4115d67eb141,0.07330251525831016
2026-02-12T12:00:00Z,2026-02-12T00:00:00Z,2026-02-13T14:00:00Z,turbine_1,26,0.1,2.31,5.9,6.09,70,0.1,5.9,100,unverified,2026-02-12T12:00:00Z,assumed,1.0.0,b3ad5c95580a49b2260b1ff6ab649242c717638b569451db5f2f6be5bcf54aee,0.182147165689456
2026-02-12T12:00:00Z,2026-02-12T00:00:00Z,2026-02-13T14:00:00Z,turbine_2,26,0.1,2.31,5.9,6.09,70,0.1,5.9,100,unverified,2026-02-12T12:00:00Z,assumed,1.0.0,8fe049cee2dbb83c819c3ad1ab9e327e982b3408b6617f11599b4115d67eb141,0.16749512477856454
2026-02-12T12:00:00Z,2026-02-12T00:00:00Z,2026-02-13T15:00:00Z,turbine_1,27,0.7,2.55,6.07,7.34,67,0.7,6.07,100,unverified,2026-02-12T12:00:00Z,assumed,1.0.0,b3ad5c95580a49b2260b1ff6ab649242c717638b569451db5f2f6be5bcf54aee,0.22321139851876498
2026-02-12T12:00:00Z,2026-02-12T00:00:00Z,2026-02-13T15:00:00Z,turbine_2,27,0.7,2.55,6.07,7.34,67,0.7,6.07,100,unverified,2026-02-12T12:00:00Z,assumed,1.0.0,8fe049cee2dbb83c819c3ad1ab9e327e982b3408b6617f11599b4115d67eb141,0.18500717080913412
2026-02-12T12:00:00Z,2026-02-12T00:00:00Z,2026-02-13T16:00:00Z,turbine_1,28,0.4,3.4,7.36,9.49,64,0.4,7.36,100,unverified,2026-02-12T12:00:00Z,assumed,1.0.0,b3ad5c95580a49b2260b1ff6ab649242c717638b569451db5f2f6be5bcf54aee,0.4243534677917599
2026-02-12T12:00:00Z,2026-02-12T00:00:00Z,2026-02-13T16:00:00Z,turbine_2,28,0.4,3.4,7.36,9.49,64,0.4,7.36,100,unverified,2026-02-12T12:00:00Z,assumed,1.0.0,8fe049cee2dbb83c819c3ad1ab9e327e982b3408b6617f11599b4115d67eb141,0.40177590492245535
2026-02-12T12:00:00Z,2026-02-12T00:00:00Z,2026-02-13T17:00:00Z,turbine_1,29,0.1,3.07,6.89,9.2,62,0.1,6.89,100,unverified,2026-02-12T12:00:00Z,assumed,1.0.0,b3ad5c95580a49b2260b1ff6ab649242c717638b569451db5f2f6be5bcf54aee,0.33825239002588486
2026-02-12T12:00:00Z,2026-02-12T00:00:00Z,2026-02-13T17:00:00Z,turbine_2,29,0.1,3.07,6.89,9.2,62,0.1,6.89,100,unverified,2026-02-12T12:00:00Z,assumed,1.0.0,8fe049cee2dbb83c819c3ad1ab9e327e982b3408b6617f11599b4115d67eb141,0.3124713397378222
2026-02-12T12:00:00Z,2026-02-12T00:00:00Z,2026-02-13T18:00:00Z,turbine_1,30,-0.2,3.51,7.36,9.61,63,-0.2,7.36,100,unverified,2026-02-12T12:00:00Z,assumed,1.0.0,b3ad5c95580a49b2260b1ff6ab649242c717638b569451db5f2f6be5bcf54aee,0.42257812963209257
2026-02-12T12:00:00Z,2026-02-12T00:00:00Z,2026-02-13T18:00:00Z,turbine_2,30,-0.2,3.51,7.36,9.61,63,-0.2,7.36,100,unverified,2026-02-12T12:00:00Z,assumed,1.0.0,8fe049cee2dbb83c819c3ad1ab9e327e982b3408b6617f11599b4115d67eb141,0.3973332082291265
2026-02-12T12:00:00Z,2026-02-12T00:00:00Z,2026-02-13T19:00:00Z,turbine_1,31,0.2,4.13,8.03,10.21,62,0.2,8.03,100,unverified,2026-02-12T12:00:00Z,assumed,1.0.0,b3ad5c95580a49b2260b1ff6ab649242c717638b569451db5f2f6be5bcf54aee,0.5317682468175045
2026-02-12T12:00:00Z,2026-02-12T00:00:00Z,2026-02-13T19:00:00Z,turbine_2,31,0.2,4.13,8.03,10.21,62,0.2,8.03,100,unverified,2026-02-12T12:00:00Z,assumed,1.0.0,8fe049cee2dbb83c819c3ad1ab9e327e982b3408b6617f11599b4115d67eb141,0.5019313747820618
2026-02-12T12:00:00Z,2026-02-12T00:00:00Z,2026-02-13T20:00:00Z,turbine_1,32,-0.4,4.16,8.11,10.25,60,-0.4,8.11,100,unverified,2026-02-12T12:00:00Z,assumed,1.0.0,b3ad5c95580a49b2260b1ff6ab649242c717638b569451db5f2f6be5bcf54aee,0.5316775673122988
2026-02-12T12:00:00Z,2026-02-12T00:00:00Z,2026-02-13T20:00:00Z,turbine_2,32,-0.4,4.16,8.11,10.25,60,-0.4,8.11,100,unverified,2026-02-12T12:00:00Z,assumed,1.0.0,8fe049cee2dbb83c819c3ad1ab9e327e982b3408b6617f11599b4115d67eb141,0.5035346008884646
2026-02-12T12:00:00Z,2026-02-12T00:00:00Z,2026-02-13T21:00:00Z,turbine_1,33,-0.9,4.14,8.0,10.41,68,-0.9,8.0,100,unverified,2026-02-12T12:00:00Z,assumed,1.0.0,b3ad5c95580a49b2260b1ff6ab649242c717638b569451db5f2f6be5bcf54aee,0.5106837351635836
2026-02-12T12:00:00Z,2026-02-12T00:00:00Z,2026-02-13T21:00:00Z,turbine_2,33,-0.9,4.14,8.0,10.41,68,-0.9,8.0,100,unverified,2026-02-12T12:00:00Z,assumed,1.0.0,8fe049cee2dbb83c819c3ad1ab9e327e982b3408b6617f11599b4115d67eb141,0.48403454305387
2026-02-12T12:00:00Z,2026-02-12T00:00:00Z,2026-02-13T22:00:00Z,turbine_1,34,-0.7,4.2,8.11,10.92,67,-0.7,8.11,100,unverified,2026-02-12T12:00:00Z,assumed,1.0.0,b3ad5c95580a49b2260b1ff6ab649242c717638b569451db5f2f6be5bcf54aee,0.5287424914825543
2026-02-12T12:00:00Z,2026-02-12T00:00:00Z,2026-02-13T22:00:00Z,turbine_2,34,-0.7,4.2,8.11,10.92,67,-0.7,8.11,100,unverified,2026-02-12T12:00:00Z,assumed,1.0.0,8fe049cee2dbb83c819c3ad1ab9e327e982b3408b6617f11599b4115d67eb141,0.501242357418307
2026-02-12T12:00:00Z,2026-02-12T00:00:00Z,2026-02-13T23:00:00Z,turbine_1,35,-0.9,3.69,7.16,9.62,70,-0.9,7.16,100,unverified,2026-02-12T12:00:00Z,assumed,1.0.0,b3ad5c95580a49b2260b1ff6ab649242c717638b569451db5f2f6be5bcf54aee,0.3806632055032988
2026-02-12T12:00:00Z,2026-02-12T00:00:00Z,2026-02-13T23:00:00Z,turbine_2,35,-0.9,3.69,7.16,9.62,70,-0.9,7.16,100,unverified,2026-02-12T12:00:00Z,assumed,1.0.0,8fe049cee2dbb83c819c3ad1ab9e327e982b3408b6617f11599b4115d67eb141,0.3566400717157309
2026-02-12T12:00:00Z,2026-02-12T00:00:00Z,2026-02-14T00:00:00Z,turbine_1,36,-0.7,1.61,3.96,6.0,86,-0.7,3.96,100,unverified,2026-02-12T12:00:00Z,assumed,1.0.0,b3ad5c95580a49b2260b1ff6ab649242c717638b569451db5f2f6be5bcf54aee,0.04161495030184725
2026-02-12T12:00:00Z,2026-02-12T00:00:00Z,2026-02-14T00:00:00Z,turbine_2,36,-0.7,1.61,3.96,6.0,86,-0.7,3.96,100,unverified,2026-02-12T12:00:00Z,assumed,1.0.0,8fe049cee2dbb83c819c3ad1ab9e327e982b3408b6617f11599b4115d67eb141,0.03453460874010522
2026-02-12T12:00:00Z,2026-02-12T00:00:00Z,2026-02-14T01:00:00Z,turbine_1,37,-0.5,0.67,1.86,2.88,121,-0.5,1.86,100,unverified,2026-02-12T12:00:00Z,assumed,1.0.0,b3ad5c95580a49b2260b1ff6ab649242c717638b569451db5f2f6be5bcf54aee,0.011003886792693096
2026-02-12T12:00:00Z,2026-02-12T00:00:00Z,2026-02-14T01:00:00Z,turbine_2,37,-0.5,0.67,1.86,2.88,121,-0.5,1.86,100,unverified,2026-02-12T12:00:00Z,assumed,1.0.0,8fe049cee2dbb83c819c3ad1ab9e327e982b3408b6617f11599b4115d67eb141,0.012290485429429288
2026-02-12T12:00:00Z,2026-02-12T00:00:00Z,2026-02-14T02:00:00Z,turbine_1,38,-0.4,0.6,1.71,1.63,165,-0.4,1.71,100,unverified,2026-02-12T12:00:00Z,assumed,1.0.0,b3ad5c95580a49b2260b1ff6ab649242c717638b569451db5f2f6be5bcf54aee,0.007703379534718668
2026-02-12T12:00:00Z,2026-02-12T00:00:00Z,2026-02-14T02:00:00Z,turbine_2,38,-0.4,0.6,1.71,1.63,165,-0.4,1.71,100,unverified,2026-02-12T12:00:00Z,assumed,1.0.0,8fe049cee2dbb83c819c3ad1ab9e327e982b3408b6617f11599b4115d67eb141,0.009616052317452828
2026-02-12T12:00:00Z,2026-02-12T00:00:00Z,2026-02-14T03:00:00Z,turbine_1,39,0.8,0.96,2.27,2.0,213,0.8,2.27,100,unverified,2026-02-12T12:00:00Z,assumed,1.0.0,b3ad5c95580a49b2260b1ff6ab649242c717638b569451db5f2f6be5bcf54aee,0.012030114409958825
2026-02-12T12:00:00Z,2026-02-12T00:00:00Z,2026-02-14T03:00:00Z,turbine_2,39,0.8,0.96,2.27,2.0,213,0.8,2.27,100,unverified,2026-02-12T12:00:00Z,assumed,1.0.0,8fe049cee2dbb83c819c3ad1ab9e327e982b3408b6617f11599b4115d67eb141,0.011996950079918245
2026-02-12T12:00:00Z,2026-02-12T00:00:00Z,2026-02-14T04:00:00Z,turbine_1,40,2.2,0.22,1.25,2.1,182,2.2,1.25,100,unverified,2026-02-12T12:00:00Z,assumed,1.0.0,b3ad5c95580a49b2260b1ff6ab649242c717638b569451db5f2f6be5bcf54aee,0.008917773078694513
2026-02-12T12:00:00Z,2026-02-12T00:00:00Z,2026-02-14T04:00:00Z,turbine_2,40,2.2,0.22,1.25,2.1,182,2.2,1.25,100,unverified,2026-02-12T12:00:00Z,assumed,1.0.0,8fe049cee2dbb83c819c3ad1ab9e327e982b3408b6617f11599b4115d67eb141,0.008386495860623622
2026-02-12T12:00:00Z,2026-02-12T00:00:00Z,2026-02-14T05:00:00Z,turbine_1,41,4.2,0.25,0.67,1.87,167,4.2,0.67,100,unverified,2026-02-12T12:00:00Z,assumed,1.0.0,b3ad5c95580a49b2260b1ff6ab649242c717638b569451db5f2f6be5bcf54aee,0.008792124793170153
2026-02-12T12:00:00Z,2026-02-12T00:00:00Z,2026-02-14T05:00:00Z,turbine_2,41,4.2,0.25,0.67,1.87,167,4.2,0.67,100,unverified,2026-02-12T12:00:00Z,assumed,1.0.0,8fe049cee2dbb83c819c3ad1ab9e327e982b3408b6617f11599b4115d67eb141,0.008071142154746802
2026-02-12T12:00:00Z,2026-02-12T00:00:00Z,2026-02-14T06:00:00Z,turbine_1,42,4.7,0.85,0.85,0.62,315,4.7,0.85,100,unverified,2026-02-12T12:00:00Z,assumed,1.0.0,b3ad5c95580a49b2260b1ff6ab649242c717638b569451db5f2f6be5bcf54aee,0.008871345877724868
2026-02-12T12:00:00Z,2026-02-12T00:00:00Z,2026-02-14T06:00:00Z,turbine_2,42,4.7,0.85,0.85,0.62,315,4.7,0.85,100,unverified,2026-02-12T12:00:00Z,assumed,1.0.0,8fe049cee2dbb83c819c3ad1ab9e327e982b3408b6617f11599b4115d67eb141,0.007260936215090219
2026-02-12T12:00:00Z,2026-02-12T00:00:00Z,2026-02-14T07:00:00Z,turbine_1,43,5.3,1.35,1.5,1.47,300,5.3,1.5,100,unverified,2026-02-12T12:00:00Z,assumed,1.0.0,b3ad5c95580a49b2260b1ff6ab649242c717638b569451db5f2f6be5bcf54aee,0.008173646456545947
2026-02-12T12:00:00Z,2026-02-12T00:00:00Z,2026-02-14T07:00:00Z,turbine_2,43,5.3,1.35,1.5,1.47,300,5.3,1.5,100,unverified,2026-02-12T12:00:00Z,assumed,1.0.0,8fe049cee2dbb83c819c3ad1ab9e327e982b3408b6617f11599b4115d67eb141,0.007477338176519965
2026-02-12T12:00:00Z,2026-02-12T00:00:00Z,2026-02-14T08:00:00Z,turbine_1,44,5.6,1.82,2.21,2.3,275,5.6,2.21,100,unverified,2026-02-12T12:00:00Z,assumed,1.0.0,b3ad5c95580a49b2260b1ff6ab649242c717638b569451db5f2f6be5bcf54aee,0.011379227465835251
2026-02-12T12:00:00Z,2026-02-12T00:00:00Z,2026-02-14T08:00:00Z,turbine_2,44,5.6,1.82,2.21,2.3,275,5.6,2.21,100,unverified,2026-02-12T12:00:00Z,assumed,1.0.0,8fe049cee2dbb83c819c3ad1ab9e327e982b3408b6617f11599b4115d67eb141,0.01052091000286104
2026-02-12T12:00:00Z,2026-02-12T00:00:00Z,2026-02-14T09:00:00Z,turbine_1,45,5.5,2.27,2.8,2.98,260,5.5,2.8,100,unverified,2026-02-12T12:00:00Z,assumed,1.0.0,b3ad5c95580a49b2260b1ff6ab649242c717638b569451db5f2f6be5bcf54aee,0.018486878719660982
2026-02-12T12:00:00Z,2026-02-12T00:00:00Z,2026-02-14T09:00:00Z,turbine_2,45,5.5,2.27,2.8,2.98,260,5.5,2.8,100,unverified,2026-02-12T12:00:00Z,assumed,1.0.0,8fe049cee2dbb83c819c3ad1ab9e327e982b3408b6617f11599b4115d67eb141,0.011192907375317251
2026-02-12T12:00:00Z,2026-02-12T00:00:00Z,2026-02-14T10:00:00Z,turbine_1,46,4.4,2.6,3.55,3.95,270,4.4,3.55,100,unverified,2026-02-12T12:00:00Z,assumed,1.0.0,b3ad5c95580a49b2260b1ff6ab649242c717638b569451db5f2f6be5bcf54aee,0.032178690650445596
2026-02-12T12:00:00Z,2026-02-12T00:00:00Z,2026-02-14T10:00:00Z,turbine_2,46,4.4,2.6,3.55,3.95,270,4.4,3.55,100,unverified,2026-02-12T12:00:00Z,assumed,1.0.0,8fe049cee2dbb83c819c3ad1ab9e327e982b3408b6617f11599b4115d67eb141,0.01481733331109375
2026-02-12T12:00:00Z,2026-02-12T00:00:00Z,2026-02-14T11:00:00Z,turbine_1,47,3.4,2.14,3.21,4.2,255,3.4,3.21,100,unverified,2026-02-12T12:00:00Z,assumed,1.0.0,b3ad5c95580a49b2260b1ff6ab649242c717638b569451db5f2f6be5bcf54aee,0.026640209500516987
2026-02-12T12:00:00Z,2026-02-12T00:00:00Z,2026-02-14T11:00:00Z,turbine_2,47,3.4,2.14,3.21,4.2,255,3.4,3.21,100,unverified,2026-02-12T12:00:00Z,assumed,1.0.0,8fe049cee2dbb83c819c3ad1ab9e327e982b3408b6617f11599b4115d67eb141,0.017381526890731747
2026-02-12T12:00:00Z,2026-02-12T00:00:00Z,2026-02-14T12:00:00Z,turbine_1,48,2.1,1.5,3.74,5.08,236,2.1,3.74,100,unverified,2026-02-12T12:00:00Z,assumed,1.0.0,b3ad5c95580a49b2260b1ff6ab649242c717638b569451db5f2f6be5bcf54aee,0.0344706585545812
2026-02-12T12:00:00Z,2026-02-12T00:00:00Z,2026-02-14T12:00:00Z,turbine_2,48,2.1,1.5,3.74,5.08,236,2.1,3.74,100,unverified,2026-02-12T12:00:00Z,assumed,1.0.0,8fe049cee2dbb83c819c3ad1ab9e327e982b3408b6617f11599b4115d67eb141,0.028303377425254184
2026-02-13T12:00:00Z,2026-02-13T00:00:00Z,2026-02-13T13:00:00Z,turbine_1,1,-1.8,0.74,2.03,2.07,80,-1.8,2.03,100,unverified,2026-02-13T12:00:00Z,assumed,1.0.0,b3ad5c95580a49b2260b1ff6ab649242c717638b569451db5f2f6be5bcf54aee,0.01054354696828913
2026-02-13T12:00:00Z,2026-02-13T00:00:00Z,2026-02-13T13:00:00Z,turbine_2,1,-1.8,0.74,2.03,2.07,80,-1.8,2.03,100,unverified,2026-02-13T12:00:00Z,assumed,1.0.0,8fe049cee2dbb83c819c3ad1ab9e327e982b3408b6617f11599b4115d67eb141,0.008805384953451456
2026-02-13T12:00:00Z,2026-02-13T00:00:00Z,2026-02-13T14:00:00Z,turbine_1,2,-1.5,1.49,3.77,3.75,55,-1.5,3.77,100,unverified,2026-02-13T12:00:00Z,assumed,1.0.0,b3ad5c95580a49b2260b1ff6ab649242c717638b569451db5f2f6be5bcf54aee,0.026317102911554924
2026-02-13T12:00:00Z,2026-02-13T00:00:00Z,2026-02-13T14:00:00Z,turbine_2,2,-1.5,1.49,3.77,3.75,55,-1.5,3.77,100,unverified,2026-02-13T12:00:00Z,assumed,1.0.0,8fe049cee2dbb83c819c3ad1ab9e327e982b3408b6617f11599b4115d67eb141,0.019996393034271642
2026-02-13T12:00:00Z,2026-02-13T00:00:00Z,2026-02-13T15:00:00Z,turbine_1,3,-0.9,2.38,5.91,6.04,61,-0.9,5.91,100,unverified,2026-02-13T12:00:00Z,assumed,1.0.0,b3ad5c95580a49b2260b1ff6ab649242c717638b569451db5f2f6be5bcf54aee,0.17409504990452349
2026-02-13T12:00:00Z,2026-02-13T00:00:00Z,2026-02-13T15:00:00Z,turbine_2,3,-0.9,2.38,5.91,6.04,61,-0.9,5.91,100,unverified,2026-02-13T12:00:00Z,assumed,1.0.0,8fe049cee2dbb83c819c3ad1ab9e327e982b3408b6617f11599b4115d67eb141,0.1623303419531424
2026-02-13T12:00:00Z,2026-02-13T00:00:00Z,2026-02-13T16:00:00Z,turbine_1,4,-0.5,3.27,7.0,8.24,64,-0.5,7.0,100,unverified,2026-02-13T12:00:00Z,assumed,1.0.0,b3ad5c95580a49b2260b1ff6ab649242c717638b569451db5f2f6be5bcf54aee,0.3624008895171074
2026-02-13T12:00:00Z,2026-02-13T00:00:00Z,2026-02-13T16:00:00Z,turbine_2,4,-0.5,3.27,7.0,8.24,64,-0.5,7.0,100,unverified,2026-02-13T12:00:00Z,assumed,1.0.0,8fe049cee2dbb83c819c3ad1ab9e327e982b3408b6617f11599b4115d67eb141,0.3434671001037132
2026-02-13T12:00:00Z,2026-02-13T00:00:00Z,2026-02-13T17:00:00Z,turbine_1,5,-0.7,3.87,7.85,9.88,63,-0.7,7.85,100,unverified,2026-02-13T12:00:00Z,assumed,1.0.0,b3ad5c95580a49b2260b1ff6ab649242c717638b569451db5f2f6be5bcf54aee,0.49332954944066
2026-02-13T12:00:00Z,2026-02-13T00:00:00Z,2026-02-13T17:00:00Z,turbine_2,5,-0.7,3.87,7.85,9.88,63,-0.7,7.85,100,unverified,2026-02-13T12:00:00Z,assumed,1.0.0,8fe049cee2dbb83c819c3ad1ab9e327e982b3408b6617f11599b4115d67eb141,0.46355268542098704
2026-02-13T12:00:00Z,2026-02-13T00:00:00Z,2026-02-13T18:00:00Z,turbine_1,6,-1.1,4.04,7.98,10.34,64,-1.1,7.98,100,unverified,2026-02-13T12:00:00Z,assumed,1.0.0,b3ad5c95580a49b2260b1ff6ab649242c717638b569451db5f2f6be5bcf54aee,0.5101157142707489
2026-02-13T12:00:00Z,2026-02-13T00:00:00Z,2026-02-13T18:00:00Z,turbine_2,6,-1.1,4.04,7.98,10.34,64,-1.1,7.98,100,unverified,2026-02-13T12:00:00Z,assumed,1.0.0,8fe049cee2dbb83c819c3ad1ab9e327e982b3408b6617f11599b4115d67eb141,0.48136313684671983
2026-02-13T12:00:00Z,2026-02-13T00:00:00Z,2026-02-13T19:00:00Z,turbine_1,7,-1.4,4.6,8.68,11.31,63,-1.4,8.68,100,unverified,2026-02-13T12:00:00Z,assumed,1.0.0,b3ad5c95580a49b2260b1ff6ab649242c717638b569451db5f2f6be5bcf54aee,0.6446297220433729
2026-02-13T12:00:00Z,2026-02-13T00:00:00Z,2026-02-13T19:00:00Z,turbine_2,7,-1.4,4.6,8.68,11.31,63,-1.4,8.68,100,unverified,2026-02-13T12:00:00Z,assumed,1.0.0,8fe049cee2dbb83c819c3ad1ab9e327e982b3408b6617f11599b4115d67eb141,0.6053590175531682
2026-02-13T12:00:00Z,2026-02-13T00:00:00Z,2026-02-13T20:00:00Z,turbine_1,8,-0.9,4.99,9.03,11.2,67,-0.9,9.03,100,unverified,2026-02-13T12:00:00Z,assumed,1.0.0,b3ad5c95580a49b2260b1ff6ab649242c717638b569451db5f2f6be5bcf54aee,0.7070479012523222
2026-02-13T12:00:00Z,2026-02-13T00:00:00Z,2026-02-13T20:00:00Z,turbine_2,8,-0.9,4.99,9.03,11.2,67,-0.9,9.03,100,unverified,2026-02-13T12:00:00Z,assumed,1.0.0,8fe049cee2dbb83c819c3ad1ab9e327e982b3408b6617f11599b4115d67eb141,0.6691823491757704
2026-02-13T12:00:00Z,2026-02-13T00:00:00Z,2026-02-13T21:00:00Z,turbine_1,9,-0.6,4.77,8.51,10.23,73,-0.6,8.51,100,unverified,2026-02-13T12:00:00Z,assumed,1.0.0,b3ad5c95580a49b2260b1ff6ab649242c717638b569451db5f2f6be5bcf54aee,0.620038343384806
2026-02-13T12:00:00Z,2026-02-13T00:00:00Z,2026-02-13T21:00:00Z,turbine_2,9,-0.6,4.77,8.51,10.23,73,-0.6,8.51,100,unverified,2026-02-13T12:00:00Z,assumed,1.0.0,8fe049cee2dbb83c819c3ad1ab9e327e982b3408b6617f11599b4115d67eb141,0.5923343809832055
2026-02-13T12:00:00Z,2026-02-13T00:00:00Z,2026-02-13T22:00:00Z,turbine_1,10,-0.2,4.1,7.33,8.49,82,-0.2,7.33,100,unverified,2026-02-13T12:00:00Z,assumed,1.0.0,b3ad5c95580a49b2260b1ff6ab649242c717638b569451db5f2f6be5bcf54aee,0.42257812963209257
2026-02-13T12:00:00Z,2026-02-13T00:00:00Z,2026-02-13T22:00:00Z,turbine_2,10,-0.2,4.1,7.33,8.49,82,-0.2,7.33,100,unverified,2026-02-13T12:00:00Z,assumed,1.0.0,8fe049cee2dbb83c819c3ad1ab9e327e982b3408b6617f11599b4115d67eb141,0.3857382350802783
2026-02-13T12:00:00Z,2026-02-13T00:00:00Z,2026-02-13T23:00:00Z,turbine_1,11,-0.3,4.07,7.23,8.02,82,-0.3,7.23,100,unverified,2026-02-13T12:00:00Z,assumed,1.0.0,b3ad5c95580a49b2260b1ff6ab649242c717638b569451db5f2f6be5bcf54aee,0.38940635696518844
2026-02-13T12:00:00Z,2026-02-13T00:00:00Z,2026-02-13T23:00:00Z,turbine_2,11,-0.3,4.07,7.23,8.02,82,-0.3,7.23,100,unverified,2026-02-13T12:00:00Z,assumed,1.0.0,8fe049cee2dbb83c819c3ad1ab9e327e982b3408b6617f11599b4115d67eb141,0.35857367773823906
2026-02-13T12:00:00Z,2026-02-13T00:00:00Z,2026-02-14T00:00:00Z,turbine_1,12,-0.4,3.72,6.74,7.96,75,-0.4,6.74,100,unverified,2026-02-13T12:00:00Z,assumed,1.0.0,b3ad5c95580a49b2260b1ff6ab649242c717638b569451db5f2f6be5bcf54aee,0.30599958898542584
2026-02-13T12:00:00Z,2026-02-13T00:00:00Z,2026-02-14T00:00:00Z,turbine_2,12,-0.4,3.72,6.74,7.96,75,-0.4,6.74,100,unverified,2026-02-13T12:00:00Z,assumed,1.0.0,8fe049cee2dbb83c819c3ad1ab9e327e982b3408b6617f11599b4115d67eb141,0.28479422212493094
2026-02-13T12:00:00Z,2026-02-13T00:00:00Z,2026-02-14T01:00:00Z,turbine_1,13,-0.4,3.19,5.8,6.4,80,-0.4,5.8,100,unverified,2026-02-13T12:00:00Z,assumed,1.0.0,b3ad5c95580a49b2260b1ff6ab649242c717638b569451db5f2f6be5bcf54aee,0.17547303157565858
2026-02-13T12:00:00Z,2026-02-13T00:00:00Z,2026-02-14T01:00:00Z,turbine_2,13,-0.4,3.19,5.8,6.4,80,-0.4,5.8,100,unverified,2026-02-13T12:00:00Z,assumed,1.0.0,8fe049cee2dbb83c819c3ad1ab9e327e982b3408b6617f11599b4115d67eb141,0.1588267434868459
2026-02-13T12:00:00Z,2026-02-13T00:00:00Z,2026-02-14T02:00:00Z,turbine_1,14,-0.6,1.76,3.75,4.32,77,-0.6,3.75,100,unverified,2026-02-13T12:00:00Z,assumed,1.0.0,b3ad5c95580a49b2260b1ff6ab649242c717638b569451db5f2f6be5bcf54aee,0.030115794044101918
2026-02-13T12:00:00Z,2026-02-13T00:00:00Z,2026-02-14T02:00:00Z,turbine_2,14,-0.6,1.76,3.75,4.32,77,-0.6,3.75,100,unverified,2026-02-13T12:00:00Z,assumed,1.0.0,8fe049cee2dbb83c819c3ad1ab9e327e982b3408b6617f11599b4115d67eb141,0.0257378222798757
2026-02-13T12:00:00Z,2026-02-13T00:00:00Z,2026-02-14T03:00:00Z,turbine_1,15,-0.3,1.74,3.78,4.97,72,-0.3,3.78,100,unverified,2026-02-13T12:00:00Z,assumed,1.0.0,b3ad5c95580a49b2260b1ff6ab649242c717638b569451db5f2f6be5bcf54aee,0.031088562657833718
2026-02-13T12:00:00Z,2026-02-13T00:00:00Z,2026-02-14T03:00:00Z,turbine_2,15,-0.3,1.74,3.78,4.97,72,-0.3,3.78,100,unverified,2026-02-13T12:00:00Z,assumed,1.0.0,8fe049cee2dbb83c819c3ad1ab9e327e982b3408b6617f11599b4115d67eb141,0.0244014378177817
2026-02-13T12:00:00Z,2026-02-13T00:00:00Z,2026-02-14T04:00:00Z,turbine_1,16,1.3,1.17,2.82,4.14,67,1.3,2.82,100,unverified,2026-02-13T12:00:00Z,assumed,1.0.0,b3ad5c95580a49b2260b1ff6ab649242c717638b569451db5f2f6be5bcf54aee,0.014669155062996098
2026-02-13T12:00:00Z,2026-02-13T00:00:00Z,2026-02-14T04:00:00Z,turbine_2,16,1.3,1.17,2.82,4.14,67,1.3,2.82,100,unverified,2026-02-13T12:00:00Z,assumed,1.0.0,8fe049cee2dbb83c819c3ad1ab9e327e982b3408b6617f11599b4115d67eb141,0.010406217402822215
2026-02-13T12:00:00Z,2026-02-13T00:00:00Z,2026-02-14T05:00:00Z,turbine_1,17,1.7,0.85,1.63,2.75,67,1.7,1.63,100,unverified,2026-02-13T12:00:00Z,assumed,1.0.0,b3ad5c95580a49b2260b1ff6ab649242c717638b569451db5f2f6be5bcf54aee,0.008608005557308451
2026-02-13T12:00:00Z,2026-02-13T00:00:00Z,2026-02-14T05:00:00Z,turbine_2,17,1.7,0.85,1.63,2.75,67,1.7,1.63,100,unverified,2026-02-13T12:00:00Z,assumed,1.0.0,8fe049cee2dbb83c819c3ad1ab9e327e982b3408b6617f11599b4115d67eb141,0.008357888856981244
2026-02-13T12:00:00Z,2026-02-13T00:00:00Z,2026-02-14T06:00:00Z,turbine_1,18,2.8,0.65,1.06,0.97,8,2.8,1.06,100,unverified,2026-02-13T12:00:00Z,assumed,1.0.0,b3ad5c95580a49b2260b1ff6ab649242c717638b569451db5f2f6be5bcf54aee,0.010323963015658522
2026-02-13T12:00:00Z,2026-02-13T00:00:00Z,2026-02-14T06:00:00Z,turbine_2,18,2.8,0.65,1.06,0.97,8,2.8,1.06,100,unverified,2026-02-13T12:00:00Z,assumed,1.0.0,8fe049cee2dbb83c819c3ad1ab9e327e982b3408b6617f11599b4115d67eb141,0.01416961786873805
2026-02-13T12:00:00Z,2026-02-13T00:00:00Z,2026-02-14T07:00:00Z,turbine_1,19,3.1,1.35,2.5,2.5,271,3.1,2.5,100,unverified,2026-02-13T12:00:00Z,assumed,1.0.0,b3ad5c95580a49b2260b1ff6ab649242c717638b569451db5f2f6be5bcf54aee,0.012144160892379519
2026-02-13T12:00:00Z,2026-02-13T00:00:00Z,2026-02-14T07:00:00Z,turbine_2,19,3.1,1.35,2.5,2.5,271,3.1,2.5,100,unverified,2026-02-13T12:00:00Z,assumed,1.0.0,8fe049cee2dbb83c819c3ad1ab9e327e982b3408b6617f11599b4115d67eb141,0.009503405017918964
2026-02-13T12:00:00Z,2026-02-13T00:00:00Z,2026-02-14T08:00:00Z,turbine_1,20,2.7,1.3,2.39,2.68,244,2.7,2.39,100,unverified,2026-02-13T12:00:00Z,assumed,1.0.0,b3ad5c95580a49b2260b1ff6ab649242c717638b569451db5f2f6be5bcf54aee,0.01418018080022937
2026-02-13T12:00:00Z,2026-02-13T00:00:00Z,2026-02-14T08:00:00Z,turbine_2,20,2.7,1.3,2.39,2.68,244,2.7,2.39,100,unverified,2026-02-13T12:00:00Z,assumed,1.0.0,8fe049cee2dbb83c819c3ad1ab9e327e982b3408b6617f11599b4115d67eb141,0.010117623886776228
2026-02-13T12:00:00Z,2026-02-13T00:00:00Z,2026-02-14T09:00:00Z,turbine_1,21,2.5,1.25,2.29,2.61,259,2.5,2.29,100,unverified,2026-02-13T12:00:00Z,assumed,1.0.0,b3ad5c95580a49b2260b1ff6ab649242c717638b569451db5f2f6be5bcf54aee,0.014815855540310507
2026-02-13T12:00:00Z,2026-02-13T00:00:00Z,2026-02-14T09:00:00Z,turbine_2,21,2.5,1.25,2.29,2.61,259,2.5,2.29,100,unverified,2026-02-13T12:00:00Z,assumed,1.0.0,8fe049cee2dbb83c819c3ad1ab9e327e982b3408b6617f11599b4115d67eb141,0.010768524084464826
2026-02-13T12:00:00Z,2026-02-13T00:00:00Z,2026-02-14T10:00:00Z,turbine_1,22,2.3,1.57,2.86,3.4,254,2.3,2.86,100,unverified,2026-02-13T12:00:00Z,assumed,1.0.0,b3ad5c95580a49b2260b1ff6ab649242c717638b569451db5f2f6be5bcf54aee,0.016105247052173977
2026-02-13T12:00:00Z,2026-02-13T00:00:00Z,2026-02-14T10:00:00Z,turbine_2,22,2.3,1.57,2.86,3.4,254,2.3,2.86,100,unverified,2026-02-13T12:00:00Z,assumed,1.0.0,8fe049cee2dbb83c819c3ad1ab9e327e982b3408b6617f11599b4115d67eb141,0.011668877644004427
2026-02-13T12:00:00Z,2026-02-13T00:00:00Z,2026-02-14T11:00:00Z,turbine_1,23,1.9,0.91,2.13,3.2,240,1.9,2.13,100,unverified,2026-02-13T12:00:00Z,assumed,1.0.0,b3ad5c95580a49b2260b1ff6ab649242c717638b569451db5f2f6be5bcf54aee,0.012060540833117639
2026-02-13T12:00:00Z,2026-02-13T00:00:00Z,2026-02-14T11:00:00Z,turbine_2,23,1.9,0.91,2.13,3.2,240,1.9,2.13,100,unverified,2026-02-13T12:00:00Z,assumed,1.0.0,8fe049cee2dbb83c819c3ad1ab9e327e982b3408b6617f11599b4115d67eb141,0.010643975922393245
2026-02-13T12:00:00Z,2026-02-13T00:00:00Z,2026-02-14T12:00:00Z,turbine_1,24,-0.4,1.5,3.13,3.73,262,-0.4,3.13,100,unverified,2026-02-13T12:00:00Z,assumed,1.0.0,b3ad5c95580a49b2260b1ff6ab649242c717638b569451db5f2f6be5bcf54aee,0.015092943506256062
2026-02-13T12:00:00Z,2026-02-13T00:00:00Z,2026-02-14T12:00:00Z,turbine_2,24,-0.4,1.5,3.13,3.73,262,-0.4,3.13,100,unverified,2026-02-13T12:00:00Z,assumed,1.0.0,8fe049cee2dbb83c819c3ad1ab9e327e982b3408b6617f11599b4115d67eb141,0.015227079061611304
2026-02-13T12:00:00Z,2026-02-13T00:00:00Z,2026-02-14T13:00:00Z,turbine_1,25,-0.4,1.7,3.83,4.4,246,-0.4,3.83,100,unverified,2026-02-13T12:00:00Z,assumed,1.0.0,b3ad5c95580a49b2260b1ff6ab649242c717638b569451db5f2f6be5bcf54aee,0.03138089442266906
2026-02-13T12:00:00Z,2026-02-13T00:00:00Z,2026-02-14T13:00:00Z,turbine_2,25,-0.4,1.7,3.83,4.4,246,-0.4,3.83,100,unverified,2026-02-13T12:00:00Z,assumed,1.0.0,8fe049cee2dbb83c819c3ad1ab9e327e982b3408b6617f11599b4115d67eb141,0.028343171001592282
2026-02-13T12:00:00Z,2026-02-13T00:00:00Z,2026-02-14T14:00:00Z,turbine_1,26,-0.9,1.39,3.42,4.21,249,-0.9,3.42,100,unverified,2026-02-13T12:00:00Z,assumed,1.0.0,b3ad5c95580a49b2260b1ff6ab649242c717638b569451db5f2f6be5bcf54aee,0.019039367980136557
2026-02-13T12:00:00Z,2026-02-13T00:00:00Z,2026-02-14T14:00:00Z,turbine_2,26,-0.9,1.39,3.42,4.21,249,-0.9,3.42,100,unverified,2026-02-13T12:00:00Z,assumed,1.0.0,8fe049cee2dbb83c819c3ad1ab9e327e982b3408b6617f11599b4115d67eb141,0.018096616459055415
2026-02-13T12:00:00Z,2026-02-13T00:00:00Z,2026-02-14T15:00:00Z,turbine_1,27,-1.5,1.76,4.32,4.89,259,-1.5,4.32,100,unverified,2026-02-13T12:00:00Z,assumed,1.0.0,b3ad5c95580a49b2260b1ff6ab649242c717638b569451db5f2f6be5bcf54aee,0.04391513555293436
2026-02-13T12:00:00Z,2026-02-13T00:00:00Z,2026-02-14T15:00:00Z,turbine_2,27,-1.5,1.76,4.32,4.89,259,-1.5,4.32,100,unverified,2026-02-13T12:00:00Z,assumed,1.0.0,8fe049cee2dbb83c819c3ad1ab9e327e982b3408b6617f11599b4115d67eb141,0.03873924624257358
2026-02-13T12:00:00Z,2026-02-13T00:00:00Z,2026-02-14T16:00:00Z,turbine_1,28,-1.3,1.52,3.54,4.23,228,-1.3,3.54,100,unverified,2026-02-13T12:00:00Z,assumed,1.0.0,b3ad5c95580a49b2260b1ff6ab649242c717638b569451db5f2f6be5bcf54aee,0.02336364915302802
2026-02-13T12:00:00Z,2026-02-13T00:00:00Z,2026-02-14T16:00:00Z,turbine_2,28,-1.3,1.52,3.54,4.23,228,-1.3,3.54,100,unverified,2026-02-13T12:00:00Z,assumed,1.0.0,8fe049cee2dbb83c819c3ad1ab9e327e982b3408b6617f11599b4115d67eb141,0.013847613263589076
2026-02-13T12:00:00Z,2026-02-13T00:00:00Z,2026-02-14T17:00:00Z,turbine_1,29,-1.4,0.91,2.2,3.04,231,-1.4,2.2,100,unverified,2026-02-13T12:00:00Z,assumed,1.0.0,b3ad5c95580a49b2260b1ff6ab649242c717638b569451db5f2f6be5bcf54aee,0.009979835522936187
2026-02-13T12:00:00Z,2026-02-13T00:00:00Z,2026-02-14T17:00:00Z,turbine_2,29,-1.4,0.91,2.2,3.04,231,-1.4,2.2,100,unverified,2026-02-13T12:00:00Z,assumed,1.0.0,8fe049cee2dbb83c819c3ad1ab9e327e982b3408b6617f11599b4115d67eb141,0.010053214278480382
2026-02-13T12:00:00Z,2026-02-13T00:00:00Z,2026-02-14T18:00:00Z,turbine_1,30,-0.7,0.07,0.47,1.24,288,-0.7,0.47,100,unverified,2026-02-13T12:00:00Z,assumed,1.0.0,b3ad5c95580a49b2260b1ff6ab649242c717638b569451db5f2f6be5bcf54aee,0.008210934765129685
2026-02-13T12:00:00Z,2026-02-13T00:00:00Z,2026-02-14T18:00:00Z,turbine_2,30,-0.7,0.07,0.47,1.24,288,-0.7,0.47,100,unverified,2026-02-13T12:00:00Z,assumed,1.0.0,8fe049cee2dbb83c819c3ad1ab9e327e982b3408b6617f11599b4115d67eb141,0.00935014481265023
2026-02-13T12:00:00Z,2026-02-13T00:00:00Z,2026-02-14T19:00:00Z,turbine_1,31,-0.9,0.78,1.1,0.74,66,-0.9,1.1,100,unverified,2026-02-13T12:00:00Z,assumed,1.0.0,b3ad5c95580a49b2260b1ff6ab649242c717638b569451db5f2f6be5bcf54aee,0.0069692179645555186
2026-02-13T12:00:00Z,2026-02-13T00:00:00Z,2026-02-14T19:00:00Z,turbine_2,31,-0.9,0.78,1.1,0.74,66,-0.9,1.1,100,unverified,2026-02-13T12:00:00Z,assumed,1.0.0,8fe049cee2dbb83c819c3ad1ab9e327e982b3408b6617f11599b4115d67eb141,0.008515378038521204
2026-02-13T12:00:00Z,2026-02-13T00:00:00Z,2026-02-14T20:00:00Z,turbine_1,32,-1.3,0.85,1.89,1.18,32,-1.3,1.89,100,unverified,2026-02-13T12:00:00Z,assumed,1.0.0,b3ad5c95580a49b2260b1ff6ab649242c717638b569451db5f2f6be5bcf54aee,0.010142652856872547
2026-02-13T12:00:00Z,2026-02-13T00:00:00Z,2026-02-14T20:00:00Z,turbine_2,32,-1.3,0.85,1.89,1.18,32,-1.3,1.89,100,unverified,2026-02-13T12:00:00Z,assumed,1.0.0,8fe049cee2dbb83c819c3ad1ab9e327e982b3408b6617f11599b4115d67eb141,0.010885713045314827
2026-02-13T12:00:00Z,2026-02-13T00:00:00Z,2026-02-14T21:00:00Z,turbine_1,33,-1.6,0.32,1.18,1.13,54,-1.6,1.18,100,unverified,2026-02-13T12:00:00Z,assumed,1.0.0,b3ad5c95580a49b2260b1ff6ab649242c717638b569451db5f2f6be5bcf54aee,0.008055009069060426
2026-02-13T12:00:00Z,2026-02-13T00:00:00Z,2026-02-14T21:00:00Z,turbine_2,33,-1.6,0.32,1.18,1.13,54,-1.6,1.18,100,unverified,2026-02-13T12:00:00Z,assumed,1.0.0,8fe049cee2dbb83c819c3ad1ab9e327e982b3408b6617f11599b4115d67eb141,0.00898288516783663
2026-02-13T12:00:00Z,2026-02-13T00:00:00Z,2026-02-14T22:00:00Z,turbine_1,34,-2.3,0.69,1.85,1.76,71,-2.3,1.85,100,unverified,2026-02-13T12:00:00Z,assumed,1.0.0,b3ad5c95580a49b2260b1ff6ab649242c717638b569451db5f2f6be5bcf54aee,0.008538004251878006
2026-02-13T12:00:00Z,2026-02-13T00:00:00Z,2026-02-14T22:00:00Z,turbine_2,34,-2.3,0.69,1.85,1.76,71,-2.3,1.85,100,unverified,2026-02-13T12:00:00Z,assumed,1.0.0,8fe049cee2dbb83c819c3ad1ab9e327e982b3408b6617f11599b4115d67eb141,0.008342942799878461
2026-02-13T12:00:00Z,2026-02-13T00:00:00Z,2026-02-14T23:00:00Z,turbine_1,35,-2.3,1.1,2.65,2.57,68,-2.3,2.65,100,unverified,2026-02-13T12:00:00Z,assumed,1.0.0,b3ad5c95580a49b2260b1ff6ab649242c717638b569451db5f2f6be5bcf54aee,0.0063399745069002145
2026-02-13T12:00:00Z,2026-02-13T00:00:00Z,2026-02-14T23:00:00Z,turbine_2,35,-2.3,1.1,2.65,2.57,68,-2.3,2.65,100,unverified,2026-02-13T12:00:00Z,assumed,1.0.0,8fe049cee2dbb83c819c3ad1ab9e327e982b3408b6617f11599b4115d67eb141,0.005359048159534918
2026-02-13T12:00:00Z,2026-02-13T00:00:00Z,2026-02-15T00:00:00Z,turbine_1,36,-2.6,1.61,3.83,4.16,66,-2.6,3.83,100,unverified,2026-02-13T12:00:00Z,assumed,1.0.0,b3ad5c95580a49b2260b1ff6ab649242c717638b569451db5f2f6be5bcf54aee,0.024395065233809188
2026-02-13T12:00:00Z,2026-02-13T00:00:00Z,2026-02-15T00:00:00Z,turbine_2,36,-2.6,1.61,3.83,4.16,66,-2.6,3.83,100,unverified,2026-02-13T12:00:00Z,assumed,1.0.0,8fe049cee2dbb83c819c3ad1ab9e327e982b3408b6617f11599b4115d67eb141,0.01790273443266316
2026-02-13T12:00:00Z,2026-02-13T00:00:00Z,2026-02-15T01:00:00Z,turbine_1,37,-2.5,2.16,5.0,6.01,67,-2.5,5.0,100,unverified,2026-02-13T12:00:00Z,assumed,1.0.0,b3ad5c95580a49b2260b1ff6ab649242c717638b569451db5f2f6be5bcf54aee,0.08619002350735705
2026-02-13T12:00:00Z,2026-02-13T00:00:00Z,2026-02-15T01:00:00Z,turbine_2,37,-2.5,2.16,5.0,6.01,67,-2.5,5.0,100,unverified,2026-02-13T12:00:00Z,assumed,1.0.0,8fe049cee2dbb83c819c3ad1ab9e327e982b3408b6617f11599b4115d67eb141,0.06857871529778298
2026-02-13T12:00:00Z,2026-02-13T00:00:00Z,2026-02-15T02:00:00Z,turbine_1,38,-2.2,2.75,5.89,7.51,66,-2.2,5.89,100,unverified,2026-02-13T12:00:00Z,assumed,1.0.0,b3ad5c95580a49b2260b1ff6ab649242c717638b569451db5f2f6be5bcf54aee,0.16886390471023385
2026-02-13T12:00:00Z,2026-02-13T00:00:00Z,2026-02-15T02:00:00Z,turbine_2,38,-2.2,2.75,5.89,7.51,66,-2.2,5.89,100,unverified,2026-02-13T12:00:00Z,assumed,1.0.0,8fe049cee2dbb83c819c3ad1ab9e327e982b3408b6617f11599b4115d67eb141,0.1499807848672216
2026-02-13T12:00:00Z,2026-02-13T00:00:00Z,2026-02-15T03:00:00Z,turbine_1,39,-0.8,3.18,6.58,8.57,66,-0.8,6.58,100,unverified,2026-02-13T12:00:00Z,assumed,1.0.0,b3ad5c95580a49b2260b1ff6ab649242c717638b569451db5f2f6be5bcf54aee,0.2867065592617547
2026-02-13T12:00:00Z,2026-02-13T00:00:00Z,2026-02-15T03:00:00Z,turbine_2,39,-0.8,3.18,6.58,8.57,66,-0.8,6.58,100,unverified,2026-02-13T12:00:00Z,assumed,1.0.0,8fe049cee2dbb83c819c3ad1ab9e327e982b3408b6617f11599b4115d67eb141,0.26352829235556635
2026-02-13T12:00:00Z,2026-02-13T00:00:00Z,2026-02-15T04:00:00Z,turbine_1,40,2.0,3.49,6.9,9.48,60,2.0,6.9,100,unverified,2026-02-13T12:00:00Z,assumed,1.0.0,b3ad5c95580a49b2260b1ff6ab649242c717638b569451db5f2f6be5bcf54aee,0.34094364384627696
2026-02-13T12:00:00Z,2026-02-13T00:00:00Z,2026-02-15T04:00:00Z,turbine_2,40,2.0,3.49,6.9,9.48,60,2.0,6.9,100,unverified,2026-02-13T12:00:00Z,assumed,1.0.0,8fe049cee2dbb83c819c3ad1ab9e327e982b3408b6617f11599b4115d67eb141,0.32230385293960584
2026-02-13T12:00:00Z,2026-02-13T00:00:00Z,2026-02-15T05:00:00Z,turbine_1,41,3.4,4.51,7.73,10.37,54,3.4,7.73,100,unverified,2026-02-13T12:00:00Z,assumed,1.0.0,b3ad5c95580a49b2260b1ff6ab649242c717638b569451db5f2f6be5bcf54aee,0.4978900425922204
2026-02-13T12:00:00Z,2026-02-13T00:00:00Z,2026-02-15T05:00:00Z,turbine_2,41,3.4,4.51,7.73,10.37,54,3.4,7.73,100,unverified,2026-02-13T12:00:00Z,assumed,1.0.0,8fe049cee2dbb83c819c3ad1ab9e327e982b3408b6617f11599b4115d67eb141,0.46682956303042644
2026-02-13T12:00:00Z,2026-02-13T00:00:00Z,2026-02-15T06:00:00Z,turbine_1,42,4.1,5.49,8.77,10.78,54,4.1,8.77,100,unverified,2026-02-13T12:00:00Z,assumed,1.0.0,b3ad5c95580a49b2260b1ff6ab649242c717638b569451db5f2f6be5bcf54aee,0.6706739681375721
2026-02-13T12:00:00Z,2026-02-13T00:00:00Z,2026-02-15T06:00:00Z,turbine_2,42,4.1,5.49,8.77,10.78,54,4.1,8.77,100,unverified,2026-02-13T12:00:00Z,assumed,1.0.0,8fe049cee2dbb83c819c3ad1ab9e327e982b3408b6617f11599b4115d67eb141,0.6335971702490028
2026-02-13T12:00:00Z,2026-02-13T00:00:00Z,2026-02-15T07:00:00Z,turbine_1,43,6.7,7.18,9.99,11.29,57,6.7,9.99,100,unverified,2026-02-13T12:00:00Z,assumed,1.0.0,b3ad5c95580a49b2260b1ff6ab649242c717638b569451db5f2f6be5bcf54aee,0.8444237578450131
2026-02-13T12:00:00Z,2026-02-13T00:00:00Z,2026-02-15T07:00:00Z,turbine_2,43,6.7,7.18,9.99,11.29,57,6.7,9.99,100,unverified,2026-02-13T12:00:00Z,assumed,1.0.0,8fe049cee2dbb83c819c3ad1ab9e327e982b3408b6617f11599b4115d67eb141,0.7905336748194893
2026-02-13T12:00:00Z,2026-02-13T00:00:00Z,2026-02-15T08:00:00Z,turbine_1,44,6.9,7.29,10.05,10.91,61,6.9,10.05,100,unverified,2026-02-13T12:00:00Z,assumed,1.0.0,b3ad5c95580a49b2260b1ff6ab649242c717638b569451db5f2f6be5bcf54aee,0.8480338659311013
2026-02-13T12:00:00Z,2026-02-13T00:00:00Z,2026-02-15T08:00:00Z,turbine_2,44,6.9,7.29,10.05,10.91,61,6.9,10.05,100,unverified,2026-02-13T12:00:00Z,assumed,1.0.0,8fe049cee2dbb83c819c3ad1ab9e327e982b3408b6617f11599b4115d67eb141,0.8171237971162019
2026-02-13T12:00:00Z,2026-02-13T00:00:00Z,2026-02-15T09:00:00Z,turbine_1,45,6.9,7.0,9.6,10.16,65,6.9,9.6,100,unverified,2026-02-13T12:00:00Z,assumed,1.0.0,b3ad5c95580a49b2260b1ff6ab649242c717638b569451db5f2f6be5bcf54aee,0.7813079676885768
2026-02-13T12:00:00Z,2026-02-13T00:00:00Z,2026-02-15T09:00:00Z,turbine_2,45,6.9,7.0,9.6,10.16,65,6.9,9.6,100,unverified,2026-02-13T12:00:00Z,assumed,1.0.0,8fe049cee2dbb83c819c3ad1ab9e327e982b3408b6617f11599b4115d67eb141,0.7634524746001952
2026-02-13T12:00:00Z,2026-02-13T00:00:00Z,2026-02-15T10:00:00Z,turbine_1,46,6.7,6.32,8.98,9.71,70,6.7,8.98,100,unverified,2026-02-13T12:00:00Z,assumed,1.0.0,b3ad5c95580a49b2260b1ff6ab649242c717638b569451db5f2f6be5bcf54aee,0.6816312809065883
2026-02-13T12:00:00Z,2026-02-13T00:00:00Z,2026-02-15T10:00:00Z,turbine_2,46,6.7,6.32,8.98,9.71,70,6.7,8.98,100,unverified,2026-02-13T12:00:00Z,assumed,1.0.0,8fe049cee2dbb83c819c3ad1ab9e327e982b3408b6617f11599b4115d67eb141,0.5890793211059683
2026-02-13T12:00:00Z,2026-02-13T00:00:00Z,2026-02-15T11:00:00Z,turbine_1,47,5.9,5.36,8.5,9.36,76,5.9,8.5,100,unverified,2026-02-13T12:00:00Z,assumed,1.0.0,b3ad5c95580a49b2260b1ff6ab649242c717638b569451db5f2f6be5bcf54aee,0.6146534567956148
2026-02-13T12:00:00Z,2026-02-13T00:00:00Z,2026-02-15T11:00:00Z,turbine_2,47,5.9,5.36,8.5,9.36,76,5.9,8.5,100,unverified,2026-02-13T12:00:00Z,assumed,1.0.0,8fe049cee2dbb83c819c3ad1ab9e327e982b3408b6617f11599b4115d67eb141,0.5929691798437586
2026-02-13T12:00:00Z,2026-02-13T00:00:00Z,2026-02-15T12:00:00Z,turbine_1,48,3.4,4.4,8.09,8.96,79,3.4,8.09,100,unverified,2026-02-13T12:00:00Z,assumed,1.0.0,b3ad5c95580a49b2260b1ff6ab649242c717638b569451db5f2f6be5bcf54aee,0.5411316788757703
2026-02-13T12:00:00Z,2026-02-13T00:00:00Z,2026-02-15T12:00:00Z,turbine_2,48,3.4,4.4,8.09,8.96,79,3.4,8.09,100,unverified,2026-02-13T12:00:00Z,assumed,1.0.0,8fe049cee2dbb83c819c3ad1ab9e327e982b3408b6617f11599b4115d67eb141,0.508012530682693
2026-02-14T12:00:00Z,2026-02-14T00:00:00Z,2026-02-14T13:00:00Z,turbine_1,1,-0.5,0.73,1.49,0.65,310,-0.5,1.49,100,unverified,2026-02-14T12:00:00Z,assumed,1.0.0,b3ad5c95580a49b2260b1ff6ab649242c717638b569451db5f2f6be5bcf54aee,0.007866150174198616
2026-02-14T12:00:00Z,2026-02-14T00:00:00Z,2026-02-14T13:00:00Z,turbine_2,1,-0.5,0.73,1.49,0.65,310,-0.5,1.49,100,unverified,2026-02-14T12:00:00Z,assumed,1.0.0,8fe049cee2dbb83c819c3ad1ab9e327e982b3408b6617f11599b4115d67eb141,0.009913960452858528
2026-02-14T12:00:00Z,2026-02-14T00:00:00Z,2026-02-14T14:00:00Z,turbine_1,2,-0.7,1.82,3.53,2.21,263,-0.7,3.53,100,unverified,2026-02-14T12:00:00Z,assumed,1.0.0,b3ad5c95580a49b2260b1ff6ab649242c717638b569451db5f2f6be5bcf54aee,0.024654247734126944
2026-02-14T12:00:00Z,2026-02-14T00:00:00Z,2026-02-14T14:00:00Z,turbine_2,2,-0.7,1.82,3.53,2.21,263,-0.7,3.53,100,unverified,2026-02-14T12:00:00Z,assumed,1.0.0,8fe049cee2dbb83c819c3ad1ab9e327e982b3408b6617f11599b4115d67eb141,0.019672819099219918
2026-02-14T12:00:00Z,2026-02-14T00:00:00Z,2026-02-14T15:00:00Z,turbine_1,3,-0.4,1.69,3.62,3.05,235,-0.4,3.62,100,unverified,2026-02-14T12:00:00Z,assumed,1.0.0,b3ad5c95580a49b2260b1ff6ab649242c717638b569451db5f2f6be5bcf54aee,0.02811593475149876
2026-02-14T12:00:00Z,2026-02-14T00:00:00Z,2026-02-14T15:00:00Z,turbine_2,3,-0.4,1.69,3.62,3.05,235,-0.4,3.62,100,unverified,2026-02-14T12:00:00Z,assumed,1.0.0,8fe049cee2dbb83c819c3ad1ab9e327e982b3408b6617f11599b4115d67eb141,0.024127321287037873
2026-02-14T12:00:00Z,2026-02-14T00:00:00Z,2026-02-14T16:00:00Z,turbine_1,4,-1.0,1.77,4.08,3.51,253,-1.0,4.08,100,unverified,2026-02-14T12:00:00Z,assumed,1.0.0,b3ad5c95580a49b2260b1ff6ab649242c717638b569451db5f2f6be5bcf54aee,0.04130839750792753
2026-02-14T12:00:00Z,2026-02-14T00:00:00Z,2026-02-14T16:00:00Z,turbine_2,4,-1.0,1.77,4.08,3.51,253,-1.0,4.08,100,unverified,2026-02-14T12:00:00Z,assumed,1.0.0,8fe049cee2dbb83c819c3ad1ab9e327e982b3408b6617f11599b4115d67eb141,0.04072071360767654
2026-02-14T12:00:00Z,2026-02-14T00:00:00Z,2026-02-14T17:00:00Z,turbine_1,5,-0.1,0.4,1.77,2.12,245,-0.1,1.77,100,unverified,2026-02-14T12:00:00Z,assumed,1.0.0,b3ad5c95580a49b2260b1ff6ab649242c717638b569451db5f2f6be5bcf54aee,0.007886890668778568
2026-02-14T12:00:00Z,2026-02-14T00:00:00Z,2026-02-14T17:00:00Z,turbine_2,5,-0.1,0.4,1.77,2.12,245,-0.1,1.77,100,unverified,2026-02-14T12:00:00Z,assumed,1.0.0,8fe049cee2dbb83c819c3ad1ab9e327e982b3408b6617f11599b4115d67eb141,0.010184267621452803
2026-02-14T12:00:00Z,2026-02-14T00:00:00Z,2026-02-14T18:00:00Z,turbine_1,6,-0.4,0.32,1.78,1.82,280,-0.4,1.78,100,unverified,2026-02-14T12:00:00Z,assumed,1.0.0,b3ad5c95580a49b2260b1ff6ab649242c717638b569451db5f2f6be5bcf54aee,0.007703379534718668
2026-02-14T12:00:00Z,2026-02-14T00:00:00Z,2026-02-14T18:00:00Z,turbine_2,6,-0.4,0.32,1.78,1.82,280,-0.4,1.78,100,unverified,2026-02-14T12:00:00Z,assumed,1.0.0,8fe049cee2dbb83c819c3ad1ab9e327e982b3408b6617f11599b4115d67eb141,0.01015282739590695
2026-02-14T12:00:00Z,2026-02-14T00:00:00Z,2026-02-14T19:00:00Z,turbine_1,7,-0.3,0.64,0.39,0.16,140,-0.3,0.39,100,unverified,2026-02-14T12:00:00Z,assumed,1.0.0,b3ad5c95580a49b2260b1ff6ab649242c717638b569451db5f2f6be5bcf54aee,0.007768126697162148
2026-02-14T12:00:00Z,2026-02-14T00:00:00Z,2026-02-14T19:00:00Z,turbine_2,7,-0.3,0.64,0.39,0.16,140,-0.3,0.39,100,unverified,2026-02-14T12:00:00Z,assumed,1.0.0,8fe049cee2dbb83c819c3ad1ab9e327e982b3408b6617f11599b4115d67eb141,0.0072241105774226155
2026-02-14T12:00:00Z,2026-02-14T00:00:00Z,2026-02-14T20:00:00Z,turbine_1,8,-0.5,1.07,2.09,1.2,138,-0.5,2.09,100,unverified,2026-02-14T12:00:00Z,assumed,1.0.0,b3ad5c95580a49b2260b1ff6ab649242c717638b569451db5f2f6be5bcf54aee,0.011359643872470016
2026-02-14T12:00:00Z,2026-02-14T00:00:00Z,2026-02-14T20:00:00Z,turbine_2,8,-0.5,1.07,2.09,1.2,138,-0.5,2.09,100,unverified,2026-02-14T12:00:00Z,assumed,1.0.0,8fe049cee2dbb83c819c3ad1ab9e327e982b3408b6617f11599b4115d67eb141,0.01202386916382292
2026-02-14T12:00:00Z,2026-02-14T00:00:00Z,2026-02-14T21:00:00Z,turbine_1,9,0.0,0.86,1.65,1.84,88,0.0,1.65,100,unverified,2026-02-14T12:00:00Z,assumed,1.0.0,b3ad5c95580a49b2260b1ff6ab649242c717638b569451db5f2f6be5bcf54aee,0.007886890668778568
2026-02-14T12:00:00Z,2026-02-14T00:00:00Z,2026-02-14T21:00:00Z,turbine_2,9,0.0,0.86,1.65,1.84,88,0.0,1.65,100,unverified,2026-02-14T12:00:00Z,assumed,1.0.0,8fe049cee2dbb83c819c3ad1ab9e327e982b3408b6617f11599b4115d67eb141,0.009647492542998681
2026-02-14T12:00:00Z,2026-02-14T00:00:00Z,2026-02-14T22:00:00Z,turbine_1,10,-2.9,0.96,2.02,2.09,83,-2.9,2.02,100,unverified,2026-02-14T12:00:00Z,assumed,1.0.0,b3ad5c95580a49b2260b1ff6ab649242c717638b569451db5f2f6be5bcf54aee,0.008601452025153722
2026-02-14T12:00:00Z,2026-02-14T00:00:00Z,2026-02-14T22:00:00Z,turbine_2,10,-2.9,0.96,2.02,2.09,83,-2.9,2.02,100,unverified,2026-02-14T12:00:00Z,assumed,1.0.0,8fe049cee2dbb83c819c3ad1ab9e327e982b3408b6617f11599b4115d67eb141,0.008946680278662245
2026-02-14T12:00:00Z,2026-02-14T00:00:00Z,2026-02-14T23:00:00Z,turbine_1,11,-2.9,1.03,2.15,2.06,68,-2.9,2.15,100,unverified,2026-02-14T12:00:00Z,assumed,1.0.0,b3ad5c95580a49b2260b1ff6ab649242c717638b569451db5f2f6be5bcf54aee,0.008522453006411357
2026-02-14T12:00:00Z,2026-02-14T00:00:00Z,2026-02-14T23:00:00Z,turbine_2,11,-2.9,1.03,2.15,2.06,68,-2.9,2.15,100,unverified,2026-02-14T12:00:00Z,assumed,1.0.0,8fe049cee2dbb83c819c3ad1ab9e327e982b3408b6617f11599b4115d67eb141,0.008720532797556468
2026-02-14T12:00:00Z,2026-02-14T00:00:00Z,2026-02-15T00:00:00Z,turbine_1,12,-3.2,1.46,3.27,3.31,67,-3.2,3.27,100,unverified,2026-02-14T12:00:00Z,assumed,1.0.0,b3ad5c95580a49b2260b1ff6ab649242c717638b569451db5f2f6be5bcf54aee,0.012833875826156693
2026-02-14T12:00:00Z,2026-02-14T00:00:00Z,2026-02-15T00:00:00Z,turbine_2,12,-3.2,1.46,3.27,3.31,67,-3.2,3.27,100,unverified,2026-02-14T12:00:00Z,assumed,1.0.0,8fe049cee2dbb83c819c3ad1ab9e327e982b3408b6617f11599b4115d67eb141,0.01045734474553206
2026-02-14T12:00:00Z,2026-02-14T00:00:00Z,2026-02-15T01:00:00Z,turbine_1,13,-2.1,2.15,5.31,5.53,66,-2.1,5.31,100,unverified,2026-02-14T12:00:00Z,assumed,1.0.0,b3ad5c95580a49b2260b1ff6ab649242c717638b569451db5f2f6be5bcf54aee,0.11004713161791185
2026-02-14T12:00:00Z,2026-02-14T00:00:00Z,2026-02-15T01:00:00Z,turbine_2,13,-2.1,2.15,5.31,5.53,66,-2.1,5.31,100,unverified,2026-02-14T12:00:00Z,assumed,1.0.0,8fe049cee2dbb83c819c3ad1ab9e327e982b3408b6617f11599b4115d67eb141,0.09797118361277762
2026-02-14T12:00:00Z,2026-02-14T00:00:00Z,2026-02-15T02:00:00Z,turbine_1,14,-2.5,2.31,5.46,6.51,66,-2.5,5.46,100,unverified,2026-02-14T12:00:00Z,assumed,1.0.0,b3ad5c95580a49b2260b1ff6ab649242c717638b569451db5f2f6be5bcf54aee,0.11552739894097075
2026-02-14T12:00:00Z,2026-02-14T00:00:00Z,2026-02-15T02:00:00Z,turbine_2,14,-2.5,2.31,5.46,6.51,66,-2.5,5.46,100,unverified,2026-02-14T12:00:00Z,assumed,1.0.0,8fe049cee2dbb83c819c3ad1ab9e327e982b3408b6617f11599b4115d67eb141,0.10343528697061749
2026-02-14T12:00:00Z,2026-02-14T00:00:00Z,2026-02-15T03:00:00Z,turbine_1,15,-0.5,3.15,6.69,8.43,63,-0.5,6.69,100,unverified,2026-02-14T12:00:00Z,assumed,1.0.0,b3ad5c95580a49b2260b1ff6ab649242c717638b569451db5f2f6be5bcf54aee,0.3003532055275311
2026-02-14T12:00:00Z,2026-02-14T00:00:00Z,2026-02-15T03:00:00Z,turbine_2,15,-0.5,3.15,6.69,8.43,63,-0.5,6.69,100,unverified,2026-02-14T12:00:00Z,assumed,1.0.0,8fe049cee2dbb83c819c3ad1ab9e327e982b3408b6617f11599b4115d67eb141,0.280193646125517
2026-02-14T12:00:00Z,2026-02-14T00:00:00Z,2026-02-15T04:00:00Z,turbine_1,16,2.2,3.3,7.54,9.13,61,2.2,7.54,100,unverified,2026-02-14T12:00:00Z,assumed,1.0.0,b3ad5c95580a49b2260b1ff6ab649242c717638b569451db5f2f6be5bcf54aee,0.4602354690215551
2026-02-14T12:00:00Z,2026-02-14T00:00:00Z,2026-02-15T04:00:00Z,turbine_2,16,2.2,3.3,7.54,9.13,61,2.2,7.54,100,unverified,2026-02-14T12:00:00Z,assumed,1.0.0,8fe049cee2dbb83c819c3ad1ab9e327e982b3408b6617f11599b4115d67eb141,0.42999301193898265
2026-02-14T12:00:00Z,2026-02-14T00:00:00Z,2026-02-15T05:00:00Z,turbine_1,17,3.6,4.26,7.75,9.8,58,3.6,7.75,100,unverified,2026-02-14T12:00:00Z,assumed,1.0.0,b3ad5c95580a49b2260b1ff6ab649242c717638b569451db5f2f6be5bcf54aee,0.5005132421809241
2026-02-14T12:00:00Z,2026-02-14T00:00:00Z,2026-02-15T05:00:00Z,turbine_2,17,3.6,4.26,7.75,9.8,58,3.6,7.75,100,unverified,2026-02-14T12:00:00Z,assumed,1.0.0,8fe049cee2dbb83c819c3ad1ab9e327e982b3408b6617f11599b4115d67eb141,0.46724236030185723
2026-02-14T12:00:00Z,2026-02-14T00:00:00Z,2026-02-15T06:00:00Z,turbine_1,18,5.5,6.03,8.45,10.63,55,5.5,8.45,100,unverified,2026-02-14T12:00:00Z,assumed,1.0.0,b3ad5c95580a49b2260b1ff6ab649242c717638b569451db5f2f6be5bcf54aee,0.6097095824875746
2026-02-14T12:00:00Z,2026-02-14T00:00:00Z,2026-02-15T06:00:00Z,turbine_2,18,5.5,6.03,8.45,10.63,55,5.5,8.45,100,unverified,2026-02-14T12:00:00Z,assumed,1.0.0,8fe049cee2dbb83c819c3ad1ab9e327e982b3408b6617f11599b4115d67eb141,0.5831536414520211
2026-02-14T12:00:00Z,2026-02-14T00:00:00Z,2026-02-15T07:00:00Z,turbine_1,19,6.3,6.94,9.75,11.57,55,6.3,9.75,100,unverified,2026-02-14T12:00:00Z,assumed,1.0.0,b3ad5c95580a49b2260b1ff6ab649242c717638b569451db5f2f6be5bcf54aee,0.8047818690382259
2026-02-14T12:00:00Z,2026-02-14T00:00:00Z,2026-02-15T07:00:00Z,turbine_2,19,6.3,6.94,9.75,11.57,55,6.3,9.75,100,unverified,2026-02-14T12:00:00Z,assumed,1.0.0,8fe049cee2dbb83c819c3ad1ab9e327e982b3408b6617f11599b4115d67eb141,0.626016739622354
2026-02-14T12:00:00Z,2026-02-14T00:00:00Z,2026-02-15T08:00:00Z,turbine_1,20,7.3,7.1,9.81,11.06,57,7.3,9.81,100,unverified,2026-02-14T12:00:00Z,assumed,1.0.0,b3ad5c95580a49b2260b1ff6ab649242c717638b569451db5f2f6be5bcf54aee,0.8002826298471802
2026-02-14T12:00:00Z,2026-02-14T00:00:00Z,2026-02-15T08:00:00Z,turbine_2,20,7.3,7.1,9.81,11.06,57,7.3,9.81,100,unverified,2026-02-14T12:00:00Z,assumed,1.0.0,8fe049cee2dbb83c819c3ad1ab9e327e982b3408b6617f11599b4115d67eb141,0.7822535377446289
2026-02-14T12:00:00Z,2026-02-14T00:00:00Z,2026-02-15T09:00:00Z,turbine_1,21,8.5,6.74,9.23,9.93,63,8.5,9.23,100,unverified,2026-02-14T12:00:00Z,assumed,1.0.0,b3ad5c95580a49b2260b1ff6ab649242c717638b569451db5f2f6be5bcf54aee,0.7143318958655284
2026-02-14T12:00:00Z,2026-02-14T00:00:00Z,2026-02-15T09:00:00Z,turbine_2,21,8.5,6.74,9.23,9.93,63,8.5,9.23,100,unverified,2026-02-14T12:00:00Z,assumed,1.0.0,8fe049cee2dbb83c819c3ad1ab9e327e982b3408b6617f11599b4115d67eb141,0.6928228524970825
2026-02-14T12:00:00Z,2026-02-14T00:00:00Z,2026-02-15T10:00:00Z,turbine_1,22,8.1,5.77,8.32,9.25,68,8.1,8.32,100,unverified,2026-02-14T12:00:00Z,assumed,1.0.0,b3ad5c95580a49b2260b1ff6ab649242c717638b569451db5f2f6be5bcf54aee,0.5689907117333208
2026-02-14T12:00:00Z,2026-02-14T00:00:00Z,2026-02-15T10:00:00Z,turbine_2,22,8.1,5.77,8.32,9.25,68,8.1,8.32,100,unverified,2026-02-14T12:00:00Z,assumed,1.0.0,8fe049cee2dbb83c819c3ad1ab9e327e982b3408b6617f11599b4115d67eb141,0.5731141816485221
2026-02-14T12:00:00Z,2026-02-14T00:00:00Z,2026-02-15T11:00:00Z,turbine_1,23,6.5,4.9,8.08,8.76,72,6.5,8.08,100,unverified,2026-02-14T12:00:00Z,assumed,1.0.0,b3ad5c95580a49b2260b1ff6ab649242c717638b569451db5f2f6be5bcf54aee,0.5317521328064453
2026-02-14T12:00:00Z,2026-02-14T00:00:00Z,2026-02-15T11:00:00Z,turbine_2,23,6.5,4.9,8.08,8.76,72,6.5,8.08,100,unverified,2026-02-14T12:00:00Z,assumed,1.0.0,8fe049cee2dbb83c819c3ad1ab9e327e982b3408b6617f11599b4115d67eb141,0.5047009485265589
2026-02-14T12:00:00Z,2026-02-14T00:00:00Z,2026-02-15T12:00:00Z,turbine_1,24,4.1,4.27,8.19,8.81,75,4.1,8.19,100,unverified,2026-02-14T12:00:00Z,assumed,1.0.0,b3ad5c95580a49b2260b1ff6ab649242c717638b569451db5f2f6be5bcf54aee,0.5699587087975712
2026-02-14T12:00:00Z,2026-02-14T00:00:00Z,2026-02-15T12:00:00Z,turbine_2,24,4.1,4.27,8.19,8.81,75,4.1,8.19,100,unverified,2026-02-14T12:00:00Z,assumed,1.0.0,8fe049cee2dbb83c819c3ad1ab9e327e982b3408b6617f11599b4115d67eb141,0.5385075092054091
2026-02-14T12:00:00Z,2026-02-14T00:00:00Z,2026-02-15T13:00:00Z,turbine_1,25,2.1,3.96,8.08,9.18,78,2.1,8.08,100,unverified,2026-02-14T12:00:00Z,assumed,1.0.0,b3ad5c95580a49b2260b1ff6ab649242c717638b569451db5f2f6be5bcf54aee,0.5365630238087495
2026-02-14T12:00:00Z,2026-02-14T00:00:00Z,2026-02-15T13:00:00Z,turbine_2,25,2.1,3.96,8.08,9.18,78,2.1,8.08,100,unverified,2026-02-14T12:00:00Z,assumed,1.0.0,8fe049cee2dbb83c819c3ad1ab9e327e982b3408b6617f11599b4115d67eb141,0.5054309568586286
2026-02-14T12:00:00Z,2026-02-14T00:00:00Z,2026-02-15T14:00:00Z,turbine_1,26,1.1,4.1,8.19,9.58,78,1.1,8.19,100,unverified,2026-02-14T12:00:00Z,assumed,1.0.0,b3ad5c95580a49b2260b1ff6ab649242c717638b569451db5f2f6be5bcf54aee,0.5681180327410295
2026-02-14T12:00:00Z,2026-02-14T00:00:00Z,2026-02-15T14:00:00Z,turbine_2,26,1.1,4.1,8.19,9.58,78,1.1,8.19,100,unverified,2026-02-14T12:00:00Z,assumed,1.0.0,8fe049cee2dbb83c819c3ad1ab9e327e982b3408b6617f11599b4115d67eb141,0.5351627917794963
2026-02-14T12:00:00Z,2026-02-14T00:00:00Z,2026-02-15T15:00:00Z,turbine_1,27,1.1,4.15,8.02,9.48,78,1.1,8.02,100,unverified,2026-02-14T12:00:00Z,assumed,1.0.0,b3ad5c95580a49b2260b1ff6ab649242c717638b569451db5f2f6be5bcf54aee,0.5328367375983838
2026-02-14T12:00:00Z,2026-02-14T00:00:00Z,2026-02-15T15:00:00Z,turbine_2,27,1.1,4.15,8.02,9.48,78,1.1,8.02,100,unverified,2026-02-14T12:00:00Z,assumed,1.0.0,8fe049cee2dbb83c819c3ad1ab9e327e982b3408b6617f11599b4115d67eb141,0.48773376599205764
2026-02-14T12:00:00Z,2026-02-14T00:00:00Z,2026-02-15T16:00:00Z,turbine_1,28,1.1,3.7,7.23,8.71,81,1.1,7.23,100,unverified,2026-02-14T12:00:00Z,assumed,1.0.0,b3ad5c95580a49b2260b1ff6ab649242c717638b569451db5f2f6be5bcf54aee,0.3941460297679814
2026-02-14T12:00:00Z,2026-02-14T00:00:00Z,2026-02-15T16:00:00Z,turbine_2,28,1.1,3.7,7.23,8.71,81,1.1,7.23,100,unverified,2026-02-14T12:00:00Z,assumed,1.0.0,8fe049cee2dbb83c819c3ad1ab9e327e982b3408b6617f11599b4115d67eb141,0.3629065282927567
2026-02-14T12:00:00Z,2026-02-14T00:00:00Z,2026-02-15T17:00:00Z,turbine_1,29,1.1,3.2,6.43,7.81,85,1.1,6.43,100,unverified,2026-02-14T12:00:00Z,assumed,1.0.0,b3ad5c95580a49b2260b1ff6ab649242c717638b569451db5f2f6be5bcf54aee,0.26783088631699636
2026-02-14T12:00:00Z,2026-02-14T00:00:00Z,2026-02-15T17:00:00Z,turbine_2,29,1.1,3.2,6.43,7.81,85,1.1,6.43,100,unverified,2026-02-14T12:00:00Z,assumed,1.0.0,8fe049cee2dbb83c819c3ad1ab9e327e982b3408b6617f11599b4115d67eb141,0.24869508280633967
2026-02-14T12:00:00Z,2026-02-14T00:00:00Z,2026-02-15T18:00:00Z,turbine_1,30,1.3,3.32,6.23,7.66,84,1.3,6.23,100,unverified,2026-02-14T12:00:00Z,assumed,1.0.0,b3ad5c95580a49b2260b1ff6ab649242c717638b569451db5f2f6be5bcf54aee,0.24134321137806863
2026-02-14T12:00:00Z,2026-02-14T00:00:00Z,2026-02-15T18:00:00Z,turbine_2,30,1.3,3.32,6.23,7.66,84,1.3,6.23,100,unverified,2026-02-14T12:00:00Z,assumed,1.0.0,8fe049cee2dbb83c819c3ad1ab9e327e982b3408b6617f11599b4115d67eb141,0.22481477528634805
2026-02-14T12:00:00Z,2026-02-14T00:00:00Z,2026-02-15T19:00:00Z,turbine_1,31,1.3,3.37,6.31,7.96,79,1.3,6.31,100,unverified,2026-02-14T12:00:00Z,assumed,1.0.0,b3ad5c95580a49b2260b1ff6ab649242c717638b569451db5f2f6be5bcf54aee,0.248516311890161
2026-02-14T12:00:00Z,2026-02-14T00:00:00Z,2026-02-15T19:00:00Z,turbine_2,31,1.3,3.37,6.31,7.96,79,1.3,6.31,100,unverified,2026-02-14T12:00:00Z,assumed,1.0.0,8fe049cee2dbb83c819c3ad1ab9e327e982b3408b6617f11599b4115d67eb141,0.2329695415518784
2026-02-14T12:00:00Z,2026-02-14T00:00:00Z,2026-02-15T20:00:00Z,turbine_1,32,1.0,3.1,6.39,8.11,73,1.0,6.39,100,unverified,2026-02-14T12:00:00Z,assumed,1.0.0,b3ad5c95580a49b2260b1ff6ab649242c717638b569451db5f2f6be5bcf54aee,0.261675840892692
2026-02-14T12:00:00Z,2026-02-14T00:00:00Z,2026-02-15T20:00:00Z,turbine_2,32,1.0,3.1,6.39,8.11,73,1.0,6.39,100,unverified,2026-02-14T12:00:00Z,assumed,1.0.0,8fe049cee2dbb83c819c3ad1ab9e327e982b3408b6617f11599b4115d67eb141,0.2334869563562076
2026-02-14T12:00:00Z,2026-02-14T00:00:00Z,2026-02-15T21:00:00Z,turbine_1,33,1.2,2.7,5.65,7.34,70,1.2,5.65,100,unverified,2026-02-14T12:00:00Z,assumed,1.0.0,b3ad5c95580a49b2260b1ff6ab649242c717638b569451db5f2f6be5bcf54aee,0.14805621366110297
2026-02-14T12:00:00Z,2026-02-14T00:00:00Z,2026-02-15T21:00:00Z,turbine_2,33,1.2,2.7,5.65,7.34,70,1.2,5.65,100,unverified,2026-02-14T12:00:00Z,assumed,1.0.0,8fe049cee2dbb83c819c3ad1ab9e327e982b3408b6617f11599b4115d67eb141,0.1395906084567644
2026-02-14T12:00:00Z,2026-02-14T00:00:00Z,2026-02-15T22:00:00Z,turbine_1,34,1.6,2.71,5.46,6.61,71,1.6,5.46,100,unverified,2026-02-14T12:00:00Z,assumed,1.0.0,b3ad5c95580a49b2260b1ff6ab649242c717638b569451db5f2f6be5bcf54aee,0.13531101948721905
2026-02-14T12:00:00Z,2026-02-14T00:00:00Z,2026-02-15T22:00:00Z,turbine_2,34,1.6,2.71,5.46,6.61,71,1.6,5.46,100,unverified,2026-02-14T12:00:00Z,assumed,1.0.0,8fe049cee2dbb83c819c3ad1ab9e327e982b3408b6617f11599b4115d67eb141,0.12122666786023642
2026-02-14T12:00:00Z,2026-02-14T00:00:00Z,2026-02-15T23:00:00Z,turbine_1,35,1.9,2.86,5.61,7.17,72,1.9,5.61,100,unverified,2026-02-14T12:00:00Z,assumed,1.0.0,b3ad5c95580a49b2260b1ff6ab649242c717638b569451db5f2f6be5bcf54aee,0.14975944898328722
2026-02-14T12:00:00Z,2026-02-14T00:00:00Z,2026-02-15T23:00:00Z,turbine_2,35,1.9,2.86,5.61,7.17,72,1.9,5.61,100,unverified,2026-02-14T12:00:00Z,assumed,1.0.0,8fe049cee2dbb83c819c3ad1ab9e327e982b3408b6617f11599b4115d67eb141,0.13830351538524677
2026-02-14T12:00:00Z,2026-02-14T00:00:00Z,2026-02-16T00:00:00Z,turbine_1,36,1.2,2.74,5.81,7.07,70,1.2,5.81,100,unverified,2026-02-14T12:00:00Z,assumed,1.0.0,b3ad5c95580a49b2260b1ff6ab649242c717638b569451db5f2f6be5bcf54aee,0.18182345791294055
2026-02-14T12:00:00Z,2026-02-14T00:00:00Z,2026-02-16T00:00:00Z,turbine_2,36,1.2,2.74,5.81,7.07,70,1.2,5.81,100,unverified,2026-02-14T12:00:00Z,assumed,1.0.0,8fe049cee2dbb83c819c3ad1ab9e327e982b3408b6617f11599b4115d67eb141,0.16074101897001655
2026-02-14T12:00:00Z,2026-02-14T00:00:00Z,2026-02-16T01:00:00Z,turbine_1,37,1.1,2.6,5.65,7.3,77,1.1,5.65,100,unverified,2026-02-14T12:00:00Z,assumed,1.0.0,b3ad5c95580a49b2260b1ff6ab649242c717638b569451db5f2f6be5bcf54aee,0.14724161149112677
2026-02-14T12:00:00Z,2026-02-14T00:00:00Z,2026-02-16T01:00:00Z,turbine_2,37,1.1,2.6,5.65,7.3,77,1.1,5.65,100,unverified,2026-02-14T12:00:00Z,assumed,1.0.0,8fe049cee2dbb83c819c3ad1ab9e327e982b3408b6617f11599b4115d67eb141,0.13964354478059315
2026-02-14T12:00:00Z,2026-02-14T00:00:00Z,2026-02-16T02:00:00Z,turbine_1,38,0.7,2.96,6.26,7.68,72,0.7,6.26,100,unverified,2026-02-14T12:00:00Z,assumed,1.0.0,b3ad5c95580a49b2260b1ff6ab649242c717638b569451db5f2f6be5bcf54aee,0.24260806285440784
2026-02-14T12:00:00Z,2026-02-14T00:00:00Z,2026-02-16T02:00:00Z,turbine_2,38,0.7,2.96,6.26,7.68,72,0.7,6.26,100,unverified,2026-02-14T12:00:00Z,assumed,1.0.0,8fe049cee2dbb83c819c3ad1ab9e327e982b3408b6617f11599b4115d67eb141,0.22480111356789456
2026-02-14T12:00:00Z,2026-02-14T00:00:00Z,2026-02-16T03:00:00Z,turbine_1,39,2.0,3.85,6.77,8.51,71,2.0,6.77,100,unverified,2026-02-14T12:00:00Z,assumed,1.0.0,b3ad5c95580a49b2260b1ff6ab649242c717638b569451db5f2f6be5bcf54aee,0.3228287490449939
2026-02-14T12:00:00Z,2026-02-14T00:00:00Z,2026-02-16T03:00:00Z,turbine_2,39,2.0,3.85,6.77,8.51,71,2.0,6.77,100,unverified,2026-02-14T12:00:00Z,assumed,1.0.0,8fe049cee2dbb83c819c3ad1ab9e327e982b3408b6617f11599b4115d67eb141,0.300538393300965
2026-02-14T12:00:00Z,2026-02-14T00:00:00Z,2026-02-16T04:00:00Z,turbine_1,40,4.1,3.68,7.1,8.44,71,4.1,7.1,100,unverified,2026-02-14T12:00:00Z,assumed,1.0.0,b3ad5c95580a49b2260b1ff6ab649242c717638b569451db5f2f6be5bcf54aee,0.37151973254109694
2026-02-14T12:00:00Z,2026-02-14T00:00:00Z,2026-02-16T04:00:00Z,turbine_2,40,4.1,3.68,7.1,8.44,71,4.1,7.1,100,unverified,2026-02-14T12:00:00Z,assumed,1.0.0,8fe049cee2dbb83c819c3ad1ab9e327e982b3408b6617f11599b4115d67eb141,0.3557714654501531
2026-02-14T12:00:00Z,2026-02-14T00:00:00Z,2026-02-16T05:00:00Z,turbine_1,41,6.1,4.1,5.76,7.95,60,6.1,5.76,100,unverified,2026-02-14T12:00:00Z,assumed,1.0.0,b3ad5c95580a49b2260b1ff6ab649242c717638b569451db5f2f6be5bcf54aee,0.17778266977049786
2026-02-14T12:00:00Z,2026-02-14T00:00:00Z,2026-02-16T05:00:00Z,turbine_2,41,6.1,4.1,5.76,7.95,60,6.1,5.76,100,unverified,2026-02-14T12:00:00Z,assumed,1.0.0,8fe049cee2dbb83c819c3ad1ab9e327e982b3408b6617f11599b4115d67eb141,0.15987655122476496
2026-02-14T12:00:00Z,2026-02-14T00:00:00Z,2026-02-16T06:00:00Z,turbine_1,42,7.6,4.16,5.49,6.08,60,7.6,5.49,100,unverified,2026-02-14T12:00:00Z,assumed,1.0.0,b3ad5c95580a49b2260b1ff6ab649242c717638b569451db5f2f6be5bcf54aee,0.1522629111266651
2026-02-14T12:00:00Z,2026-02-14T00:00:00Z,2026-02-16T06:00:00Z,turbine_2,42,7.6,4.16,5.49,6.08,60,7.6,5.49,100,unverified,2026-02-14T12:00:00Z,assumed,1.0.0,8fe049cee2dbb83c819c3ad1ab9e327e982b3408b6617f11599b4115d67eb141,0.14564118598104053
2026-02-14T12:00:00Z,2026-02-14T00:00:00Z,2026-02-16T07:00:00Z,turbine_1,43,8.6,4.54,5.94,6.47,54,8.6,5.94,100,unverified,2026-02-14T12:00:00Z,assumed,1.0.0,b3ad5c95580a49b2260b1ff6ab649242c717638b569451db5f2f6be5bcf54aee,0.20382586937879738
2026-02-14T12:00:00Z,2026-02-14T00:00:00Z,2026-02-16T07:00:00Z,turbine_2,43,8.6,4.54,5.94,6.47,54,8.6,5.94,100,unverified,2026-02-14T12:00:00Z,assumed,1.0.0,8fe049cee2dbb83c819c3ad1ab9e327e982b3408b6617f11599b4115d67eb141,0.19631301222582068
2026-02-14T12:00:00Z,2026-02-14T00:00:00Z,2026-02-16T08:00:00Z,turbine_1,44,9.6,4.6,5.95,6.41,55,9.6,5.95,100,unverified,2026-02-14T12:00:00Z,assumed,1.0.0,b3ad5c95580a49b2260b1ff6ab649242c717638b569451db5f2f6be5bcf54aee,0.21218623220011673
2026-02-14T12:00:00Z,2026-02-14T00:00:00Z,2026-02-16T08:00:00Z,turbine_2,44,9.6,4.6,5.95,6.41,55,9.6,5.95,100,unverified,2026-02-14T12:00:00Z,assumed,1.0.0,8fe049cee2dbb83c819c3ad1ab9e327e982b3408b6617f11599b4115d67eb141,0.20177202919347023
2026-02-14T12:00:00Z,2026-02-14T00:00:00Z,2026-02-16T09:00:00Z,turbine_1,45,10.3,4.6,5.98,6.34,54,10.3,5.98,100,unverified,2026-02-14T12:00:00Z,assumed,1.0.0,b3ad5c95580a49b2260b1ff6ab649242c717638b569451db5f2f6be5bcf54aee,0.22808562237381108
2026-02-14T12:00:00Z,2026-02-14T00:00:00Z,2026-02-16T09:00:00Z,turbine_2,45,10.3,4.6,5.98,6.34,54,10.3,5.98,100,unverified,2026-02-14T12:00:00Z,assumed,1.0.0,8fe049cee2dbb83c819c3ad1ab9e327e982b3408b6617f11599b4115d67eb141,0.21901059489650132
2026-02-14T12:00:00Z,2026-02-14T00:00:00Z,2026-02-16T10:00:00Z,turbine_1,46,9.9,4.38,5.92,6.48,49,9.9,5.92,100,unverified,2026-02-14T12:00:00Z,assumed,1.0.0,b3ad5c95580a49b2260b1ff6ab649242c717638b569451db5f2f6be5bcf54aee,0.21278664022978222
2026-02-14T12:00:00Z,2026-02-14T00:00:00Z,2026-02-16T10:00:00Z,turbine_2,46,9.9,4.38,5.92,6.48,49,9.9,5.92,100,unverified,2026-02-14T12:00:00Z,assumed,1.0.0,8fe049cee2dbb83c819c3ad1ab9e327e982b3408b6617f11599b4115d67eb141,0.20192359373098126
2026-02-14T12:00:00Z,2026-02-14T00:00:00Z,2026-02-16T11:00:00Z,turbine_1,47,8.6,3.35,5.97,6.66,50,8.6,5.97,100,unverified,2026-02-14T12:00:00Z,assumed,1.0.0,b3ad5c95580a49b2260b1ff6ab649242c717638b569451db5f2f6be5bcf54aee,0.21519940047864214
2026-02-14T12:00:00Z,2026-02-14T00:00:00Z,2026-02-16T11:00:00Z,turbine_2,47,8.6,3.35,5.97,6.66,50,8.6,5.97,100,unverified,2026-02-14T12:00:00Z,assumed,1.0.0,8fe049cee2dbb83c819c3ad1ab9e327e982b3408b6617f11599b4115d67eb141,0.21232389069746657
2026-02-14T12:00:00Z,2026-02-14T00:00:00Z,2026-02-16T12:00:00Z,turbine_1,48,5.7,2.26,5.64,6.32,60,5.7,5.64,100,unverified,2026-02-14T12:00:00Z,assumed,1.0.0,b3ad5c95580a49b2260b1ff6ab649242c717638b569451db5f2f6be5bcf54aee,0.16215781722991068
2026-02-14T12:00:00Z,2026-02-14T00:00:00Z,2026-02-16T12:00:00Z,turbine_2,48,5.7,2.26,5.64,6.32,60,5.7,5.64,100,unverified,2026-02-14T12:00:00Z,assumed,1.0.0,8fe049cee2dbb83c819c3ad1ab9e327e982b3408b6617f11599b4115d67eb141,0.1543572106211496
2026-02-15T12:00:00Z,2026-02-15T00:00:00Z,2026-02-15T13:00:00Z,turbine_1,1,2.3,3.96,7.88,9.19,82,2.3,7.88,100,unverified,2026-02-15T12:00:00Z,assumed,1.0.0,b3ad5c95580a49b2260b1ff6ab649242c717638b569451db5f2f6be5bcf54aee,0.5040014755250408
2026-02-15T12:00:00Z,2026-02-15T00:00:00Z,2026-02-15T13:00:00Z,turbine_2,1,2.3,3.96,7.88,9.19,82,2.3,7.88,100,unverified,2026-02-15T12:00:00Z,assumed,1.0.0,8fe049cee2dbb83c819c3ad1ab9e327e982b3408b6617f11599b4115d67eb141,0.47109582862157595
2026-02-15T12:00:00Z,2026-02-15T00:00:00Z,2026-02-15T14:00:00Z,turbine_1,2,1.5,3.9,7.64,9.19,81,1.5,7.64,100,unverified,2026-02-15T12:00:00Z,assumed,1.0.0,b3ad5c95580a49b2260b1ff6ab649242c717638b569451db5f2f6be5bcf54aee,0.4809023832240645
2026-02-15T12:00:00Z,2026-02-15T00:00:00Z,2026-02-15T14:00:00Z,turbine_2,2,1.5,3.9,7.64,9.19,81,1.5,7.64,100,unverified,2026-02-15T12:00:00Z,assumed,1.0.0,8fe049cee2dbb83c819c3ad1ab9e327e982b3408b6617f11599b4115d67eb141,0.44308045109174543
2026-02-15T12:00:00Z,2026-02-15T00:00:00Z,2026-02-15T15:00:00Z,turbine_1,3,1.3,3.82,7.52,9.21,82,1.3,7.52,100,unverified,2026-02-15T12:00:00Z,assumed,1.0.0,b3ad5c95580a49b2260b1ff6ab649242c717638b569451db5f2f6be5bcf54aee,0.4600400906603236
2026-02-15T12:00:00Z,2026-02-15T00:00:00Z,2026-02-15T15:00:00Z,turbine_2,3,1.3,3.82,7.52,9.21,82,1.3,7.52,100,unverified,2026-02-15T12:00:00Z,assumed,1.0.0,8fe049cee2dbb83c819c3ad1ab9e327e982b3408b6617f11599b4115d67eb141,0.4300743634234825
2026-02-15T12:00:00Z,2026-02-15T00:00:00Z,2026-02-15T16:00:00Z,turbine_1,4,1.4,3.41,6.81,8.63,82,1.4,6.81,100,unverified,2026-02-15T12:00:00Z,assumed,1.0.0,b3ad5c95580a49b2260b1ff6ab649242c717638b569451db5f2f6be5bcf54aee,0.3236918775547321
2026-02-15T12:00:00Z,2026-02-15T00:00:00Z,2026-02-15T16:00:00Z,turbine_2,4,1.4,3.41,6.81,8.63,82,1.4,6.81,100,unverified,2026-02-15T12:00:00Z,assumed,1.0.0,8fe049cee2dbb83c819c3ad1ab9e327e982b3408b6617f11599b4115d67eb141,0.30702432980057515
2026-02-15T12:00:00Z,2026-02-15T00:00:00Z,2026-02-15T17:00:00Z,turbine_1,5,1.7,2.92,5.87,7.67,86,1.7,5.87,100,unverified,2026-02-15T12:00:00Z,assumed,1.0.0,b3ad5c95580a49b2260b1ff6ab649242c717638b569451db5f2f6be5bcf54aee,0.18328179940430417
2026-02-15T12:00:00Z,2026-02-15T00:00:00Z,2026-02-15T17:00:00Z,turbine_2,5,1.7,2.92,5.87,7.67,86,1.7,5.87,100,unverified,2026-02-15T12:00:00Z,assumed,1.0.0,8fe049cee2dbb83c819c3ad1ab9e327e982b3408b6617f11599b4115d67eb141,0.16809939942709323
2026-02-15T12:00:00Z,2026-02-15T00:00:00Z,2026-02-15T18:00:00Z,turbine_1,6,1.9,2.55,5.2,6.86,82,1.9,5.2,100,unverified,2026-02-15T12:00:00Z,assumed,1.0.0,b3ad5c95580a49b2260b1ff6ab649242c717638b569451db5f2f6be5bcf54aee,0.1173907657924807
2026-02-15T12:00:00Z,2026-02-15T00:00:00Z,2026-02-15T18:00:00Z,turbine_2,6,1.9,2.55,5.2,6.86,82,1.9,5.2,100,unverified,2026-02-15T12:00:00Z,assumed,1.0.0,8fe049cee2dbb83c819c3ad1ab9e327e982b3408b6617f11599b4115d67eb141,0.10577858612534324
2026-02-15T12:00:00Z,2026-02-15T00:00:00Z,2026-02-15T19:00:00Z,turbine_1,7,1.8,2.85,5.6,7.05,82,1.8,5.6,100,unverified,2026-02-15T12:00:00Z,assumed,1.0.0,b3ad5c95580a49b2260b1ff6ab649242c717638b569451db5f2f6be5bcf54aee,0.14975944898328722
2026-02-15T12:00:00Z,2026-02-15T00:00:00Z,2026-02-15T19:00:00Z,turbine_2,7,1.8,2.85,5.6,7.05,82,1.8,5.6,100,unverified,2026-02-15T12:00:00Z,assumed,1.0.0,8fe049cee2dbb83c819c3ad1ab9e327e982b3408b6617f11599b4115d67eb141,0.13648940891554462
2026-02-15T12:00:00Z,2026-02-15T00:00:00Z,2026-02-15T20:00:00Z,turbine_1,8,1.8,3.34,6.65,8.36,66,1.8,6.65,100,unverified,2026-02-15T12:00:00Z,assumed,1.0.0,b3ad5c95580a49b2260b1ff6ab649242c717638b569451db5f2f6be5bcf54aee,0.30145486560279766
2026-02-15T12:00:00Z,2026-02-15T00:00:00Z,2026-02-15T20:00:00Z,turbine_2,8,1.8,3.34,6.65,8.36,66,1.8,6.65,100,unverified,2026-02-15T12:00:00Z,assumed,1.0.0,8fe049cee2dbb83c819c3ad1ab9e327e982b3408b6617f11599b4115d67eb141,0.27859301969637046
2026-02-15T12:00:00Z,2026-02-15T00:00:00Z,2026-02-15T21:00:00Z,turbine_1,9,2.1,3.58,6.82,8.81,77,2.1,6.82,100,unverified,2026-02-15T12:00:00Z,assumed,1.0.0,b3ad5c95580a49b2260b1ff6ab649242c717638b569451db5f2f6be5bcf54aee,0.32390779912873036
2026-02-15T12:00:00Z,2026-02-15T00:00:00Z,2026-02-15T21:00:00Z,turbine_2,9,2.1,3.58,6.82,8.81,77,2.1,6.82,100,unverified,2026-02-15T12:00:00Z,assumed,1.0.0,8fe049cee2dbb83c819c3ad1ab9e327e982b3408b6617f11599b4115d67eb141,0.3073287373391861
2026-02-15T12:00:00Z,2026-02-15T00:00:00Z,2026-02-15T22:00:00Z,turbine_1,10,1.8,3.72,7.36,9.3,63,1.8,7.36,100,unverified,2026-02-15T12:00:00Z,assumed,1.0.0,b3ad5c95580a49b2260b1ff6ab649242c717638b569451db5f2f6be5bcf54aee,0.4275838932908605
2026-02-15T12:00:00Z,2026-02-15T00:00:00Z,2026-02-15T22:00:00Z,turbine_2,10,1.8,3.72,7.36,9.3,63,1.8,7.36,100,unverified,2026-02-15T12:00:00Z,assumed,1.0.0,8fe049cee2dbb83c819c3ad1ab9e327e982b3408b6617f11599b4115d67eb141,0.3995546223432177
2026-02-15T12:00:00Z,2026-02-15T00:00:00Z,2026-02-15T23:00:00Z,turbine_1,11,1.8,4.16,8.0,10.49,60,1.8,8.0,100,unverified,2026-02-15T12:00:00Z,assumed,1.0.0,b3ad5c95580a49b2260b1ff6ab649242c717638b569451db5f2f6be5bcf54aee,0.520952076340732
2026-02-15T12:00:00Z,2026-02-15T00:00:00Z,2026-02-15T23:00:00Z,turbine_2,11,1.8,4.16,8.0,10.49,60,1.8,8.0,100,unverified,2026-02-15T12:00:00Z,assumed,1.0.0,8fe049cee2dbb83c819c3ad1ab9e327e982b3408b6617f11599b4115d67eb141,0.4856223295516312
2026-02-15T12:00:00Z,2026-02-15T00:00:00Z,2026-02-16T00:00:00Z,turbine_1,12,1.8,3.23,6.69,9.16,72,1.8,6.69,100,unverified,2026-02-15T12:00:00Z,assumed,1.0.0,b3ad5c95580a49b2260b1ff6ab649242c717638b569451db5f2f6be5bcf54aee,0.3066209585989514
2026-02-15T12:00:00Z,2026-02-15T00:00:00Z,2026-02-16T00:00:00Z,turbine_2,12,1.8,3.23,6.69,9.16,72,1.8,6.69,100,unverified,2026-02-15T12:00:00Z,assumed,1.0.0,8fe049cee2dbb83c819c3ad1ab9e327e982b3408b6617f11599b4115d67eb141,0.28000568700699185
2026-02-15T12:00:00Z,2026-02-15T00:00:00Z,2026-02-16T01:00:00Z,turbine_1,13,1.8,3.48,6.81,8.77,60,1.8,6.81,100,unverified,2026-02-15T12:00:00Z,assumed,1.0.0,b3ad5c95580a49b2260b1ff6ab649242c717638b569451db5f2f6be5bcf54aee,0.32390779912873036
2026-02-15T12:00:00Z,2026-02-15T00:00:00Z,2026-02-16T01:00:00Z,turbine_2,13,1.8,3.48,6.81,8.77,60,1.8,6.81,100,unverified,2026-02-15T12:00:00Z,assumed,1.0.0,8fe049cee2dbb83c819c3ad1ab9e327e982b3408b6617f11599b4115d67eb141,0.30481821898731315
2026-02-15T12:00:00Z,2026-02-15T00:00:00Z,2026-02-16T02:00:00Z,turbine_1,14,1.6,3.53,6.88,8.67,71,1.6,6.88,100,unverified,2026-02-15T12:00:00Z,assumed,1.0.0,b3ad5c95580a49b2260b1ff6ab649242c717638b569451db5f2f6be5bcf54aee,0.34144796074647504
2026-02-15T12:00:00Z,2026-02-15T00:00:00Z,2026-02-16T02:00:00Z,turbine_2,14,1.6,3.53,6.88,8.67,71,1.6,6.88,100,unverified,2026-02-15T12:00:00Z,assumed,1.0.0,8fe049cee2dbb83c819c3ad1ab9e327e982b3408b6617f11599b4115d67eb141,0.3108004818318152
2026-02-15T12:00:00Z,2026-02-15T00:00:00Z,2026-02-16T03:00:00Z,turbine_1,15,2.7,3.64,6.51,7.97,72,2.7,6.51,100,unverified,2026-02-15T12:00:00Z,assumed,1.0.0,b3ad5c95580a49b2260b1ff6ab649242c717638b569451db5f2f6be5bcf54aee,0.28064936284414815
2026-02-15T12:00:00Z,2026-02-15T00:00:00Z,2026-02-16T03:00:00Z,turbine_2,15,2.7,3.64,6.51,7.97,72,2.7,6.51,100,unverified,2026-02-15T12:00:00Z,assumed,1.0.0,8fe049cee2dbb83c819c3ad1ab9e327e982b3408b6617f11599b4115d67eb141,0.25989618751986066
2026-02-15T12:00:00Z,2026-02-15T00:00:00Z,2026-02-16T04:00:00Z,turbine_1,16,5.0,3.38,7.08,7.73,67,5.0,7.08,100,unverified,2026-02-15T12:00:00Z,assumed,1.0.0,b3ad5c95580a49b2260b1ff6ab649242c717638b569451db5f2f6be5bcf54aee,0.3713090024057865
2026-02-15T12:00:00Z,2026-02-15T00:00:00Z,2026-02-16T04:00:00Z,turbine_2,16,5.0,3.38,7.08,7.73,67,5.0,7.08,100,unverified,2026-02-15T12:00:00Z,assumed,1.0.0,8fe049cee2dbb83c819c3ad1ab9e327e982b3408b6617f11599b4115d67eb141,0.3548429936244325
2026-02-15T12:00:00Z,2026-02-15T00:00:00Z,2026-02-16T05:00:00Z,turbine_1,17,7.0,4.33,5.84,7.04,62,7.0,5.84,100,unverified,2026-02-15T12:00:00Z,assumed,1.0.0,b3ad5c95580a49b2260b1ff6ab649242c717638b569451db5f2f6be5bcf54aee,0.1986076113731313
2026-02-15T12:00:00Z,2026-02-15T00:00:00Z,2026-02-16T05:00:00Z,turbine_2,17,7.0,4.33,5.84,7.04,62,7.0,5.84,100,unverified,2026-02-15T12:00:00Z,assumed,1.0.0,8fe049cee2dbb83c819c3ad1ab9e327e982b3408b6617f11599b4115d67eb141,0.19370283926427403
2026-02-15T12:00:00Z,2026-02-15T00:00:00Z,2026-02-16T06:00:00Z,turbine_1,18,8.0,5.33,7.13,7.59,64,8.0,7.13,100,unverified,2026-02-15T12:00:00Z,assumed,1.0.0,b3ad5c95580a49b2260b1ff6ab649242c717638b569451db5f2f6be5bcf54aee,0.3719366101721432
2026-02-15T12:00:00Z,2026-02-15T00:00:00Z,2026-02-16T06:00:00Z,turbine_2,18,8.0,5.33,7.13,7.59,64,8.0,7.13,100,unverified,2026-02-15T12:00:00Z,assumed,1.0.0,8fe049cee2dbb83c819c3ad1ab9e327e982b3408b6617f11599b4115d67eb141,0.3763420437565927
2026-02-15T12:00:00Z,2026-02-15T00:00:00Z,2026-02-16T07:00:00Z,turbine_1,19,8.9,5.89,7.82,8.3,60,8.9,7.82,100,unverified,2026-02-15T12:00:00Z,assumed,1.0.0,b3ad5c95580a49b2260b1ff6ab649242c717638b569451db5f2f6be5bcf54aee,0.49861662935366613
2026-02-15T12:00:00Z,2026-02-15T00:00:00Z,2026-02-16T07:00:00Z,turbine_2,19,8.9,5.89,7.82,8.3,60,8.9,7.82,100,unverified,2026-02-15T12:00:00Z,assumed,1.0.0,8fe049cee2dbb83c819c3ad1ab9e327e982b3408b6617f11599b4115d67eb141,0.4802350018371223
2026-02-15T12:00:00Z,2026-02-15T00:00:00Z,2026-02-16T08:00:00Z,turbine_1,20,9.8,5.84,7.76,8.17,59,9.8,7.76,100,unverified,2026-02-15T12:00:00Z,assumed,1.0.0,b3ad5c95580a49b2260b1ff6ab649242c717638b569451db5f2f6be5bcf54aee,0.4962099228331903
2026-02-15T12:00:00Z,2026-02-15T00:00:00Z,2026-02-16T08:00:00Z,turbine_2,20,9.8,5.84,7.76,8.17,59,9.8,7.76,100,unverified,2026-02-15T12:00:00Z,assumed,1.0.0,8fe049cee2dbb83c819c3ad1ab9e327e982b3408b6617f11599b4115d67eb141,0.47810628283503404
2026-02-15T12:00:00Z,2026-02-15T00:00:00Z,2026-02-16T09:00:00Z,turbine_1,21,10.1,5.79,7.67,8.06,57,10.1,7.67,100,unverified,2026-02-15T12:00:00Z,assumed,1.0.0,b3ad5c95580a49b2260b1ff6ab649242c717638b569451db5f2f6be5bcf54aee,0.48206939212749994
2026-02-15T12:00:00Z,2026-02-15T00:00:00Z,2026-02-16T09:00:00Z,turbine_2,21,10.1,5.79,7.67,8.06,57,10.1,7.67,100,unverified,2026-02-15T12:00:00Z,assumed,1.0.0,8fe049cee2dbb83c819c3ad1ab9e327e982b3408b6617f11599b4115d67eb141,0.4686118934056053
2026-02-15T12:00:00Z,2026-02-15T00:00:00Z,2026-02-16T10:00:00Z,turbine_1,22,10.1,5.66,7.73,8.22,58,10.1,7.73,100,unverified,2026-02-15T12:00:00Z,assumed,1.0.0,b3ad5c95580a49b2260b1ff6ab649242c717638b569451db5f2f6be5bcf54aee,0.4916848529634733
2026-02-15T12:00:00Z,2026-02-15T00:00:00Z,2026-02-16T10:00:00Z,turbine_2,22,10.1,5.66,7.73,8.22,58,10.1,7.73,100,unverified,2026-02-15T12:00:00Z,assumed,1.0.0,8fe049cee2dbb83c819c3ad1ab9e327e982b3408b6617f11599b4115d67eb141,0.4789584388328209
2026-02-15T12:00:00Z,2026-02-15T00:00:00Z,2026-02-16T11:00:00Z,turbine_1,23,9.0,4.6,7.44,8.1,58,9.0,7.44,100,unverified,2026-02-15T12:00:00Z,assumed,1.0.0,b3ad5c95580a49b2260b1ff6ab649242c717638b569451db5f2f6be5bcf54aee,0.43950088672397436
2026-02-15T12:00:00Z,2026-02-15T00:00:00Z,2026-02-16T11:00:00Z,turbine_2,23,9.0,4.6,7.44,8.1,58,9.0,7.44,100,unverified,2026-02-15T12:00:00Z,assumed,1.0.0,8fe049cee2dbb83c819c3ad1ab9e327e982b3408b6617f11599b4115d67eb141,0.4257677163593365
2026-02-15T12:00:00Z,2026-02-15T00:00:00Z,2026-02-16T12:00:00Z,turbine_1,24,6.6,2.92,6.31,6.83,64,6.6,6.31,100,unverified,2026-02-15T12:00:00Z,assumed,1.0.0,b3ad5c95580a49b2260b1ff6ab649242c717638b569451db5f2f6be5bcf54aee,0.25614800603915355
2026-02-15T12:00:00Z,2026-02-15T00:00:00Z,2026-02-16T12:00:00Z,turbine_2,24,6.6,2.92,6.31,6.83,64,6.6,6.31,100,unverified,2026-02-15T12:00:00Z,assumed,1.0.0,8fe049cee2dbb83c819c3ad1ab9e327e982b3408b6617f11599b4115d67eb141,0.24941404912572923
2026-02-15T12:00:00Z,2026-02-15T00:00:00Z,2026-02-16T13:00:00Z,turbine_1,25,3.7,2.1,5.34,6.5,68,3.7,5.34,100,unverified,2026-02-15T12:00:00Z,assumed,1.0.0,b3ad5c95580a49b2260b1ff6ab649242c717638b569451db5f2f6be5bcf54aee,0.13986826888142467
2026-02-15T12:00:00Z,2026-02-15T00:00:00Z,2026-02-16T13:00:00Z,turbine_2,25,3.7,2.1,5.34,6.5,68,3.7,5.34,100,unverified,2026-02-15T12:00:00Z,assumed,1.0.0,8fe049cee2dbb83c819c3ad1ab9e327e982b3408b6617f11599b4115d67eb141,0.1262876970365308
2026-02-15T12:00:00Z,2026-02-15T00:00:00Z,2026-02-16T14:00:00Z,turbine_1,26,2.1,2.26,5.57,7.7,66,2.1,5.57,100,unverified,2026-02-15T12:00:00Z,assumed,1.0.0,b3ad5c95580a49b2260b1ff6ab649242c717638b569451db5f2f6be5bcf54aee,0.14996625142983097
2026-02-15T12:00:00Z,2026-02-15T00:00:00Z,2026-02-16T14:00:00Z,turbine_2,26,2.1,2.26,5.57,7.7,66,2.1,5.57,100,unverified,2026-02-15T12:00:00Z,assumed,1.0.0,8fe049cee2dbb83c819c3ad1ab9e327e982b3408b6617f11599b4115d67eb141,0.13747368703573543
2026-02-15T12:00:00Z,2026-02-15T00:00:00Z,2026-02-16T15:00:00Z,turbine_1,27,1.3,2.44,6.13,8.46,66,1.3,6.13,100,unverified,2026-02-15T12:00:00Z,assumed,1.0.0,b3ad5c95580a49b2260b1ff6ab649242c717638b569451db5f2f6be5bcf54aee,0.22795912736338353
2026-02-15T12:00:00Z,2026-02-15T00:00:00Z,2026-02-16T15:00:00Z,turbine_2,27,1.3,2.44,6.13,8.46,66,1.3,6.13,100,unverified,2026-02-15T12:00:00Z,assumed,1.0.0,8fe049cee2dbb83c819c3ad1ab9e327e982b3408b6617f11599b4115d67eb141,0.20774500496237636
2026-02-15T12:00:00Z,2026-02-15T00:00:00Z,2026-02-16T16:00:00Z,turbine_1,28,1.0,2.25,5.96,8.38,66,1.0,5.96,100,unverified,2026-02-15T12:00:00Z,assumed,1.0.0,b3ad5c95580a49b2260b1ff6ab649242c717638b569451db5f2f6be5bcf54aee,0.2025401225696245
2026-02-15T12:00:00Z,2026-02-15T00:00:00Z,2026-02-16T16:00:00Z,turbine_2,28,1.0,2.25,5.96,8.38,66,1.0,5.96,100,unverified,2026-02-15T12:00:00Z,assumed,1.0.0,8fe049cee2dbb83c819c3ad1ab9e327e982b3408b6617f11599b4115d67eb141,0.1840780454001212
2026-02-15T12:00:00Z,2026-02-15T00:00:00Z,2026-02-16T17:00:00Z,turbine_1,29,0.9,2.28,5.84,8.17,63,0.9,5.84,100,unverified,2026-02-15T12:00:00Z,assumed,1.0.0,b3ad5c95580a49b2260b1ff6ab649242c717638b569451db5f2f6be5bcf54aee,0.1792791807612186
2026-02-15T12:00:00Z,2026-02-15T00:00:00Z,2026-02-16T17:00:00Z,turbine_2,29,0.9,2.28,5.84,8.17,63,0.9,5.84,100,unverified,2026-02-15T12:00:00Z,assumed,1.0.0,8fe049cee2dbb83c819c3ad1ab9e327e982b3408b6617f11599b4115d67eb141,0.1684898099974913
2026-02-15T12:00:00Z,2026-02-15T00:00:00Z,2026-02-16T18:00:00Z,turbine_1,30,0.8,2.18,5.77,8.17,63,0.8,5.77,100,unverified,2026-02-15T12:00:00Z,assumed,1.0.0,b3ad5c95580a49b2260b1ff6ab649242c717638b569451db5f2f6be5bcf54aee,0.15924447318948598
2026-02-15T12:00:00Z,2026-02-15T00:00:00Z,2026-02-16T18:00:00Z,turbine_2,30,0.8,2.18,5.77,8.17,63,0.8,5.77,100,unverified,2026-02-15T12:00:00Z,assumed,1.0.0,8fe049cee2dbb83c819c3ad1ab9e327e982b3408b6617f11599b4115d67eb141,0.15527360342719737
2026-02-15T12:00:00Z,2026-02-15T00:00:00Z,2026-02-16T19:00:00Z,turbine_1,31,0.3,2.29,5.59,8.08,62,0.3,5.59,100,unverified,2026-02-15T12:00:00Z,assumed,1.0.0,b3ad5c95580a49b2260b1ff6ab649242c717638b569451db5f2f6be5bcf54aee,0.14344964114447412
2026-02-15T12:00:00Z,2026-02-15T00:00:00Z,2026-02-16T19:00:00Z,turbine_2,31,0.3,2.29,5.59,8.08,62,0.3,5.59,100,unverified,2026-02-15T12:00:00Z,assumed,1.0.0,8fe049cee2dbb83c819c3ad1ab9e327e982b3408b6617f11599b4115d67eb141,0.13682878944403237
2026-02-15T12:00:00Z,2026-02-15T00:00:00Z,2026-02-16T20:00:00Z,turbine_1,32,-0.1,2.41,5.75,8.38,65,-0.1,5.75,100,unverified,2026-02-15T12:00:00Z,assumed,1.0.0,b3ad5c95580a49b2260b1ff6ab649242c717638b569451db5f2f6be5bcf54aee,0.15729575758575653
2026-02-15T12:00:00Z,2026-02-15T00:00:00Z,2026-02-16T20:00:00Z,turbine_2,32,-0.1,2.41,5.75,8.38,65,-0.1,5.75,100,unverified,2026-02-15T12:00:00Z,assumed,1.0.0,8fe049cee2dbb83c819c3ad1ab9e327e982b3408b6617f11599b4115d67eb141,0.14507534295639007
2026-02-15T12:00:00Z,2026-02-15T00:00:00Z,2026-02-16T21:00:00Z,turbine_1,33,0.0,2.6,5.86,8.53,64,0.0,5.86,100,unverified,2026-02-15T12:00:00Z,assumed,1.0.0,b3ad5c95580a49b2260b1ff6ab649242c717638b569451db5f2f6be5bcf54aee,0.17684563921741708
2026-02-15T12:00:00Z,2026-02-15T00:00:00Z,2026-02-16T21:00:00Z,turbine_2,33,0.0,2.6,5.86,8.53,64,0.0,5.86,100,unverified,2026-02-15T12:00:00Z,assumed,1.0.0,8fe049cee2dbb83c819c3ad1ab9e327e982b3408b6617f11599b4115d67eb141,0.16747521994644882
2026-02-15T12:00:00Z,2026-02-15T00:00:00Z,2026-02-16T22:00:00Z,turbine_1,34,1.1,2.4,5.77,8.41,63,1.1,5.77,100,unverified,2026-02-15T12:00:00Z,assumed,1.0.0,b3ad5c95580a49b2260b1ff6ab649242c717638b569451db5f2f6be5bcf54aee,0.16140994684134707
2026-02-15T12:00:00Z,2026-02-15T00:00:00Z,2026-02-16T22:00:00Z,turbine_2,34,1.1,2.4,5.77,8.41,63,1.1,5.77,100,unverified,2026-02-15T12:00:00Z,assumed,1.0.0,8fe049cee2dbb83c819c3ad1ab9e327e982b3408b6617f11599b4115d67eb141,0.15529122747487914
2026-02-15T12:00:00Z,2026-02-15T00:00:00Z,2026-02-16T23:00:00Z,turbine_1,35,2.1,1.96,4.92,7.24,62,2.1,4.92,100,unverified,2026-02-15T12:00:00Z,assumed,1.0.0,b3ad5c95580a49b2260b1ff6ab649242c717638b569451db5f2f6be5bcf54aee,0.09626705222075588
2026-02-15T12:00:00Z,2026-02-15T00:00:00Z,2026-02-16T23:00:00Z,turbine_2,35,2.1,1.96,4.92,7.24,62,2.1,4.92,100,unverified,2026-02-15T12:00:00Z,assumed,1.0.0,8fe049cee2dbb83c819c3ad1ab9e327e982b3408b6617f11599b4115d67eb141,0.0815931168358065
2026-02-15T12:00:00Z,2026-02-15T00:00:00Z,2026-02-17T00:00:00Z,turbine_1,36,2.2,2.26,5.37,7.75,63,2.2,5.37,100,unverified,2026-02-15T12:00:00Z,assumed,1.0.0,b3ad5c95580a49b2260b1ff6ab649242c717638b569451db5f2f6be5bcf54aee,0.13218164202783486
2026-02-15T12:00:00Z,2026-02-15T00:00:00Z,2026-02-17T00:00:00Z,turbine_2,36,2.2,2.26,5.37,7.75,63,2.2,5.37,100,unverified,2026-02-15T12:00:00Z,assumed,1.0.0,8fe049cee2dbb83c819c3ad1ab9e327e982b3408b6617f11599b4115d67eb141,0.11969377606945333
2026-02-15T12:00:00Z,2026-02-15T00:00:00Z,2026-02-17T01:00:00Z,turbine_1,37,2.3,2.17,5.46,7.93,63,2.3,5.46,100,unverified,2026-02-15T12:00:00Z,assumed,1.0.0,b3ad5c95580a49b2260b1ff6ab649242c717638b569451db5f2f6be5bcf54aee,0.14110154338465242
2026-02-15T12:00:00Z,2026-02-15T00:00:00Z,2026-02-17T01:00:00Z,turbine_2,37,2.3,2.17,5.46,7.93,63,2.3,5.46,100,unverified,2026-02-15T12:00:00Z,assumed,1.0.0,8fe049cee2dbb83c819c3ad1ab9e327e982b3408b6617f11599b4115d67eb141,0.1227875444327142
2026-02-15T12:00:00Z,2026-02-15T00:00:00Z,2026-02-17T02:00:00Z,turbine_1,38,2.4,1.55,4.3,6.68,72,2.4,4.3,100,unverified,2026-02-15T12:00:00Z,assumed,1.0.0,b3ad5c95580a49b2260b1ff6ab649242c717638b569451db5f2f6be5bcf54aee,0.06062428016030125
2026-02-15T12:00:00Z,2026-02-15T00:00:00Z,2026-02-17T02:00:00Z,turbine_2,38,2.4,1.55,4.3,6.68,72,2.4,4.3,100,unverified,2026-02-15T12:00:00Z,assumed,1.0.0,8fe049cee2dbb83c819c3ad1ab9e327e982b3408b6617f11599b4115d67eb141,0.05052322864014158
2026-02-15T12:00:00Z,2026-02-15T00:00:00Z,2026-02-17T03:00:00Z,turbine_1,39,2.4,1.25,3.39,5.15,74,2.4,3.39,100,unverified,2026-02-15T12:00:00Z,assumed,1.0.0,b3ad5c95580a49b2260b1ff6ab649242c717638b569451db5f2f6be5bcf54aee,0.024902783440870768
2026-02-15T12:00:00Z,2026-02-15T00:00:00Z,2026-02-17T03:00:00Z,turbine_2,39,2.4,1.25,3.39,5.15,74,2.4,3.39,100,unverified,2026-02-15T12:00:00Z,assumed,1.0.0,8fe049cee2dbb83c819c3ad1ab9e327e982b3408b6617f11599b4115d67eb141,0.01913246987796352
2026-02-15T12:00:00Z,2026-02-15T00:00:00Z,2026-02-17T04:00:00Z,turbine_1,40,3.0,1.6,3.7,4.89,74,3.0,3.7,100,unverified,2026-02-15T12:00:00Z,assumed,1.0.0,b3ad5c95580a49b2260b1ff6ab649242c717638b569451db5f2f6be5bcf54aee,0.03849782539286428
2026-02-15T12:00:00Z,2026-02-15T00:00:00Z,2026-02-17T04:00:00Z,turbine_2,40,3.0,1.6,3.7,4.89,74,3.0,3.7,100,unverified,2026-02-15T12:00:00Z,assumed,1.0.0,8fe049cee2dbb83c819c3ad1ab9e327e982b3408b6617f11599b4115d67eb141,0.02985857633370137
2026-02-15T12:00:00Z,2026-02-15T00:00:00Z,2026-02-17T05:00:00Z,turbine_1,41,3.8,2.14,4.81,5.66,65,3.8,4.81,100,unverified,2026-02-15T12:00:00Z,assumed,1.0.0,b3ad5c95580a49b2260b1ff6ab649242c717638b569451db5f2f6be5bcf54aee,0.09246432153904838
2026-02-15T12:00:00Z,2026-02-15T00:00:00Z,2026-02-17T05:00:00Z,turbine_2,41,3.8,2.14,4.81,5.66,65,3.8,4.81,100,unverified,2026-02-15T12:00:00Z,assumed,1.0.0,8fe049cee2dbb83c819c3ad1ab9e327e982b3408b6617f11599b4115d67eb141,0.08014925103974324
2026-02-15T12:00:00Z,2026-02-15T00:00:00Z,2026-02-17T06:00:00Z,turbine_1,42,4.3,2.04,4.65,5.54,62,4.3,4.65,100,unverified,2026-02-15T12:00:00Z,assumed,1.0.0,b3ad5c95580a49b2260b1ff6ab649242c717638b569451db5f2f6be5bcf54aee,0.0863378041882395
2026-02-15T12:00:00Z,2026-02-15T00:00:00Z,2026-02-17T06:00:00Z,turbine_2,42,4.3,2.04,4.65,5.54,62,4.3,4.65,100,unverified,2026-02-15T12:00:00Z,assumed,1.0.0,8fe049cee2dbb83c819c3ad1ab9e327e982b3408b6617f11599b4115d67eb141,0.07678187242735895
2026-02-15T12:00:00Z,2026-02-15T00:00:00Z,2026-02-17T07:00:00Z,turbine_1,43,5.1,2.05,3.68,4.27,59,5.1,3.68,100,unverified,2026-02-15T12:00:00Z,assumed,1.0.0,b3ad5c95580a49b2260b1ff6ab649242c717638b569451db5f2f6be5bcf54aee,0.041478531504021365
2026-02-15T12:00:00Z,2026-02-15T00:00:00Z,2026-02-17T07:00:00Z,turbine_2,43,5.1,2.05,3.68,4.27,59,5.1,3.68,100,unverified,2026-02-15T12:00:00Z,assumed,1.0.0,8fe049cee2dbb83c819c3ad1ab9e327e982b3408b6617f11599b4115d67eb141,0.031384759201000256
2026-02-15T12:00:00Z,2026-02-15T00:00:00Z,2026-02-17T08:00:00Z,turbine_1,44,5.8,2.06,3.03,3.48,52,5.8,3.03,100,unverified,2026-02-15T12:00:00Z,assumed,1.0.0,b3ad5c95580a49b2260b1ff6ab649242c717638b569451db5f2f6be5bcf54aee,0.017833299582002082
2026-02-15T12:00:00Z,2026-02-15T00:00:00Z,2026-02-17T08:00:00Z,turbine_2,44,5.8,2.06,3.03,3.48,52,5.8,3.03,100,unverified,2026-02-15T12:00:00Z,assumed,1.0.0,8fe049cee2dbb83c819c3ad1ab9e327e982b3408b6617f11599b4115d67eb141,0.013074405553079538
2026-02-15T12:00:00Z,2026-02-15T00:00:00Z,2026-02-17T09:00:00Z,turbine_1,45,7.3,2.51,3.11,3.2,66,7.3,3.11,100,unverified,2026-02-15T12:00:00Z,assumed,1.0.0,b3ad5c95580a49b2260b1ff6ab649242c717638b569451db5f2f6be5bcf54aee,0.021388587078383314
2026-02-15T12:00:00Z,2026-02-15T00:00:00Z,2026-02-17T09:00:00Z,turbine_2,45,7.3,2.51,3.11,3.2,66,7.3,3.11,100,unverified,2026-02-15T12:00:00Z,assumed,1.0.0,8fe049cee2dbb83c819c3ad1ab9e327e982b3408b6617f11599b4115d67eb141,0.02307923296476283
2026-02-15T12:00:00Z,2026-02-15T00:00:00Z,2026-02-17T10:00:00Z,turbine_1,46,6.9,2.95,4.2,3.79,65,6.9,4.2,100,unverified,2026-02-15T12:00:00Z,assumed,1.0.0,b3ad5c95580a49b2260b1ff6ab649242c717638b569451db5f2f6be5bcf54aee,0.06679128836551473
2026-02-15T12:00:00Z,2026-02-15T00:00:00Z,2026-02-17T10:00:00Z,turbine_2,46,6.9,2.95,4.2,3.79,65,6.9,4.2,100,unverified,2026-02-15T12:00:00Z,assumed,1.0.0,8fe049cee2dbb83c819c3ad1ab9e327e982b3408b6617f11599b4115d67eb141,0.06532356905307535
2026-02-15T12:00:00Z,2026-02-15T00:00:00Z,2026-02-17T11:00:00Z,turbine_1,47,6.8,2.93,4.56,4.37,64,6.8,4.56,100,unverified,2026-02-15T12:00:00Z,assumed,1.0.0,b3ad5c95580a49b2260b1ff6ab649242c717638b569451db5f2f6be5bcf54aee,0.08149742271478971
2026-02-15T12:00:00Z,2026-02-15T00:00:00Z,2026-02-17T11:00:00Z,turbine_2,47,6.8,2.93,4.56,4.37,64,6.8,4.56,100,unverified,2026-02-15T12:00:00Z,assumed,1.0.0,8fe049cee2dbb83c819c3ad1ab9e327e982b3408b6617f11599b4115d67eb141,0.08832245489260804
2026-02-15T12:00:00Z,2026-02-15T00:00:00Z,2026-02-17T12:00:00Z,turbine_1,48,5.8,3.18,5.84,5.78,69,5.8,5.84,100,unverified,2026-02-15T12:00:00Z,assumed,1.0.0,b3ad5c95580a49b2260b1ff6ab649242c717638b569451db5f2f6be5bcf54aee,0.1954523490393212
2026-02-15T12:00:00Z,2026-02-15T00:00:00Z,2026-02-17T12:00:00Z,turbine_2,48,5.8,3.18,5.84,5.78,69,5.8,5.84,100,unverified,2026-02-15T12:00:00Z,assumed,1.0.0,8fe049cee2dbb83c819c3ad1ab9e327e982b3408b6617f11599b4115d67eb141,0.1826231792152671
2026-02-16T12:00:00Z,2026-02-16T00:00:00Z,2026-02-16T13:00:00Z,turbine_1,1,4.8,2.0,5.73,8.84,66,4.8,5.73,100,unverified,2026-02-16T12:00:00Z,assumed,1.0.0,b3ad5c95580a49b2260b1ff6ab649242c717638b569451db5f2f6be5bcf54aee,0.17514238596792803
2026-02-16T12:00:00Z,2026-02-16T00:00:00Z,2026-02-16T13:00:00Z,turbine_2,1,4.8,2.0,5.73,8.84,66,4.8,5.73,100,unverified,2026-02-16T12:00:00Z,assumed,1.0.0,8fe049cee2dbb83c819c3ad1ab9e327e982b3408b6617f11599b4115d67eb141,0.15808925728483963
2026-02-16T12:00:00Z,2026-02-16T00:00:00Z,2026-02-16T14:00:00Z,turbine_1,2,4.4,2.0,5.44,8.06,61,4.4,5.44,100,unverified,2026-02-16T12:00:00Z,assumed,1.0.0,b3ad5c95580a49b2260b1ff6ab649242c717638b569451db5f2f6be5bcf54aee,0.1448194557333805
2026-02-16T12:00:00Z,2026-02-16T00:00:00Z,2026-02-16T14:00:00Z,turbine_2,2,4.4,2.0,5.44,8.06,61,4.4,5.44,100,unverified,2026-02-16T12:00:00Z,assumed,1.0.0,8fe049cee2dbb83c819c3ad1ab9e327e982b3408b6617f11599b4115d67eb141,0.12274974562651927
2026-02-16T12:00:00Z,2026-02-16T00:00:00Z,2026-02-16T15:00:00Z,turbine_1,3,4.2,2.65,6.41,9.09,67,4.2,6.41,100,unverified,2026-02-16T12:00:00Z,assumed,1.0.0,b3ad5c95580a49b2260b1ff6ab649242c717638b569451db5f2f6be5bcf54aee,0.27046884992573145
2026-02-16T12:00:00Z,2026-02-16T00:00:00Z,2026-02-16T15:00:00Z,turbine_2,3,4.2,2.65,6.41,9.09,67,4.2,6.41,100,unverified,2026-02-16T12:00:00Z,assumed,1.0.0,8fe049cee2dbb83c819c3ad1ab9e327e982b3408b6617f11599b4115d67eb141,0.2516518724954844
2026-02-16T12:00:00Z,2026-02-16T00:00:00Z,2026-02-16T16:00:00Z,turbine_1,4,4.1,1.9,5.19,7.37,65,4.1,5.19,100,unverified,2026-02-16T12:00:00Z,assumed,1.0.0,b3ad5c95580a49b2260b1ff6ab649242c717638b569451db5f2f6be5bcf54aee,0.1281018174784185
2026-02-16T12:00:00Z,2026-02-16T00:00:00Z,2026-02-16T16:00:00Z,turbine_2,4,4.1,1.9,5.19,7.37,65,4.1,5.19,100,unverified,2026-02-16T12:00:00Z,assumed,1.0.0,8fe049cee2dbb83c819c3ad1ab9e327e982b3408b6617f11599b4115d67eb141,0.10716631016996869
2026-02-16T12:00:00Z,2026-02-16T00:00:00Z,2026-02-16T17:00:00Z,turbine_1,5,3.5,1.81,5.3,7.37,58,3.5,5.3,100,unverified,2026-02-16T12:00:00Z,assumed,1.0.0,b3ad5c95580a49b2260b1ff6ab649242c717638b569451db5f2f6be5bcf54aee,0.13616821993790038
2026-02-16T12:00:00Z,2026-02-16T00:00:00Z,2026-02-16T17:00:00Z,turbine_2,5,3.5,1.81,5.3,7.37,58,3.5,5.3,100,unverified,2026-02-16T12:00:00Z,assumed,1.0.0,8fe049cee2dbb83c819c3ad1ab9e327e982b3408b6617f11599b4115d67eb141,0.1210260961172547
2026-02-16T12:00:00Z,2026-02-16T00:00:00Z,2026-02-16T18:00:00Z,turbine_1,6,3.9,1.87,5.42,7.84,60,3.9,5.42,100,unverified,2026-02-16T12:00:00Z,assumed,1.0.0,b3ad5c95580a49b2260b1ff6ab649242c717638b569451db5f2f6be5bcf54aee,0.14307235583236455
2026-02-16T12:00:00Z,2026-02-16T00:00:00Z,2026-02-16T18:00:00Z,turbine_2,6,3.9,1.87,5.42,7.84,60,3.9,5.42,100,unverified,2026-02-16T12:00:00Z,assumed,1.0.0,8fe049cee2dbb83c819c3ad1ab9e327e982b3408b6617f11599b4115d67eb141,0.13021903794882075
2026-02-16T12:00:00Z,2026-02-16T00:00:00Z,2026-02-16T19:00:00Z,turbine_1,7,3.7,1.7,4.94,7.33,66,3.7,4.94,100,unverified,2026-02-16T12:00:00Z,assumed,1.0.0,b3ad5c95580a49b2260b1ff6ab649242c717638b569451db5f2f6be5bcf54aee,0.10604661409398952
2026-02-16T12:00:00Z,2026-02-16T00:00:00Z,2026-02-16T19:00:00Z,turbine_2,7,3.7,1.7,4.94,7.33,66,3.7,4.94,100,unverified,2026-02-16T12:00:00Z,assumed,1.0.0,8fe049cee2dbb83c819c3ad1ab9e327e982b3408b6617f11599b4115d67eb141,0.08794162820667134
2026-02-16T12:00:00Z,2026-02-16T00:00:00Z,2026-02-16T20:00:00Z,turbine_1,8,3.9,1.72,5.01,7.31,64,3.9,5.01,100,unverified,2026-02-16T12:00:00Z,assumed,1.0.0,b3ad5c95580a49b2260b1ff6ab649242c717638b569451db5f2f6be5bcf54aee,0.11172007148808111
2026-02-16T12:00:00Z,2026-02-16T00:00:00Z,2026-02-16T20:00:00Z,turbine_2,8,3.9,1.72,5.01,7.31,64,3.9,5.01,100,unverified,2026-02-16T12:00:00Z,assumed,1.0.0,8fe049cee2dbb83c819c3ad1ab9e327e982b3408b6617f11599b4115d67eb141,0.09196229120764005
2026-02-16T12:00:00Z,2026-02-16T00:00:00Z,2026-02-16T21:00:00Z,turbine_1,9,4.0,2.18,5.53,7.51,66,4.0,5.53,100,unverified,2026-02-16T12:00:00Z,assumed,1.0.0,b3ad5c95580a49b2260b1ff6ab649242c717638b569451db5f2f6be5bcf54aee,0.14702397537436035
2026-02-16T12:00:00Z,2026-02-16T00:00:00Z,2026-02-16T21:00:00Z,turbine_2,9,4.0,2.18,5.53,7.51,66,4.0,5.53,100,unverified,2026-02-16T12:00:00Z,assumed,1.0.0,8fe049cee2dbb83c819c3ad1ab9e327e982b3408b6617f11599b4115d67eb141,0.13080890859514244
2026-02-16T12:00:00Z,2026-02-16T00:00:00Z,2026-02-16T22:00:00Z,turbine_1,10,3.7,2.24,5.75,7.72,63,3.7,5.75,100,unverified,2026-02-16T12:00:00Z,assumed,1.0.0,b3ad5c95580a49b2260b1ff6ab649242c717638b569451db5f2f6be5bcf54aee,0.17207498904564703
2026-02-16T12:00:00Z,2026-02-16T00:00:00Z,2026-02-16T22:00:00Z,turbine_2,10,3.7,2.24,5.75,7.72,63,3.7,5.75,100,unverified,2026-02-16T12:00:00Z,assumed,1.0.0,8fe049cee2dbb83c819c3ad1ab9e327e982b3408b6617f11599b4115d67eb141,0.15394862945522161
2026-02-16T12:00:00Z,2026-02-16T00:00:00Z,2026-02-16T23:00:00Z,turbine_1,11,3.1,1.59,4.48,6.39,61,3.1,4.48,100,unverified,2026-02-16T12:00:00Z,assumed,1.0.0,b3ad5c95580a49b2260b1ff6ab649242c717638b569451db5f2f6be5bcf54aee,0.06668163498217072
2026-02-16T12:00:00Z,2026-02-16T00:00:00Z,2026-02-16T23:00:00Z,turbine_2,11,3.1,1.59,4.48,6.39,61,3.1,4.48,100,unverified,2026-02-16T12:00:00Z,assumed,1.0.0,8fe049cee2dbb83c819c3ad1ab9e327e982b3408b6617f11599b4115d67eb141,0.05960579625644424
2026-02-16T12:00:00Z,2026-02-16T00:00:00Z,2026-02-17T00:00:00Z,turbine_1,12,3.2,0.4,2.44,4.43,79,3.2,2.44,100,unverified,2026-02-16T12:00:00Z,assumed,1.0.0,b3ad5c95580a49b2260b1ff6ab649242c717638b569451db5f2f6be5bcf54aee,0.012853001764389416
2026-02-16T12:00:00Z,2026-02-16T00:00:00Z,2026-02-17T00:00:00Z,turbine_2,12,3.2,0.4,2.44,4.43,79,3.2,2.44,100,unverified,2026-02-16T12:00:00Z,assumed,1.0.0,8fe049cee2dbb83c819c3ad1ab9e327e982b3408b6617f11599b4115d67eb141,0.009834193536546854
2026-02-16T12:00:00Z,2026-02-16T00:00:00Z,2026-02-17T01:00:00Z,turbine_1,13,3.5,0.6,2.06,3.61,86,3.5,2.06,100,unverified,2026-02-16T12:00:00Z,assumed,1.0.0,b3ad5c95580a49b2260b1ff6ab649242c717638b569451db5f2f6be5bcf54aee,0.013917639081243549
2026-02-16T12:00:00Z,2026-02-16T00:00:00Z,2026-02-17T01:00:00Z,turbine_2,13,3.5,0.6,2.06,3.61,86,3.5,2.06,100,unverified,2026-02-16T12:00:00Z,assumed,1.0.0,8fe049cee2dbb83c819c3ad1ab9e327e982b3408b6617f11599b4115d67eb141,0.010738167362164375
2026-02-16T12:00:00Z,2026-02-16T00:00:00Z,2026-02-17T02:00:00Z,turbine_1,14,3.1,1.31,3.09,3.93,76,3.1,3.09,100,unverified,2026-02-16T12:00:00Z,assumed,1.0.0,b3ad5c95580a49b2260b1ff6ab649242c717638b569451db5f2f6be5bcf54aee,0.020830167882464834
2026-02-16T12:00:00Z,2026-02-16T00:00:00Z,2026-02-17T02:00:00Z,turbine_2,14,3.1,1.31,3.09,3.93,76,3.1,3.09,100,unverified,2026-02-16T12:00:00Z,assumed,1.0.0,8fe049cee2dbb83c819c3ad1ab9e327e982b3408b6617f11599b4115d67eb141,0.014576388274328667
2026-02-16T12:00:00Z,2026-02-16T00:00:00Z,2026-02-17T03:00:00Z,turbine_1,15,3.5,2.06,4.44,4.73,71,3.5,4.44,100,unverified,2026-02-16T12:00:00Z,assumed,1.0.0,b3ad5c95580a49b2260b1ff6ab649242c717638b569451db5f2f6be5bcf54aee,0.06946161305504289
2026-02-16T12:00:00Z,2026-02-16T00:00:00Z,2026-02-17T03:00:00Z,turbine_2,15,3.5,2.06,4.44,4.73,71,3.5,4.44,100,unverified,2026-02-16T12:00:00Z,assumed,1.0.0,8fe049cee2dbb83c819c3ad1ab9e327e982b3408b6617f11599b4115d67eb141,0.061074998496436994
2026-02-16T12:00:00Z,2026-02-16T00:00:00Z,2026-02-17T04:00:00Z,turbine_1,16,3.8,2.75,5.48,6.05,54,3.8,5.48,100,unverified,2026-02-16T12:00:00Z,assumed,1.0.0,b3ad5c95580a49b2260b1ff6ab649242c717638b569451db5f2f6be5bcf54aee,0.144525905240286
2026-02-16T12:00:00Z,2026-02-16T00:00:00Z,2026-02-17T04:00:00Z,turbine_2,16,3.8,2.75,5.48,6.05,54,3.8,5.48,100,unverified,2026-02-16T12:00:00Z,assumed,1.0.0,8fe049cee2dbb83c819c3ad1ab9e327e982b3408b6617f11599b4115d67eb141,0.12938146539979167
2026-02-16T12:00:00Z,2026-02-16T00:00:00Z,2026-02-17T05:00:00Z,turbine_1,17,3.7,3.36,6.05,7.44,59,3.7,6.05,100,unverified,2026-02-16T12:00:00Z,assumed,1.0.0,b3ad5c95580a49b2260b1ff6ab649242c717638b569451db5f2f6be5bcf54aee,0.2137169112814653
2026-02-16T12:00:00Z,2026-02-16T00:00:00Z,2026-02-17T05:00:00Z,turbine_2,17,3.7,3.36,6.05,7.44,59,3.7,6.05,100,unverified,2026-02-16T12:00:00Z,assumed,1.0.0,8fe049cee2dbb83c819c3ad1ab9e327e982b3408b6617f11599b4115d67eb141,0.1929828428782583
2026-02-16T12:00:00Z,2026-02-16T00:00:00Z,2026-02-17T06:00:00Z,turbine_1,18,4.3,3.34,5.55,7.63,63,4.3,5.55,100,unverified,2026-02-16T12:00:00Z,assumed,1.0.0,b3ad5c95580a49b2260b1ff6ab649242c717638b569451db5f2f6be5bcf54aee,0.1604471181537776
2026-02-16T12:00:00Z,2026-02-16T00:00:00Z,2026-02-17T06:00:00Z,turbine_2,18,4.3,3.34,5.55,7.63,63,4.3,5.55,100,unverified,2026-02-16T12:00:00Z,assumed,1.0.0,8fe049cee2dbb83c819c3ad1ab9e327e982b3408b6617f11599b4115d67eb141,0.14482658452374256
2026-02-16T12:00:00Z,2026-02-16T00:00:00Z,2026-02-17T07:00:00Z,turbine_1,19,4.7,3.01,4.87,7.08,54,4.7,4.87,100,unverified,2026-02-16T12:00:00Z,assumed,1.0.0,b3ad5c95580a49b2260b1ff6ab649242c717638b569451db5f2f6be5bcf54aee,0.09961382755885656
2026-02-16T12:00:00Z,2026-02-16T00:00:00Z,2026-02-17T07:00:00Z,turbine_2,19,4.7,3.01,4.87,7.08,54,4.7,4.87,100,unverified,2026-02-16T12:00:00Z,assumed,1.0.0,8fe049cee2dbb83c819c3ad1ab9e327e982b3408b6617f11599b4115d67eb141,0.08536443026409879
2026-02-16T12:00:00Z,2026-02-16T00:00:00Z,2026-02-17T08:00:00Z,turbine_1,20,5.0,2.76,4.53,6.55,56,5.0,4.53,100,unverified,2026-02-16T12:00:00Z,assumed,1.0.0,b3ad5c95580a49b2260b1ff6ab649242c717638b569451db5f2f6be5bcf54aee,0.07838930901342045
2026-02-16T12:00:00Z,2026-02-16T00:00:00Z,2026-02-17T08:00:00Z,turbine_2,20,5.0,2.76,4.53,6.55,56,5.0,4.53,100,unverified,2026-02-16T12:00:00Z,assumed,1.0.0,8fe049cee2dbb83c819c3ad1ab9e327e982b3408b6617f11599b4115d67eb141,0.0684791209436812
2026-02-16T12:00:00Z,2026-02-16T00:00:00Z,2026-02-17T09:00:00Z,turbine_1,21,5.7,2.61,3.75,5.34,59,5.7,3.75,100,unverified,2026-02-16T12:00:00Z,assumed,1.0.0,b3ad5c95580a49b2260b1ff6ab649242c717638b569451db5f2f6be5bcf54aee,0.040913911317704
2026-02-16T12:00:00Z,2026-02-16T00:00:00Z,2026-02-17T09:00:00Z,turbine_2,21,5.7,2.61,3.75,5.34,59,5.7,3.75,100,unverified,2026-02-16T12:00:00Z,assumed,1.0.0,8fe049cee2dbb83c819c3ad1ab9e327e982b3408b6617f11599b4115d67eb141,0.03266986302286318
2026-02-16T12:00:00Z,2026-02-16T00:00:00Z,2026-02-17T10:00:00Z,turbine_1,22,5.8,3.11,4.71,5.31,68,5.8,4.71,100,unverified,2026-02-16T12:00:00Z,assumed,1.0.0,b3ad5c95580a49b2260b1ff6ab649242c717638b569451db5f2f6be5bcf54aee,0.09186975117337004
2026-02-16T12:00:00Z,2026-02-16T00:00:00Z,2026-02-17T10:00:00Z,turbine_2,22,5.8,3.11,4.71,5.31,68,5.8,4.71,100,unverified,2026-02-16T12:00:00Z,assumed,1.0.0,8fe049cee2dbb83c819c3ad1ab9e327e982b3408b6617f11599b4115d67eb141,0.0841362096969181
2026-02-16T12:00:00Z,2026-02-16T00:00:00Z,2026-02-17T11:00:00Z,turbine_1,23,6.4,3.56,5.53,5.88,61,6.4,5.53,100,unverified,2026-02-16T12:00:00Z,assumed,1.0.0,b3ad5c95580a49b2260b1ff6ab649242c717638b569451db5f2f6be5bcf54aee,0.15252301672895419
2026-02-16T12:00:00Z,2026-02-16T00:00:00Z,2026-02-17T11:00:00Z,turbine_2,23,6.4,3.56,5.53,5.88,61,6.4,5.53,100,unverified,2026-02-16T12:00:00Z,assumed,1.0.0,8fe049cee2dbb83c819c3ad1ab9e327e982b3408b6617f11599b4115d67eb141,0.1396120635691849
2026-02-16T12:00:00Z,2026-02-16T00:00:00Z,2026-02-17T12:00:00Z,turbine_1,24,5.0,3.92,7.15,7.61,59,5.0,7.15,100,unverified,2026-02-16T12:00:00Z,assumed,1.0.0,b3ad5c95580a49b2260b1ff6ab649242c717638b569451db5f2f6be5bcf54aee,0.3951053411045154
2026-02-16T12:00:00Z,2026-02-16T00:00:00Z,2026-02-17T12:00:00Z,turbine_2,24,5.0,3.92,7.15,7.61,59,5.0,7.15,100,unverified,2026-02-16T12:00:00Z,assumed,1.0.0,8fe049cee2dbb83c819c3ad1ab9e327e982b3408b6617f11599b4115d67eb141,0.3654331225193717
2026-02-16T12:00:00Z,2026-02-16T00:00:00Z,2026-02-17T13:00:00Z,turbine_1,25,3.7,3.64,7.33,9.02,63,3.7,7.33,100,unverified,2026-02-16T12:00:00Z,assumed,1.0.0,b3ad5c95580a49b2260b1ff6ab649242c717638b569451db5f2f6be5bcf54aee,0.4302213950782012
2026-02-16T12:00:00Z,2026-02-16T00:00:00Z,2026-02-17T13:00:00Z,turbine_2,25,3.7,3.64,7.33,9.02,63,3.7,7.33,100,unverified,2026-02-16T12:00:00Z,assumed,1.0.0,8fe049cee2dbb83c819c3ad1ab9e327e982b3408b6617f11599b4115d67eb141,0.3938118344234192
2026-02-16T12:00:00Z,2026-02-16T00:00:00Z,2026-02-17T14:00:00Z,turbine_1,26,3.4,3.62,7.58,9.81,62,3.4,7.58,100,unverified,2026-02-16T12:00:00Z,assumed,1.0.0,b3ad5c95580a49b2260b1ff6ab649242c717638b569451db5f2f6be5bcf54aee,0.4645321665465641
2026-02-16T12:00:00Z,2026-02-16T00:00:00Z,2026-02-17T14:00:00Z,turbine_2,26,3.4,3.62,7.58,9.81,62,3.4,7.58,100,unverified,2026-02-16T12:00:00Z,assumed,1.0.0,8fe049cee2dbb83c819c3ad1ab9e327e982b3408b6617f11599b4115d67eb141,0.43335608769064593
2026-02-16T12:00:00Z,2026-02-16T00:00:00Z,2026-02-17T15:00:00Z,turbine_1,27,3.0,3.78,7.98,10.44,58,3.0,7.98,100,unverified,2026-02-16T12:00:00Z,assumed,1.0.0,b3ad5c95580a49b2260b1ff6ab649242c717638b569451db5f2f6be5bcf54aee,0.5242126156788559
2026-02-16T12:00:00Z,2026-02-16T00:00:00Z,2026-02-17T15:00:00Z,turbine_2,27,3.0,3.78,7.98,10.44,58,3.0,7.98,100,unverified,2026-02-16T12:00:00Z,assumed,1.0.0,8fe049cee2dbb83c819c3ad1ab9e327e982b3408b6617f11599b4115d67eb141,0.4899292898288004
2026-02-16T12:00:00Z,2026-02-16T00:00:00Z,2026-02-17T16:00:00Z,turbine_1,28,2.5,3.61,7.74,10.37,62,2.5,7.74,100,unverified,2026-02-16T12:00:00Z,assumed,1.0.0,b3ad5c95580a49b2260b1ff6ab649242c717638b569451db5f2f6be5bcf54aee,0.5015315457207008
2026-02-16T12:00:00Z,2026-02-16T00:00:00Z,2026-02-17T16:00:00Z,turbine_2,28,2.5,3.61,7.74,10.37,62,2.5,7.74,100,unverified,2026-02-16T12:00:00Z,assumed,1.0.0,8fe049cee2dbb83c819c3ad1ab9e327e982b3408b6617f11599b4115d67eb141,0.4656156214218068
2026-02-16T12:00:00Z,2026-02-16T00:00:00Z,2026-02-17T17:00:00Z,turbine_1,29,1.3,3.4,7.05,9.32,68,1.3,7.05,100,unverified,2026-02-16T12:00:00Z,assumed,1.0.0,b3ad5c95580a49b2260b1ff6ab649242c717638b569451db5f2f6be5bcf54aee,0.3684821039678225
2026-02-16T12:00:00Z,2026-02-16T00:00:00Z,2026-02-17T17:00:00Z,turbine_2,29,1.3,3.4,7.05,9.32,68,1.3,7.05,100,unverified,2026-02-16T12:00:00Z,assumed,1.0.0,8fe049cee2dbb83c819c3ad1ab9e327e982b3408b6617f11599b4115d67eb141,0.34573853924944453
2026-02-16T12:00:00Z,2026-02-16T00:00:00Z,2026-02-17T18:00:00Z,turbine_1,30,0.7,3.66,7.37,9.71,67,0.7,7.37,100,unverified,2026-02-16T12:00:00Z,assumed,1.0.0,b3ad5c95580a49b2260b1ff6ab649242c717638b569451db5f2f6be5bcf54aee,0.42475881903050167
2026-02-16T12:00:00Z,2026-02-16T00:00:00Z,2026-02-17T18:00:00Z,turbine_2,30,0.7,3.66,7.37,9.71,67,0.7,7.37,100,unverified,2026-02-16T12:00:00Z,assumed,1.0.0,8fe049cee2dbb83c819c3ad1ab9e327e982b3408b6617f11599b4115d67eb141,0.40174707143802624
2026-02-16T12:00:00Z,2026-02-16T00:00:00Z,2026-02-17T19:00:00Z,turbine_1,31,0.9,4.19,7.91,10.48,74,0.9,7.91,100,unverified,2026-02-16T12:00:00Z,assumed,1.0.0,b3ad5c95580a49b2260b1ff6ab649242c717638b569451db5f2f6be5bcf54aee,0.5041647511725939
2026-02-16T12:00:00Z,2026-02-16T00:00:00Z,2026-02-17T19:00:00Z,turbine_2,31,0.9,4.19,7.91,10.48,74,0.9,7.91,100,unverified,2026-02-16T12:00:00Z,assumed,1.0.0,8fe049cee2dbb83c819c3ad1ab9e327e982b3408b6617f11599b4115d67eb141,0.4710648816855584
2026-02-16T12:00:00Z,2026-02-16T00:00:00Z,2026-02-17T20:00:00Z,turbine_1,32,1.3,4.02,7.47,9.92,78,1.3,7.47,100,unverified,2026-02-16T12:00:00Z,assumed,1.0.0,b3ad5c95580a49b2260b1ff6ab649242c717638b569451db5f2f6be5bcf54aee,0.452917491738902
2026-02-16T12:00:00Z,2026-02-16T00:00:00Z,2026-02-17T20:00:00Z,turbine_2,32,1.3,4.02,7.47,9.92,78,1.3,7.47,100,unverified,2026-02-16T12:00:00Z,assumed,1.0.0,8fe049cee2dbb83c819c3ad1ab9e327e982b3408b6617f11599b4115d67eb141,0.421335965067477
2026-02-16T12:00:00Z,2026-02-16T00:00:00Z,2026-02-17T21:00:00Z,turbine_1,33,1.7,3.69,6.74,8.66,84,1.7,6.74,100,unverified,2026-02-16T12:00:00Z,assumed,1.0.0,b3ad5c95580a49b2260b1ff6ab649242c717638b569451db5f2f6be5bcf54aee,0.31191396425042534
2026-02-16T12:00:00Z,2026-02-16T00:00:00Z,2026-02-17T21:00:00Z,turbine_2,33,1.7,3.69,6.74,8.66,84,1.7,6.74,100,unverified,2026-02-16T12:00:00Z,assumed,1.0.0,8fe049cee2dbb83c819c3ad1ab9e327e982b3408b6617f11599b4115d67eb141,0.2846062630064058
2026-02-16T12:00:00Z,2026-02-16T00:00:00Z,2026-02-17T22:00:00Z,turbine_1,34,1.7,3.51,6.63,8.09,81,1.7,6.63,100,unverified,2026-02-16T12:00:00Z,assumed,1.0.0,b3ad5c95580a49b2260b1ff6ab649242c717638b569451db5f2f6be5bcf54aee,0.3016290564956906
2026-02-16T12:00:00Z,2026-02-16T00:00:00Z,2026-02-17T22:00:00Z,turbine_2,34,1.7,3.51,6.63,8.09,81,1.7,6.63,100,unverified,2026-02-16T12:00:00Z,assumed,1.0.0,8fe049cee2dbb83c819c3ad1ab9e327e982b3408b6617f11599b4115d67eb141,0.26987833248877274
2026-02-16T12:00:00Z,2026-02-16T00:00:00Z,2026-02-17T23:00:00Z,turbine_1,35,1.6,3.95,7.31,8.98,83,1.6,7.31,100,unverified,2026-02-16T12:00:00Z,assumed,1.0.0,b3ad5c95580a49b2260b1ff6ab649242c717638b569451db5f2f6be5bcf54aee,0.4227650136818147
2026-02-16T12:00:00Z,2026-02-16T00:00:00Z,2026-02-17T23:00:00Z,turbine_2,35,1.6,3.95,7.31,8.98,83,1.6,7.31,100,unverified,2026-02-16T12:00:00Z,assumed,1.0.0,8fe049cee2dbb83c819c3ad1ab9e327e982b3408b6617f11599b4115d67eb141,0.387868477000954
2026-02-16T12:00:00Z,2026-02-16T00:00:00Z,2026-02-18T00:00:00Z,turbine_1,36,1.8,4.27,7.66,9.61,87,1.8,7.66,100,unverified,2026-02-16T12:00:00Z,assumed,1.0.0,b3ad5c95580a49b2260b1ff6ab649242c717638b569451db5f2f6be5bcf54aee,0.48377511076372415
2026-02-16T12:00:00Z,2026-02-16T00:00:00Z,2026-02-18T00:00:00Z,turbine_2,36,1.8,4.27,7.66,9.61,87,1.8,7.66,100,unverified,2026-02-16T12:00:00Z,assumed,1.0.0,8fe049cee2dbb83c819c3ad1ab9e327e982b3408b6617f11599b4115d67eb141,0.443171623285161
2026-02-16T12:00:00Z,2026-02-16T00:00:00Z,2026-02-18T01:00:00Z,turbine_1,37,1.8,4.49,7.92,9.74,86,1.8,7.92,100,unverified,2026-02-16T12:00:00Z,assumed,1.0.0,b3ad5c95580a49b2260b1ff6ab649242c717638b569451db5f2f6be5bcf54aee,0.5060577848882609
2026-02-16T12:00:00Z,2026-02-16T00:00:00Z,2026-02-18T01:00:00Z,turbine_2,37,1.8,4.49,7.92,9.74,86,1.8,7.92,100,unverified,2026-02-16T12:00:00Z,assumed,1.0.0,8fe049cee2dbb83c819c3ad1ab9e327e982b3408b6617f11599b4115d67eb141,0.4892058773150842
2026-02-16T12:00:00Z,2026-02-16T00:00:00Z,2026-02-18T02:00:00Z,turbine_1,38,2.0,4.67,7.88,9.72,85,2.0,7.88,100,unverified,2026-02-16T12:00:00Z,assumed,1.0.0,b3ad5c95580a49b2260b1ff6ab649242c717638b569451db5f2f6be5bcf54aee,0.5011500817668553
2026-02-16T12:00:00Z,2026-02-16T00:00:00Z,2026-02-18T02:00:00Z,turbine_2,38,2.0,4.67,7.88,9.72,85,2.0,7.88,100,unverified,2026-02-16T12:00:00Z,assumed,1.0.0,8fe049cee2dbb83c819c3ad1ab9e327e982b3408b6617f11599b4115d67eb141,0.4714815876446866
2026-02-16T12:00:00Z,2026-02-16T00:00:00Z,2026-02-18T03:00:00Z,turbine_1,39,3.1,5.42,8.13,10.34,74,3.1,8.13,100,unverified,2026-02-16T12:00:00Z,assumed,1.0.0,b3ad5c95580a49b2260b1ff6ab649242c717638b569451db5f2f6be5bcf54aee,0.5634544151300285
2026-02-16T12:00:00Z,2026-02-16T00:00:00Z,2026-02-18T03:00:00Z,turbine_2,39,3.1,5.42,8.13,10.34,74,3.1,8.13,100,unverified,2026-02-16T12:00:00Z,assumed,1.0.0,8fe049cee2dbb83c819c3ad1ab9e327e982b3408b6617f11599b4115d67eb141,0.5072273987839252
2026-02-16T12:00:00Z,2026-02-16T00:00:00Z,2026-02-18T04:00:00Z,turbine_1,40,5.4,5.03,7.23,10.45,81,5.4,7.23,100,unverified,2026-02-16T12:00:00Z,assumed,1.0.0,b3ad5c95580a49b2260b1ff6ab649242c717638b569451db5f2f6be5bcf54aee,0.39776352675762683
2026-02-16T12:00:00Z,2026-02-16T00:00:00Z,2026-02-18T04:00:00Z,turbine_2,40,5.4,5.03,7.23,10.45,81,5.4,7.23,100,unverified,2026-02-16T12:00:00Z,assumed,1.0.0,8fe049cee2dbb83c819c3ad1ab9e327e982b3408b6617f11599b4115d67eb141,0.3673433137757868
2026-02-16T12:00:00Z,2026-02-16T00:00:00Z,2026-02-18T05:00:00Z,turbine_1,41,8.3,5.51,7.63,9.72,68,8.3,7.63,100,unverified,2026-02-16T12:00:00Z,assumed,1.0.0,b3ad5c95580a49b2260b1ff6ab649242c717638b569451db5f2f6be5bcf54aee,0.4700611102112728
2026-02-16T12:00:00Z,2026-02-16T00:00:00Z,2026-02-18T05:00:00Z,turbine_2,41,8.3,5.51,7.63,9.72,68,8.3,7.63,100,unverified,2026-02-16T12:00:00Z,assumed,1.0.0,8fe049cee2dbb83c819c3ad1ab9e327e982b3408b6617f11599b4115d67eb141,0.4602850278665816
2026-02-16T12:00:00Z,2026-02-16T00:00:00Z,2026-02-18T06:00:00Z,turbine_1,42,10.7,6.8,9.28,10.01,69,10.7,9.28,100,unverified,2026-02-16T12:00:00Z,assumed,1.0.0,b3ad5c95580a49b2260b1ff6ab649242c717638b569451db5f2f6be5bcf54aee,0.7195151248557167
2026-02-16T12:00:00Z,2026-02-16T00:00:00Z,2026-02-18T06:00:00Z,turbine_2,42,10.7,6.8,9.28,10.01,69,10.7,9.28,100,unverified,2026-02-16T12:00:00Z,assumed,1.0.0,8fe049cee2dbb83c819c3ad1ab9e327e982b3408b6617f11599b4115d67eb141,0.6899636675850332
2026-02-16T12:00:00Z,2026-02-16T00:00:00Z,2026-02-18T07:00:00Z,turbine_1,43,12.0,7.73,10.56,10.98,69,12.0,10.56,100,unverified,2026-02-16T12:00:00Z,assumed,1.0.0,b3ad5c95580a49b2260b1ff6ab649242c717638b569451db5f2f6be5bcf54aee,0.8965029418363525
2026-02-16T12:00:00Z,2026-02-16T00:00:00Z,2026-02-18T07:00:00Z,turbine_2,43,12.0,7.73,10.56,10.98,69,12.0,10.56,100,unverified,2026-02-16T12:00:00Z,assumed,1.0.0,8fe049cee2dbb83c819c3ad1ab9e327e982b3408b6617f11599b4115d67eb141,0.8773059009927965
2026-02-16T12:00:00Z,2026-02-16T00:00:00Z,2026-02-18T08:00:00Z,turbine_1,44,13.0,7.6,10.33,10.82,67,13.0,10.33,100,unverified,2026-02-16T12:00:00Z,assumed,1.0.0,b3ad5c95580a49b2260b1ff6ab649242c717638b569451db5f2f6be5bcf54aee,0.8629910428451177
2026-02-16T12:00:00Z,2026-02-16T00:00:00Z,2026-02-18T08:00:00Z,turbine_2,44,13.0,7.6,10.33,10.82,67,13.0,10.33,100,unverified,2026-02-16T12:00:00Z,assumed,1.0.0,8fe049cee2dbb83c819c3ad1ab9e327e982b3408b6617f11599b4115d67eb141,0.8469916869119198
2026-02-16T12:00:00Z,2026-02-16T00:00:00Z,2026-02-18T09:00:00Z,turbine_1,45,12.9,7.65,10.49,11.09,64,12.9,10.49,100,unverified,2026-02-16T12:00:00Z,assumed,1.0.0,b3ad5c95580a49b2260b1ff6ab649242c717638b569451db5f2f6be5bcf54aee,0.8730432402189015
2026-02-16T12:00:00Z,2026-02-16T00:00:00Z,2026-02-18T09:00:00Z,turbine_2,45,12.9,7.65,10.49,11.09,64,12.9,10.49,100,unverified,2026-02-16T12:00:00Z,assumed,1.0.0,8fe049cee2dbb83c819c3ad1ab9e327e982b3408b6617f11599b4115d67eb141,0.8654665821804015
2026-02-16T12:00:00Z,2026-02-16T00:00:00Z,2026-02-18T10:00:00Z,turbine_1,46,12.7,6.6,9.26,10.22,65,12.7,9.26,100,unverified,2026-02-16T12:00:00Z,assumed,1.0.0,b3ad5c95580a49b2260b1ff6ab649242c717638b569451db5f2f6be5bcf54aee,0.7114782230923695
2026-02-16T12:00:00Z,2026-02-16T00:00:00Z,2026-02-18T10:00:00Z,turbine_2,46,12.7,6.6,9.26,10.22,65,12.7,9.26,100,unverified,2026-02-16T12:00:00Z,assumed,1.0.0,8fe049cee2dbb83c819c3ad1ab9e327e982b3408b6617f11599b4115d67eb141,0.6836453384078266
2026-02-16T12:00:00Z,2026-02-16T00:00:00Z,2026-02-18T11:00:00Z,turbine_1,47,11.6,5.81,9.24,10.28,63,11.6,9.24,100,unverified,2026-02-16T12:00:00Z,assumed,1.0.0,b3ad5c95580a49b2260b1ff6ab649242c717638b569451db5f2f6be5bcf54aee,0.7159711407830859
2026-02-16T12:00:00Z,2026-02-16T00:00:00Z,2026-02-18T11:00:00Z,turbine_2,47,11.6,5.81,9.24,10.28,63,11.6,9.24,100,unverified,2026-02-16T12:00:00Z,assumed,1.0.0,8fe049cee2dbb83c819c3ad1ab9e327e982b3408b6617f11599b4115d67eb141,0.6821565262099129
2026-02-16T12:00:00Z,2026-02-16T00:00:00Z,2026-02-18T12:00:00Z,turbine_1,48,8.7,4.16,8.05,9.01,68,8.7,8.05,100,unverified,2026-02-16T12:00:00Z,assumed,1.0.0,b3ad5c95580a49b2260b1ff6ab649242c717638b569451db5f2f6be5bcf54aee,0.519768689846305
2026-02-16T12:00:00Z,2026-02-16T00:00:00Z,2026-02-18T12:00:00Z,turbine_2,48,8.7,4.16,8.05,9.01,68,8.7,8.05,100,unverified,2026-02-16T12:00:00Z,assumed,1.0.0,8fe049cee2dbb83c819c3ad1ab9e327e982b3408b6617f11599b4115d67eb141,0.5145178956971059
2026-02-17T12:00:00Z,2026-02-17T00:00:00Z,2026-02-17T13:00:00Z,turbine_1,1,4.7,3.04,6.96,8.27,62,4.7,6.96,100,unverified,2026-02-17T12:00:00Z,assumed,1.0.0,b3ad5c95580a49b2260b1ff6ab649242c717638b569451db5f2f6be5bcf54aee,0.3706607459696918
2026-02-17T12:00:00Z,2026-02-17T00:00:00Z,2026-02-17T13:00:00Z,turbine_2,1,4.7,3.04,6.96,8.27,62,4.7,6.96,100,unverified,2026-02-17T12:00:00Z,assumed,1.0.0,8fe049cee2dbb83c819c3ad1ab9e327e982b3408b6617f11599b4115d67eb141,0.3414131019646631
2026-02-17T12:00:00Z,2026-02-17T00:00:00Z,2026-02-17T14:00:00Z,turbine_1,2,3.9,3.01,7.09,9.42,62,3.9,7.09,100,unverified,2026-02-17T12:00:00Z,assumed,1.0.0,b3ad5c95580a49b2260b1ff6ab649242c717638b569451db5f2f6be5bcf54aee,0.3714209526759521
2026-02-17T12:00:00Z,2026-02-17T00:00:00Z,2026-02-17T14:00:00Z,turbine_2,2,3.9,3.01,7.09,9.42,62,3.9,7.09,100,unverified,2026-02-17T12:00:00Z,assumed,1.0.0,8fe049cee2dbb83c819c3ad1ab9e327e982b3408b6617f11599b4115d67eb141,0.3557714654501531
2026-02-17T12:00:00Z,2026-02-17T00:00:00Z,2026-02-17T15:00:00Z,turbine_1,3,3.6,3.48,7.87,10.33,59,3.6,7.87,100,unverified,2026-02-17T12:00:00Z,assumed,1.0.0,b3ad5c95580a49b2260b1ff6ab649242c717638b569451db5f2f6be5bcf54aee,0.5037875835541962
2026-02-17T12:00:00Z,2026-02-17T00:00:00Z,2026-02-17T15:00:00Z,turbine_2,3,3.6,3.48,7.87,10.33,59,3.6,7.87,100,unverified,2026-02-17T12:00:00Z,assumed,1.0.0,8fe049cee2dbb83c819c3ad1ab9e327e982b3408b6617f11599b4115d67eb141,0.4744759587401817
2026-02-17T12:00:00Z,2026-02-17T00:00:00Z,2026-02-17T16:00:00Z,turbine_1,4,2.8,3.49,7.76,10.35,64,2.8,7.76,100,unverified,2026-02-17T12:00:00Z,assumed,1.0.0,b3ad5c95580a49b2260b1ff6ab649242c717638b569451db5f2f6be5bcf54aee,0.5016496938231647
2026-02-17T12:00:00Z,2026-02-17T00:00:00Z,2026-02-17T16:00:00Z,turbine_2,4,2.8,3.49,7.76,10.35,64,2.8,7.76,100,unverified,2026-02-17T12:00:00Z,assumed,1.0.0,8fe049cee2dbb83c819c3ad1ab9e327e982b3408b6617f11599b4115d67eb141,0.47219902658070795
2026-02-17T12:00:00Z,2026-02-17T00:00:00Z,2026-02-17T17:00:00Z,turbine_1,5,1.8,3.46,7.5,9.88,66,1.8,7.5,100,unverified,2026-02-17T12:00:00Z,assumed,1.0.0,b3ad5c95580a49b2260b1ff6ab649242c717638b569451db5f2f6be5bcf54aee,0.45284091255812187
2026-02-17T12:00:00Z,2026-02-17T00:00:00Z,2026-02-17T17:00:00Z,turbine_2,5,1.8,3.46,7.5,9.88,66,1.8,7.5,100,unverified,2026-02-17T12:00:00Z,assumed,1.0.0,8fe049cee2dbb83c819c3ad1ab9e327e982b3408b6617f11599b4115d67eb141,0.419129854254215
2026-02-17T12:00:00Z,2026-02-17T00:00:00Z,2026-02-17T18:00:00Z,turbine_1,6,1.2,3.61,7.52,9.65,69,1.2,7.52,100,unverified,2026-02-17T12:00:00Z,assumed,1.0.0,b3ad5c95580a49b2260b1ff6ab649242c717638b569451db5f2f6be5bcf54aee,0.4600400906603236
2026-02-17T12:00:00Z,2026-02-17T00:00:00Z,2026-02-17T18:00:00Z,turbine_2,6,1.2,3.61,7.52,9.65,69,1.2,7.52,100,unverified,2026-02-17T12:00:00Z,assumed,1.0.0,8fe049cee2dbb83c819c3ad1ab9e327e982b3408b6617f11599b4115d67eb141,0.4299267527268182
2026-02-17T12:00:00Z,2026-02-17T00:00:00Z,2026-02-17T19:00:00Z,turbine_1,7,0.8,4.05,8.1,10.3,64,0.8,8.1,100,unverified,2026-02-17T12:00:00Z,assumed,1.0.0,b3ad5c95580a49b2260b1ff6ab649242c717638b569451db5f2f6be5bcf54aee,0.533906532388052
2026-02-17T12:00:00Z,2026-02-17T00:00:00Z,2026-02-17T19:00:00Z,turbine_2,7,0.8,4.05,8.1,10.3,64,0.8,8.1,100,unverified,2026-02-17T12:00:00Z,assumed,1.0.0,8fe049cee2dbb83c819c3ad1ab9e327e982b3408b6617f11599b4115d67eb141,0.5050142508995004
2026-02-17T12:00:00Z,2026-02-17T00:00:00Z,2026-02-17T20:00:00Z,turbine_1,8,0.7,4.33,8.34,11.08,69,0.7,8.34,100,unverified,2026-02-17T12:00:00Z,assumed,1.0.0,b3ad5c95580a49b2260b1ff6ab649242c717638b569451db5f2f6be5bcf54aee,0.583793239614107
2026-02-17T12:00:00Z,2026-02-17T00:00:00Z,2026-02-17T20:00:00Z,turbine_2,8,0.7,4.33,8.34,11.08,69,0.7,8.34,100,unverified,2026-02-17T12:00:00Z,assumed,1.0.0,8fe049cee2dbb83c819c3ad1ab9e327e982b3408b6617f11599b4115d67eb141,0.5659348157999979
2026-02-17T12:00:00Z,2026-02-17T00:00:00Z,2026-02-17T21:00:00Z,turbine_1,9,1.2,4.13,8.06,10.85,72,1.2,8.06,100,unverified,2026-02-17T12:00:00Z,assumed,1.0.0,b3ad5c95580a49b2260b1ff6ab649242c717638b569451db5f2f6be5bcf54aee,0.53365133976836
2026-02-17T12:00:00Z,2026-02-17T00:00:00Z,2026-02-17T21:00:00Z,turbine_2,9,1.2,4.13,8.06,10.85,72,1.2,8.06,100,unverified,2026-02-17T12:00:00Z,assumed,1.0.0,8fe049cee2dbb83c819c3ad1ab9e327e982b3408b6617f11599b4115d67eb141,0.5024101891860682
2026-02-17T12:00:00Z,2026-02-17T00:00:00Z,2026-02-17T22:00:00Z,turbine_1,10,1.3,3.89,7.64,10.15,72,1.3,7.64,100,unverified,2026-02-17T12:00:00Z,assumed,1.0.0,b3ad5c95580a49b2260b1ff6ab649242c717638b569451db5f2f6be5bcf54aee,0.4801821447498682
2026-02-17T12:00:00Z,2026-02-17T00:00:00Z,2026-02-17T22:00:00Z,turbine_2,10,1.3,3.89,7.64,10.15,72,1.3,7.64,100,unverified,2026-02-17T12:00:00Z,assumed,1.0.0,8fe049cee2dbb83c819c3ad1ab9e327e982b3408b6617f11599b4115d67eb141,0.44537773409842296
2026-02-17T12:00:00Z,2026-02-17T00:00:00Z,2026-02-17T23:00:00Z,turbine_1,11,1.2,4.38,8.29,11.26,72,1.2,8.29,100,unverified,2026-02-17T12:00:00Z,assumed,1.0.0,b3ad5c95580a49b2260b1ff6ab649242c717638b569451db5f2f6be5bcf54aee,0.5865263102155847
2026-02-17T12:00:00Z,2026-02-17T00:00:00Z,2026-02-17T23:00:00Z,turbine_2,11,1.2,4.38,8.29,11.26,72,1.2,8.29,100,unverified,2026-02-17T12:00:00Z,assumed,1.0.0,8fe049cee2dbb83c819c3ad1ab9e327e982b3408b6617f11599b4115d67eb141,0.5658008668217871
2026-02-17T12:00:00Z,2026-02-17T00:00:00Z,2026-02-18T00:00:00Z,turbine_1,12,1.6,3.8,7.1,9.57,91,1.6,7.1,100,unverified,2026-02-17T12:00:00Z,assumed,1.0.0,b3ad5c95580a49b2260b1ff6ab649242c717638b569451db5f2f6be5bcf54aee,0.3692023424420188
2026-02-17T12:00:00Z,2026-02-17T00:00:00Z,2026-02-18T00:00:00Z,turbine_2,12,1.6,3.8,7.1,9.57,91,1.6,7.1,100,unverified,2026-02-17T12:00:00Z,assumed,1.0.0,8fe049cee2dbb83c819c3ad1ab9e327e982b3408b6617f11599b4115d67eb141,0.3478629983852191
2026-02-17T12:00:00Z,2026-02-17T00:00:00Z,2026-02-18T01:00:00Z,turbine_1,13,1.7,3.48,6.55,8.48,90,1.7,6.55,100,unverified,2026-02-17T12:00:00Z,assumed,1.0.0,b3ad5c95580a49b2260b1ff6ab649242c717638b569451db5f2f6be5bcf54aee,0.2861626247880294
2026-02-17T12:00:00Z,2026-02-17T00:00:00Z,2026-02-18T01:00:00Z,turbine_2,13,1.7,3.48,6.55,8.48,90,1.7,6.55,100,unverified,2026-02-17T12:00:00Z,assumed,1.0.0,8fe049cee2dbb83c819c3ad1ab9e327e982b3408b6617f11599b4115d67eb141,0.26113472045399716
2026-02-17T12:00:00Z,2026-02-17T00:00:00Z,2026-02-18T02:00:00Z,turbine_1,14,1.6,4.01,7.34,9.6,75,1.6,7.34,100,unverified,2026-02-17T12:00:00Z,assumed,1.0.0,b3ad5c95580a49b2260b1ff6ab649242c717638b569451db5f2f6be5bcf54aee,0.42838071094583696
2026-02-17T12:00:00Z,2026-02-17T00:00:00Z,2026-02-18T02:00:00Z,turbine_2,14,1.6,4.01,7.34,9.6,75,1.6,7.34,100,unverified,2026-02-17T12:00:00Z,assumed,1.0.0,8fe049cee2dbb83c819c3ad1ab9e327e982b3408b6617f11599b4115d67eb141,0.39946345014980217
2026-02-17T12:00:00Z,2026-02-17T00:00:00Z,2026-02-18T03:00:00Z,turbine_1,15,3.1,5.0,8.06,10.76,83,3.1,8.06,100,unverified,2026-02-17T12:00:00Z,assumed,1.0.0,b3ad5c95580a49b2260b1ff6ab649242c717638b569451db5f2f6be5bcf54aee,0.5368352999257037
2026-02-17T12:00:00Z,2026-02-17T00:00:00Z,2026-02-18T03:00:00Z,turbine_2,15,3.1,5.0,8.06,10.76,83,3.1,8.06,100,unverified,2026-02-17T12:00:00Z,assumed,1.0.0,8fe049cee2dbb83c819c3ad1ab9e327e982b3408b6617f11599b4115d67eb141,0.50465864934664
2026-02-17T12:00:00Z,2026-02-17T00:00:00Z,2026-02-18T04:00:00Z,turbine_1,16,5.5,4.9,8.1,11.99,70,5.5,8.1,100,unverified,2026-02-17T12:00:00Z,assumed,1.0.0,b3ad5c95580a49b2260b1ff6ab649242c717638b569451db5f2f6be5bcf54aee,0.5349093340204322
2026-02-17T12:00:00Z,2026-02-17T00:00:00Z,2026-02-18T04:00:00Z,turbine_2,16,5.5,4.9,8.1,11.99,70,5.5,8.1,100,unverified,2026-02-17T12:00:00Z,assumed,1.0.0,8fe049cee2dbb83c819c3ad1ab9e327e982b3408b6617f11599b4115d67eb141,0.5065872505995083
2026-02-17T12:00:00Z,2026-02-17T00:00:00Z,2026-02-18T05:00:00Z,turbine_1,17,8.8,5.89,8.54,11.36,63,8.8,8.54,100,unverified,2026-02-17T12:00:00Z,assumed,1.0.0,b3ad5c95580a49b2260b1ff6ab649242c717638b569451db5f2f6be5bcf54aee,0.6059351370159946
2026-02-17T12:00:00Z,2026-02-17T00:00:00Z,2026-02-18T05:00:00Z,turbine_2,17,8.8,5.89,8.54,11.36,63,8.8,8.54,100,unverified,2026-02-17T12:00:00Z,assumed,1.0.0,8fe049cee2dbb83c819c3ad1ab9e327e982b3408b6617f11599b4115d67eb141,0.5995513940757067
2026-02-17T12:00:00Z,2026-02-17T00:00:00Z,2026-02-18T06:00:00Z,turbine_1,18,11.1,7.23,10.04,11.45,64,11.1,10.04,100,unverified,2026-02-17T12:00:00Z,assumed,1.0.0,b3ad5c95580a49b2260b1ff6ab649242c717638b569451db5f2f6be5bcf54aee,0.8391782675134862
2026-02-17T12:00:00Z,2026-02-17T00:00:00Z,2026-02-18T06:00:00Z,turbine_2,18,11.1,7.23,10.04,11.45,64,11.1,10.04,100,unverified,2026-02-17T12:00:00Z,assumed,1.0.0,8fe049cee2dbb83c819c3ad1ab9e327e982b3408b6617f11599b4115d67eb141,0.8006786529636832
2026-02-17T12:00:00Z,2026-02-17T00:00:00Z,2026-02-18T07:00:00Z,turbine_1,19,12.9,7.2,9.74,10.17,68,12.9,9.74,100,unverified,2026-02-17T12:00:00Z,assumed,1.0.0,b3ad5c95580a49b2260b1ff6ab649242c717638b569451db5f2f6be5bcf54aee,0.7838905754889635
2026-02-17T12:00:00Z,2026-02-17T00:00:00Z,2026-02-18T07:00:00Z,turbine_2,19,12.9,7.2,9.74,10.17,68,12.9,9.74,100,unverified,2026-02-17T12:00:00Z,assumed,1.0.0,8fe049cee2dbb83c819c3ad1ab9e327e982b3408b6617f11599b4115d67eb141,0.7607126079693859
2026-02-17T12:00:00Z,2026-02-17T00:00:00Z,2026-02-18T08:00:00Z,turbine_1,20,14.0,6.88,9.23,9.59,72,14.0,9.23,100,unverified,2026-02-17T12:00:00Z,assumed,1.0.0,b3ad5c95580a49b2260b1ff6ab649242c717638b569451db5f2f6be5bcf54aee,0.70782151041405
2026-02-17T12:00:00Z,2026-02-17T00:00:00Z,2026-02-18T08:00:00Z,turbine_2,20,14.0,6.88,9.23,9.59,72,14.0,9.23,100,unverified,2026-02-17T12:00:00Z,assumed,1.0.0,8fe049cee2dbb83c819c3ad1ab9e327e982b3408b6617f11599b4115d67eb141,0.6860981738026898
2026-02-17T12:00:00Z,2026-02-17T00:00:00Z,2026-02-18T09:00:00Z,turbine_1,21,14.1,6.99,9.48,10.0,69,14.1,9.48,100,unverified,2026-02-17T12:00:00Z,assumed,1.0.0,b3ad5c95580a49b2260b1ff6ab649242c717638b569451db5f2f6be5bcf54aee,0.7301148464569994
2026-02-17T12:00:00Z,2026-02-17T00:00:00Z,2026-02-18T09:00:00Z,turbine_2,21,14.1,6.99,9.48,10.0,69,14.1,9.48,100,unverified,2026-02-17T12:00:00Z,assumed,1.0.0,8fe049cee2dbb83c819c3ad1ab9e327e982b3408b6617f11599b4115d67eb141,0.7234967073991172
2026-02-17T12:00:00Z,2026-02-17T00:00:00Z,2026-02-18T10:00:00Z,turbine_1,22,13.3,6.71,9.44,10.14,66,13.3,9.44,100,unverified,2026-02-17T12:00:00Z,assumed,1.0.0,b3ad5c95580a49b2260b1ff6ab649242c717638b569451db5f2f6be5bcf54aee,0.7301945400744791
2026-02-17T12:00:00Z,2026-02-17T00:00:00Z,2026-02-18T10:00:00Z,turbine_2,22,13.3,6.71,9.44,10.14,66,13.3,9.44,100,unverified,2026-02-17T12:00:00Z,assumed,1.0.0,8fe049cee2dbb83c819c3ad1ab9e327e982b3408b6617f11599b4115d67eb141,0.7088866862827433
2026-02-17T12:00:00Z,2026-02-17T00:00:00Z,2026-02-18T11:00:00Z,turbine_1,23,11.8,5.67,9.16,10.5,60,11.8,9.16,100,unverified,2026-02-17T12:00:00Z,assumed,1.0.0,b3ad5c95580a49b2260b1ff6ab649242c717638b569451db5f2f6be5bcf54aee,0.7117427136488823
2026-02-17T12:00:00Z,2026-02-17T00:00:00Z,2026-02-18T11:00:00Z,turbine_2,23,11.8,5.67,9.16,10.5,60,11.8,9.16,100,unverified,2026-02-17T12:00:00Z,assumed,1.0.0,8fe049cee2dbb83c819c3ad1ab9e327e982b3408b6617f11599b4115d67eb141,0.6755730766792478
2026-02-17T12:00:00Z,2026-02-17T00:00:00Z,2026-02-18T12:00:00Z,turbine_1,24,9.0,4.44,8.49,9.72,69,9.0,8.49,100,unverified,2026-02-17T12:00:00Z,assumed,1.0.0,b3ad5c95580a49b2260b1ff6ab649242c717638b569451db5f2f6be5bcf54aee,0.603145848457171
2026-02-17T12:00:00Z,2026-02-17T00:00:00Z,2026-02-18T12:00:00Z,turbine_2,24,9.0,4.44,8.49,9.72,69,9.0,8.49,100,unverified,2026-02-17T12:00:00Z,assumed,1.0.0,8fe049cee2dbb83c819c3ad1ab9e327e982b3408b6617f11599b4115d67eb141,0.5883694787284175
2026-02-17T12:00:00Z,2026-02-17T00:00:00Z,2026-02-18T13:00:00Z,turbine_1,25,5.6,2.8,6.13,7.5,81,5.6,6.13,100,unverified,2026-02-17T12:00:00Z,assumed,1.0.0,b3ad5c95580a49b2260b1ff6ab649242c717638b569451db5f2f6be5bcf54aee,0.2394405415578408
2026-02-17T12:00:00Z,2026-02-17T00:00:00Z,2026-02-18T13:00:00Z,turbine_2,25,5.6,2.8,6.13,7.5,81,5.6,6.13,100,unverified,2026-02-17T12:00:00Z,assumed,1.0.0,8fe049cee2dbb83c819c3ad1ab9e327e982b3408b6617f11599b4115d67eb141,0.22151257754313408
2026-02-17T12:00:00Z,2026-02-17T00:00:00Z,2026-02-18T14:00:00Z,turbine_1,26,3.9,2.95,6.44,8.03,71,3.9,6.44,100,unverified,2026-02-17T12:00:00Z,assumed,1.0.0,b3ad5c95580a49b2260b1ff6ab649242c717638b569451db5f2f6be5bcf54aee,0.27548241738400603
2026-02-17T12:00:00Z,2026-02-17T00:00:00Z,2026-02-18T14:00:00Z,turbine_2,26,3.9,2.95,6.44,8.03,71,3.9,6.44,100,unverified,2026-02-17T12:00:00Z,assumed,1.0.0,8fe049cee2dbb83c819c3ad1ab9e327e982b3408b6617f11599b4115d67eb141,0.25616017321904283
2026-02-17T12:00:00Z,2026-02-17T00:00:00Z,2026-02-18T15:00:00Z,turbine_1,27,3.3,3.18,6.62,8.7,82,3.3,6.62,100,unverified,2026-02-17T12:00:00Z,assumed,1.0.0,b3ad5c95580a49b2260b1ff6ab649242c717638b569451db5f2f6be5bcf54aee,0.30592527232553
2026-02-17T12:00:00Z,2026-02-17T00:00:00Z,2026-02-18T15:00:00Z,turbine_2,27,3.3,3.18,6.62,8.7,82,3.3,6.62,100,unverified,2026-02-17T12:00:00Z,assumed,1.0.0,8fe049cee2dbb83c819c3ad1ab9e327e982b3408b6617f11599b4115d67eb141,0.2774812831644195
2026-02-17T12:00:00Z,2026-02-17T00:00:00Z,2026-02-18T16:00:00Z,turbine_1,28,2.4,2.48,5.39,7.03,77,2.4,5.39,100,unverified,2026-02-17T12:00:00Z,assumed,1.0.0,b3ad5c95580a49b2260b1ff6ab649242c717638b569451db5f2f6be5bcf54aee,0.13704355411487243
2026-02-17T12:00:00Z,2026-02-17T00:00:00Z,2026-02-18T16:00:00Z,turbine_2,28,2.4,2.48,5.39,7.03,77,2.4,5.39,100,unverified,2026-02-17T12:00:00Z,assumed,1.0.0,8fe049cee2dbb83c819c3ad1ab9e327e982b3408b6617f11599b4115d67eb141,0.12340867957385218
2026-02-17T12:00:00Z,2026-02-17T00:00:00Z,2026-02-18T17:00:00Z,turbine_1,29,2.7,3.2,6.63,8.64,85,2.7,6.63,100,unverified,2026-02-17T12:00:00Z,assumed,1.0.0,b3ad5c95580a49b2260b1ff6ab649242c717638b569451db5f2f6be5bcf54aee,0.30628150017461786
2026-02-17T12:00:00Z,2026-02-17T00:00:00Z,2026-02-18T17:00:00Z,turbine_2,29,2.7,3.2,6.63,8.64,85,2.7,6.63,100,unverified,2026-02-17T12:00:00Z,assumed,1.0.0,8fe049cee2dbb83c819c3ad1ab9e327e982b3408b6617f11599b4115d67eb141,0.2745524361184252
2026-02-17T12:00:00Z,2026-02-17T00:00:00Z,2026-02-18T18:00:00Z,turbine_1,30,1.9,2.47,5.52,7.1,76,1.9,5.52,100,unverified,2026-02-17T12:00:00Z,assumed,1.0.0,b3ad5c95580a49b2260b1ff6ab649242c717638b569451db5f2f6be5bcf54aee,0.13829020855142968
2026-02-17T12:00:00Z,2026-02-17T00:00:00Z,2026-02-18T18:00:00Z,turbine_2,30,1.9,2.47,5.52,7.1,76,1.9,5.52,100,unverified,2026-02-17T12:00:00Z,assumed,1.0.0,8fe049cee2dbb83c819c3ad1ab9e327e982b3408b6617f11599b4115d67eb141,0.12318104928913257
2026-02-17T12:00:00Z,2026-02-17T00:00:00Z,2026-02-18T19:00:00Z,turbine_1,31,2.4,3.0,6.78,9.33,75,2.4,6.78,100,unverified,2026-02-17T12:00:00Z,assumed,1.0.0,b3ad5c95580a49b2260b1ff6ab649242c717638b569451db5f2f6be5bcf54aee,0.3256801428031795
2026-02-17T12:00:00Z,2026-02-17T00:00:00Z,2026-02-18T19:00:00Z,turbine_2,31,2.4,3.0,6.78,9.33,75,2.4,6.78,100,unverified,2026-02-17T12:00:00Z,assumed,1.0.0,8fe049cee2dbb83c819c3ad1ab9e327e982b3408b6617f11599b4115d67eb141,0.30236751017244184
2026-02-17T12:00:00Z,2026-02-17T00:00:00Z,2026-02-18T20:00:00Z,turbine_1,32,1.6,2.65,5.3,7.26,89,1.6,5.3,100,unverified,2026-02-17T12:00:00Z,assumed,1.0.0,b3ad5c95580a49b2260b1ff6ab649242c717638b569451db5f2f6be5bcf54aee,0.12585260886959315
2026-02-17T12:00:00Z,2026-02-17T00:00:00Z,2026-02-18T20:00:00Z,turbine_2,32,1.6,2.65,5.3,7.26,89,1.6,5.3,100,unverified,2026-02-17T12:00:00Z,assumed,1.0.0,8fe049cee2dbb83c819c3ad1ab9e327e982b3408b6617f11599b4115d67eb141,0.11298068878406536
2026-02-17T12:00:00Z,2026-02-17T00:00:00Z,2026-02-18T21:00:00Z,turbine_1,33,1.5,2.69,6.16,8.5,69,1.5,6.16,100,unverified,2026-02-17T12:00:00Z,assumed,1.0.0,b3ad5c95580a49b2260b1ff6ab649242c717638b569451db5f2f6be5bcf54aee,0.23262849111684938
2026-02-17T12:00:00Z,2026-02-17T00:00:00Z,2026-02-18T21:00:00Z,turbine_2,33,1.5,2.69,6.16,8.5,69,1.5,6.16,100,unverified,2026-02-17T12:00:00Z,assumed,1.0.0,8fe049cee2dbb83c819c3ad1ab9e327e982b3408b6617f11599b4115d67eb141,0.20690752336333101
2026-02-17T12:00:00Z,2026-02-17T00:00:00Z,2026-02-18T22:00:00Z,turbine_1,34,1.2,2.4,5.21,7.02,81,1.2,5.21,100,unverified,2026-02-17T12:00:00Z,assumed,1.0.0,b3ad5c95580a49b2260b1ff6ab649242c717638b569451db5f2f6be5bcf54aee,0.12134077429363288
2026-02-17T12:00:00Z,2026-02-17T00:00:00Z,2026-02-18T22:00:00Z,turbine_2,34,1.2,2.4,5.21,7.02,81,1.2,5.21,100,unverified,2026-02-17T12:00:00Z,assumed,1.0.0,8fe049cee2dbb83c819c3ad1ab9e327e982b3408b6617f11599b4115d67eb141,0.10460207630465834
2026-02-17T12:00:00Z,2026-02-17T00:00:00Z,2026-02-18T23:00:00Z,turbine_1,35,1.8,2.79,6.28,8.81,70,1.8,6.28,100,unverified,2026-02-17T12:00:00Z,assumed,1.0.0,b3ad5c95580a49b2260b1ff6ab649242c717638b569451db5f2f6be5bcf54aee,0.24584127236784695
2026-02-17T12:00:00Z,2026-02-17T00:00:00Z,2026-02-18T23:00:00Z,turbine_2,35,1.8,2.79,6.28,8.81,70,1.8,6.28,100,unverified,2026-02-17T12:00:00Z,assumed,1.0.0,8fe049cee2dbb83c819c3ad1ab9e327e982b3408b6617f11599b4115d67eb141,0.22886694140820144
2026-02-17T12:00:00Z,2026-02-17T00:00:00Z,2026-02-19T00:00:00Z,turbine_1,36,1.8,2.3,5.45,7.6,75,1.8,5.45,100,unverified,2026-02-17T12:00:00Z,assumed,1.0.0,b3ad5c95580a49b2260b1ff6ab649242c717638b569451db5f2f6be5bcf54aee,0.13425390481649438
2026-02-17T12:00:00Z,2026-02-17T00:00:00Z,2026-02-19T00:00:00Z,turbine_2,36,1.8,2.3,5.45,7.6,75,1.8,5.45,100,unverified,2026-02-17T12:00:00Z,assumed,1.0.0,8fe049cee2dbb83c819c3ad1ab9e327e982b3408b6617f11599b4115d67eb141,0.12077707217310873
2026-02-17T12:00:00Z,2026-02-17T00:00:00Z,2026-02-19T01:00:00Z,turbine_1,37,2.1,2.37,5.94,8.47,68,2.1,5.94,100,unverified,2026-02-17T12:00:00Z,assumed,1.0.0,b3ad5c95580a49b2260b1ff6ab649242c717638b569451db5f2f6be5bcf54aee,0.18684038178847495
2026-02-17T12:00:00Z,2026-02-17T00:00:00Z,2026-02-19T01:00:00Z,turbine_2,37,2.1,2.37,5.94,8.47,68,2.1,5.94,100,unverified,2026-02-17T12:00:00Z,assumed,1.0.0,8fe049cee2dbb83c819c3ad1ab9e327e982b3408b6617f11599b4115d67eb141,0.16968107257147014
2026-02-17T12:00:00Z,2026-02-17T00:00:00Z,2026-02-19T02:00:00Z,turbine_1,38,2.4,2.09,5.63,8.13,68,2.4,5.63,100,unverified,2026-02-17T12:00:00Z,assumed,1.0.0,b3ad5c95580a49b2260b1ff6ab649242c717638b569451db5f2f6be5bcf54aee,0.15456697603273264
2026-02-17T12:00:00Z,2026-02-17T00:00:00Z,2026-02-19T02:00:00Z,turbine_2,38,2.4,2.09,5.63,8.13,68,2.4,5.63,100,unverified,2026-02-17T12:00:00Z,assumed,1.0.0,8fe049cee2dbb83c819c3ad1ab9e327e982b3408b6617f11599b4115d67eb141,0.1429200904361631
2026-02-17T12:00:00Z,2026-02-17T00:00:00Z,2026-02-19T03:00:00Z,turbine_1,39,4.6,2.75,5.88,8.2,68,4.6,5.88,100,unverified,2026-02-17T12:00:00Z,assumed,1.0.0,b3ad5c95580a49b2260b1ff6ab649242c717638b569451db5f2f6be5bcf54aee,0.19817223064236844
2026-02-17T12:00:00Z,2026-02-17T00:00:00Z,2026-02-19T03:00:00Z,turbine_2,39,4.6,2.75,5.88,8.2,68,4.6,5.88,100,unverified,2026-02-17T12:00:00Z,assumed,1.0.0,8fe049cee2dbb83c819c3ad1ab9e327e982b3408b6617f11599b4115d67eb141,0.1798561917627902
2026-02-17T12:00:00Z,2026-02-17T00:00:00Z,2026-02-19T04:00:00Z,turbine_1,40,7.5,3.57,6.86,8.57,76,7.5,6.86,100,unverified,2026-02-17T12:00:00Z,assumed,1.0.0,b3ad5c95580a49b2260b1ff6ab649242c717638b569451db5f2f6be5bcf54aee,0.33083129493518876
2026-02-17T12:00:00Z,2026-02-17T00:00:00Z,2026-02-19T04:00:00Z,turbine_2,40,7.5,3.57,6.86,8.57,76,7.5,6.86,100,unverified,2026-02-17T12:00:00Z,assumed,1.0.0,8fe049cee2dbb83c819c3ad1ab9e327e982b3408b6617f11599b4115d67eb141,0.330073889227363
2026-02-17T12:00:00Z,2026-02-17T00:00:00Z,2026-02-19T05:00:00Z,turbine_1,41,10.0,3.68,5.4,7.84,68,10.0,5.4,100,unverified,2026-02-17T12:00:00Z,assumed,1.0.0,b3ad5c95580a49b2260b1ff6ab649242c717638b569451db5f2f6be5bcf54aee,0.1601781264253355
2026-02-17T12:00:00Z,2026-02-17T00:00:00Z,2026-02-19T05:00:00Z,turbine_2,41,10.0,3.68,5.4,7.84,68,10.0,5.4,100,unverified,2026-02-17T12:00:00Z,assumed,1.0.0,8fe049cee2dbb83c819c3ad1ab9e327e982b3408b6617f11599b4115d67eb141,0.15416657199587444
2026-02-17T12:00:00Z,2026-02-17T00:00:00Z,2026-02-19T06:00:00Z,turbine_1,42,10.8,4.34,5.95,8.41,58,10.8,5.95,100,unverified,2026-02-17T12:00:00Z,assumed,1.0.0,b3ad5c95580a49b2260b1ff6ab649242c717638b569451db5f2f6be5bcf54aee,0.21230586186807132
2026-02-17T12:00:00Z,2026-02-17T00:00:00Z,2026-02-19T06:00:00Z,turbine_2,42,10.8,4.34,5.95,8.41,58,10.8,5.95,100,unverified,2026-02-17T12:00:00Z,assumed,1.0.0,8fe049cee2dbb83c819c3ad1ab9e327e982b3408b6617f11599b4115d67eb141,0.20505754320718342
2026-02-17T12:00:00Z,2026-02-17T00:00:00Z,2026-02-19T07:00:00Z,turbine_1,43,12.1,4.2,5.56,7.01,60,12.1,5.56,100,unverified,2026-02-17T12:00:00Z,assumed,1.0.0,b3ad5c95580a49b2260b1ff6ab649242c717638b569451db5f2f6be5bcf54aee,0.17967850648486147
2026-02-17T12:00:00Z,2026-02-17T00:00:00Z,2026-02-19T07:00:00Z,turbine_2,43,12.1,4.2,5.56,7.01,60,12.1,5.56,100,unverified,2026-02-17T12:00:00Z,assumed,1.0.0,8fe049cee2dbb83c819c3ad1ab9e327e982b3408b6617f11599b4115d67eb141,0.1767174149449411
2026-02-17T12:00:00Z,2026-02-17T00:00:00Z,2026-02-19T08:00:00Z,turbine_1,44,13.4,3.44,4.52,5.15,67,13.4,4.52,100,unverified,2026-02-17T12:00:00Z,assumed,1.0.0,b3ad5c95580a49b2260b1ff6ab649242c717638b569451db5f2f6be5bcf54aee,0.09452460629124948
2026-02-17T12:00:00Z,2026-02-17T00:00:00Z,2026-02-19T08:00:00Z,turbine_2,44,13.4,3.44,4.52,5.15,67,13.4,4.52,100,unverified,2026-02-17T12:00:00Z,assumed,1.0.0,8fe049cee2dbb83c819c3ad1ab9e327e982b3408b6617f11599b4115d67eb141,0.09332942087561952
2026-02-17T12:00:00Z,2026-02-17T00:00:00Z,2026-02-19T09:00:00Z,turbine_1,45,14.4,3.03,3.9,4.3,80,14.4,3.9,100,unverified,2026-02-17T12:00:00Z,assumed,1.0.0,b3ad5c95580a49b2260b1ff6ab649242c717638b569451db5f2f6be5bcf54aee,0.06469194841939507
2026-02-17T12:00:00Z,2026-02-17T00:00:00Z,2026-02-19T09:00:00Z,turbine_2,45,14.4,3.03,3.9,4.3,80,14.4,3.9,100,unverified,2026-02-17T12:00:00Z,assumed,1.0.0,8fe049cee2dbb83c819c3ad1ab9e327e982b3408b6617f11599b4115d67eb141,0.05937739170597389
2026-02-17T12:00:00Z,2026-02-17T00:00:00Z,2026-02-19T10:00:00Z,turbine_1,46,14.8,2.86,3.78,3.95,70,14.8,3.78,100,unverified,2026-02-17T12:00:00Z,assumed,1.0.0,b3ad5c95580a49b2260b1ff6ab649242c717638b569451db5f2f6be5bcf54aee,0.0568183004447852
2026-02-17T12:00:00Z,2026-02-17T00:00:00Z,2026-02-19T10:00:00Z,turbine_2,46,14.8,2.86,3.78,3.95,70,14.8,3.78,100,unverified,2026-02-17T12:00:00Z,assumed,1.0.0,8fe049cee2dbb83c819c3ad1ab9e327e982b3408b6617f11599b4115d67eb141,0.05422960995722281
2026-02-17T12:00:00Z,2026-02-17T00:00:00Z,2026-02-19T11:00:00Z,turbine_1,47,13.0,2.89,4.66,4.66,78,13.0,4.66,100,unverified,2026-02-17T12:00:00Z,assumed,1.0.0,b3ad5c95580a49b2260b1ff6ab649242c717638b569451db5f2f6be5bcf54aee,0.10479451270767254
2026-02-17T12:00:00Z,2026-02-17T00:00:00Z,2026-02-19T11:00:00Z,turbine_2,47,13.0,2.89,4.66,4.66,78,13.0,4.66,100,unverified,2026-02-17T12:00:00Z,assumed,1.0.0,8fe049cee2dbb83c819c3ad1ab9e327e982b3408b6617f11599b4115d67eb141,0.1035973261530227
2026-02-17T12:00:00Z,2026-02-17T00:00:00Z,2026-02-19T12:00:00Z,turbine_1,48,9.1,1.77,3.88,3.23,83,9.1,3.88,100,unverified,2026-02-17T12:00:00Z,assumed,1.0.0,b3ad5c95580a49b2260b1ff6ab649242c717638b569451db5f2f6be5bcf54aee,0.05607406276668714
2026-02-17T12:00:00Z,2026-02-17T00:00:00Z,2026-02-19T12:00:00Z,turbine_2,48,9.1,1.77,3.88,3.23,83,9.1,3.88,100,unverified,2026-02-17T12:00:00Z,assumed,1.0.0,8fe049cee2dbb83c819c3ad1ab9e327e982b3408b6617f11599b4115d67eb141,0.046445817189230354
2026-02-18T12:00:00Z,2026-02-18T00:00:00Z,2026-02-18T13:00:00Z,turbine_1,1,6.3,3.65,7.51,9.22,75,6.3,7.51,100,unverified,2026-02-18T12:00:00Z,assumed,1.0.0,b3ad5c95580a49b2260b1ff6ab649242c717638b569451db5f2f6be5bcf54aee,0.4604645849401261
2026-02-18T12:00:00Z,2026-02-18T00:00:00Z,2026-02-18T13:00:00Z,turbine_2,1,6.3,3.65,7.51,9.22,75,6.3,7.51,100,unverified,2026-02-18T12:00:00Z,assumed,1.0.0,8fe049cee2dbb83c819c3ad1ab9e327e982b3408b6617f11599b4115d67eb141,0.4276137717212817
2026-02-18T12:00:00Z,2026-02-18T00:00:00Z,2026-02-18T14:00:00Z,turbine_1,2,4.3,3.38,7.0,8.9,76,4.3,7.0,100,unverified,2026-02-18T12:00:00Z,assumed,1.0.0,b3ad5c95580a49b2260b1ff6ab649242c717638b569451db5f2f6be5bcf54aee,0.37155192442456114
2026-02-18T12:00:00Z,2026-02-18T00:00:00Z,2026-02-18T14:00:00Z,turbine_2,2,4.3,3.38,7.0,8.9,76,4.3,7.0,100,unverified,2026-02-18T12:00:00Z,assumed,1.0.0,8fe049cee2dbb83c819c3ad1ab9e327e982b3408b6617f11599b4115d67eb141,0.35043305934607516
2026-02-18T12:00:00Z,2026-02-18T00:00:00Z,2026-02-18T15:00:00Z,turbine_1,3,3.6,3.32,7.17,9.15,74,3.6,7.17,100,unverified,2026-02-18T12:00:00Z,assumed,1.0.0,b3ad5c95580a49b2260b1ff6ab649242c717638b569451db5f2f6be5bcf54aee,0.3952628004831337
2026-02-18T12:00:00Z,2026-02-18T00:00:00Z,2026-02-18T15:00:00Z,turbine_2,3,3.6,3.32,7.17,9.15,74,3.6,7.17,100,unverified,2026-02-18T12:00:00Z,assumed,1.0.0,8fe049cee2dbb83c819c3ad1ab9e327e982b3408b6617f11599b4115d67eb141,0.3656652153916255
2026-02-18T12:00:00Z,2026-02-18T00:00:00Z,2026-02-18T16:00:00Z,turbine_1,4,3.5,3.45,7.19,9.54,84,3.5,7.19,100,unverified,2026-02-18T12:00:00Z,assumed,1.0.0,b3ad5c95580a49b2260b1ff6ab649242c717638b569451db5f2f6be5bcf54aee,0.39719395376281363
2026-02-18T12:00:00Z,2026-02-18T00:00:00Z,2026-02-18T16:00:00Z,turbine_2,4,3.5,3.45,7.19,9.54,84,3.5,7.19,100,unverified,2026-02-18T12:00:00Z,assumed,1.0.0,8fe049cee2dbb83c819c3ad1ab9e327e982b3408b6617f11599b4115d67eb141,0.3656652153916255
2026-02-18T12:00:00Z,2026-02-18T00:00:00Z,2026-02-18T17:00:00Z,turbine_1,5,2.8,2.78,5.96,7.82,79,2.8,5.96,100,unverified,2026-02-18T12:00:00Z,assumed,1.0.0,b3ad5c95580a49b2260b1ff6ab649242c717638b569451db5f2f6be5bcf54aee,0.2113874469606555
2026-02-18T12:00:00Z,2026-02-18T00:00:00Z,2026-02-18T17:00:00Z,turbine_2,5,2.8,2.78,5.96,7.82,79,2.8,5.96,100,unverified,2026-02-18T12:00:00Z,assumed,1.0.0,8fe049cee2dbb83c819c3ad1ab9e327e982b3408b6617f11599b4115d67eb141,0.19585354189562876
2026-02-18T12:00:00Z,2026-02-18T00:00:00Z,2026-02-18T18:00:00Z,turbine_1,6,2.6,2.61,5.99,7.87,75,2.6,5.99,100,unverified,2026-02-18T12:00:00Z,assumed,1.0.0,b3ad5c95580a49b2260b1ff6ab649242c717638b569451db5f2f6be5bcf54aee,0.2099077897631314
2026-02-18T12:00:00Z,2026-02-18T00:00:00Z,2026-02-18T18:00:00Z,turbine_2,6,2.6,2.61,5.99,7.87,75,2.6,5.99,100,unverified,2026-02-18T12:00:00Z,assumed,1.0.0,8fe049cee2dbb83c819c3ad1ab9e327e982b3408b6617f11599b4115d67eb141,0.18755523129935278
2026-02-18T12:00:00Z,2026-02-18T00:00:00Z,2026-02-18T19:00:00Z,turbine_1,7,2.0,2.69,5.71,7.71,82,2.0,5.71,100,unverified,2026-02-18T12:00:00Z,assumed,1.0.0,b3ad5c95580a49b2260b1ff6ab649242c717638b569451db5f2f6be5bcf54aee,0.1644488973574618
2026-02-18T12:00:00Z,2026-02-18T00:00:00Z,2026-02-18T19:00:00Z,turbine_2,7,2.0,2.69,5.71,7.71,82,2.0,5.71,100,unverified,2026-02-18T12:00:00Z,assumed,1.0.0,8fe049cee2dbb83c819c3ad1ab9e327e982b3408b6617f11599b4115d67eb141,0.14709189691993396
2026-02-18T12:00:00Z,2026-02-18T00:00:00Z,2026-02-18T20:00:00Z,turbine_1,8,1.3,2.45,4.58,6.52,84,1.3,4.58,100,unverified,2026-02-18T12:00:00Z,assumed,1.0.0,b3ad5c95580a49b2260b1ff6ab649242c717638b569451db5f2f6be5bcf54aee,0.06692719722601242
2026-02-18T12:00:00Z,2026-02-18T00:00:00Z,2026-02-18T20:00:00Z,turbine_2,8,1.3,2.45,4.58,6.52,84,1.3,4.58,100,unverified,2026-02-18T12:00:00Z,assumed,1.0.0,8fe049cee2dbb83c819c3ad1ab9e327e982b3408b6617f11599b4115d67eb141,0.06856657526861942
2026-02-18T12:00:00Z,2026-02-18T00:00:00Z,2026-02-18T21:00:00Z,turbine_1,9,1.1,2.72,4.45,6.06,91,1.1,4.45,100,unverified,2026-02-18T12:00:00Z,assumed,1.0.0,b3ad5c95580a49b2260b1ff6ab649242c717638b569451db5f2f6be5bcf54aee,0.05882505170518754
2026-02-18T12:00:00Z,2026-02-18T00:00:00Z,2026-02-18T21:00:00Z,turbine_2,9,1.1,2.72,4.45,6.06,91,1.1,4.45,100,unverified,2026-02-18T12:00:00Z,assumed,1.0.0,8fe049cee2dbb83c819c3ad1ab9e327e982b3408b6617f11599b4115d67eb141,0.055092411117893314
2026-02-18T12:00:00Z,2026-02-18T00:00:00Z,2026-02-18T22:00:00Z,turbine_1,10,1.5,2.69,5.02,6.86,80,1.5,5.02,100,unverified,2026-02-18T12:00:00Z,assumed,1.0.0,b3ad5c95580a49b2260b1ff6ab649242c717638b569451db5f2f6be5bcf54aee,0.10178790820017164
2026-02-18T12:00:00Z,2026-02-18T00:00:00Z,2026-02-18T22:00:00Z,turbine_2,10,1.5,2.69,5.02,6.86,80,1.5,5.02,100,unverified,2026-02-18T12:00:00Z,assumed,1.0.0,8fe049cee2dbb83c819c3ad1ab9e327e982b3408b6617f11599b4115d67eb141,0.0848412690251793
2026-02-18T12:00:00Z,2026-02-18T00:00:00Z,2026-02-18T23:00:00Z,turbine_1,11,1.9,2.94,5.64,8.03,83,1.9,5.64,100,unverified,2026-02-18T12:00:00Z,assumed,1.0.0,b3ad5c95580a49b2260b1ff6ab649242c717638b569451db5f2f6be5bcf54aee,0.15003275349276474
2026-02-18T12:00:00Z,2026-02-18T00:00:00Z,2026-02-18T23:00:00Z,turbine_2,11,1.9,2.94,5.64,8.03,83,1.9,5.64,100,unverified,2026-02-18T12:00:00Z,assumed,1.0.0,8fe049cee2dbb83c819c3ad1ab9e327e982b3408b6617f11599b4115d67eb141,0.14104961663221546
2026-02-18T12:00:00Z,2026-02-18T00:00:00Z,2026-02-19T00:00:00Z,turbine_1,12,1.8,2.27,4.36,6.67,85,1.8,4.36,100,unverified,2026-02-18T12:00:00Z,assumed,1.0.0,b3ad5c95580a49b2260b1ff6ab649242c717638b569451db5f2f6be5bcf54aee,0.057794154214420135
2026-02-18T12:00:00Z,2026-02-18T00:00:00Z,2026-02-19T00:00:00Z,turbine_2,12,1.8,2.27,4.36,6.67,85,1.8,4.36,100,unverified,2026-02-18T12:00:00Z,assumed,1.0.0,8fe049cee2dbb83c819c3ad1ab9e327e982b3408b6617f11599b4115d67eb141,0.05019849094500928
2026-02-18T12:00:00Z,2026-02-18T00:00:00Z,2026-02-19T01:00:00Z,turbine_1,13,1.5,1.91,4.48,6.91,74,1.5,4.48,100,unverified,2026-02-18T12:00:00Z,assumed,1.0.0,b3ad5c95580a49b2260b1ff6ab649242c717638b569451db5f2f6be5bcf54aee,0.05985292365484929
2026-02-18T12:00:00Z,2026-02-18T00:00:00Z,2026-02-19T01:00:00Z,turbine_2,13,1.5,1.91,4.48,6.91,74,1.5,4.48,100,unverified,2026-02-18T12:00:00Z,assumed,1.0.0,8fe049cee2dbb83c819c3ad1ab9e327e982b3408b6617f11599b4115d67eb141,0.054752674908009946
2026-02-18T12:00:00Z,2026-02-18T00:00:00Z,2026-02-19T02:00:00Z,turbine_1,14,1.8,1.86,4.53,6.73,83,1.8,4.53,100,unverified,2026-02-18T12:00:00Z,assumed,1.0.0,b3ad5c95580a49b2260b1ff6ab649242c717638b569451db5f2f6be5bcf54aee,0.0678115534380967
2026-02-18T12:00:00Z,2026-02-18T00:00:00Z,2026-02-19T02:00:00Z,turbine_2,14,1.8,1.86,4.53,6.73,83,1.8,4.53,100,unverified,2026-02-18T12:00:00Z,assumed,1.0.0,8fe049cee2dbb83c819c3ad1ab9e327e982b3408b6617f11599b4115d67eb141,0.060523454991862013
2026-02-18T12:00:00Z,2026-02-18T00:00:00Z,2026-02-19T03:00:00Z,turbine_1,15,4.6,2.21,4.5,5.91,91,4.6,4.5,100,unverified,2026-02-18T12:00:00Z,assumed,1.0.0,b3ad5c95580a49b2260b1ff6ab649242c717638b569451db5f2f6be5bcf54aee,0.07639157245734185
2026-02-18T12:00:00Z,2026-02-18T00:00:00Z,2026-02-19T03:00:00Z,turbine_2,15,4.6,2.21,4.5,5.91,91,4.6,4.5,100,unverified,2026-02-18T12:00:00Z,assumed,1.0.0,8fe049cee2dbb83c819c3ad1ab9e327e982b3408b6617f11599b4115d67eb141,0.06826259948607011
2026-02-18T12:00:00Z,2026-02-18T00:00:00Z,2026-02-19T04:00:00Z,turbine_1,16,8.0,3.06,4.86,5.3,86,8.0,4.86,100,unverified,2026-02-18T12:00:00Z,assumed,1.0.0,b3ad5c95580a49b2260b1ff6ab649242c717638b569451db5f2f6be5bcf54aee,0.10414809378104933
2026-02-18T12:00:00Z,2026-02-18T00:00:00Z,2026-02-19T04:00:00Z,turbine_2,16,8.0,3.06,4.86,5.3,86,8.0,4.86,100,unverified,2026-02-18T12:00:00Z,assumed,1.0.0,8fe049cee2dbb83c819c3ad1ab9e327e982b3408b6617f11599b4115d67eb141,0.09660171031227721
2026-02-18T12:00:00Z,2026-02-18T00:00:00Z,2026-02-19T05:00:00Z,turbine_1,17,10.0,3.26,5.42,6.25,78,10.0,5.42,100,unverified,2026-02-18T12:00:00Z,assumed,1.0.0,b3ad5c95580a49b2260b1ff6ab649242c717638b569451db5f2f6be5bcf54aee,0.1617846252053985
2026-02-18T12:00:00Z,2026-02-18T00:00:00Z,2026-02-19T05:00:00Z,turbine_2,17,10.0,3.26,5.42,6.25,78,10.0,5.42,100,unverified,2026-02-18T12:00:00Z,assumed,1.0.0,8fe049cee2dbb83c819c3ad1ab9e327e982b3408b6617f11599b4115d67eb141,0.1548499588422959
2026-02-18T12:00:00Z,2026-02-18T00:00:00Z,2026-02-19T06:00:00Z,turbine_1,18,12.0,3.2,4.35,5.9,75,12.0,4.35,100,unverified,2026-02-18T12:00:00Z,assumed,1.0.0,b3ad5c95580a49b2260b1ff6ab649242c717638b569451db5f2f6be5bcf54aee,0.08164366793177125
2026-02-18T12:00:00Z,2026-02-18T00:00:00Z,2026-02-19T06:00:00Z,turbine_2,18,12.0,3.2,4.35,5.9,75,12.0,4.35,100,unverified,2026-02-18T12:00:00Z,assumed,1.0.0,8fe049cee2dbb83c819c3ad1ab9e327e982b3408b6617f11599b4115d67eb141,0.07903950549291111
2026-02-18T12:00:00Z,2026-02-18T00:00:00Z,2026-02-19T07:00:00Z,turbine_1,19,13.5,3.43,4.43,5.11,66,13.5,4.43,100,unverified,2026-02-18T12:00:00Z,assumed,1.0.0,b3ad5c95580a49b2260b1ff6ab649242c717638b569451db5f2f6be5bcf54aee,0.08864078509816359
2026-02-18T12:00:00Z,2026-02-18T00:00:00Z,2026-02-19T07:00:00Z,turbine_2,19,13.5,3.43,4.43,5.11,66,13.5,4.43,100,unverified,2026-02-18T12:00:00Z,assumed,1.0.0,8fe049cee2dbb83c819c3ad1ab9e327e982b3408b6617f11599b4115d67eb141,0.08714775581658962
2026-02-18T12:00:00Z,2026-02-18T00:00:00Z,2026-02-19T08:00:00Z,turbine_1,20,14.5,3.67,4.83,5.46,69,14.5,4.83,100,unverified,2026-02-18T12:00:00Z,assumed,1.0.0,b3ad5c95580a49b2260b1ff6ab649242c717638b569451db5f2f6be5bcf54aee,0.11638468411317537
2026-02-18T12:00:00Z,2026-02-18T00:00:00Z,2026-02-19T08:00:00Z,turbine_2,20,14.5,3.67,4.83,5.46,69,14.5,4.83,100,unverified,2026-02-18T12:00:00Z,assumed,1.0.0,8fe049cee2dbb83c819c3ad1ab9e327e982b3408b6617f11599b4115d67eb141,0.11546964974260615
2026-02-18T12:00:00Z,2026-02-18T00:00:00Z,2026-02-19T09:00:00Z,turbine_1,21,15.2,3.32,4.34,4.96,66,15.2,4.34,100,unverified,2026-02-18T12:00:00Z,assumed,1.0.0,b3ad5c95580a49b2260b1ff6ab649242c717638b569451db5f2f6be5bcf54aee,0.08377786627676154
2026-02-18T12:00:00Z,2026-02-18T00:00:00Z,2026-02-19T09:00:00Z,turbine_2,21,15.2,3.32,4.34,4.96,66,15.2,4.34,100,unverified,2026-02-18T12:00:00Z,assumed,1.0.0,8fe049cee2dbb83c819c3ad1ab9e327e982b3408b6617f11599b4115d67eb141,0.08202785532419304
2026-02-18T12:00:00Z,2026-02-18T00:00:00Z,2026-02-19T10:00:00Z,turbine_1,22,14.7,2.85,3.85,4.81,74,14.7,3.85,100,unverified,2026-02-18T12:00:00Z,assumed,1.0.0,b3ad5c95580a49b2260b1ff6ab649242c717638b569451db5f2f6be5bcf54aee,0.05826500861976541
2026-02-18T12:00:00Z,2026-02-18T00:00:00Z,2026-02-19T10:00:00Z,turbine_2,22,14.7,2.85,3.85,4.81,74,14.7,3.85,100,unverified,2026-02-18T12:00:00Z,assumed,1.0.0,8fe049cee2dbb83c819c3ad1ab9e327e982b3408b6617f11599b4115d67eb141,0.0556126278444547
2026-02-18T12:00:00Z,2026-02-18T00:00:00Z,2026-02-19T11:00:00Z,turbine_1,23,13.7,1.76,3.1,3.28,93,13.7,3.1,100,unverified,2026-02-18T12:00:00Z,assumed,1.0.0,b3ad5c95580a49b2260b1ff6ab649242c717638b569451db5f2f6be5bcf54aee,0.030666235290146115
2026-02-18T12:00:00Z,2026-02-18T00:00:00Z,2026-02-19T11:00:00Z,turbine_2,23,13.7,1.76,3.1,3.28,93,13.7,3.1,100,unverified,2026-02-18T12:00:00Z,assumed,1.0.0,8fe049cee2dbb83c819c3ad1ab9e327e982b3408b6617f11599b4115d67eb141,0.03239617612980378
2026-02-18T12:00:00Z,2026-02-18T00:00:00Z,2026-02-19T12:00:00Z,turbine_1,24,9.8,1.68,3.1,2.16,91,9.8,3.1,100,unverified,2026-02-18T12:00:00Z,assumed,1.0.0,b3ad5c95580a49b2260b1ff6ab649242c717638b569451db5f2f6be5bcf54aee,0.02727981824035214
2026-02-18T12:00:00Z,2026-02-18T00:00:00Z,2026-02-19T12:00:00Z,turbine_2,24,9.8,1.68,3.1,2.16,91,9.8,3.1,100,unverified,2026-02-18T12:00:00Z,assumed,1.0.0,8fe049cee2dbb83c819c3ad1ab9e327e982b3408b6617f11599b4115d67eb141,0.023736863059602598
2026-02-18T12:00:00Z,2026-02-18T00:00:00Z,2026-02-19T13:00:00Z,turbine_1,25,8.5,1.57,3.29,2.25,107,8.5,3.29,100,unverified,2026-02-18T12:00:00Z,assumed,1.0.0,b3ad5c95580a49b2260b1ff6ab649242c717638b569451db5f2f6be5bcf54aee,0.027532254582889326
2026-02-18T12:00:00Z,2026-02-18T00:00:00Z,2026-02-19T13:00:00Z,turbine_2,25,8.5,1.57,3.29,2.25,107,8.5,3.29,100,unverified,2026-02-18T12:00:00Z,assumed,1.0.0,8fe049cee2dbb83c819c3ad1ab9e327e982b3408b6617f11599b4115d67eb141,0.027431550823089956
2026-02-18T12:00:00Z,2026-02-18T00:00:00Z,2026-02-19T14:00:00Z,turbine_1,26,9.4,0.65,1.78,2.57,148,9.4,1.78,100,unverified,2026-02-18T12:00:00Z,assumed,1.0.0,b3ad5c95580a49b2260b1ff6ab649242c717638b569451db5f2f6be5bcf54aee,0.009451832318059183
2026-02-18T12:00:00Z,2026-02-18T00:00:00Z,2026-02-19T14:00:00Z,turbine_2,26,9.4,0.65,1.78,2.57,148,9.4,1.78,100,unverified,2026-02-18T12:00:00Z,assumed,1.0.0,8fe049cee2dbb83c819c3ad1ab9e327e982b3408b6617f11599b4115d67eb141,0.008786551849209456
2026-02-18T12:00:00Z,2026-02-18T00:00:00Z,2026-02-19T15:00:00Z,turbine_1,27,9.5,0.11,0.3,2.73,270,9.5,0.3,100,unverified,2026-02-18T12:00:00Z,assumed,1.0.0,b3ad5c95580a49b2260b1ff6ab649242c717638b569451db5f2f6be5bcf54aee,0.00937377518504029
2026-02-18T12:00:00Z,2026-02-18T00:00:00Z,2026-02-19T15:00:00Z,turbine_2,27,9.5,0.11,0.3,2.73,270,9.5,0.3,100,unverified,2026-02-18T12:00:00Z,assumed,1.0.0,8fe049cee2dbb83c819c3ad1ab9e327e982b3408b6617f11599b4115d67eb141,0.00860801342797518
2026-02-18T12:00:00Z,2026-02-18T00:00:00Z,2026-02-19T16:00:00Z,turbine_1,28,8.1,1.18,2.44,3.8,227,8.1,2.44,100,unverified,2026-02-18T12:00:00Z,assumed,1.0.0,b3ad5c95580a49b2260b1ff6ab649242c717638b569451db5f2f6be5bcf54aee,0.010925595593841098
2026-02-18T12:00:00Z,2026-02-18T00:00:00Z,2026-02-19T16:00:00Z,turbine_2,28,8.1,1.18,2.44,3.8,227,8.1,2.44,100,unverified,2026-02-18T12:00:00Z,assumed,1.0.0,8fe049cee2dbb83c819c3ad1ab9e327e982b3408b6617f11599b4115d67eb141,0.01298651985455812
2026-02-18T12:00:00Z,2026-02-18T00:00:00Z,2026-02-19T17:00:00Z,turbine_1,29,8.3,3.27,5.76,5.87,247,8.3,5.76,100,unverified,2026-02-18T12:00:00Z,assumed,1.0.0,b3ad5c95580a49b2260b1ff6ab649242c717638b569451db5f2f6be5bcf54aee,0.18471360441688522
2026-02-18T12:00:00Z,2026-02-18T00:00:00Z,2026-02-19T17:00:00Z,turbine_2,29,8.3,3.27,5.76,5.87,247,8.3,5.76,100,unverified,2026-02-18T12:00:00Z,assumed,1.0.0,8fe049cee2dbb83c819c3ad1ab9e327e982b3408b6617f11599b4115d67eb141,0.17292744773516397
2026-02-18T12:00:00Z,2026-02-18T00:00:00Z,2026-02-19T18:00:00Z,turbine_1,30,8.5,3.37,6.78,7.77,252,8.5,6.78,100,unverified,2026-02-18T12:00:00Z,assumed,1.0.0,b3ad5c95580a49b2260b1ff6ab649242c717638b569451db5f2f6be5bcf54aee,0.3208462510975614
2026-02-18T12:00:00Z,2026-02-18T00:00:00Z,2026-02-19T18:00:00Z,turbine_2,30,8.5,3.37,6.78,7.77,252,8.5,6.78,100,unverified,2026-02-18T12:00:00Z,assumed,1.0.0,8fe049cee2dbb83c819c3ad1ab9e327e982b3408b6617f11599b4115d67eb141,0.321335531496308
2026-02-18T12:00:00Z,2026-02-18T00:00:00Z,2026-02-19T19:00:00Z,turbine_1,31,8.5,3.19,6.47,7.05,240,8.5,6.47,100,unverified,2026-02-18T12:00:00Z,assumed,1.0.0,b3ad5c95580a49b2260b1ff6ab649242c717638b569451db5f2f6be5bcf54aee,0.27359050744038366
2026-02-18T12:00:00Z,2026-02-18T00:00:00Z,2026-02-19T19:00:00Z,turbine_2,31,8.5,3.19,6.47,7.05,240,8.5,6.47,100,unverified,2026-02-18T12:00:00Z,assumed,1.0.0,8fe049cee2dbb83c819c3ad1ab9e327e982b3408b6617f11599b4115d67eb141,0.27355811655462997
2026-02-18T12:00:00Z,2026-02-18T00:00:00Z,2026-02-19T20:00:00Z,turbine_1,32,7.9,3.15,6.51,7.16,248,7.9,6.51,100,unverified,2026-02-18T12:00:00Z,assumed,1.0.0,b3ad5c95580a49b2260b1ff6ab649242c717638b569451db5f2f6be5bcf54aee,0.27676766454044566
2026-02-18T12:00:00Z,2026-02-18T00:00:00Z,2026-02-19T20:00:00Z,turbine_2,32,7.9,3.15,6.51,7.16,248,7.9,6.51,100,unverified,2026-02-18T12:00:00Z,assumed,1.0.0,8fe049cee2dbb83c819c3ad1ab9e327e982b3408b6617f11599b4115d67eb141,0.2782284048220286
2026-02-18T12:00:00Z,2026-02-18T00:00:00Z,2026-02-19T21:00:00Z,turbine_1,33,7.4,3.76,7.38,8.46,244,7.4,7.38,100,unverified,2026-02-18T12:00:00Z,assumed,1.0.0,b3ad5c95580a49b2260b1ff6ab649242c717638b569451db5f2f6be5bcf54aee,0.41664453560901626
2026-02-18T12:00:00Z,2026-02-18T00:00:00Z,2026-02-19T21:00:00Z,turbine_2,33,7.4,3.76,7.38,8.46,244,7.4,7.38,100,unverified,2026-02-18T12:00:00Z,assumed,1.0.0,8fe049cee2dbb83c819c3ad1ab9e327e982b3408b6617f11599b4115d67eb141,0.4181645817140418
2026-02-18T12:00:00Z,2026-02-18T00:00:00Z,2026-02-19T22:00:00Z,turbine_1,34,7.4,4.23,7.62,8.56,238,7.4,7.62,100,unverified,2026-02-18T12:00:00Z,assumed,1.0.0,b3ad5c95580a49b2260b1ff6ab649242c717638b569451db5f2f6be5bcf54aee,0.4648595364798036
2026-02-18T12:00:00Z,2026-02-18T00:00:00Z,2026-02-19T22:00:00Z,turbine_2,34,7.4,4.23,7.62,8.56,238,7.4,7.62,100,unverified,2026-02-18T12:00:00Z,assumed,1.0.0,8fe049cee2dbb83c819c3ad1ab9e327e982b3408b6617f11599b4115d67eb141,0.46139545766025747
2026-02-18T12:00:00Z,2026-02-18T00:00:00Z,2026-02-19T23:00:00Z,turbine_1,35,7.2,4.56,7.7,8.01,229,7.2,7.7,100,unverified,2026-02-18T12:00:00Z,assumed,1.0.0,b3ad5c95580a49b2260b1ff6ab649242c717638b569451db5f2f6be5bcf54aee,0.48475558621687065
2026-02-18T12:00:00Z,2026-02-18T00:00:00Z,2026-02-19T23:00:00Z,turbine_2,35,7.2,4.56,7.7,8.01,229,7.2,7.7,100,unverified,2026-02-18T12:00:00Z,assumed,1.0.0,8fe049cee2dbb83c819c3ad1ab9e327e982b3408b6617f11599b4115d67eb141,0.46753199397331374
2026-02-18T12:00:00Z,2026-02-18T00:00:00Z,2026-02-20T00:00:00Z,turbine_1,36,6.9,4.36,7.57,8.05,231,6.9,7.57,100,unverified,2026-02-18T12:00:00Z,assumed,1.0.0,b3ad5c95580a49b2260b1ff6ab649242c717638b569451db5f2f6be5bcf54aee,0.4590244625760773
2026-02-18T12:00:00Z,2026-02-18T00:00:00Z,2026-02-20T00:00:00Z,turbine_2,36,6.9,4.36,7.57,8.05,231,6.9,7.57,100,unverified,2026-02-18T12:00:00Z,assumed,1.0.0,8fe049cee2dbb83c819c3ad1ab9e327e982b3408b6617f11599b4115d67eb141,0.44824630730223236
2026-02-18T12:00:00Z,2026-02-18T00:00:00Z,2026-02-20T01:00:00Z,turbine_1,37,6.9,4.29,7.63,8.2,232,6.9,7.63,100,unverified,2026-02-18T12:00:00Z,assumed,1.0.0,b3ad5c95580a49b2260b1ff6ab649242c717638b569451db5f2f6be5bcf54aee,0.4778397447429625
2026-02-18T12:00:00Z,2026-02-18T00:00:00Z,2026-02-20T01:00:00Z,turbine_2,37,6.9,4.29,7.63,8.2,232,6.9,7.63,100,unverified,2026-02-18T12:00:00Z,assumed,1.0.0,8fe049cee2dbb83c819c3ad1ab9e327e982b3408b6617f11599b4115d67eb141,0.4631539350726847
2026-02-18T12:00:00Z,2026-02-18T00:00:00Z,2026-02-20T02:00:00Z,turbine_1,38,6.7,3.79,7.2,7.98,236,6.7,7.2,100,unverified,2026-02-18T12:00:00Z,assumed,1.0.0,b3ad5c95580a49b2260b1ff6ab649242c717638b569451db5f2f6be5bcf54aee,0.3965001322486299
2026-02-18T12:00:00Z,2026-02-18T00:00:00Z,2026-02-20T02:00:00Z,turbine_2,38,6.7,3.79,7.2,7.98,236,6.7,7.2,100,unverified,2026-02-18T12:00:00Z,assumed,1.0.0,8fe049cee2dbb83c819c3ad1ab9e327e982b3408b6617f11599b4115d67eb141,0.3713274191656214
2026-02-18T12:00:00Z,2026-02-18T00:00:00Z,2026-02-20T03:00:00Z,turbine_1,39,8.0,3.89,6.87,7.78,243,8.0,6.87,100,unverified,2026-02-18T12:00:00Z,assumed,1.0.0,b3ad5c95580a49b2260b1ff6ab649242c717638b569451db5f2f6be5bcf54aee,0.33600100435337027
2026-02-18T12:00:00Z,2026-02-18T00:00:00Z,2026-02-20T03:00:00Z,turbine_2,39,8.0,3.89,6.87,7.78,243,8.0,6.87,100,unverified,2026-02-18T12:00:00Z,assumed,1.0.0,8fe049cee2dbb83c819c3ad1ab9e327e982b3408b6617f11599b4115d67eb141,0.33014756906055603
2026-02-18T12:00:00Z,2026-02-18T00:00:00Z,2026-02-20T04:00:00Z,turbine_1,40,9.6,3.82,5.5,7.27,230,9.6,5.5,100,unverified,2026-02-18T12:00:00Z,assumed,1.0.0,b3ad5c95580a49b2260b1ff6ab649242c717638b569451db5f2f6be5bcf54aee,0.16527570600853742
2026-02-18T12:00:00Z,2026-02-18T00:00:00Z,2026-02-20T04:00:00Z,turbine_2,40,9.6,3.82,5.5,7.27,230,9.6,5.5,100,unverified,2026-02-18T12:00:00Z,assumed,1.0.0,8fe049cee2dbb83c819c3ad1ab9e327e982b3408b6617f11599b4115d67eb141,0.15528826495110656
2026-02-18T12:00:00Z,2026-02-18T00:00:00Z,2026-02-20T05:00:00Z,turbine_1,41,11.1,3.64,4.67,4.97,228,11.1,4.67,100,unverified,2026-02-18T12:00:00Z,assumed,1.0.0,b3ad5c95580a49b2260b1ff6ab649242c717638b569451db5f2f6be5bcf54aee,0.10107322948496633
2026-02-18T12:00:00Z,2026-02-18T00:00:00Z,2026-02-20T05:00:00Z,turbine_2,41,11.1,3.64,4.67,4.97,228,11.1,4.67,100,unverified,2026-02-18T12:00:00Z,assumed,1.0.0,8fe049cee2dbb83c819c3ad1ab9e327e982b3408b6617f11599b4115d67eb141,0.09791534736410379
2026-02-18T12:00:00Z,2026-02-18T00:00:00Z,2026-02-20T06:00:00Z,turbine_1,42,12.7,2.99,3.75,3.62,251,12.7,3.75,100,unverified,2026-02-18T12:00:00Z,assumed,1.0.0,b3ad5c95580a49b2260b1ff6ab649242c717638b569451db5f2f6be5bcf54aee,0.05790076530906951
2026-02-18T12:00:00Z,2026-02-18T00:00:00Z,2026-02-20T06:00:00Z,turbine_2,42,12.7,2.99,3.75,3.62,251,12.7,3.75,100,unverified,2026-02-18T12:00:00Z,assumed,1.0.0,8fe049cee2dbb83c819c3ad1ab9e327e982b3408b6617f11599b4115d67eb141,0.05126263071238124
2026-02-18T12:00:00Z,2026-02-18T00:00:00Z,2026-02-20T07:00:00Z,turbine_1,43,13.5,2.67,3.26,3.24,285,13.5,3.26,100,unverified,2026-02-18T12:00:00Z,assumed,1.0.0,b3ad5c95580a49b2260b1ff6ab649242c717638b569451db5f2f6be5bcf54aee,0.03960974608404272
2026-02-18T12:00:00Z,2026-02-18T00:00:00Z,2026-02-20T07:00:00Z,turbine_2,43,13.5,2.67,3.26,3.24,285,13.5,3.26,100,unverified,2026-02-18T12:00:00Z,assumed,1.0.0,8fe049cee2dbb83c819c3ad1ab9e327e982b3408b6617f11599b4115d67eb141,0.035686755067157294
2026-02-18T12:00:00Z,2026-02-18T00:00:00Z,2026-02-20T08:00:00Z,turbine_1,44,13.9,2.3,2.74,2.61,291,13.9,2.74,100,unverified,2026-02-18T12:00:00Z,assumed,1.0.0,b3ad5c95580a49b2260b1ff6ab649242c717638b569451db5f2f6be5bcf54aee,0.02086156324742805
2026-02-18T12:00:00Z,2026-02-18T00:00:00Z,2026-02-20T08:00:00Z,turbine_2,44,13.9,2.3,2.74,2.61,291,13.9,2.74,100,unverified,2026-02-18T12:00:00Z,assumed,1.0.0,8fe049cee2dbb83c819c3ad1ab9e327e982b3408b6617f11599b4115d67eb141,0.020373419771124834
2026-02-18T12:00:00Z,2026-02-18T00:00:00Z,2026-02-20T09:00:00Z,turbine_1,45,14.1,1.79,2.02,1.83,300,14.1,2.02,100,unverified,2026-02-18T12:00:00Z,assumed,1.0.0,b3ad5c95580a49b2260b1ff6ab649242c717638b569451db5f2f6be5bcf54aee,0.01184100117138387
2026-02-18T12:00:00Z,2026-02-18T00:00:00Z,2026-02-20T09:00:00Z,turbine_2,45,14.1,1.79,2.02,1.83,300,14.1,2.02,100,unverified,2026-02-18T12:00:00Z,assumed,1.0.0,8fe049cee2dbb83c819c3ad1ab9e327e982b3408b6617f11599b4115d67eb141,0.011405987750003233
2026-02-18T12:00:00Z,2026-02-18T00:00:00Z,2026-02-20T10:00:00Z,turbine_1,46,13.9,1.15,1.21,0.96,322,13.9,1.21,100,unverified,2026-02-18T12:00:00Z,assumed,1.0.0,b3ad5c95580a49b2260b1ff6ab649242c717638b569451db5f2f6be5bcf54aee,0.008458179810670985
2026-02-18T12:00:00Z,2026-02-18T00:00:00Z,2026-02-20T10:00:00Z,turbine_2,46,13.9,1.15,1.21,0.96,322,13.9,1.21,100,unverified,2026-02-18T12:00:00Z,assumed,1.0.0,8fe049cee2dbb83c819c3ad1ab9e327e982b3408b6617f11599b4115d67eb141,0.009162654710000662
2026-02-18T12:00:00Z,2026-02-18T00:00:00Z,2026-02-20T11:00:00Z,turbine_1,47,13.1,1.38,1.57,1.32,27,13.1,1.57,100,unverified,2026-02-18T12:00:00Z,assumed,1.0.0,b3ad5c95580a49b2260b1ff6ab649242c717638b569451db5f2f6be5bcf54aee,0.007459191483114858
2026-02-18T12:00:00Z,2026-02-18T00:00:00Z,2026-02-20T11:00:00Z,turbine_2,47,13.1,1.38,1.57,1.32,27,13.1,1.57,100,unverified,2026-02-18T12:00:00Z,assumed,1.0.0,8fe049cee2dbb83c819c3ad1ab9e327e982b3408b6617f11599b4115d67eb141,0.010351644229256662
2026-02-18T12:00:00Z,2026-02-18T00:00:00Z,2026-02-20T12:00:00Z,turbine_1,48,10.1,2.87,5.88,5.55,49,10.1,5.88,100,unverified,2026-02-18T12:00:00Z,assumed,1.0.0,b3ad5c95580a49b2260b1ff6ab649242c717638b569451db5f2f6be5bcf54aee,0.212485060970393
2026-02-18T12:00:00Z,2026-02-18T00:00:00Z,2026-02-20T12:00:00Z,turbine_2,48,10.1,2.87,5.88,5.55,49,10.1,5.88,100,unverified,2026-02-18T12:00:00Z,assumed,1.0.0,8fe049cee2dbb83c819c3ad1ab9e327e982b3408b6617f11599b4115d67eb141,0.20304692337822847
2026-02-19T12:00:00Z,2026-02-19T00:00:00Z,2026-02-19T13:00:00Z,turbine_1,1,8.1,1.08,2.06,1.56,104,8.1,2.06,100,unverified,2026-02-19T12:00:00Z,assumed,1.0.0,b3ad5c95580a49b2260b1ff6ab649242c717638b569451db5f2f6be5bcf54aee,0.010332972288123465
2026-02-19T12:00:00Z,2026-02-19T00:00:00Z,2026-02-19T13:00:00Z,turbine_2,1,8.1,1.08,2.06,1.56,104,8.1,2.06,100,unverified,2026-02-19T12:00:00Z,assumed,1.0.0,8fe049cee2dbb83c819c3ad1ab9e327e982b3408b6617f11599b4115d67eb141,0.010360634566376647
2026-02-19T12:00:00Z,2026-02-19T00:00:00Z,2026-02-19T14:00:00Z,turbine_1,2,8.9,0.43,1.13,2.51,167,8.9,1.13,100,unverified,2026-02-19T12:00:00Z,assumed,1.0.0,b3ad5c95580a49b2260b1ff6ab649242c717638b569451db5f2f6be5bcf54aee,0.009921632851898288
2026-02-19T12:00:00Z,2026-02-19T00:00:00Z,2026-02-19T14:00:00Z,turbine_2,2,8.9,0.43,1.13,2.51,167,8.9,1.13,100,unverified,2026-02-19T12:00:00Z,assumed,1.0.0,8fe049cee2dbb83c819c3ad1ab9e327e982b3408b6617f11599b4115d67eb141,0.00799997066812852
2026-02-19T12:00:00Z,2026-02-19T00:00:00Z,2026-02-19T15:00:00Z,turbine_1,3,8.9,2.12,4.25,6.09,229,8.9,4.25,100,unverified,2026-02-19T12:00:00Z,assumed,1.0.0,b3ad5c95580a49b2260b1ff6ab649242c717638b569451db5f2f6be5bcf54aee,0.07419970947042503
2026-02-19T12:00:00Z,2026-02-19T00:00:00Z,2026-02-19T15:00:00Z,turbine_2,3,8.9,2.12,4.25,6.09,229,8.9,4.25,100,unverified,2026-02-19T12:00:00Z,assumed,1.0.0,8fe049cee2dbb83c819c3ad1ab9e327e982b3408b6617f11599b4115d67eb141,0.06451920715908205
2026-02-19T12:00:00Z,2026-02-19T00:00:00Z,2026-02-19T16:00:00Z,turbine_1,4,9.9,2.77,6.53,8.72,250,9.9,6.53,100,unverified,2026-02-19T12:00:00Z,assumed,1.0.0,b3ad5c95580a49b2260b1ff6ab649242c717638b569451db5f2f6be5bcf54aee,0.29128182620230214
2026-02-19T12:00:00Z,2026-02-19T00:00:00Z,2026-02-19T16:00:00Z,turbine_2,4,9.9,2.77,6.53,8.72,250,9.9,6.53,100,unverified,2026-02-19T12:00:00Z,assumed,1.0.0,8fe049cee2dbb83c819c3ad1ab9e327e982b3408b6617f11599b4115d67eb141,0.29343125353028027
2026-02-19T12:00:00Z,2026-02-19T00:00:00Z,2026-02-19T17:00:00Z,turbine_1,5,8.6,2.06,4.81,6.96,261,8.6,4.81,100,unverified,2026-02-19T12:00:00Z,assumed,1.0.0,b3ad5c95580a49b2260b1ff6ab649242c717638b569451db5f2f6be5bcf54aee,0.1014432837949844
2026-02-19T12:00:00Z,2026-02-19T00:00:00Z,2026-02-19T17:00:00Z,turbine_2,5,8.6,2.06,4.81,6.96,261,8.6,4.81,100,unverified,2026-02-19T12:00:00Z,assumed,1.0.0,8fe049cee2dbb83c819c3ad1ab9e327e982b3408b6617f11599b4115d67eb141,0.0975561522182547
2026-02-19T12:00:00Z,2026-02-19T00:00:00Z,2026-02-19T18:00:00Z,turbine_1,6,8.0,2.06,4.76,6.38,266,8.0,4.76,100,unverified,2026-02-19T12:00:00Z,assumed,1.0.0,b3ad5c95580a49b2260b1ff6ab649242c717638b569451db5f2f6be5bcf54aee,0.09985845643817681
2026-02-19T12:00:00Z,2026-02-19T00:00:00Z,2026-02-19T18:00:00Z,turbine_2,6,8.0,2.06,4.76,6.38,266,8.0,4.76,100,unverified,2026-02-19T12:00:00Z,assumed,1.0.0,8fe049cee2dbb83c819c3ad1ab9e327e982b3408b6617f11599b4115d67eb141,0.09475798797517798
2026-02-19T12:00:00Z,2026-02-19T00:00:00Z,2026-02-19T19:00:00Z,turbine_1,7,8.5,2.73,5.94,7.64,240,8.5,5.94,100,unverified,2026-02-19T12:00:00Z,assumed,1.0.0,b3ad5c95580a49b2260b1ff6ab649242c717638b569451db5f2f6be5bcf54aee,0.20382586937879738
2026-02-19T12:00:00Z,2026-02-19T00:00:00Z,2026-02-19T19:00:00Z,turbine_2,7,8.5,2.73,5.94,7.64,240,8.5,5.94,100,unverified,2026-02-19T12:00:00Z,assumed,1.0.0,8fe049cee2dbb83c819c3ad1ab9e327e982b3408b6617f11599b4115d67eb141,0.19631301222582068
2026-02-19T12:00:00Z,2026-02-19T00:00:00Z,2026-02-19T20:00:00Z,turbine_1,8,8.6,3.56,6.65,8.28,238,8.6,6.65,100,unverified,2026-02-19T12:00:00Z,assumed,1.0.0,b3ad5c95580a49b2260b1ff6ab649242c717638b569451db5f2f6be5bcf54aee,0.3024536785486389
2026-02-19T12:00:00Z,2026-02-19T00:00:00Z,2026-02-19T20:00:00Z,turbine_2,8,8.6,3.56,6.65,8.28,238,8.6,6.65,100,unverified,2026-02-19T12:00:00Z,assumed,1.0.0,8fe049cee2dbb83c819c3ad1ab9e327e982b3408b6617f11599b4115d67eb141,0.3051925976164899
2026-02-19T12:00:00Z,2026-02-19T00:00:00Z,2026-02-19T21:00:00Z,turbine_1,9,8.3,3.69,7.03,8.82,249,8.3,7.03,100,unverified,2026-02-19T12:00:00Z,assumed,1.0.0,b3ad5c95580a49b2260b1ff6ab649242c717638b569451db5f2f6be5bcf54aee,0.3633359190250446
2026-02-19T12:00:00Z,2026-02-19T00:00:00Z,2026-02-19T21:00:00Z,turbine_2,9,8.3,3.69,7.03,8.82,249,8.3,7.03,100,unverified,2026-02-19T12:00:00Z,assumed,1.0.0,8fe049cee2dbb83c819c3ad1ab9e327e982b3408b6617f11599b4115d67eb141,0.3640841367147381
2026-02-19T12:00:00Z,2026-02-19T00:00:00Z,2026-02-19T22:00:00Z,turbine_1,10,7.7,3.76,6.9,8.56,247,7.7,6.9,100,unverified,2026-02-19T12:00:00Z,assumed,1.0.0,b3ad5c95580a49b2260b1ff6ab649242c717638b569451db5f2f6be5bcf54aee,0.33464041228860836
2026-02-19T12:00:00Z,2026-02-19T00:00:00Z,2026-02-19T22:00:00Z,turbine_2,10,7.7,3.76,6.9,8.56,247,7.7,6.9,100,unverified,2026-02-19T12:00:00Z,assumed,1.0.0,8fe049cee2dbb83c819c3ad1ab9e327e982b3408b6617f11599b4115d67eb141,0.33865851776098393
2026-02-19T12:00:00Z,2026-02-19T00:00:00Z,2026-02-19T23:00:00Z,turbine_1,11,6.9,4.24,7.42,8.53,243,6.9,7.42,100,unverified,2026-02-19T12:00:00Z,assumed,1.0.0,b3ad5c95580a49b2260b1ff6ab649242c717638b569451db5f2f6be5bcf54aee,0.4380383623103515
2026-02-19T12:00:00Z,2026-02-19T00:00:00Z,2026-02-19T23:00:00Z,turbine_2,11,6.9,4.24,7.42,8.53,243,6.9,7.42,100,unverified,2026-02-19T12:00:00Z,assumed,1.0.0,8fe049cee2dbb83c819c3ad1ab9e327e982b3408b6617f11599b4115d67eb141,0.41992305912646904
2026-02-19T12:00:00Z,2026-02-19T00:00:00Z,2026-02-20T00:00:00Z,turbine_1,12,6.9,4.3,7.76,8.86,244,6.9,7.76,100,unverified,2026-02-19T12:00:00Z,assumed,1.0.0,b3ad5c95580a49b2260b1ff6ab649242c717638b569451db5f2f6be5bcf54aee,0.4956099195674578
2026-02-19T12:00:00Z,2026-02-19T00:00:00Z,2026-02-20T00:00:00Z,turbine_2,12,6.9,4.3,7.76,8.86,244,6.9,7.76,100,unverified,2026-02-19T12:00:00Z,assumed,1.0.0,8fe049cee2dbb83c819c3ad1ab9e327e982b3408b6617f11599b4115d67eb141,0.47973753430177496
2026-02-19T12:00:00Z,2026-02-19T00:00:00Z,2026-02-20T01:00:00Z,turbine_1,13,6.9,4.54,7.91,8.96,240,6.9,7.91,100,unverified,2026-02-19T12:00:00Z,assumed,1.0.0,b3ad5c95580a49b2260b1ff6ab649242c717638b569451db5f2f6be5bcf54aee,0.5037919640621354
2026-02-19T12:00:00Z,2026-02-19T00:00:00Z,2026-02-20T01:00:00Z,turbine_2,13,6.9,4.54,7.91,8.96,240,6.9,7.91,100,unverified,2026-02-19T12:00:00Z,assumed,1.0.0,8fe049cee2dbb83c819c3ad1ab9e327e982b3408b6617f11599b4115d67eb141,0.4868297662462614
2026-02-19T12:00:00Z,2026-02-19T00:00:00Z,2026-02-20T02:00:00Z,turbine_1,14,7.2,5.01,8.49,9.45,237,7.2,8.49,100,unverified,2026-02-19T12:00:00Z,assumed,1.0.0,b3ad5c95580a49b2260b1ff6ab649242c717638b569451db5f2f6be5bcf54aee,0.5937619164370067
2026-02-19T12:00:00Z,2026-02-19T00:00:00Z,2026-02-20T02:00:00Z,turbine_2,14,7.2,5.01,8.49,9.45,237,7.2,8.49,100,unverified,2026-02-19T12:00:00Z,assumed,1.0.0,8fe049cee2dbb83c819c3ad1ab9e327e982b3408b6617f11599b4115d67eb141,0.5909284583753963
2026-02-19T12:00:00Z,2026-02-19T00:00:00Z,2026-02-20T03:00:00Z,turbine_1,15,8.0,4.92,7.86,9.04,236,8.0,7.86,100,unverified,2026-02-19T12:00:00Z,assumed,1.0.0,b3ad5c95580a49b2260b1ff6ab649242c717638b569451db5f2f6be5bcf54aee,0.4918909795101504
2026-02-19T12:00:00Z,2026-02-19T00:00:00Z,2026-02-20T03:00:00Z,turbine_2,15,8.0,4.92,7.86,9.04,236,8.0,7.86,100,unverified,2026-02-19T12:00:00Z,assumed,1.0.0,8fe049cee2dbb83c819c3ad1ab9e327e982b3408b6617f11599b4115d67eb141,0.47836621987083733
2026-02-19T12:00:00Z,2026-02-19T00:00:00Z,2026-02-20T04:00:00Z,turbine_1,16,8.8,4.67,6.3,7.4,232,8.8,6.3,100,unverified,2026-02-19T12:00:00Z,assumed,1.0.0,b3ad5c95580a49b2260b1ff6ab649242c717638b569451db5f2f6be5bcf54aee,0.25137437713233385
2026-02-19T12:00:00Z,2026-02-19T00:00:00Z,2026-02-20T04:00:00Z,turbine_2,16,8.8,4.67,6.3,7.4,232,8.8,6.3,100,unverified,2026-02-19T12:00:00Z,assumed,1.0.0,8fe049cee2dbb83c819c3ad1ab9e327e982b3408b6617f11599b4115d67eb141,0.2585327786261436
2026-02-19T12:00:00Z,2026-02-19T00:00:00Z,2026-02-20T05:00:00Z,turbine_1,17,9.5,4.32,5.45,6.28,226,9.5,5.45,100,unverified,2026-02-19T12:00:00Z,assumed,1.0.0,b3ad5c95580a49b2260b1ff6ab649242c717638b569451db5f2f6be5bcf54aee,0.15971471098255402
2026-02-19T12:00:00Z,2026-02-19T00:00:00Z,2026-02-20T05:00:00Z,turbine_2,17,9.5,4.32,5.45,6.28,226,9.5,5.45,100,unverified,2026-02-19T12:00:00Z,assumed,1.0.0,8fe049cee2dbb83c819c3ad1ab9e327e982b3408b6617f11599b4115d67eb141,0.15455337157003934
2026-02-19T12:00:00Z,2026-02-19T00:00:00Z,2026-02-20T06:00:00Z,turbine_1,18,10.8,4.09,5.2,5.2,240,10.8,5.2,100,unverified,2026-02-19T12:00:00Z,assumed,1.0.0,b3ad5c95580a49b2260b1ff6ab649242c717638b569451db5f2f6be5bcf54aee,0.14472937952777806
2026-02-19T12:00:00Z,2026-02-19T00:00:00Z,2026-02-20T06:00:00Z,turbine_2,18,10.8,4.09,5.2,5.2,240,10.8,5.2,100,unverified,2026-02-19T12:00:00Z,assumed,1.0.0,8fe049cee2dbb83c819c3ad1ab9e327e982b3408b6617f11599b4115d67eb141,0.13942397543359628
2026-02-19T12:00:00Z,2026-02-19T00:00:00Z,2026-02-20T07:00:00Z,turbine_1,19,12.4,3.67,4.63,4.79,237,12.4,4.63,100,unverified,2026-02-19T12:00:00Z,assumed,1.0.0,b3ad5c95580a49b2260b1ff6ab649242c717638b569451db5f2f6be5bcf54aee,0.10633276349863247
2026-02-19T12:00:00Z,2026-02-19T00:00:00Z,2026-02-20T07:00:00Z,turbine_2,19,12.4,3.67,4.63,4.79,237,12.4,4.63,100,unverified,2026-02-19T12:00:00Z,assumed,1.0.0,8fe049cee2dbb83c819c3ad1ab9e327e982b3408b6617f11599b4115d67eb141,0.10177210334113806
2026-02-19T12:00:00Z,2026-02-19T00:00:00Z,2026-02-20T08:00:00Z,turbine_1,20,13.8,3.26,4.16,4.29,243,13.8,4.16,100,unverified,2026-02-19T12:00:00Z,assumed,1.0.0,b3ad5c95580a49b2260b1ff6ab649242c717638b569451db5f2f6be5bcf54aee,0.08018404815539693
2026-02-19T12:00:00Z,2026-02-19T00:00:00Z,2026-02-20T08:00:00Z,turbine_2,20,13.8,3.26,4.16,4.29,243,13.8,4.16,100,unverified,2026-02-19T12:00:00Z,assumed,1.0.0,8fe049cee2dbb83c819c3ad1ab9e327e982b3408b6617f11599b4115d67eb141,0.07768879624289388
2026-02-19T12:00:00Z,2026-02-19T00:00:00Z,2026-02-20T09:00:00Z,turbine_1,21,14.8,3.1,3.92,4.02,251,14.8,3.92,100,unverified,2026-02-19T12:00:00Z,assumed,1.0.0,b3ad5c95580a49b2260b1ff6ab649242c717638b569451db5f2f6be5bcf54aee,0.07031424517135126
2026-02-19T12:00:00Z,2026-02-19T00:00:00Z,2026-02-20T09:00:00Z,turbine_2,21,14.8,3.1,3.92,4.02,251,14.8,3.92,100,unverified,2026-02-19T12:00:00Z,assumed,1.0.0,8fe049cee2dbb83c819c3ad1ab9e327e982b3408b6617f11599b4115d67eb141,0.0632916569444727
2026-02-19T12:00:00Z,2026-02-19T00:00:00Z,2026-02-20T10:00:00Z,turbine_1,22,14.7,2.6,3.21,3.16,266,14.7,3.21,100,unverified,2026-02-19T12:00:00Z,assumed,1.0.0,b3ad5c95580a49b2260b1ff6ab649242c717638b569451db5f2f6be5bcf54aee,0.03652913803738017
2026-02-19T12:00:00Z,2026-02-19T00:00:00Z,2026-02-20T10:00:00Z,turbine_2,22,14.7,2.6,3.21,3.16,266,14.7,3.21,100,unverified,2026-02-19T12:00:00Z,assumed,1.0.0,8fe049cee2dbb83c819c3ad1ab9e327e982b3408b6617f11599b4115d67eb141,0.03679858667169
2026-02-19T12:00:00Z,2026-02-19T00:00:00Z,2026-02-20T11:00:00Z,turbine_1,23,13.3,1.86,2.09,2.21,287,13.3,2.09,100,unverified,2026-02-19T12:00:00Z,assumed,1.0.0,b3ad5c95580a49b2260b1ff6ab649242c717638b569451db5f2f6be5bcf54aee,0.012034395124707054
2026-02-19T12:00:00Z,2026-02-19T00:00:00Z,2026-02-20T11:00:00Z,turbine_2,23,13.3,1.86,2.09,2.21,287,13.3,2.09,100,unverified,2026-02-19T12:00:00Z,assumed,1.0.0,8fe049cee2dbb83c819c3ad1ab9e327e982b3408b6617f11599b4115d67eb141,0.011660091267227168
2026-02-19T12:00:00Z,2026-02-19T00:00:00Z,2026-02-20T12:00:00Z,turbine_1,24,9.5,1.17,1.67,0.81,309,9.5,1.67,100,unverified,2026-02-19T12:00:00Z,assumed,1.0.0,b3ad5c95580a49b2260b1ff6ab649242c717638b569451db5f2f6be5bcf54aee,0.009355223789190292
2026-02-19T12:00:00Z,2026-02-19T00:00:00Z,2026-02-20T12:00:00Z,turbine_2,24,9.5,1.17,1.67,0.81,309,9.5,1.67,100,unverified,2026-02-19T12:00:00Z,assumed,1.0.0,8fe049cee2dbb83c819c3ad1ab9e327e982b3408b6617f11599b4115d67eb141,0.008419368508707503
2026-02-19T12:00:00Z,2026-02-19T00:00:00Z,2026-02-20T13:00:00Z,turbine_1,25,7.5,0.27,0.8,0.67,360,7.5,0.8,100,unverified,2026-02-19T12:00:00Z,assumed,1.0.0,b3ad5c95580a49b2260b1ff6ab649242c717638b569451db5f2f6be5bcf54aee,0.006543088011349785
2026-02-19T12:00:00Z,2026-02-19T00:00:00Z,2026-02-20T13:00:00Z,turbine_2,25,7.5,0.27,0.8,0.67,360,7.5,0.8,100,unverified,2026-02-19T12:00:00Z,assumed,1.0.0,8fe049cee2dbb83c819c3ad1ab9e327e982b3408b6617f11599b4115d67eb141,0.008004738859695326
2026-02-19T12:00:00Z,2026-02-19T00:00:00Z,2026-02-20T14:00:00Z,turbine_1,26,6.5,2.18,4.41,4.14,57,6.5,4.41,100,unverified,2026-02-19T12:00:00Z,assumed,1.0.0,b3ad5c95580a49b2260b1ff6ab649242c717638b569451db5f2f6be5bcf54aee,0.07291771511046274
2026-02-19T12:00:00Z,2026-02-19T00:00:00Z,2026-02-20T14:00:00Z,turbine_2,26,6.5,2.18,4.41,4.14,57,6.5,4.41,100,unverified,2026-02-19T12:00:00Z,assumed,1.0.0,8fe049cee2dbb83c819c3ad1ab9e327e982b3408b6617f11599b4115d67eb141,0.06935013334571966
2026-02-19T12:00:00Z,2026-02-19T00:00:00Z,2026-02-20T15:00:00Z,turbine_1,27,6.6,2.37,6.93,9.51,59,6.6,6.93,100,unverified,2026-02-19T12:00:00Z,assumed,1.0.0,b3ad5c95580a49b2260b1ff6ab649242c717638b569451db5f2f6be5bcf54aee,0.3489541851297405
2026-02-19T12:00:00Z,2026-02-19T00:00:00Z,2026-02-20T15:00:00Z,turbine_2,27,6.6,2.37,6.93,9.51,59,6.6,6.93,100,unverified,2026-02-19T12:00:00Z,assumed,1.0.0,8fe049cee2dbb83c819c3ad1ab9e327e982b3408b6617f11599b4115d67eb141,0.34642917280926017
2026-02-19T12:00:00Z,2026-02-19T00:00:00Z,2026-02-20T16:00:00Z,turbine_1,28,6.5,2.59,7.0,9.46,59,6.5,7.0,100,unverified,2026-02-19T12:00:00Z,assumed,1.0.0,b3ad5c95580a49b2260b1ff6ab649242c717638b569451db5f2f6be5bcf54aee,0.3688561550500934
2026-02-19T12:00:00Z,2026-02-19T00:00:00Z,2026-02-20T16:00:00Z,turbine_2,28,6.5,2.59,7.0,9.46,59,6.5,7.0,100,unverified,2026-02-19T12:00:00Z,assumed,1.0.0,8fe049cee2dbb83c819c3ad1ab9e327e982b3408b6617f11599b4115d67eb141,0.3525085191560674
2026-02-19T12:00:00Z,2026-02-19T00:00:00Z,2026-02-20T17:00:00Z,turbine_1,29,5.4,3.52,7.63,9.93,62,5.4,7.63,100,unverified,2026-02-19T12:00:00Z,assumed,1.0.0,b3ad5c95580a49b2260b1ff6ab649242c717638b569451db5f2f6be5bcf54aee,0.48056530075881343
2026-02-19T12:00:00Z,2026-02-19T00:00:00Z,2026-02-20T17:00:00Z,turbine_2,29,5.4,3.52,7.63,9.93,62,5.4,7.63,100,unverified,2026-02-19T12:00:00Z,assumed,1.0.0,8fe049cee2dbb83c819c3ad1ab9e327e982b3408b6617f11599b4115d67eb141,0.44677036034645845
2026-02-19T12:00:00Z,2026-02-19T00:00:00Z,2026-02-20T18:00:00Z,turbine_1,30,4.3,4.17,8.25,10.36,65,4.3,8.25,100,unverified,2026-02-19T12:00:00Z,assumed,1.0.0,b3ad5c95580a49b2260b1ff6ab649242c717638b569451db5f2f6be5bcf54aee,0.5787198784583578
2026-02-19T12:00:00Z,2026-02-19T00:00:00Z,2026-02-20T18:00:00Z,turbine_2,30,4.3,4.17,8.25,10.36,65,4.3,8.25,100,unverified,2026-02-19T12:00:00Z,assumed,1.0.0,8fe049cee2dbb83c819c3ad1ab9e327e982b3408b6617f11599b4115d67eb141,0.558075235175672
2026-02-19T12:00:00Z,2026-02-19T00:00:00Z,2026-02-20T19:00:00Z,turbine_1,31,3.7,4.33,8.35,10.34,68,3.7,8.35,100,unverified,2026-02-19T12:00:00Z,assumed,1.0.0,b3ad5c95580a49b2260b1ff6ab649242c717638b569451db5f2f6be5bcf54aee,0.592714597853015
2026-02-19T12:00:00Z,2026-02-19T00:00:00Z,2026-02-20T19:00:00Z,turbine_2,31,3.7,4.33,8.35,10.34,68,3.7,8.35,100,unverified,2026-02-19T12:00:00Z,assumed,1.0.0,8fe049cee2dbb83c819c3ad1ab9e327e982b3408b6617f11599b4115d67eb141,0.568418512508459
2026-02-19T12:00:00Z,2026-02-19T00:00:00Z,2026-02-20T20:00:00Z,turbine_1,32,3.4,4.02,7.83,9.83,73,3.4,7.83,100,unverified,2026-02-19T12:00:00Z,assumed,1.0.0,b3ad5c95580a49b2260b1ff6ab649242c717638b569451db5f2f6be5bcf54aee,0.5055497417986433
2026-02-19T12:00:00Z,2026-02-19T00:00:00Z,2026-02-20T20:00:00Z,turbine_2,32,3.4,4.02,7.83,9.83,73,3.4,7.83,100,unverified,2026-02-19T12:00:00Z,assumed,1.0.0,8fe049cee2dbb83c819c3ad1ab9e327e982b3408b6617f11599b4115d67eb141,0.47032285868537294
2026-02-19T12:00:00Z,2026-02-19T00:00:00Z,2026-02-20T21:00:00Z,turbine_1,33,3.4,3.85,7.39,9.45,79,3.4,7.39,100,unverified,2026-02-19T12:00:00Z,assumed,1.0.0,b3ad5c95580a49b2260b1ff6ab649242c717638b569451db5f2f6be5bcf54aee,0.4319839655182198
2026-02-19T12:00:00Z,2026-02-19T00:00:00Z,2026-02-20T21:00:00Z,turbine_2,33,3.4,3.85,7.39,9.45,79,3.4,7.39,100,unverified,2026-02-19T12:00:00Z,assumed,1.0.0,8fe049cee2dbb83c819c3ad1ab9e327e982b3408b6617f11599b4115d67eb141,0.40487359851670757
2026-02-19T12:00:00Z,2026-02-19T00:00:00Z,2026-02-20T22:00:00Z,turbine_1,34,3.3,3.54,6.95,8.83,75,3.3,6.95,100,unverified,2026-02-19T12:00:00Z,assumed,1.0.0,b3ad5c95580a49b2260b1ff6ab649242c717638b569451db5f2f6be5bcf54aee,0.37139672494530934
2026-02-19T12:00:00Z,2026-02-19T00:00:00Z,2026-02-20T22:00:00Z,turbine_2,34,3.3,3.54,6.95,8.83,75,3.3,6.95,100,unverified,2026-02-19T12:00:00Z,assumed,1.0.0,8fe049cee2dbb83c819c3ad1ab9e327e982b3408b6617f11599b4115d67eb141,0.3414489190230972
2026-02-19T12:00:00Z,2026-02-19T00:00:00Z,2026-02-20T23:00:00Z,turbine_1,35,3.5,3.08,6.12,7.84,73,3.5,6.12,100,unverified,2026-02-19T12:00:00Z,assumed,1.0.0,b3ad5c95580a49b2260b1ff6ab649242c717638b569451db5f2f6be5bcf54aee,0.23854263052170735
2026-02-19T12:00:00Z,2026-02-19T00:00:00Z,2026-02-20T23:00:00Z,turbine_2,35,3.5,3.08,6.12,7.84,73,3.5,6.12,100,unverified,2026-02-19T12:00:00Z,assumed,1.0.0,8fe049cee2dbb83c819c3ad1ab9e327e982b3408b6617f11599b4115d67eb141,0.2140703171783108
2026-02-19T12:00:00Z,2026-02-19T00:00:00Z,2026-02-21T00:00:00Z,turbine_1,36,3.3,2.24,4.86,6.9,75,3.3,4.86,100,unverified,2026-02-19T12:00:00Z,assumed,1.0.0,b3ad5c95580a49b2260b1ff6ab649242c717638b569451db5f2f6be5bcf54aee,0.09536130702832951
2026-02-19T12:00:00Z,2026-02-19T00:00:00Z,2026-02-21T00:00:00Z,turbine_2,36,3.3,2.24,4.86,6.9,75,3.3,4.86,100,unverified,2026-02-19T12:00:00Z,assumed,1.0.0,8fe049cee2dbb83c819c3ad1ab9e327e982b3408b6617f11599b4115d67eb141,0.08021836565815743
2026-02-19T12:00:00Z,2026-02-19T00:00:00Z,2026-02-21T01:00:00Z,turbine_1,37,3.4,1.76,3.99,6.12,70,3.4,3.99,100,unverified,2026-02-19T12:00:00Z,assumed,1.0.0,b3ad5c95580a49b2260b1ff6ab649242c717638b569451db5f2f6be5bcf54aee,0.0536042431410777
2026-02-19T12:00:00Z,2026-02-19T00:00:00Z,2026-02-21T01:00:00Z,turbine_2,37,3.4,1.76,3.99,6.12,70,3.4,3.99,100,unverified,2026-02-19T12:00:00Z,assumed,1.0.0,8fe049cee2dbb83c819c3ad1ab9e327e982b3408b6617f11599b4115d67eb141,0.041244420856122566
2026-02-19T12:00:00Z,2026-02-19T00:00:00Z,2026-02-21T02:00:00Z,turbine_1,38,3.2,2.29,4.64,6.73,79,3.2,4.64,100,unverified,2026-02-19T12:00:00Z,assumed,1.0.0,b3ad5c95580a49b2260b1ff6ab649242c717638b569451db5f2f6be5bcf54aee,0.08459878592726167
2026-02-19T12:00:00Z,2026-02-19T00:00:00Z,2026-02-21T02:00:00Z,turbine_2,38,3.2,2.29,4.64,6.73,79,3.2,4.64,100,unverified,2026-02-19T12:00:00Z,assumed,1.0.0,8fe049cee2dbb83c819c3ad1ab9e327e982b3408b6617f11599b4115d67eb141,0.07510030275750984
2026-02-19T12:00:00Z,2026-02-19T00:00:00Z,2026-02-21T03:00:00Z,turbine_1,39,4.5,2.91,5.65,7.85,68,4.5,5.65,100,unverified,2026-02-19T12:00:00Z,assumed,1.0.0,b3ad5c95580a49b2260b1ff6ab649242c717638b569451db5f2f6be5bcf54aee,0.16051362021671137
2026-02-19T12:00:00Z,2026-02-19T00:00:00Z,2026-02-21T03:00:00Z,turbine_2,39,4.5,2.91,5.65,7.85,68,4.5,5.65,100,unverified,2026-02-19T12:00:00Z,assumed,1.0.0,8fe049cee2dbb83c819c3ad1ab9e327e982b3408b6617f11599b4115d67eb141,0.14155431831619808
2026-02-19T12:00:00Z,2026-02-19T00:00:00Z,2026-02-21T04:00:00Z,turbine_1,40,6.9,1.98,4.75,7.19,70,6.9,4.75,100,unverified,2026-02-19T12:00:00Z,assumed,1.0.0,b3ad5c95580a49b2260b1ff6ab649242c717638b569451db5f2f6be5bcf54aee,0.09936850926082941
2026-02-19T12:00:00Z,2026-02-19T00:00:00Z,2026-02-21T04:00:00Z,turbine_2,40,6.9,1.98,4.75,7.19,70,6.9,4.75,100,unverified,2026-02-19T12:00:00Z,assumed,1.0.0,8fe049cee2dbb83c819c3ad1ab9e327e982b3408b6617f11599b4115d67eb141,0.09691658589081165
2026-02-19T12:00:00Z,2026-02-19T00:00:00Z,2026-02-21T05:00:00Z,turbine_1,41,9.1,1.92,2.42,3.19,7,9.1,2.42,100,unverified,2026-02-19T12:00:00Z,assumed,1.0.0,b3ad5c95580a49b2260b1ff6ab649242c717638b569451db5f2f6be5bcf54aee,0.015354530132201005
2026-02-19T12:00:00Z,2026-02-19T00:00:00Z,2026-02-21T05:00:00Z,turbine_2,41,9.1,1.92,2.42,3.19,7,9.1,2.42,100,unverified,2026-02-19T12:00:00Z,assumed,1.0.0,8fe049cee2dbb83c819c3ad1ab9e327e982b3408b6617f11599b4115d67eb141,0.01303152290863796
2026-02-19T12:00:00Z,2026-02-19T00:00:00Z,2026-02-21T06:00:00Z,turbine_1,42,9.5,4.8,8.85,14.01,268,9.5,8.85,100,unverified,2026-02-19T12:00:00Z,assumed,1.0.0,b3ad5c95580a49b2260b1ff6ab649242c717638b569451db5f2f6be5bcf54aee,0.6625806916565483
2026-02-19T12:00:00Z,2026-02-19T00:00:00Z,2026-02-21T06:00:00Z,turbine_2,42,9.5,4.8,8.85,14.01,268,9.5,8.85,100,unverified,2026-02-19T12:00:00Z,assumed,1.0.0,8fe049cee2dbb83c819c3ad1ab9e327e982b3408b6617f11599b4115d67eb141,0.6493523576549768
2026-02-19T12:00:00Z,2026-02-19T00:00:00Z,2026-02-21T07:00:00Z,turbine_1,43,10.8,10.43,15.05,17.17,264,10.8,15.05,100,unverified,2026-02-19T12:00:00Z,assumed,1.0.0,b3ad5c95580a49b2260b1ff6ab649242c717638b569451db5f2f6be5bcf54aee,0.9861290684708385
2026-02-19T12:00:00Z,2026-02-19T00:00:00Z,2026-02-21T07:00:00Z,turbine_2,43,10.8,10.43,15.05,17.17,264,10.8,15.05,100,unverified,2026-02-19T12:00:00Z,assumed,1.0.0,8fe049cee2dbb83c819c3ad1ab9e327e982b3408b6617f11599b4115d67eb141,0.968868071773432
2026-02-19T12:00:00Z,2026-02-19T00:00:00Z,2026-02-21T08:00:00Z,turbine_1,44,9.3,8.48,12.78,15.11,266,9.3,12.78,100,unverified,2026-02-19T12:00:00Z,assumed,1.0.0,b3ad5c95580a49b2260b1ff6ab649242c717638b569451db5f2f6be5bcf54aee,0.9828155548421332
2026-02-19T12:00:00Z,2026-02-19T00:00:00Z,2026-02-21T08:00:00Z,turbine_2,44,9.3,8.48,12.78,15.11,266,9.3,12.78,100,unverified,2026-02-19T12:00:00Z,assumed,1.0.0,8fe049cee2dbb83c819c3ad1ab9e327e982b3408b6617f11599b4115d67eb141,0.9681722822294943
2026-02-19T12:00:00Z,2026-02-19T00:00:00Z,2026-02-21T09:00:00Z,turbine_1,45,9.6,7.97,11.28,12.49,277,9.6,11.28,100,unverified,2026-02-19T12:00:00Z,assumed,1.0.0,b3ad5c95580a49b2260b1ff6ab649242c717638b569451db5f2f6be5bcf54aee,0.9628285102687247
2026-02-19T12:00:00Z,2026-02-19T00:00:00Z,2026-02-21T09:00:00Z,turbine_2,45,9.6,7.97,11.28,12.49,277,9.6,11.28,100,unverified,2026-02-19T12:00:00Z,assumed,1.0.0,8fe049cee2dbb83c819c3ad1ab9e327e982b3408b6617f11599b4115d67eb141,0.9481847306230647
2026-02-19T12:00:00Z,2026-02-19T00:00:00Z,2026-02-21T10:00:00Z,turbine_1,46,8.9,6.02,8.36,9.19,283,8.9,8.36,100,unverified,2026-02-19T12:00:00Z,assumed,1.0.0,b3ad5c95580a49b2260b1ff6ab649242c717638b569451db5f2f6be5bcf54aee,0.5817338209323324
2026-02-19T12:00:00Z,2026-02-19T00:00:00Z,2026-02-21T10:00:00Z,turbine_2,46,8.9,6.02,8.36,9.19,283,8.9,8.36,100,unverified,2026-02-19T12:00:00Z,assumed,1.0.0,8fe049cee2dbb83c819c3ad1ab9e327e982b3408b6617f11599b4115d67eb141,0.5781257440939365
2026-02-19T12:00:00Z,2026-02-19T00:00:00Z,2026-02-21T11:00:00Z,turbine_1,47,7.4,3.82,6.0,7.26,278,7.4,6.0,100,unverified,2026-02-19T12:00:00Z,assumed,1.0.0,b3ad5c95580a49b2260b1ff6ab649242c717638b569451db5f2f6be5bcf54aee,0.2113952089924649
2026-02-19T12:00:00Z,2026-02-19T00:00:00Z,2026-02-21T11:00:00Z,turbine_2,47,7.4,3.82,6.0,7.26,278,7.4,6.0,100,unverified,2026-02-19T12:00:00Z,assumed,1.0.0,8fe049cee2dbb83c819c3ad1ab9e327e982b3408b6617f11599b4115d67eb141,0.21026051531723558
2026-02-19T12:00:00Z,2026-02-19T00:00:00Z,2026-02-21T12:00:00Z,turbine_1,48,6.5,3.03,5.76,7.38,287,6.5,5.76,100,unverified,2026-02-19T12:00:00Z,assumed,1.0.0,b3ad5c95580a49b2260b1ff6ab649242c717638b569451db5f2f6be5bcf54aee,0.17872851479565954
2026-02-19T12:00:00Z,2026-02-19T00:00:00Z,2026-02-21T12:00:00Z,turbine_2,48,6.5,3.03,5.76,7.38,287,6.5,5.76,100,unverified,2026-02-19T12:00:00Z,assumed,1.0.0,8fe049cee2dbb83c819c3ad1ab9e327e982b3408b6617f11599b4115d67eb141,0.16449090350298567
2026-02-20T12:00:00Z,2026-02-20T00:00:00Z,2026-02-20T13:00:00Z,turbine_1,1,7.7,0.21,0.83,0.46,335,7.7,0.83,100,unverified,2026-02-20T12:00:00Z,assumed,1.0.0,b3ad5c95580a49b2260b1ff6ab649242c717638b569451db5f2f6be5bcf54aee,0.006669737572598644
2026-02-20T12:00:00Z,2026-02-20T00:00:00Z,2026-02-20T13:00:00Z,turbine_2,1,7.7,0.21,0.83,0.46,335,7.7,0.83,100,unverified,2026-02-20T12:00:00Z,assumed,1.0.0,8fe049cee2dbb83c819c3ad1ab9e327e982b3408b6617f11599b4115d67eb141,0.007373598080881505
2026-02-20T12:00:00Z,2026-02-20T00:00:00Z,2026-02-20T14:00:00Z,turbine_1,2,6.7,1.55,2.93,3.19,53,6.7,2.93,100,unverified,2026-02-20T12:00:00Z,assumed,1.0.0,b3ad5c95580a49b2260b1ff6ab649242c717638b569451db5f2f6be5bcf54aee,0.019136105177519958
2026-02-20T12:00:00Z,2026-02-20T00:00:00Z,2026-02-20T14:00:00Z,turbine_2,2,6.7,1.55,2.93,3.19,53,6.7,2.93,100,unverified,2026-02-20T12:00:00Z,assumed,1.0.0,8fe049cee2dbb83c819c3ad1ab9e327e982b3408b6617f11599b4115d67eb141,0.01792913825891873
2026-02-20T12:00:00Z,2026-02-20T00:00:00Z,2026-02-20T15:00:00Z,turbine_1,3,6.5,2.26,6.21,8.27,55,6.5,6.21,100,unverified,2026-02-20T12:00:00Z,assumed,1.0.0,b3ad5c95580a49b2260b1ff6ab649242c717638b569451db5f2f6be5bcf54aee,0.24387153141592333
2026-02-20T12:00:00Z,2026-02-20T00:00:00Z,2026-02-20T15:00:00Z,turbine_2,3,6.5,2.26,6.21,8.27,55,6.5,6.21,100,unverified,2026-02-20T12:00:00Z,assumed,1.0.0,8fe049cee2dbb83c819c3ad1ab9e327e982b3408b6617f11599b4115d67eb141,0.23467419587669447
2026-02-20T12:00:00Z,2026-02-20T00:00:00Z,2026-02-20T16:00:00Z,turbine_1,4,6.9,3.0,7.1,9.05,61,6.9,7.1,100,unverified,2026-02-20T12:00:00Z,assumed,1.0.0,b3ad5c95580a49b2260b1ff6ab649242c717638b569451db5f2f6be5bcf54aee,0.36796607123229225
2026-02-20T12:00:00Z,2026-02-20T00:00:00Z,2026-02-20T16:00:00Z,turbine_2,4,6.9,3.0,7.1,9.05,61,6.9,7.1,100,unverified,2026-02-20T12:00:00Z,assumed,1.0.0,8fe049cee2dbb83c819c3ad1ab9e327e982b3408b6617f11599b4115d67eb141,0.3703974344839157
2026-02-20T12:00:00Z,2026-02-20T00:00:00Z,2026-02-20T17:00:00Z,turbine_1,5,5.5,3.31,7.22,9.4,63,5.5,7.22,100,unverified,2026-02-20T12:00:00Z,assumed,1.0.0,b3ad5c95580a49b2260b1ff6ab649242c717638b569451db5f2f6be5bcf54aee,0.39776352675762683
2026-02-20T12:00:00Z,2026-02-20T00:00:00Z,2026-02-20T17:00:00Z,turbine_2,5,5.5,3.31,7.22,9.4,63,5.5,7.22,100,unverified,2026-02-20T12:00:00Z,assumed,1.0.0,8fe049cee2dbb83c819c3ad1ab9e327e982b3408b6617f11599b4115d67eb141,0.3674113888072418
2026-02-20T12:00:00Z,2026-02-20T00:00:00Z,2026-02-20T18:00:00Z,turbine_1,6,4.5,4.07,8.04,10.01,66,4.5,8.04,100,unverified,2026-02-20T12:00:00Z,assumed,1.0.0,b3ad5c95580a49b2260b1ff6ab649242c717638b569451db5f2f6be5bcf54aee,0.5361200323625601
2026-02-20T12:00:00Z,2026-02-20T00:00:00Z,2026-02-20T18:00:00Z,turbine_2,6,4.5,4.07,8.04,10.01,66,4.5,8.04,100,unverified,2026-02-20T12:00:00Z,assumed,1.0.0,8fe049cee2dbb83c819c3ad1ab9e327e982b3408b6617f11599b4115d67eb141,0.48549633150483074
2026-02-20T12:00:00Z,2026-02-20T00:00:00Z,2026-02-20T19:00:00Z,turbine_1,7,3.9,4.26,8.3,9.96,70,3.9,8.3,100,unverified,2026-02-20T12:00:00Z,assumed,1.0.0,b3ad5c95580a49b2260b1ff6ab649242c717638b569451db5f2f6be5bcf54aee,0.5868206244242987
2026-02-20T12:00:00Z,2026-02-20T00:00:00Z,2026-02-20T19:00:00Z,turbine_2,7,3.9,4.26,8.3,9.96,70,3.9,8.3,100,unverified,2026-02-20T12:00:00Z,assumed,1.0.0,8fe049cee2dbb83c819c3ad1ab9e327e982b3408b6617f11599b4115d67eb141,0.569053756177857
2026-02-20T12:00:00Z,2026-02-20T00:00:00Z,2026-02-20T20:00:00Z,turbine_1,8,3.9,4.33,8.26,9.92,73,3.9,8.26,100,unverified,2026-02-20T12:00:00Z,assumed,1.0.0,b3ad5c95580a49b2260b1ff6ab649242c717638b569451db5f2f6be5bcf54aee,0.5787665993622657
2026-02-20T12:00:00Z,2026-02-20T00:00:00Z,2026-02-20T20:00:00Z,turbine_2,8,3.9,4.33,8.26,9.92,73,3.9,8.26,100,unverified,2026-02-20T12:00:00Z,assumed,1.0.0,8fe049cee2dbb83c819c3ad1ab9e327e982b3408b6617f11599b4115d67eb141,0.558308840061204
2026-02-20T12:00:00Z,2026-02-20T00:00:00Z,2026-02-20T21:00:00Z,turbine_1,9,4.1,3.93,7.58,9.19,74,4.1,7.58,100,unverified,2026-02-20T12:00:00Z,assumed,1.0.0,b3ad5c95580a49b2260b1ff6ab649242c717638b569451db5f2f6be5bcf54aee,0.46265428402357617
2026-02-20T12:00:00Z,2026-02-20T00:00:00Z,2026-02-20T21:00:00Z,turbine_2,9,4.1,3.93,7.58,9.19,74,4.1,7.58,100,unverified,2026-02-20T12:00:00Z,assumed,1.0.0,8fe049cee2dbb83c819c3ad1ab9e327e982b3408b6617f11599b4115d67eb141,0.4344652639155435
2026-02-20T12:00:00Z,2026-02-20T00:00:00Z,2026-02-20T22:00:00Z,turbine_1,10,3.9,3.58,7.2,8.49,73,3.9,7.2,100,unverified,2026-02-20T12:00:00Z,assumed,1.0.0,b3ad5c95580a49b2260b1ff6ab649242c717638b569451db5f2f6be5bcf54aee,0.39856901232413
2026-02-20T12:00:00Z,2026-02-20T00:00:00Z,2026-02-20T22:00:00Z,turbine_2,10,3.9,3.58,7.2,8.49,73,3.9,7.2,100,unverified,2026-02-20T12:00:00Z,assumed,1.0.0,8fe049cee2dbb83c819c3ad1ab9e327e982b3408b6617f11599b4115d67eb141,0.36861238672384866
2026-02-20T12:00:00Z,2026-02-20T00:00:00Z,2026-02-20T23:00:00Z,turbine_1,11,3.9,3.42,6.77,8.36,72,3.9,6.77,100,unverified,2026-02-20T12:00:00Z,assumed,1.0.0,b3ad5c95580a49b2260b1ff6ab649242c717638b569451db5f2f6be5bcf54aee,0.3258883385272275
2026-02-20T12:00:00Z,2026-02-20T00:00:00Z,2026-02-20T23:00:00Z,turbine_2,11,3.9,3.42,6.77,8.36,72,3.9,6.77,100,unverified,2026-02-20T12:00:00Z,assumed,1.0.0,8fe049cee2dbb83c819c3ad1ab9e327e982b3408b6617f11599b4115d67eb141,0.30652099480206824
2026-02-20T12:00:00Z,2026-02-20T00:00:00Z,2026-02-21T00:00:00Z,turbine_1,12,3.8,2.82,5.81,7.65,75,3.8,5.81,100,unverified,2026-02-20T12:00:00Z,assumed,1.0.0,b3ad5c95580a49b2260b1ff6ab649242c717638b569451db5f2f6be5bcf54aee,0.19127399695533245
2026-02-20T12:00:00Z,2026-02-20T00:00:00Z,2026-02-21T00:00:00Z,turbine_2,12,3.8,2.82,5.81,7.65,75,3.8,5.81,100,unverified,2026-02-20T12:00:00Z,assumed,1.0.0,8fe049cee2dbb83c819c3ad1ab9e327e982b3408b6617f11599b4115d67eb141,0.16863502769395255
2026-02-20T12:00:00Z,2026-02-20T00:00:00Z,2026-02-21T01:00:00Z,turbine_1,13,3.2,2.3,4.94,6.74,74,3.2,4.94,100,unverified,2026-02-20T12:00:00Z,assumed,1.0.0,b3ad5c95580a49b2260b1ff6ab649242c717638b569451db5f2f6be5bcf54aee,0.10465396224039808
2026-02-20T12:00:00Z,2026-02-20T00:00:00Z,2026-02-21T01:00:00Z,turbine_2,13,3.2,2.3,4.94,6.74,74,3.2,4.94,100,unverified,2026-02-20T12:00:00Z,assumed,1.0.0,8fe049cee2dbb83c819c3ad1ab9e327e982b3408b6617f11599b4115d67eb141,0.08696719482813325
2026-02-20T12:00:00Z,2026-02-20T00:00:00Z,2026-02-21T02:00:00Z,turbine_1,14,3.3,2.3,4.62,6.55,84,3.3,4.62,100,unverified,2026-02-20T12:00:00Z,assumed,1.0.0,b3ad5c95580a49b2260b1ff6ab649242c717638b569451db5f2f6be5bcf54aee,0.08459878592726167
2026-02-20T12:00:00Z,2026-02-20T00:00:00Z,2026-02-21T02:00:00Z,turbine_2,14,3.3,2.3,4.62,6.55,84,3.3,4.62,100,unverified,2026-02-20T12:00:00Z,assumed,1.0.0,8fe049cee2dbb83c819c3ad1ab9e327e982b3408b6617f11599b4115d67eb141,0.07384490061713622
2026-02-20T12:00:00Z,2026-02-20T00:00:00Z,2026-02-21T03:00:00Z,turbine_1,15,4.7,2.59,4.51,6.54,75,4.7,4.51,100,unverified,2026-02-20T12:00:00Z,assumed,1.0.0,b3ad5c95580a49b2260b1ff6ab649242c717638b569451db5f2f6be5bcf54aee,0.07576024770830497
2026-02-20T12:00:00Z,2026-02-20T00:00:00Z,2026-02-21T03:00:00Z,turbine_2,15,4.7,2.59,4.51,6.54,75,4.7,4.51,100,unverified,2026-02-20T12:00:00Z,assumed,1.0.0,8fe049cee2dbb83c819c3ad1ab9e327e982b3408b6617f11599b4115d67eb141,0.06826259948607011
2026-02-20T12:00:00Z,2026-02-20T00:00:00Z,2026-02-21T04:00:00Z,turbine_1,16,5.7,1.14,0.76,2.6,349,5.7,0.76,100,unverified,2026-02-20T12:00:00Z,assumed,1.0.0,b3ad5c95580a49b2260b1ff6ab649242c717638b569451db5f2f6be5bcf54aee,0.007434942765737307
2026-02-20T12:00:00Z,2026-02-20T00:00:00Z,2026-02-21T04:00:00Z,turbine_2,16,5.7,1.14,0.76,2.6,349,5.7,0.76,100,unverified,2026-02-20T12:00:00Z,assumed,1.0.0,8fe049cee2dbb83c819c3ad1ab9e327e982b3408b6617f11599b4115d67eb141,0.008326911488457989
2026-02-20T12:00:00Z,2026-02-20T00:00:00Z,2026-02-21T05:00:00Z,turbine_1,17,8.2,4.17,5.76,5.39,236,8.2,5.76,100,unverified,2026-02-20T12:00:00Z,assumed,1.0.0,b3ad5c95580a49b2260b1ff6ab649242c717638b569451db5f2f6be5bcf54aee,0.18252819992873
2026-02-20T12:00:00Z,2026-02-20T00:00:00Z,2026-02-21T05:00:00Z,turbine_2,17,8.2,4.17,5.76,5.39,236,8.2,5.76,100,unverified,2026-02-20T12:00:00Z,assumed,1.0.0,8fe049cee2dbb83c819c3ad1ab9e327e982b3408b6617f11599b4115d67eb141,0.1728061825982783
2026-02-20T12:00:00Z,2026-02-20T00:00:00Z,2026-02-21T06:00:00Z,turbine_1,18,7.6,8.3,13.6,16.86,270,7.6,13.6,100,unverified,2026-02-20T12:00:00Z,assumed,1.0.0,b3ad5c95580a49b2260b1ff6ab649242c717638b569451db5f2f6be5bcf54aee,0.9732688149633374
2026-02-20T12:00:00Z,2026-02-20T00:00:00Z,2026-02-21T06:00:00Z,turbine_2,18,7.6,8.3,13.6,16.86,270,7.6,13.6,100,unverified,2026-02-20T12:00:00Z,assumed,1.0.0,8fe049cee2dbb83c819c3ad1ab9e327e982b3408b6617f11599b4115d67eb141,0.9688515303074704
2026-02-20T12:00:00Z,2026-02-20T00:00:00Z,2026-02-21T07:00:00Z,turbine_1,19,8.2,8.01,12.67,15.49,267,8.2,12.67,100,unverified,2026-02-20T12:00:00Z,assumed,1.0.0,b3ad5c95580a49b2260b1ff6ab649242c717638b569451db5f2f6be5bcf54aee,0.976886209438741
2026-02-20T12:00:00Z,2026-02-20T00:00:00Z,2026-02-21T07:00:00Z,turbine_2,19,8.2,8.01,12.67,15.49,267,8.2,12.67,100,unverified,2026-02-20T12:00:00Z,assumed,1.0.0,8fe049cee2dbb83c819c3ad1ab9e327e982b3408b6617f11599b4115d67eb141,0.9659613387611133
2026-02-20T12:00:00Z,2026-02-20T00:00:00Z,2026-02-21T08:00:00Z,turbine_1,20,7.5,8.22,12.84,15.2,275,7.5,12.84,100,unverified,2026-02-20T12:00:00Z,assumed,1.0.0,b3ad5c95580a49b2260b1ff6ab649242c717638b569451db5f2f6be5bcf54aee,0.9725147686591381
2026-02-20T12:00:00Z,2026-02-20T00:00:00Z,2026-02-21T08:00:00Z,turbine_2,20,7.5,8.22,12.84,15.2,275,7.5,12.84,100,unverified,2026-02-20T12:00:00Z,assumed,1.0.0,8fe049cee2dbb83c819c3ad1ab9e327e982b3408b6617f11599b4115d67eb141,0.9680885859858918
2026-02-20T12:00:00Z,2026-02-20T00:00:00Z,2026-02-21T09:00:00Z,turbine_1,21,8.1,7.42,10.47,11.77,274,8.1,10.47,100,unverified,2026-02-20T12:00:00Z,assumed,1.0.0,b3ad5c95580a49b2260b1ff6ab649242c717638b569451db5f2f6be5bcf54aee,0.8863242473097618
2026-02-20T12:00:00Z,2026-02-20T00:00:00Z,2026-02-21T09:00:00Z,turbine_2,21,8.1,7.42,10.47,11.77,274,8.1,10.47,100,unverified,2026-02-20T12:00:00Z,assumed,1.0.0,8fe049cee2dbb83c819c3ad1ab9e327e982b3408b6617f11599b4115d67eb141,0.8798333895028674
2026-02-20T12:00:00Z,2026-02-20T00:00:00Z,2026-02-21T10:00:00Z,turbine_1,22,7.4,6.96,10.06,11.2,268,7.4,10.06,100,unverified,2026-02-20T12:00:00Z,assumed,1.0.0,b3ad5c95580a49b2260b1ff6ab649242c717638b569451db5f2f6be5bcf54aee,0.8402597062878675
2026-02-20T12:00:00Z,2026-02-20T00:00:00Z,2026-02-21T10:00:00Z,turbine_2,22,7.4,6.96,10.06,11.2,268,7.4,10.06,100,unverified,2026-02-20T12:00:00Z,assumed,1.0.0,8fe049cee2dbb83c819c3ad1ab9e327e982b3408b6617f11599b4115d67eb141,0.8350933275886161
2026-02-20T12:00:00Z,2026-02-20T00:00:00Z,2026-02-21T11:00:00Z,turbine_1,23,6.7,5.59,8.75,10.4,264,6.7,8.75,100,unverified,2026-02-20T12:00:00Z,assumed,1.0.0,b3ad5c95580a49b2260b1ff6ab649242c717638b569451db5f2f6be5bcf54aee,0.6499602940834304
2026-02-20T12:00:00Z,2026-02-20T00:00:00Z,2026-02-21T11:00:00Z,turbine_2,23,6.7,5.59,8.75,10.4,264,6.7,8.75,100,unverified,2026-02-20T12:00:00Z,assumed,1.0.0,8fe049cee2dbb83c819c3ad1ab9e327e982b3408b6617f11599b4115d67eb141,0.6158688368021208
2026-02-20T12:00:00Z,2026-02-20T00:00:00Z,2026-02-21T12:00:00Z,turbine_1,24,6.9,5.02,8.41,9.8,267,6.9,8.41,100,unverified,2026-02-20T12:00:00Z,assumed,1.0.0,b3ad5c95580a49b2260b1ff6ab649242c717638b569451db5f2f6be5bcf54aee,0.5903466072706334
2026-02-20T12:00:00Z,2026-02-20T00:00:00Z,2026-02-21T12:00:00Z,turbine_2,24,6.9,5.02,8.41,9.8,267,6.9,8.41,100,unverified,2026-02-20T12:00:00Z,assumed,1.0.0,8fe049cee2dbb83c819c3ad1ab9e327e982b3408b6617f11599b4115d67eb141,0.5819701742332128
2026-02-20T12:00:00Z,2026-02-20T00:00:00Z,2026-02-21T13:00:00Z,turbine_1,25,5.8,2.86,6.4,8.28,256,5.8,6.4,100,unverified,2026-02-20T12:00:00Z,assumed,1.0.0,b3ad5c95580a49b2260b1ff6ab649242c717638b569451db5f2f6be5bcf54aee,0.2701975173032952
2026-02-20T12:00:00Z,2026-02-20T00:00:00Z,2026-02-21T13:00:00Z,turbine_2,25,5.8,2.86,6.4,8.28,256,5.8,6.4,100,unverified,2026-02-20T12:00:00Z,assumed,1.0.0,8fe049cee2dbb83c819c3ad1ab9e327e982b3408b6617f11599b4115d67eb141,0.25421269842406213
2026-02-20T12:00:00Z,2026-02-20T00:00:00Z,2026-02-21T14:00:00Z,turbine_1,26,5.6,3.04,6.22,8.0,245,5.6,6.22,100,unverified,2026-02-20T12:00:00Z,assumed,1.0.0,b3ad5c95580a49b2260b1ff6ab649242c717638b569451db5f2f6be5bcf54aee,0.2517672702827793
2026-02-20T12:00:00Z,2026-02-20T00:00:00Z,2026-02-21T14:00:00Z,turbine_2,26,5.6,3.04,6.22,8.0,245,5.6,6.22,100,unverified,2026-02-20T12:00:00Z,assumed,1.0.0,8fe049cee2dbb83c819c3ad1ab9e327e982b3408b6617f11599b4115d67eb141,0.2310045152693796
2026-02-20T12:00:00Z,2026-02-20T00:00:00Z,2026-02-21T15:00:00Z,turbine_1,27,4.8,1.97,5.02,6.93,257,4.8,5.02,100,unverified,2026-02-20T12:00:00Z,assumed,1.0.0,b3ad5c95580a49b2260b1ff6ab649242c717638b569451db5f2f6be5bcf54aee,0.11372007354474795
2026-02-20T12:00:00Z,2026-02-20T00:00:00Z,2026-02-21T15:00:00Z,turbine_2,27,4.8,1.97,5.02,6.93,257,4.8,5.02,100,unverified,2026-02-20T12:00:00Z,assumed,1.0.0,8fe049cee2dbb83c819c3ad1ab9e327e982b3408b6617f11599b4115d67eb141,0.09581892410019277
2026-02-20T12:00:00Z,2026-02-20T00:00:00Z,2026-02-21T16:00:00Z,turbine_1,28,5.0,2.33,5.27,7.05,275,5.0,5.27,100,unverified,2026-02-20T12:00:00Z,assumed,1.0.0,b3ad5c95580a49b2260b1ff6ab649242c717638b569451db5f2f6be5bcf54aee,0.1406581277070695
2026-02-20T12:00:00Z,2026-02-20T00:00:00Z,2026-02-21T16:00:00Z,turbine_2,28,5.0,2.33,5.27,7.05,275,5.0,5.27,100,unverified,2026-02-20T12:00:00Z,assumed,1.0.0,8fe049cee2dbb83c819c3ad1ab9e327e982b3408b6617f11599b4115d67eb141,0.11966639379720581
2026-02-20T12:00:00Z,2026-02-20T00:00:00Z,2026-02-21T17:00:00Z,turbine_1,29,4.6,2.58,5.32,7.58,275,4.6,5.32,100,unverified,2026-02-20T12:00:00Z,assumed,1.0.0,b3ad5c95580a49b2260b1ff6ab649242c717638b569451db5f2f6be5bcf54aee,0.13855868804863256
2026-02-20T12:00:00Z,2026-02-20T00:00:00Z,2026-02-21T17:00:00Z,turbine_2,29,4.6,2.58,5.32,7.58,275,4.6,5.32,100,unverified,2026-02-20T12:00:00Z,assumed,1.0.0,8fe049cee2dbb83c819c3ad1ab9e327e982b3408b6617f11599b4115d67eb141,0.12469175642837296
2026-02-20T12:00:00Z,2026-02-20T00:00:00Z,2026-02-21T18:00:00Z,turbine_1,30,4.2,3.83,7.03,9.37,276,4.2,7.03,100,unverified,2026-02-20T12:00:00Z,assumed,1.0.0,b3ad5c95580a49b2260b1ff6ab649242c717638b569451db5f2f6be5bcf54aee,0.37151973254109694
2026-02-20T12:00:00Z,2026-02-20T00:00:00Z,2026-02-21T18:00:00Z,turbine_2,30,4.2,3.83,7.03,9.37,276,4.2,7.03,100,unverified,2026-02-20T12:00:00Z,assumed,1.0.0,8fe049cee2dbb83c819c3ad1ab9e327e982b3408b6617f11599b4115d67eb141,0.351349723307701
2026-02-20T12:00:00Z,2026-02-20T00:00:00Z,2026-02-21T19:00:00Z,turbine_1,31,3.2,4.46,7.56,9.04,250,3.2,7.56,100,unverified,2026-02-20T12:00:00Z,assumed,1.0.0,b3ad5c95580a49b2260b1ff6ab649242c717638b569451db5f2f6be5bcf54aee,0.46332365710835993
2026-02-20T12:00:00Z,2026-02-20T00:00:00Z,2026-02-21T19:00:00Z,turbine_2,31,3.2,4.46,7.56,9.04,250,3.2,7.56,100,unverified,2026-02-20T12:00:00Z,assumed,1.0.0,8fe049cee2dbb83c819c3ad1ab9e327e982b3408b6617f11599b4115d67eb141,0.4329603447861576
2026-02-20T12:00:00Z,2026-02-20T00:00:00Z,2026-02-21T20:00:00Z,turbine_1,32,2.1,4.23,7.38,8.56,243,2.1,7.38,100,unverified,2026-02-20T12:00:00Z,assumed,1.0.0,b3ad5c95580a49b2260b1ff6ab649242c717638b569451db5f2f6be5bcf54aee,0.42741531045119924
2026-02-20T12:00:00Z,2026-02-20T00:00:00Z,2026-02-21T20:00:00Z,turbine_2,32,2.1,4.23,7.38,8.56,243,2.1,7.38,100,unverified,2026-02-20T12:00:00Z,assumed,1.0.0,8fe049cee2dbb83c819c3ad1ab9e327e982b3408b6617f11599b4115d67eb141,0.4022920246926433
2026-02-20T12:00:00Z,2026-02-20T00:00:00Z,2026-02-21T21:00:00Z,turbine_1,33,1.1,3.58,6.43,6.72,225,1.1,6.43,100,unverified,2026-02-20T12:00:00Z,assumed,1.0.0,b3ad5c95580a49b2260b1ff6ab649242c717638b569451db5f2f6be5bcf54aee,0.26783088631699636
2026-02-20T12:00:00Z,2026-02-20T00:00:00Z,2026-02-21T21:00:00Z,turbine_2,33,1.1,3.58,6.43,6.72,225,1.1,6.43,100,unverified,2026-02-20T12:00:00Z,assumed,1.0.0,8fe049cee2dbb83c819c3ad1ab9e327e982b3408b6617f11599b4115d67eb141,0.24869508280633967
2026-02-20T12:00:00Z,2026-02-20T00:00:00Z,2026-02-21T22:00:00Z,turbine_1,34,-0.3,2.7,4.71,4.55,199,-0.3,4.71,100,unverified,2026-02-20T12:00:00Z,assumed,1.0.0,b3ad5c95580a49b2260b1ff6ab649242c717638b569451db5f2f6be5bcf54aee,0.07377246088885736
2026-02-20T12:00:00Z,2026-02-20T00:00:00Z,2026-02-21T22:00:00Z,turbine_2,34,-0.3,2.7,4.71,4.55,199,-0.3,4.71,100,unverified,2026-02-20T12:00:00Z,assumed,1.0.0,8fe049cee2dbb83c819c3ad1ab9e327e982b3408b6617f11599b4115d67eb141,0.06609035857290724
2026-02-20T12:00:00Z,2026-02-20T00:00:00Z,2026-02-21T23:00:00Z,turbine_1,35,-1.7,1.67,2.66,2.52,185,-1.7,2.66,100,unverified,2026-02-20T12:00:00Z,assumed,1.0.0,b3ad5c95580a49b2260b1ff6ab649242c717638b569451db5f2f6be5bcf54aee,0.008698342961275696
2026-02-20T12:00:00Z,2026-02-20T00:00:00Z,2026-02-21T23:00:00Z,turbine_2,35,-1.7,1.67,2.66,2.52,185,-1.7,2.66,100,unverified,2026-02-20T12:00:00Z,assumed,1.0.0,8fe049cee2dbb83c819c3ad1ab9e327e982b3408b6617f11599b4115d67eb141,0.005686279065831079
2026-02-20T12:00:00Z,2026-02-20T00:00:00Z,2026-02-22T00:00:00Z,turbine_1,36,-2.4,0.21,0.46,0.85,311,-2.4,0.46,100,unverified,2026-02-20T12:00:00Z,assumed,1.0.0,b3ad5c95580a49b2260b1ff6ab649242c717638b569451db5f2f6be5bcf54aee,0.007320634639534751
2026-02-20T12:00:00Z,2026-02-20T00:00:00Z,2026-02-22T00:00:00Z,turbine_2,36,-2.4,0.21,0.46,0.85,311,-2.4,0.46,100,unverified,2026-02-20T12:00:00Z,assumed,1.0.0,8fe049cee2dbb83c819c3ad1ab9e327e982b3408b6617f11599b4115d67eb141,0.009024114800264105
2026-02-20T12:00:00Z,2026-02-20T00:00:00Z,2026-02-22T01:00:00Z,turbine_1,37,-1.9,0.28,0.93,0.35,16,-1.9,0.93,100,unverified,2026-02-20T12:00:00Z,assumed,1.0.0,b3ad5c95580a49b2260b1ff6ab649242c717638b569451db5f2f6be5bcf54aee,0.007823383250202487
2026-02-20T12:00:00Z,2026-02-20T00:00:00Z,2026-02-22T01:00:00Z,turbine_2,37,-1.9,0.28,0.93,0.35,16,-1.9,0.93,100,unverified,2026-02-20T12:00:00Z,assumed,1.0.0,8fe049cee2dbb83c819c3ad1ab9e327e982b3408b6617f11599b4115d67eb141,0.00952014439262594
2026-02-20T12:00:00Z,2026-02-20T00:00:00Z,2026-02-22T02:00:00Z,turbine_1,38,-1.6,0.87,1.61,1.79,95,-1.6,1.61,100,unverified,2026-02-20T12:00:00Z,assumed,1.0.0,b3ad5c95580a49b2260b1ff6ab649242c717638b569451db5f2f6be5bcf54aee,0.007758636087759008
2026-02-20T12:00:00Z,2026-02-20T00:00:00Z,2026-02-22T02:00:00Z,turbine_2,38,-1.6,0.87,1.61,1.79,95,-1.6,1.61,100,unverified,2026-02-20T12:00:00Z,assumed,1.0.0,8fe049cee2dbb83c819c3ad1ab9e327e982b3408b6617f11599b4115d67eb141,0.008318265320288787
2026-02-20T12:00:00Z,2026-02-20T00:00:00Z,2026-02-22T03:00:00Z,turbine_1,39,1.0,1.51,1.95,2.18,87,1.0,1.95,100,unverified,2026-02-20T12:00:00Z,assumed,1.0.0,b3ad5c95580a49b2260b1ff6ab649242c717638b569451db5f2f6be5bcf54aee,0.011482662346329664
2026-02-20T12:00:00Z,2026-02-20T00:00:00Z,2026-02-22T03:00:00Z,turbine_2,39,1.0,1.51,1.95,2.18,87,1.0,1.95,100,unverified,2026-02-20T12:00:00Z,assumed,1.0.0,8fe049cee2dbb83c819c3ad1ab9e327e982b3408b6617f11599b4115d67eb141,0.012278735501338123
2026-02-20T12:00:00Z,2026-02-20T00:00:00Z,2026-02-22T04:00:00Z,turbine_1,40,3.8,1.58,2.27,2.97,76,3.8,2.27,100,unverified,2026-02-20T12:00:00Z,assumed,1.0.0,b3ad5c95580a49b2260b1ff6ab649242c717638b569451db5f2f6be5bcf54aee,0.01319054544347803
2026-02-20T12:00:00Z,2026-02-20T00:00:00Z,2026-02-22T04:00:00Z,turbine_2,40,3.8,1.58,2.27,2.97,76,3.8,2.27,100,unverified,2026-02-20T12:00:00Z,assumed,1.0.0,8fe049cee2dbb83c819c3ad1ab9e327e982b3408b6617f11599b4115d67eb141,0.010670918668283236
2026-02-20T12:00:00Z,2026-02-20T00:00:00Z,2026-02-22T05:00:00Z,turbine_1,41,5.7,2.5,3.09,3.39,40,5.7,3.09,100,unverified,2026-02-20T12:00:00Z,assumed,1.0.0,b3ad5c95580a49b2260b1ff6ab649242c717638b569451db5f2f6be5bcf54aee,0.02227037157402567
2026-02-20T12:00:00Z,2026-02-20T00:00:00Z,2026-02-22T05:00:00Z,turbine_2,41,5.7,2.5,3.09,3.39,40,5.7,3.09,100,unverified,2026-02-20T12:00:00Z,assumed,1.0.0,8fe049cee2dbb83c819c3ad1ab9e327e982b3408b6617f11599b4115d67eb141,0.016546956152091008
2026-02-20T12:00:00Z,2026-02-20T00:00:00Z,2026-02-22T06:00:00Z,turbine_1,42,7.1,3.96,5.1,5.59,41,7.1,5.1,100,unverified,2026-02-20T12:00:00Z,assumed,1.0.0,b3ad5c95580a49b2260b1ff6ab649242c717638b569451db5f2f6be5bcf54aee,0.1167415771674441
2026-02-20T12:00:00Z,2026-02-20T00:00:00Z,2026-02-22T06:00:00Z,turbine_2,42,7.1,3.96,5.1,5.59,41,7.1,5.1,100,unverified,2026-02-20T12:00:00Z,assumed,1.0.0,8fe049cee2dbb83c819c3ad1ab9e327e982b3408b6617f11599b4115d67eb141,0.11072564377208832
2026-02-20T12:00:00Z,2026-02-20T00:00:00Z,2026-02-22T07:00:00Z,turbine_1,43,8.0,5.59,7.35,7.82,50,8.0,7.35,100,unverified,2026-02-20T12:00:00Z,assumed,1.0.0,b3ad5c95580a49b2260b1ff6ab649242c717638b569451db5f2f6be5bcf54aee,0.41939466783498563
2026-02-20T12:00:00Z,2026-02-20T00:00:00Z,2026-02-22T07:00:00Z,turbine_2,43,8.0,5.59,7.35,7.82,50,8.0,7.35,100,unverified,2026-02-20T12:00:00Z,assumed,1.0.0,8fe049cee2dbb83c819c3ad1ab9e327e982b3408b6617f11599b4115d67eb141,0.4148315650430322
2026-02-20T12:00:00Z,2026-02-20T00:00:00Z,2026-02-22T08:00:00Z,turbine_1,44,9.2,6.23,8.29,8.84,52,9.2,8.29,100,unverified,2026-02-20T12:00:00Z,assumed,1.0.0,b3ad5c95580a49b2260b1ff6ab649242c717638b569451db5f2f6be5bcf54aee,0.5771731709711164
2026-02-20T12:00:00Z,2026-02-20T00:00:00Z,2026-02-22T08:00:00Z,turbine_2,44,9.2,6.23,8.29,8.84,52,9.2,8.29,100,unverified,2026-02-20T12:00:00Z,assumed,1.0.0,8fe049cee2dbb83c819c3ad1ab9e327e982b3408b6617f11599b4115d67eb141,0.5737653544038442
2026-02-20T12:00:00Z,2026-02-20T00:00:00Z,2026-02-22T09:00:00Z,turbine_1,45,9.7,6.34,8.48,8.99,52,9.7,8.48,100,unverified,2026-02-20T12:00:00Z,assumed,1.0.0,b3ad5c95580a49b2260b1ff6ab649242c717638b569451db5f2f6be5bcf54aee,0.6040123678365131
2026-02-20T12:00:00Z,2026-02-20T00:00:00Z,2026-02-22T09:00:00Z,turbine_2,45,9.7,6.34,8.48,8.99,52,9.7,8.48,100,unverified,2026-02-20T12:00:00Z,assumed,1.0.0,8fe049cee2dbb83c819c3ad1ab9e327e982b3408b6617f11599b4115d67eb141,0.5879463358674093
2026-02-20T12:00:00Z,2026-02-20T00:00:00Z,2026-02-22T10:00:00Z,turbine_1,46,9.7,6.07,8.16,8.72,54,9.7,8.16,100,unverified,2026-02-20T12:00:00Z,assumed,1.0.0,b3ad5c95580a49b2260b1ff6ab649242c717638b569451db5f2f6be5bcf54aee,0.552723944632031
2026-02-20T12:00:00Z,2026-02-20T00:00:00Z,2026-02-22T10:00:00Z,turbine_2,46,9.7,6.07,8.16,8.72,54,9.7,8.16,100,unverified,2026-02-20T12:00:00Z,assumed,1.0.0,8fe049cee2dbb83c819c3ad1ab9e327e982b3408b6617f11599b4115d67eb141,0.5393260929799956
2026-02-20T12:00:00Z,2026-02-20T00:00:00Z,2026-02-22T11:00:00Z,turbine_1,47,8.9,5.56,8.08,9.0,54,8.9,8.08,100,unverified,2026-02-20T12:00:00Z,assumed,1.0.0,b3ad5c95580a49b2260b1ff6ab649242c717638b569451db5f2f6be5bcf54aee,0.5309411050893299
2026-02-20T12:00:00Z,2026-02-20T00:00:00Z,2026-02-22T11:00:00Z,turbine_2,47,8.9,5.56,8.08,9.0,54,8.9,8.08,100,unverified,2026-02-20T12:00:00Z,assumed,1.0.0,8fe049cee2dbb83c819c3ad1ab9e327e982b3408b6617f11599b4115d67eb141,0.5171585841616729
2026-02-20T12:00:00Z,2026-02-20T00:00:00Z,2026-02-22T12:00:00Z,turbine_1,48,6.7,4.12,7.74,8.4,57,6.7,7.74,100,unverified,2026-02-20T12:00:00Z,assumed,1.0.0,b3ad5c95580a49b2260b1ff6ab649242c717638b569451db5f2f6be5bcf54aee,0.497072081074312
2026-02-20T12:00:00Z,2026-02-20T00:00:00Z,2026-02-22T12:00:00Z,turbine_2,48,6.7,4.12,7.74,8.4,57,6.7,7.74,100,unverified,2026-02-20T12:00:00Z,assumed,1.0.0,8fe049cee2dbb83c819c3ad1ab9e327e982b3408b6617f11599b4115d67eb141,0.46824733491386084
2026-02-21T12:00:00Z,2026-02-21T00:00:00Z,2026-02-21T13:00:00Z,turbine_1,1,5.7,3.01,5.6,7.31,247,5.7,5.6,100,unverified,2026-02-21T12:00:00Z,assumed,1.0.0,b3ad5c95580a49b2260b1ff6ab649242c717638b569451db5f2f6be5bcf54aee,0.16188451272043317
2026-02-21T12:00:00Z,2026-02-21T00:00:00Z,2026-02-21T13:00:00Z,turbine_2,1,5.7,3.01,5.6,7.31,247,5.7,5.6,100,unverified,2026-02-21T12:00:00Z,assumed,1.0.0,8fe049cee2dbb83c819c3ad1ab9e327e982b3408b6617f11599b4115d67eb141,0.15106484905798426
2026-02-21T12:00:00Z,2026-02-21T00:00:00Z,2026-02-21T14:00:00Z,turbine_1,2,5.6,2.11,4.85,6.9,258,5.6,4.85,100,unverified,2026-02-21T12:00:00Z,assumed,1.0.0,b3ad5c95580a49b2260b1ff6ab649242c717638b569451db5f2f6be5bcf54aee,0.10130568635927972
2026-02-21T12:00:00Z,2026-02-21T00:00:00Z,2026-02-21T14:00:00Z,turbine_2,2,5.6,2.11,4.85,6.9,258,5.6,4.85,100,unverified,2026-02-21T12:00:00Z,assumed,1.0.0,8fe049cee2dbb83c819c3ad1ab9e327e982b3408b6617f11599b4115d67eb141,0.08873994438613919
2026-02-21T12:00:00Z,2026-02-21T00:00:00Z,2026-02-21T15:00:00Z,turbine_1,3,5.4,1.8,3.67,5.35,241,5.4,3.67,100,unverified,2026-02-21T12:00:00Z,assumed,1.0.0,b3ad5c95580a49b2260b1ff6ab649242c717638b569451db5f2f6be5bcf54aee,0.04131566625504801
2026-02-21T12:00:00Z,2026-02-21T00:00:00Z,2026-02-21T15:00:00Z,turbine_2,3,5.4,1.8,3.67,5.35,241,5.4,3.67,100,unverified,2026-02-21T12:00:00Z,assumed,1.0.0,8fe049cee2dbb83c819c3ad1ab9e327e982b3408b6617f11599b4115d67eb141,0.03174061532940403
2026-02-21T12:00:00Z,2026-02-21T00:00:00Z,2026-02-21T16:00:00Z,turbine_1,4,4.8,2.06,3.71,4.64,233,4.8,3.71,100,unverified,2026-02-21T12:00:00Z,assumed,1.0.0,b3ad5c95580a49b2260b1ff6ab649242c717638b569451db5f2f6be5bcf54aee,0.039097638656543865
2026-02-21T12:00:00Z,2026-02-21T00:00:00Z,2026-02-21T16:00:00Z,turbine_2,4,4.8,2.06,3.71,4.64,233,4.8,3.71,100,unverified,2026-02-21T12:00:00Z,assumed,1.0.0,8fe049cee2dbb83c819c3ad1ab9e327e982b3408b6617f11599b4115d67eb141,0.03141670507918387
2026-02-21T12:00:00Z,2026-02-21T00:00:00Z,2026-02-21T17:00:00Z,turbine_1,5,4.3,2.38,4.0,4.55,227,4.3,4.0,100,unverified,2026-02-21T12:00:00Z,assumed,1.0.0,b3ad5c95580a49b2260b1ff6ab649242c717638b569451db5f2f6be5bcf54aee,0.05284988423322373
2026-02-21T12:00:00Z,2026-02-21T00:00:00Z,2026-02-21T17:00:00Z,turbine_2,5,4.3,2.38,4.0,4.55,227,4.3,4.0,100,unverified,2026-02-21T12:00:00Z,assumed,1.0.0,8fe049cee2dbb83c819c3ad1ab9e327e982b3408b6617f11599b4115d67eb141,0.042077401012658
2026-02-21T12:00:00Z,2026-02-21T00:00:00Z,2026-02-21T18:00:00Z,turbine_1,6,3.3,1.95,3.69,4.15,234,3.3,3.69,100,unverified,2026-02-21T12:00:00Z,assumed,1.0.0,b3ad5c95580a49b2260b1ff6ab649242c717638b569451db5f2f6be5bcf54aee,0.03878442629690465
2026-02-21T12:00:00Z,2026-02-21T00:00:00Z,2026-02-21T18:00:00Z,turbine_2,6,3.3,1.95,3.69,4.15,234,3.3,3.69,100,unverified,2026-02-21T12:00:00Z,assumed,1.0.0,8fe049cee2dbb83c819c3ad1ab9e327e982b3408b6617f11599b4115d67eb141,0.03023141342229735
2026-02-21T12:00:00Z,2026-02-21T00:00:00Z,2026-02-21T19:00:00Z,turbine_1,7,2.0,1.48,3.47,3.63,243,2.0,3.47,100,unverified,2026-02-21T12:00:00Z,assumed,1.0.0,b3ad5c95580a49b2260b1ff6ab649242c717638b569451db5f2f6be5bcf54aee,0.028729074816118638
2026-02-21T12:00:00Z,2026-02-21T00:00:00Z,2026-02-21T19:00:00Z,turbine_2,7,2.0,1.48,3.47,3.63,243,2.0,3.47,100,unverified,2026-02-21T12:00:00Z,assumed,1.0.0,8fe049cee2dbb83c819c3ad1ab9e327e982b3408b6617f11599b4115d67eb141,0.02045466606183255
2026-02-21T12:00:00Z,2026-02-21T00:00:00Z,2026-02-21T20:00:00Z,turbine_1,8,0.9,1.4,3.04,3.59,237,0.9,3.04,100,unverified,2026-02-21T12:00:00Z,assumed,1.0.0,b3ad5c95580a49b2260b1ff6ab649242c717638b569451db5f2f6be5bcf54aee,0.012671911783199319
2026-02-21T12:00:00Z,2026-02-21T00:00:00Z,2026-02-21T20:00:00Z,turbine_2,8,0.9,1.4,3.04,3.59,237,0.9,3.04,100,unverified,2026-02-21T12:00:00Z,assumed,1.0.0,8fe049cee2dbb83c819c3ad1ab9e327e982b3408b6617f11599b4115d67eb141,0.011512521056801783
2026-02-21T12:00:00Z,2026-02-21T00:00:00Z,2026-02-21T21:00:00Z,turbine_1,9,-0.5,0.76,2.2,2.65,273,-0.5,2.2,100,unverified,2026-02-21T12:00:00Z,assumed,1.0.0,b3ad5c95580a49b2260b1ff6ab649242c717638b569451db5f2f6be5bcf54aee,0.010924887773950676
2026-02-21T12:00:00Z,2026-02-21T00:00:00Z,2026-02-21T21:00:00Z,turbine_2,9,-0.5,0.76,2.2,2.65,273,-0.5,2.2,100,unverified,2026-02-21T12:00:00Z,assumed,1.0.0,8fe049cee2dbb83c819c3ad1ab9e327e982b3408b6617f11599b4115d67eb141,0.011450929098402451
2026-02-21T12:00:00Z,2026-02-21T00:00:00Z,2026-02-21T22:00:00Z,turbine_1,10,-1.2,0.5,1.71,1.99,285,-1.2,1.71,100,unverified,2026-02-21T12:00:00Z,assumed,1.0.0,b3ad5c95580a49b2260b1ff6ab649242c717638b569451db5f2f6be5bcf54aee,0.007004916238378067
2026-02-21T12:00:00Z,2026-02-21T00:00:00Z,2026-02-21T22:00:00Z,turbine_2,10,-1.2,0.5,1.71,1.99,285,-1.2,1.71,100,unverified,2026-02-21T12:00:00Z,assumed,1.0.0,8fe049cee2dbb83c819c3ad1ab9e327e982b3408b6617f11599b4115d67eb141,0.008234101194105337
2026-02-21T12:00:00Z,2026-02-21T00:00:00Z,2026-02-21T23:00:00Z,turbine_1,11,-1.1,0.35,0.7,0.98,270,-1.1,0.7,100,unverified,2026-02-21T12:00:00Z,assumed,1.0.0,b3ad5c95580a49b2260b1ff6ab649242c717638b569451db5f2f6be5bcf54aee,0.007018974894781926
2026-02-21T12:00:00Z,2026-02-21T00:00:00Z,2026-02-21T23:00:00Z,turbine_2,11,-1.1,0.35,0.7,0.98,270,-1.1,0.7,100,unverified,2026-02-21T12:00:00Z,assumed,1.0.0,8fe049cee2dbb83c819c3ad1ab9e327e982b3408b6617f11599b4115d67eb141,0.009054021268048495
2026-02-21T12:00:00Z,2026-02-21T00:00:00Z,2026-02-22T00:00:00Z,turbine_1,12,-0.9,0.49,0.5,0.61,53,-0.9,0.5,100,unverified,2026-02-21T12:00:00Z,assumed,1.0.0,b3ad5c95580a49b2260b1ff6ab649242c717638b569451db5f2f6be5bcf54aee,0.007032586125427953
2026-02-21T12:00:00Z,2026-02-21T00:00:00Z,2026-02-22T00:00:00Z,turbine_2,12,-0.9,0.49,0.5,0.61,53,-0.9,0.5,100,unverified,2026-02-21T12:00:00Z,assumed,1.0.0,8fe049cee2dbb83c819c3ad1ab9e327e982b3408b6617f11599b4115d67eb141,0.009465476026426611
2026-02-21T12:00:00Z,2026-02-21T00:00:00Z,2026-02-22T01:00:00Z,turbine_1,13,-1.2,1.39,2.15,1.85,72,-1.2,2.15,100,unverified,2026-02-21T12:00:00Z,assumed,1.0.0,b3ad5c95580a49b2260b1ff6ab649242c717638b569451db5f2f6be5bcf54aee,0.010063653838130127
2026-02-21T12:00:00Z,2026-02-21T00:00:00Z,2026-02-22T01:00:00Z,turbine_2,13,-1.2,1.39,2.15,1.85,72,-1.2,2.15,100,unverified,2026-02-21T12:00:00Z,assumed,1.0.0,8fe049cee2dbb83c819c3ad1ab9e327e982b3408b6617f11599b4115d67eb141,0.010132710613613816
2026-02-21T12:00:00Z,2026-02-21T00:00:00Z,2026-02-22T02:00:00Z,turbine_1,14,-1.0,1.53,3.39,3.98,74,-1.0,3.39,100,unverified,2026-02-21T12:00:00Z,assumed,1.0.0,b3ad5c95580a49b2260b1ff6ab649242c717638b569451db5f2f6be5bcf54aee,0.016821016459370175
2026-02-21T12:00:00Z,2026-02-21T00:00:00Z,2026-02-22T02:00:00Z,turbine_2,14,-1.0,1.53,3.39,3.98,74,-1.0,3.39,100,unverified,2026-02-21T12:00:00Z,assumed,1.0.0,8fe049cee2dbb83c819c3ad1ab9e327e982b3408b6617f11599b4115d67eb141,0.01580734922089866
2026-02-21T12:00:00Z,2026-02-21T00:00:00Z,2026-02-22T03:00:00Z,turbine_1,15,1.8,2.82,5.57,7.16,64,1.8,5.57,100,unverified,2026-02-21T12:00:00Z,assumed,1.0.0,b3ad5c95580a49b2260b1ff6ab649242c717638b569451db5f2f6be5bcf54aee,0.14996625142983097
2026-02-21T12:00:00Z,2026-02-21T00:00:00Z,2026-02-22T03:00:00Z,turbine_2,15,1.8,2.82,5.57,7.16,64,1.8,5.57,100,unverified,2026-02-21T12:00:00Z,assumed,1.0.0,8fe049cee2dbb83c819c3ad1ab9e327e982b3408b6617f11599b4115d67eb141,0.1356182236335625
2026-02-21T12:00:00Z,2026-02-21T00:00:00Z,2026-02-22T04:00:00Z,turbine_1,16,3.6,3.79,5.82,8.51,60,3.6,5.82,100,unverified,2026-02-21T12:00:00Z,assumed,1.0.0,b3ad5c95580a49b2260b1ff6ab649242c717638b569451db5f2f6be5bcf54aee,0.19130369197552508
2026-02-21T12:00:00Z,2026-02-21T00:00:00Z,2026-02-22T04:00:00Z,turbine_2,16,3.6,3.79,5.82,8.51,60,3.6,5.82,100,unverified,2026-02-21T12:00:00Z,assumed,1.0.0,8fe049cee2dbb83c819c3ad1ab9e327e982b3408b6617f11599b4115d67eb141,0.16874921656830308
2026-02-21T12:00:00Z,2026-02-21T00:00:00Z,2026-02-22T05:00:00Z,turbine_1,17,5.2,5.18,7.27,9.71,54,5.2,7.27,100,unverified,2026-02-21T12:00:00Z,assumed,1.0.0,b3ad5c95580a49b2260b1ff6ab649242c717638b569451db5f2f6be5bcf54aee,0.4091181870109576
2026-02-21T12:00:00Z,2026-02-21T00:00:00Z,2026-02-22T05:00:00Z,turbine_2,17,5.2,5.18,7.27,9.71,54,5.2,7.27,100,unverified,2026-02-21T12:00:00Z,assumed,1.0.0,8fe049cee2dbb83c819c3ad1ab9e327e982b3408b6617f11599b4115d67eb141,0.3761202354651165
2026-02-21T12:00:00Z,2026-02-21T00:00:00Z,2026-02-22T06:00:00Z,turbine_1,18,7.1,6.41,8.69,9.99,52,7.1,8.69,100,unverified,2026-02-21T12:00:00Z,assumed,1.0.0,b3ad5c95580a49b2260b1ff6ab649242c717638b569451db5f2f6be5bcf54aee,0.6288788084988322
2026-02-21T12:00:00Z,2026-02-21T00:00:00Z,2026-02-22T06:00:00Z,turbine_2,18,7.1,6.41,8.69,9.99,52,7.1,8.69,100,unverified,2026-02-21T12:00:00Z,assumed,1.0.0,8fe049cee2dbb83c819c3ad1ab9e327e982b3408b6617f11599b4115d67eb141,0.6154885279028457
2026-02-21T12:00:00Z,2026-02-21T00:00:00Z,2026-02-22T07:00:00Z,turbine_1,19,8.7,7.18,9.66,10.42,54,8.7,9.66,100,unverified,2026-02-21T12:00:00Z,assumed,1.0.0,b3ad5c95580a49b2260b1ff6ab649242c717638b569451db5f2f6be5bcf54aee,0.7802883755970977
2026-02-21T12:00:00Z,2026-02-21T00:00:00Z,2026-02-22T07:00:00Z,turbine_2,19,8.7,7.18,9.66,10.42,54,8.7,9.66,100,unverified,2026-02-21T12:00:00Z,assumed,1.0.0,8fe049cee2dbb83c819c3ad1ab9e327e982b3408b6617f11599b4115d67eb141,0.7732904716818966
2026-02-21T12:00:00Z,2026-02-21T00:00:00Z,2026-02-22T08:00:00Z,turbine_1,20,9.6,7.16,9.59,10.11,55,9.6,9.59,100,unverified,2026-02-21T12:00:00Z,assumed,1.0.0,b3ad5c95580a49b2260b1ff6ab649242c717638b569451db5f2f6be5bcf54aee,0.7782480185849222
2026-02-21T12:00:00Z,2026-02-21T00:00:00Z,2026-02-22T08:00:00Z,turbine_2,20,9.6,7.16,9.59,10.11,55,9.6,9.59,100,unverified,2026-02-21T12:00:00Z,assumed,1.0.0,8fe049cee2dbb83c819c3ad1ab9e327e982b3408b6617f11599b4115d67eb141,0.7558956541495333
2026-02-21T12:00:00Z,2026-02-21T00:00:00Z,2026-02-22T09:00:00Z,turbine_1,21,10.1,6.67,8.93,9.4,56,10.1,8.93,100,unverified,2026-02-21T12:00:00Z,assumed,1.0.0,b3ad5c95580a49b2260b1ff6ab649242c717638b569451db5f2f6be5bcf54aee,0.6681094277689903
2026-02-21T12:00:00Z,2026-02-21T00:00:00Z,2026-02-22T09:00:00Z,turbine_2,21,10.1,6.67,8.93,9.4,56,10.1,8.93,100,unverified,2026-02-21T12:00:00Z,assumed,1.0.0,8fe049cee2dbb83c819c3ad1ab9e327e982b3408b6617f11599b4115d67eb141,0.6519349422670206
2026-02-21T12:00:00Z,2026-02-21T00:00:00Z,2026-02-22T10:00:00Z,turbine_1,22,10.0,6.15,8.28,8.77,55,10.0,8.28,100,unverified,2026-02-21T12:00:00Z,assumed,1.0.0,b3ad5c95580a49b2260b1ff6ab649242c717638b569451db5f2f6be5bcf54aee,0.5651639874121566
2026-02-21T12:00:00Z,2026-02-21T00:00:00Z,2026-02-22T10:00:00Z,turbine_2,22,10.0,6.15,8.28,8.77,55,10.0,8.28,100,unverified,2026-02-21T12:00:00Z,assumed,1.0.0,8fe049cee2dbb83c819c3ad1ab9e327e982b3408b6617f11599b4115d67eb141,0.5736319450049493
2026-02-21T12:00:00Z,2026-02-21T00:00:00Z,2026-02-22T11:00:00Z,turbine_1,23,9.3,5.57,7.92,8.74,53,9.3,7.92,100,unverified,2026-02-21T12:00:00Z,assumed,1.0.0,b3ad5c95580a49b2260b1ff6ab649242c717638b569451db5f2f6be5bcf54aee,0.5051357454491608
2026-02-21T12:00:00Z,2026-02-21T00:00:00Z,2026-02-22T11:00:00Z,turbine_2,23,9.3,5.57,7.92,8.74,53,9.3,7.92,100,unverified,2026-02-21T12:00:00Z,assumed,1.0.0,8fe049cee2dbb83c819c3ad1ab9e327e982b3408b6617f11599b4115d67eb141,0.505050661760467
2026-02-21T12:00:00Z,2026-02-21T00:00:00Z,2026-02-22T12:00:00Z,turbine_1,24,7.3,4.16,7.72,8.24,57,7.3,7.72,100,unverified,2026-02-21T12:00:00Z,assumed,1.0.0,b3ad5c95580a49b2260b1ff6ab649242c717638b569451db5f2f6be5bcf54aee,0.47731989483364
2026-02-21T12:00:00Z,2026-02-21T00:00:00Z,2026-02-22T12:00:00Z,turbine_2,24,7.3,4.16,7.72,8.24,57,7.3,7.72,100,unverified,2026-02-21T12:00:00Z,assumed,1.0.0,8fe049cee2dbb83c819c3ad1ab9e327e982b3408b6617f11599b4115d67eb141,0.4779790568893477
2026-02-21T12:00:00Z,2026-02-21T00:00:00Z,2026-02-22T13:00:00Z,turbine_1,25,4.8,2.4,5.9,6.4,68,4.8,5.9,100,unverified,2026-02-21T12:00:00Z,assumed,1.0.0,b3ad5c95580a49b2260b1ff6ab649242c717638b569451db5f2f6be5bcf54aee,0.19750062562420023
2026-02-21T12:00:00Z,2026-02-21T00:00:00Z,2026-02-22T13:00:00Z,turbine_2,25,4.8,2.4,5.9,6.4,68,4.8,5.9,100,unverified,2026-02-21T12:00:00Z,assumed,1.0.0,8fe049cee2dbb83c819c3ad1ab9e327e982b3408b6617f11599b4115d67eb141,0.1798561917627902
2026-02-21T12:00:00Z,2026-02-21T00:00:00Z,2026-02-22T14:00:00Z,turbine_1,26,2.5,1.77,4.13,4.74,79,2.5,4.13,100,unverified,2026-02-21T12:00:00Z,assumed,1.0.0,b3ad5c95580a49b2260b1ff6ab649242c717638b569451db5f2f6be5bcf54aee,0.056095717614875196
2026-02-21T12:00:00Z,2026-02-21T00:00:00Z,2026-02-22T14:00:00Z,turbine_2,26,2.5,1.77,4.13,4.74,79,2.5,4.13,100,unverified,2026-02-21T12:00:00Z,assumed,1.0.0,8fe049cee2dbb83c819c3ad1ab9e327e982b3408b6617f11599b4115d67eb141,0.0471136457325631
2026-02-21T12:00:00Z,2026-02-21T00:00:00Z,2026-02-22T15:00:00Z,turbine_1,27,1.2,1.63,3.18,3.83,83,1.2,3.18,100,unverified,2026-02-21T12:00:00Z,assumed,1.0.0,b3ad5c95580a49b2260b1ff6ab649242c717638b569451db5f2f6be5bcf54aee,0.02050007077495214
2026-02-21T12:00:00Z,2026-02-21T00:00:00Z,2026-02-22T15:00:00Z,turbine_2,27,1.2,1.63,3.18,3.83,83,1.2,3.18,100,unverified,2026-02-21T12:00:00Z,assumed,1.0.0,8fe049cee2dbb83c819c3ad1ab9e327e982b3408b6617f11599b4115d67eb141,0.01768016836035341
2026-02-21T12:00:00Z,2026-02-21T00:00:00Z,2026-02-22T16:00:00Z,turbine_1,28,0.6,1.35,2.62,4.12,72,0.6,2.62,100,unverified,2026-02-21T12:00:00Z,assumed,1.0.0,b3ad5c95580a49b2260b1ff6ab649242c717638b569451db5f2f6be5bcf54aee,0.009763114597570732
2026-02-21T12:00:00Z,2026-02-21T00:00:00Z,2026-02-22T16:00:00Z,turbine_2,28,0.6,1.35,2.62,4.12,72,0.6,2.62,100,unverified,2026-02-21T12:00:00Z,assumed,1.0.0,8fe049cee2dbb83c819c3ad1ab9e327e982b3408b6617f11599b4115d67eb141,0.010082286453203138
2026-02-21T12:00:00Z,2026-02-21T00:00:00Z,2026-02-22T17:00:00Z,turbine_1,29,0.7,1.21,1.92,3.83,83,0.7,1.92,100,unverified,2026-02-21T12:00:00Z,assumed,1.0.0,b3ad5c95580a49b2260b1ff6ab649242c717638b569451db5f2f6be5bcf54aee,0.01125451506692804
2026-02-21T12:00:00Z,2026-02-21T00:00:00Z,2026-02-22T17:00:00Z,turbine_2,29,0.7,1.21,1.92,3.83,83,0.7,1.92,100,unverified,2026-02-21T12:00:00Z,assumed,1.0.0,8fe049cee2dbb83c819c3ad1ab9e327e982b3408b6617f11599b4115d67eb141,0.01232386458449436
2026-02-21T12:00:00Z,2026-02-21T00:00:00Z,2026-02-22T18:00:00Z,turbine_1,30,0.5,1.52,1.98,2.82,146,0.5,1.98,100,unverified,2026-02-21T12:00:00Z,assumed,1.0.0,b3ad5c95580a49b2260b1ff6ab649242c717638b569451db5f2f6be5bcf54aee,0.011559223293507614
2026-02-21T12:00:00Z,2026-02-21T00:00:00Z,2026-02-22T18:00:00Z,turbine_2,30,0.5,1.52,1.98,2.82,146,0.5,1.98,100,unverified,2026-02-21T12:00:00Z,assumed,1.0.0,8fe049cee2dbb83c819c3ad1ab9e327e982b3408b6617f11599b4115d67eb141,0.012067387922417572
2026-02-21T12:00:00Z,2026-02-21T00:00:00Z,2026-02-22T19:00:00Z,turbine_1,31,0.3,2.01,2.45,1.73,160,0.3,2.45,100,unverified,2026-02-21T12:00:00Z,assumed,1.0.0,b3ad5c95580a49b2260b1ff6ab649242c717638b569451db5f2f6be5bcf54aee,0.009965508640021714
2026-02-21T12:00:00Z,2026-02-21T00:00:00Z,2026-02-22T19:00:00Z,turbine_2,31,0.3,2.01,2.45,1.73,160,0.3,2.45,100,unverified,2026-02-21T12:00:00Z,assumed,1.0.0,8fe049cee2dbb83c819c3ad1ab9e327e982b3408b6617f11599b4115d67eb141,0.011491988729000424
2026-02-21T12:00:00Z,2026-02-21T00:00:00Z,2026-02-22T20:00:00Z,turbine_1,32,0.7,1.54,1.16,0.67,155,0.7,1.16,100,unverified,2026-02-21T12:00:00Z,assumed,1.0.0,b3ad5c95580a49b2260b1ff6ab649242c717638b569451db5f2f6be5bcf54aee,0.008413151429734977
2026-02-21T12:00:00Z,2026-02-21T00:00:00Z,2026-02-22T20:00:00Z,turbine_2,32,0.7,1.54,1.16,0.67,155,0.7,1.16,100,unverified,2026-02-21T12:00:00Z,assumed,1.0.0,8fe049cee2dbb83c819c3ad1ab9e327e982b3408b6617f11599b4115d67eb141,0.010242391222802794
2026-02-21T12:00:00Z,2026-02-21T00:00:00Z,2026-02-22T21:00:00Z,turbine_1,33,1.8,0.84,0.75,0.53,127,1.8,0.75,100,unverified,2026-02-21T12:00:00Z,assumed,1.0.0,b3ad5c95580a49b2260b1ff6ab649242c717638b569451db5f2f6be5bcf54aee,0.009005488806718642
2026-02-21T12:00:00Z,2026-02-21T00:00:00Z,2026-02-22T21:00:00Z,turbine_2,33,1.8,0.84,0.75,0.53,127,1.8,0.75,100,unverified,2026-02-21T12:00:00Z,assumed,1.0.0,8fe049cee2dbb83c819c3ad1ab9e327e982b3408b6617f11599b4115d67eb141,0.009166647840003983
2026-02-21T12:00:00Z,2026-02-21T00:00:00Z,2026-02-22T22:00:00Z,turbine_1,34,2.9,0.43,0.86,1.1,187,2.9,0.86,100,unverified,2026-02-21T12:00:00Z,assumed,1.0.0,b3ad5c95580a49b2260b1ff6ab649242c717638b569451db5f2f6be5bcf54aee,0.010387331176530956
2026-02-21T12:00:00Z,2026-02-21T00:00:00Z,2026-02-22T22:00:00Z,turbine_2,34,2.9,0.43,0.86,1.1,187,2.9,0.86,100,unverified,2026-02-21T12:00:00Z,assumed,1.0.0,8fe049cee2dbb83c819c3ad1ab9e327e982b3408b6617f11599b4115d67eb141,0.014375348087138362
2026-02-21T12:00:00Z,2026-02-21T00:00:00Z,2026-02-22T23:00:00Z,turbine_1,35,2.9,0.67,1.74,2.69,231,2.9,1.74,100,unverified,2026-02-21T12:00:00Z,assumed,1.0.0,b3ad5c95580a49b2260b1ff6ab649242c717638b569451db5f2f6be5bcf54aee,0.010322584014087477
2026-02-21T12:00:00Z,2026-02-21T00:00:00Z,2026-02-22T23:00:00Z,turbine_2,35,2.9,0.67,1.74,2.69,231,2.9,1.74,100,unverified,2026-02-21T12:00:00Z,assumed,1.0.0,8fe049cee2dbb83c819c3ad1ab9e327e982b3408b6617f11599b4115d67eb141,0.01453684600416183
2026-02-21T12:00:00Z,2026-02-21T00:00:00Z,2026-02-23T00:00:00Z,turbine_1,36,2.4,1.46,3.0,4.21,242,2.4,3.0,100,unverified,2026-02-21T12:00:00Z,assumed,1.0.0,b3ad5c95580a49b2260b1ff6ab649242c717638b569451db5f2f6be5bcf54aee,0.016058980895902186
2026-02-21T12:00:00Z,2026-02-21T00:00:00Z,2026-02-23T00:00:00Z,turbine_2,36,2.4,1.46,3.0,4.21,242,2.4,3.0,100,unverified,2026-02-21T12:00:00Z,assumed,1.0.0,8fe049cee2dbb83c819c3ad1ab9e327e982b3408b6617f11599b4115d67eb141,0.0117158891173475
2026-02-21T12:00:00Z,2026-02-21T00:00:00Z,2026-02-23T01:00:00Z,turbine_1,37,2.1,1.74,3.82,4.81,256,2.1,3.82,100,unverified,2026-02-21T12:00:00Z,assumed,1.0.0,b3ad5c95580a49b2260b1ff6ab649242c717638b569451db5f2f6be5bcf54aee,0.0350311268026855
2026-02-21T12:00:00Z,2026-02-21T00:00:00Z,2026-02-23T01:00:00Z,turbine_2,37,2.1,1.74,3.82,4.81,256,2.1,3.82,100,unverified,2026-02-21T12:00:00Z,assumed,1.0.0,8fe049cee2dbb83c819c3ad1ab9e327e982b3408b6617f11599b4115d67eb141,0.02865871688805527
2026-02-21T12:00:00Z,2026-02-21T00:00:00Z,2026-02-23T02:00:00Z,turbine_1,38,2.0,1.7,3.65,4.71,261,2.0,3.65,100,unverified,2026-02-21T12:00:00Z,assumed,1.0.0,b3ad5c95580a49b2260b1ff6ab649242c717638b569451db5f2f6be5bcf54aee,0.0317661671315152
2026-02-21T12:00:00Z,2026-02-21T00:00:00Z,2026-02-23T02:00:00Z,turbine_2,38,2.0,1.7,3.65,4.71,261,2.0,3.65,100,unverified,2026-02-21T12:00:00Z,assumed,1.0.0,8fe049cee2dbb83c819c3ad1ab9e327e982b3408b6617f11599b4115d67eb141,0.028054910089459484
2026-02-21T12:00:00Z,2026-02-21T00:00:00Z,2026-02-23T03:00:00Z,turbine_1,39,4.6,1.64,3.42,4.34,255,4.6,3.42,100,unverified,2026-02-21T12:00:00Z,assumed,1.0.0,b3ad5c95580a49b2260b1ff6ab649242c717638b569451db5f2f6be5bcf54aee,0.028775713657635427
2026-02-21T12:00:00Z,2026-02-21T00:00:00Z,2026-02-23T03:00:00Z,turbine_2,39,4.6,1.64,3.42,4.34,255,4.6,3.42,100,unverified,2026-02-21T12:00:00Z,assumed,1.0.0,8fe049cee2dbb83c819c3ad1ab9e327e982b3408b6617f11599b4115d67eb141,0.021730714961620434
2026-02-21T12:00:00Z,2026-02-21T00:00:00Z,2026-02-23T04:00:00Z,turbine_1,40,7.0,1.86,3.26,4.35,266,7.0,3.26,100,unverified,2026-02-21T12:00:00Z,assumed,1.0.0,b3ad5c95580a49b2260b1ff6ab649242c717638b569451db5f2f6be5bcf54aee,0.028955486014334564
2026-02-21T12:00:00Z,2026-02-21T00:00:00Z,2026-02-23T04:00:00Z,turbine_2,40,7.0,1.86,3.26,4.35,266,7.0,3.26,100,unverified,2026-02-21T12:00:00Z,assumed,1.0.0,8fe049cee2dbb83c819c3ad1ab9e327e982b3408b6617f11599b4115d67eb141,0.02773828528229355
2026-02-21T12:00:00Z,2026-02-21T00:00:00Z,2026-02-23T05:00:00Z,turbine_1,41,8.2,2.62,3.63,4.38,285,8.2,3.63,100,unverified,2026-02-21T12:00:00Z,assumed,1.0.0,b3ad5c95580a49b2260b1ff6ab649242c717638b569451db5f2f6be5bcf54aee,0.04075408252950602
2026-02-21T12:00:00Z,2026-02-21T00:00:00Z,2026-02-23T05:00:00Z,turbine_2,41,8.2,2.62,3.63,4.38,285,8.2,3.63,100,unverified,2026-02-21T12:00:00Z,assumed,1.0.0,8fe049cee2dbb83c819c3ad1ab9e327e982b3408b6617f11599b4115d67eb141,0.035433627954494396
2026-02-21T12:00:00Z,2026-02-21T00:00:00Z,2026-02-23T06:00:00Z,turbine_1,42,9.0,3.64,4.65,4.84,289,9.0,4.65,100,unverified,2026-02-21T12:00:00Z,assumed,1.0.0,b3ad5c95580a49b2260b1ff6ab649242c717638b569451db5f2f6be5bcf54aee,0.09720360538836204
2026-02-21T12:00:00Z,2026-02-21T00:00:00Z,2026-02-23T06:00:00Z,turbine_2,42,9.0,3.64,4.65,4.84,289,9.0,4.65,100,unverified,2026-02-21T12:00:00Z,assumed,1.0.0,8fe049cee2dbb83c819c3ad1ab9e327e982b3408b6617f11599b4115d67eb141,0.09220303169396776
2026-02-21T12:00:00Z,2026-02-21T00:00:00Z,2026-02-23T07:00:00Z,turbine_1,43,9.1,4.51,5.82,6.14,286,9.1,5.82,100,unverified,2026-02-21T12:00:00Z,assumed,1.0.0,b3ad5c95580a49b2260b1ff6ab649242c717638b569451db5f2f6be5bcf54aee,0.20664874941061867
2026-02-21T12:00:00Z,2026-02-21T00:00:00Z,2026-02-23T07:00:00Z,turbine_2,43,9.1,4.51,5.82,6.14,286,9.1,5.82,100,unverified,2026-02-21T12:00:00Z,assumed,1.0.0,8fe049cee2dbb83c819c3ad1ab9e327e982b3408b6617f11599b4115d67eb141,0.18988296660609896
2026-02-21T12:00:00Z,2026-02-21T00:00:00Z,2026-02-23T08:00:00Z,turbine_1,44,9.4,4.96,6.5,6.88,284,9.4,6.5,100,unverified,2026-02-21T12:00:00Z,assumed,1.0.0,b3ad5c95580a49b2260b1ff6ab649242c717638b569451db5f2f6be5bcf54aee,0.2896994331702666
2026-02-21T12:00:00Z,2026-02-21T00:00:00Z,2026-02-23T08:00:00Z,turbine_2,44,9.4,4.96,6.5,6.88,284,9.4,6.5,100,unverified,2026-02-21T12:00:00Z,assumed,1.0.0,8fe049cee2dbb83c819c3ad1ab9e327e982b3408b6617f11599b4115d67eb141,0.2875184356065365
2026-02-21T12:00:00Z,2026-02-21T00:00:00Z,2026-02-23T09:00:00Z,turbine_1,45,9.2,5.97,7.88,8.39,291,9.2,7.88,100,unverified,2026-02-21T12:00:00Z,assumed,1.0.0,b3ad5c95580a49b2260b1ff6ab649242c717638b569451db5f2f6be5bcf54aee,0.5000734387479461
2026-02-21T12:00:00Z,2026-02-21T00:00:00Z,2026-02-23T09:00:00Z,turbine_2,45,9.2,5.97,7.88,8.39,291,9.2,7.88,100,unverified,2026-02-21T12:00:00Z,assumed,1.0.0,8fe049cee2dbb83c819c3ad1ab9e327e982b3408b6617f11599b4115d67eb141,0.48481585373819663
2026-02-21T12:00:00Z,2026-02-21T00:00:00Z,2026-02-23T10:00:00Z,turbine_1,46,7.9,6.28,8.57,9.2,288,7.9,8.57,100,unverified,2026-02-21T12:00:00Z,assumed,1.0.0,b3ad5c95580a49b2260b1ff6ab649242c717638b569451db5f2f6be5bcf54aee,0.6235440923047929
2026-02-21T12:00:00Z,2026-02-21T00:00:00Z,2026-02-23T10:00:00Z,turbine_2,46,7.9,6.28,8.57,9.2,288,7.9,8.57,100,unverified,2026-02-21T12:00:00Z,assumed,1.0.0,8fe049cee2dbb83c819c3ad1ab9e327e982b3408b6617f11599b4115d67eb141,0.6014124551172138
2026-02-21T12:00:00Z,2026-02-21T00:00:00Z,2026-02-23T11:00:00Z,turbine_1,47,6.2,6.47,9.19,10.05,275,6.2,9.19,100,unverified,2026-02-21T12:00:00Z,assumed,1.0.0,b3ad5c95580a49b2260b1ff6ab649242c717638b569451db5f2f6be5bcf54aee,0.719198586615416
2026-02-21T12:00:00Z,2026-02-21T00:00:00Z,2026-02-23T11:00:00Z,turbine_2,47,6.2,6.47,9.19,10.05,275,6.2,9.19,100,unverified,2026-02-21T12:00:00Z,assumed,1.0.0,8fe049cee2dbb83c819c3ad1ab9e327e982b3408b6617f11599b4115d67eb141,0.5566586587471897
2026-02-21T12:00:00Z,2026-02-21T00:00:00Z,2026-02-23T12:00:00Z,turbine_1,48,4.8,6.42,9.76,11.05,267,4.8,9.76,100,unverified,2026-02-21T12:00:00Z,assumed,1.0.0,b3ad5c95580a49b2260b1ff6ab649242c717638b569451db5f2f6be5bcf54aee,0.8125477336150397
2026-02-21T12:00:00Z,2026-02-21T00:00:00Z,2026-02-23T12:00:00Z,turbine_2,48,4.8,6.42,9.76,11.05,267,4.8,9.76,100,unverified,2026-02-21T12:00:00Z,assumed,1.0.0,8fe049cee2dbb83c819c3ad1ab9e327e982b3408b6617f11599b4115d67eb141,0.7675677411263417
2026-02-22T12:00:00Z,2026-02-22T00:00:00Z,2026-02-22T13:00:00Z,turbine_1,1,5.1,2.46,6.02,6.47,66,5.1,6.02,100,unverified,2026-02-22T12:00:00Z,assumed,1.0.0,b3ad5c95580a49b2260b1ff6ab649242c717638b569451db5f2f6be5bcf54aee,0.2166199619552246
2026-02-22T12:00:00Z,2026-02-22T00:00:00Z,2026-02-22T13:00:00Z,turbine_2,1,5.1,2.46,6.02,6.47,66,5.1,6.02,100,unverified,2026-02-22T12:00:00Z,assumed,1.0.0,8fe049cee2dbb83c819c3ad1ab9e327e982b3408b6617f11599b4115d67eb141,0.19600539223182933
2026-02-22T12:00:00Z,2026-02-22T00:00:00Z,2026-02-22T14:00:00Z,turbine_1,2,2.9,1.81,4.03,4.74,83,2.9,4.03,100,unverified,2026-02-22T12:00:00Z,assumed,1.0.0,b3ad5c95580a49b2260b1ff6ab649242c717638b569451db5f2f6be5bcf54aee,0.053878713450694116
2026-02-22T12:00:00Z,2026-02-22T00:00:00Z,2026-02-22T14:00:00Z,turbine_2,2,2.9,1.81,4.03,4.74,83,2.9,4.03,100,unverified,2026-02-22T12:00:00Z,assumed,1.0.0,8fe049cee2dbb83c819c3ad1ab9e327e982b3408b6617f11599b4115d67eb141,0.052086301249158085
2026-02-22T12:00:00Z,2026-02-22T00:00:00Z,2026-02-22T15:00:00Z,turbine_1,3,1.1,1.45,2.71,3.76,78,1.1,2.71,100,unverified,2026-02-22T12:00:00Z,assumed,1.0.0,b3ad5c95580a49b2260b1ff6ab649242c717638b569451db5f2f6be5bcf54aee,0.01166495194185363
2026-02-22T12:00:00Z,2026-02-22T00:00:00Z,2026-02-22T15:00:00Z,turbine_2,3,1.1,1.45,2.71,3.76,78,1.1,2.71,100,unverified,2026-02-22T12:00:00Z,assumed,1.0.0,8fe049cee2dbb83c819c3ad1ab9e327e982b3408b6617f11599b4115d67eb141,0.009469768407819046
2026-02-22T12:00:00Z,2026-02-22T00:00:00Z,2026-02-22T16:00:00Z,turbine_1,4,0.4,1.18,2.4,4.06,67,0.4,2.4,100,unverified,2026-02-22T12:00:00Z,assumed,1.0.0,b3ad5c95580a49b2260b1ff6ab649242c717638b569451db5f2f6be5bcf54aee,0.010374585543065196
2026-02-22T12:00:00Z,2026-02-22T00:00:00Z,2026-02-22T16:00:00Z,turbine_2,4,0.4,1.18,2.4,4.06,67,0.4,2.4,100,unverified,2026-02-22T12:00:00Z,assumed,1.0.0,8fe049cee2dbb83c819c3ad1ab9e327e982b3408b6617f11599b4115d67eb141,0.011376530670846707
2026-02-22T12:00:00Z,2026-02-22T00:00:00Z,2026-02-22T17:00:00Z,turbine_1,5,0.6,1.25,2.4,4.08,88,0.6,2.4,100,unverified,2026-02-22T12:00:00Z,assumed,1.0.0,b3ad5c95580a49b2260b1ff6ab649242c717638b569451db5f2f6be5bcf54aee,0.010494835980871087
2026-02-22T12:00:00Z,2026-02-22T00:00:00Z,2026-02-22T17:00:00Z,turbine_2,5,0.6,1.25,2.4,4.08,88,0.6,2.4,100,unverified,2026-02-22T12:00:00Z,assumed,1.0.0,8fe049cee2dbb83c819c3ad1ab9e327e982b3408b6617f11599b4115d67eb141,0.011459658664030814
2026-02-22T12:00:00Z,2026-02-22T00:00:00Z,2026-02-22T18:00:00Z,turbine_1,6,0.3,1.52,2.09,2.74,134,0.3,2.09,100,unverified,2026-02-22T12:00:00Z,assumed,1.0.0,b3ad5c95580a49b2260b1ff6ab649242c717638b569451db5f2f6be5bcf54aee,0.011794729935478643
2026-02-22T12:00:00Z,2026-02-22T00:00:00Z,2026-02-22T18:00:00Z,turbine_2,6,0.3,1.52,2.09,2.74,134,0.3,2.09,100,unverified,2026-02-22T12:00:00Z,assumed,1.0.0,8fe049cee2dbb83c819c3ad1ab9e327e982b3408b6617f11599b4115d67eb141,0.012164531532418366
2026-02-22T12:00:00Z,2026-02-22T00:00:00Z,2026-02-22T19:00:00Z,turbine_1,7,0.5,2.09,2.26,1.75,162,0.5,2.26,100,unverified,2026-02-22T12:00:00Z,assumed,1.0.0,b3ad5c95580a49b2260b1ff6ab649242c717638b569451db5f2f6be5bcf54aee,0.011917277923734482
2026-02-22T12:00:00Z,2026-02-22T00:00:00Z,2026-02-22T19:00:00Z,turbine_2,7,0.5,2.09,2.26,1.75,162,0.5,2.26,100,unverified,2026-02-22T12:00:00Z,assumed,1.0.0,8fe049cee2dbb83c819c3ad1ab9e327e982b3408b6617f11599b4115d67eb141,0.012012458788797975
2026-02-22T12:00:00Z,2026-02-22T00:00:00Z,2026-02-22T20:00:00Z,turbine_1,8,1.0,1.45,1.5,1.21,150,1.0,1.5,100,unverified,2026-02-22T12:00:00Z,assumed,1.0.0,b3ad5c95580a49b2260b1ff6ab649242c717638b569451db5f2f6be5bcf54aee,0.008344925727835184
2026-02-22T12:00:00Z,2026-02-22T00:00:00Z,2026-02-22T20:00:00Z,turbine_2,8,1.0,1.45,1.5,1.21,150,1.0,1.5,100,unverified,2026-02-22T12:00:00Z,assumed,1.0.0,8fe049cee2dbb83c819c3ad1ab9e327e982b3408b6617f11599b4115d67eb141,0.009742996997866793
2026-02-22T12:00:00Z,2026-02-22T00:00:00Z,2026-02-22T21:00:00Z,turbine_1,9,2.1,1.04,1.56,1.45,96,2.1,1.56,100,unverified,2026-02-22T12:00:00Z,assumed,1.0.0,b3ad5c95580a49b2260b1ff6ab649242c717638b569451db5f2f6be5bcf54aee,0.008940741644275163
2026-02-22T12:00:00Z,2026-02-22T00:00:00Z,2026-02-22T21:00:00Z,turbine_2,9,2.1,1.04,1.56,1.45,96,2.1,1.56,100,unverified,2026-02-22T12:00:00Z,assumed,1.0.0,8fe049cee2dbb83c819c3ad1ab9e327e982b3408b6617f11599b4115d67eb141,0.008591269547949476
2026-02-22T12:00:00Z,2026-02-22T00:00:00Z,2026-02-22T22:00:00Z,turbine_1,10,3.2,0.63,1.95,1.38,93,3.2,1.95,100,unverified,2026-02-22T12:00:00Z,assumed,1.0.0,b3ad5c95580a49b2260b1ff6ab649242c717638b569451db5f2f6be5bcf54aee,0.012821300896210586
2026-02-22T12:00:00Z,2026-02-22T00:00:00Z,2026-02-22T22:00:00Z,turbine_2,10,3.2,0.63,1.95,1.38,93,3.2,1.95,100,unverified,2026-02-22T12:00:00Z,assumed,1.0.0,8fe049cee2dbb83c819c3ad1ab9e327e982b3408b6617f11599b4115d67eb141,0.01006316755918163
2026-02-22T12:00:00Z,2026-02-22T00:00:00Z,2026-02-22T23:00:00Z,turbine_1,11,3.1,0.47,1.41,0.96,107,3.1,1.41,100,unverified,2026-02-22T12:00:00Z,assumed,1.0.0,b3ad5c95580a49b2260b1ff6ab649242c717638b569451db5f2f6be5bcf54aee,0.009442058976011025
2026-02-22T12:00:00Z,2026-02-22T00:00:00Z,2026-02-22T23:00:00Z,turbine_2,11,3.1,0.47,1.41,0.96,107,3.1,1.41,100,unverified,2026-02-22T12:00:00Z,assumed,1.0.0,8fe049cee2dbb83c819c3ad1ab9e327e982b3408b6617f11599b4115d67eb141,0.00807583891495589
2026-02-22T12:00:00Z,2026-02-22T00:00:00Z,2026-02-23T00:00:00Z,turbine_1,12,3.0,0.35,1.0,1.66,174,3.0,1.0,100,unverified,2026-02-22T12:00:00Z,assumed,1.0.0,b3ad5c95580a49b2260b1ff6ab649242c717638b569451db5f2f6be5bcf54aee,0.009461710536119217
2026-02-22T12:00:00Z,2026-02-22T00:00:00Z,2026-02-23T00:00:00Z,turbine_2,12,3.0,0.35,1.0,1.66,174,3.0,1.0,100,unverified,2026-02-22T12:00:00Z,assumed,1.0.0,8fe049cee2dbb83c819c3ad1ab9e327e982b3408b6617f11599b4115d67eb141,0.008233886895712361
2026-02-22T12:00:00Z,2026-02-22T00:00:00Z,2026-02-23T01:00:00Z,turbine_1,13,2.3,1.01,2.23,2.66,230,2.3,2.23,100,unverified,2026-02-22T12:00:00Z,assumed,1.0.0,b3ad5c95580a49b2260b1ff6ab649242c717638b569451db5f2f6be5bcf54aee,0.014153331445530826
2026-02-22T12:00:00Z,2026-02-22T00:00:00Z,2026-02-23T01:00:00Z,turbine_2,13,2.3,1.01,2.23,2.66,230,2.3,2.23,100,unverified,2026-02-22T12:00:00Z,assumed,1.0.0,8fe049cee2dbb83c819c3ad1ab9e327e982b3408b6617f11599b4115d67eb141,0.010500938377071833
2026-02-22T12:00:00Z,2026-02-22T00:00:00Z,2026-02-23T02:00:00Z,turbine_1,14,1.8,1.85,3.89,3.76,250,1.8,3.89,100,unverified,2026-02-22T12:00:00Z,assumed,1.0.0,b3ad5c95580a49b2260b1ff6ab649242c717638b569451db5f2f6be5bcf54aee,0.04145806660231516
2026-02-22T12:00:00Z,2026-02-22T00:00:00Z,2026-02-23T02:00:00Z,turbine_2,14,1.8,1.85,3.89,3.76,250,1.8,3.89,100,unverified,2026-02-22T12:00:00Z,assumed,1.0.0,8fe049cee2dbb83c819c3ad1ab9e327e982b3408b6617f11599b4115d67eb141,0.03139147237218903
2026-02-22T12:00:00Z,2026-02-22T00:00:00Z,2026-02-23T03:00:00Z,turbine_1,15,3.7,2.44,4.28,4.93,247,3.7,4.28,100,unverified,2026-02-22T12:00:00Z,assumed,1.0.0,b3ad5c95580a49b2260b1ff6ab649242c717638b569451db5f2f6be5bcf54aee,0.06269412765901106
2026-02-22T12:00:00Z,2026-02-22T00:00:00Z,2026-02-23T03:00:00Z,turbine_2,15,3.7,2.44,4.28,4.93,247,3.7,4.28,100,unverified,2026-02-22T12:00:00Z,assumed,1.0.0,8fe049cee2dbb83c819c3ad1ab9e327e982b3408b6617f11599b4115d67eb141,0.05409500695855973
2026-02-22T12:00:00Z,2026-02-22T00:00:00Z,2026-02-23T04:00:00Z,turbine_1,16,6.4,2.28,4.06,5.8,251,6.4,4.06,100,unverified,2026-02-22T12:00:00Z,assumed,1.0.0,b3ad5c95580a49b2260b1ff6ab649242c717638b569451db5f2f6be5bcf54aee,0.06112406061847714
2026-02-22T12:00:00Z,2026-02-22T00:00:00Z,2026-02-23T04:00:00Z,turbine_2,16,6.4,2.28,4.06,5.8,251,6.4,4.06,100,unverified,2026-02-22T12:00:00Z,assumed,1.0.0,8fe049cee2dbb83c819c3ad1ab9e327e982b3408b6617f11599b4115d67eb141,0.05606533201027142
2026-02-22T12:00:00Z,2026-02-22T00:00:00Z,2026-02-23T05:00:00Z,turbine_1,17,8.1,2.91,4.03,5.03,263,8.1,4.03,100,unverified,2026-02-22T12:00:00Z,assumed,1.0.0,b3ad5c95580a49b2260b1ff6ab649242c717638b569451db5f2f6be5bcf54aee,0.05834354820298987
2026-02-22T12:00:00Z,2026-02-22T00:00:00Z,2026-02-23T05:00:00Z,turbine_2,17,8.1,2.91,4.03,5.03,263,8.1,4.03,100,unverified,2026-02-22T12:00:00Z,assumed,1.0.0,8fe049cee2dbb83c819c3ad1ab9e327e982b3408b6617f11599b4115d67eb141,0.05921963535616187
2026-02-22T12:00:00Z,2026-02-22T00:00:00Z,2026-02-23T06:00:00Z,turbine_1,18,9.0,3.65,4.85,5.41,270,9.0,4.85,100,unverified,2026-02-22T12:00:00Z,assumed,1.0.0,b3ad5c95580a49b2260b1ff6ab649242c717638b569451db5f2f6be5bcf54aee,0.11109486269101299
2026-02-22T12:00:00Z,2026-02-22T00:00:00Z,2026-02-23T06:00:00Z,turbine_2,18,9.0,3.65,4.85,5.41,270,9.0,4.85,100,unverified,2026-02-22T12:00:00Z,assumed,1.0.0,8fe049cee2dbb83c819c3ad1ab9e327e982b3408b6617f11599b4115d67eb141,0.10038338488512716
2026-02-22T12:00:00Z,2026-02-22T00:00:00Z,2026-02-23T07:00:00Z,turbine_1,19,9.4,4.41,5.63,5.86,287,9.4,5.63,100,unverified,2026-02-22T12:00:00Z,assumed,1.0.0,b3ad5c95580a49b2260b1ff6ab649242c717638b569451db5f2f6be5bcf54aee,0.1747749369487446
2026-02-22T12:00:00Z,2026-02-22T00:00:00Z,2026-02-23T07:00:00Z,turbine_2,19,9.4,4.41,5.63,5.86,287,9.4,5.63,100,unverified,2026-02-22T12:00:00Z,assumed,1.0.0,8fe049cee2dbb83c819c3ad1ab9e327e982b3408b6617f11599b4115d67eb141,0.172894470784522
2026-02-22T12:00:00Z,2026-02-22T00:00:00Z,2026-02-23T08:00:00Z,turbine_1,20,7.9,4.85,6.62,7.64,285,7.9,6.62,100,unverified,2026-02-22T12:00:00Z,assumed,1.0.0,b3ad5c95580a49b2260b1ff6ab649242c717638b569451db5f2f6be5bcf54aee,0.299292566573589
2026-02-22T12:00:00Z,2026-02-22T00:00:00Z,2026-02-23T08:00:00Z,turbine_2,20,7.9,4.85,6.62,7.64,285,7.9,6.62,100,unverified,2026-02-22T12:00:00Z,assumed,1.0.0,8fe049cee2dbb83c819c3ad1ab9e327e982b3408b6617f11599b4115d67eb141,0.29250187385728843
2026-02-22T12:00:00Z,2026-02-22T00:00:00Z,2026-02-23T09:00:00Z,turbine_1,21,8.2,5.01,6.72,7.27,274,8.2,6.72,100,unverified,2026-02-22T12:00:00Z,assumed,1.0.0,b3ad5c95580a49b2260b1ff6ab649242c717638b569451db5f2f6be5bcf54aee,0.3125850988633527
2026-02-22T12:00:00Z,2026-02-22T00:00:00Z,2026-02-23T09:00:00Z,turbine_2,21,8.2,5.01,6.72,7.27,274,8.2,6.72,100,unverified,2026-02-22T12:00:00Z,assumed,1.0.0,8fe049cee2dbb83c819c3ad1ab9e327e982b3408b6617f11599b4115d67eb141,0.30947337578525413
2026-02-22T12:00:00Z,2026-02-22T00:00:00Z,2026-02-23T10:00:00Z,turbine_1,22,7.6,5.57,7.6,8.33,279,7.6,7.6,100,unverified,2026-02-22T12:00:00Z,assumed,1.0.0,b3ad5c95580a49b2260b1ff6ab649242c717638b569451db5f2f6be5bcf54aee,0.45035166111111097
2026-02-22T12:00:00Z,2026-02-22T00:00:00Z,2026-02-23T10:00:00Z,turbine_2,22,7.6,5.57,7.6,8.33,279,7.6,7.6,100,unverified,2026-02-22T12:00:00Z,assumed,1.0.0,8fe049cee2dbb83c819c3ad1ab9e327e982b3408b6617f11599b4115d67eb141,0.44330801738315523
2026-02-22T12:00:00Z,2026-02-22T00:00:00Z,2026-02-23T11:00:00Z,turbine_1,23,6.4,6.01,8.6,9.85,270,6.4,8.6,100,unverified,2026-02-22T12:00:00Z,assumed,1.0.0,b3ad5c95580a49b2260b1ff6ab649242c717638b569451db5f2f6be5bcf54aee,0.631481148307397
2026-02-22T12:00:00Z,2026-02-22T00:00:00Z,2026-02-23T11:00:00Z,turbine_2,23,6.4,6.01,8.6,9.85,270,6.4,8.6,100,unverified,2026-02-22T12:00:00Z,assumed,1.0.0,8fe049cee2dbb83c819c3ad1ab9e327e982b3408b6617f11599b4115d67eb141,0.581874252683267
2026-02-22T12:00:00Z,2026-02-22T00:00:00Z,2026-02-23T12:00:00Z,turbine_1,24,5.2,6.22,9.5,10.86,264,5.2,9.5,100,unverified,2026-02-22T12:00:00Z,assumed,1.0.0,b3ad5c95580a49b2260b1ff6ab649242c717638b569451db5f2f6be5bcf54aee,0.7552810072155081
2026-02-22T12:00:00Z,2026-02-22T00:00:00Z,2026-02-23T12:00:00Z,turbine_2,24,5.2,6.22,9.5,10.86,264,5.2,9.5,100,unverified,2026-02-22T12:00:00Z,assumed,1.0.0,8fe049cee2dbb83c819c3ad1ab9e327e982b3408b6617f11599b4115d67eb141,0.7329123015424079
2026-02-22T12:00:00Z,2026-02-22T00:00:00Z,2026-02-23T13:00:00Z,turbine_1,25,4.0,7.08,10.64,12.01,261,4.0,10.64,100,unverified,2026-02-22T12:00:00Z,assumed,1.0.0,b3ad5c95580a49b2260b1ff6ab649242c717638b569451db5f2f6be5bcf54aee,0.9315230736293103
2026-02-22T12:00:00Z,2026-02-22T00:00:00Z,2026-02-23T13:00:00Z,turbine_2,25,4.0,7.08,10.64,12.01,261,4.0,10.64,100,unverified,2026-02-22T12:00:00Z,assumed,1.0.0,8fe049cee2dbb83c819c3ad1ab9e327e982b3408b6617f11599b4115d67eb141,0.9051199787479326
2026-02-22T12:00:00Z,2026-02-22T00:00:00Z,2026-02-23T14:00:00Z,turbine_1,26,2.7,6.93,10.38,12.02,258,2.7,10.38,100,unverified,2026-02-22T12:00:00Z,assumed,1.0.0,b3ad5c95580a49b2260b1ff6ab649242c717638b569451db5f2f6be5bcf54aee,0.9029299404290023
2026-02-22T12:00:00Z,2026-02-22T00:00:00Z,2026-02-23T14:00:00Z,turbine_2,26,2.7,6.93,10.38,12.02,258,2.7,10.38,100,unverified,2026-02-22T12:00:00Z,assumed,1.0.0,8fe049cee2dbb83c819c3ad1ab9e327e982b3408b6617f11599b4115d67eb141,0.8808313365908235
2026-02-22T12:00:00Z,2026-02-22T00:00:00Z,2026-02-23T15:00:00Z,turbine_1,27,1.6,6.83,10.26,12.22,262,1.6,10.26,100,unverified,2026-02-22T12:00:00Z,assumed,1.0.0,b3ad5c95580a49b2260b1ff6ab649242c717638b569451db5f2f6be5bcf54aee,0.8961592087007938
2026-02-22T12:00:00Z,2026-02-22T00:00:00Z,2026-02-23T15:00:00Z,turbine_2,27,1.6,6.83,10.26,12.22,262,1.6,10.26,100,unverified,2026-02-22T12:00:00Z,assumed,1.0.0,8fe049cee2dbb83c819c3ad1ab9e327e982b3408b6617f11599b4115d67eb141,0.868028700290743
2026-02-22T12:00:00Z,2026-02-22T00:00:00Z,2026-02-23T16:00:00Z,turbine_1,28,0.8,7.06,10.61,12.09,262,0.8,10.61,100,unverified,2026-02-22T12:00:00Z,assumed,1.0.0,b3ad5c95580a49b2260b1ff6ab649242c717638b569451db5f2f6be5bcf54aee,0.9294810315263651
2026-02-22T12:00:00Z,2026-02-22T00:00:00Z,2026-02-23T16:00:00Z,turbine_2,28,0.8,7.06,10.61,12.09,262,0.8,10.61,100,unverified,2026-02-22T12:00:00Z,assumed,1.0.0,8fe049cee2dbb83c819c3ad1ab9e327e982b3408b6617f11599b4115d67eb141,0.9054364667247756
2026-02-22T12:00:00Z,2026-02-22T00:00:00Z,2026-02-23T17:00:00Z,turbine_1,29,-0.4,7.51,11.04,12.59,258,-0.4,11.04,100,unverified,2026-02-22T12:00:00Z,assumed,1.0.0,b3ad5c95580a49b2260b1ff6ab649242c717638b569451db5f2f6be5bcf54aee,0.959648817638587
2026-02-22T12:00:00Z,2026-02-22T00:00:00Z,2026-02-23T17:00:00Z,turbine_2,29,-0.4,7.51,11.04,12.59,258,-0.4,11.04,100,unverified,2026-02-22T12:00:00Z,assumed,1.0.0,8fe049cee2dbb83c819c3ad1ab9e327e982b3408b6617f11599b4115d67eb141,0.9420631079058183
2026-02-22T12:00:00Z,2026-02-22T00:00:00Z,2026-02-23T18:00:00Z,turbine_1,30,-2.0,6.96,10.22,12.68,244,-2.0,10.22,100,unverified,2026-02-22T12:00:00Z,assumed,1.0.0,b3ad5c95580a49b2260b1ff6ab649242c717638b569451db5f2f6be5bcf54aee,0.8929043772152104
2026-02-22T12:00:00Z,2026-02-22T00:00:00Z,2026-02-23T18:00:00Z,turbine_2,30,-2.0,6.96,10.22,12.68,244,-2.0,10.22,100,unverified,2026-02-22T12:00:00Z,assumed,1.0.0,8fe049cee2dbb83c819c3ad1ab9e327e982b3408b6617f11599b4115d67eb141,0.8451146383977657
2026-02-22T12:00:00Z,2026-02-22T00:00:00Z,2026-02-23T19:00:00Z,turbine_1,31,-2.9,6.48,10.05,11.76,236,-2.9,10.05,100,unverified,2026-02-22T12:00:00Z,assumed,1.0.0,b3ad5c95580a49b2260b1ff6ab649242c717638b569451db5f2f6be5bcf54aee,0.8582131356191436
2026-02-22T12:00:00Z,2026-02-22T00:00:00Z,2026-02-23T19:00:00Z,turbine_2,31,-2.9,6.48,10.05,11.76,236,-2.9,10.05,100,unverified,2026-02-22T12:00:00Z,assumed,1.0.0,8fe049cee2dbb83c819c3ad1ab9e327e982b3408b6617f11599b4115d67eb141,0.8176385258888739
2026-02-22T12:00:00Z,2026-02-22T00:00:00Z,2026-02-23T20:00:00Z,turbine_1,32,-3.2,5.83,9.12,10.8,232,-3.2,9.12,100,unverified,2026-02-22T12:00:00Z,assumed,1.0.0,b3ad5c95580a49b2260b1ff6ab649242c717638b569451db5f2f6be5bcf54aee,0.7233394195335554
2026-02-22T12:00:00Z,2026-02-22T00:00:00Z,2026-02-23T20:00:00Z,turbine_2,32,-3.2,5.83,9.12,10.8,232,-3.2,9.12,100,unverified,2026-02-22T12:00:00Z,assumed,1.0.0,8fe049cee2dbb83c819c3ad1ab9e327e982b3408b6617f11599b4115d67eb141,0.6657899937945677
2026-02-22T12:00:00Z,2026-02-22T00:00:00Z,2026-02-23T21:00:00Z,turbine_1,33,-3.0,5.37,8.42,10.22,234,-3.0,8.42,100,unverified,2026-02-22T12:00:00Z,assumed,1.0.0,b3ad5c95580a49b2260b1ff6ab649242c717638b569451db5f2f6be5bcf54aee,0.5910468465435088
2026-02-22T12:00:00Z,2026-02-22T00:00:00Z,2026-02-23T21:00:00Z,turbine_2,33,-3.0,5.37,8.42,10.22,234,-3.0,8.42,100,unverified,2026-02-22T12:00:00Z,assumed,1.0.0,8fe049cee2dbb83c819c3ad1ab9e327e982b3408b6617f11599b4115d67eb141,0.5629593079807125
2026-02-22T12:00:00Z,2026-02-22T00:00:00Z,2026-02-23T22:00:00Z,turbine_1,34,-3.2,5.62,8.47,10.04,233,-3.2,8.47,100,unverified,2026-02-22T12:00:00Z,assumed,1.0.0,b3ad5c95580a49b2260b1ff6ab649242c717638b569451db5f2f6be5bcf54aee,0.6062462774469233
2026-02-22T12:00:00Z,2026-02-22T00:00:00Z,2026-02-23T22:00:00Z,turbine_2,34,-3.2,5.62,8.47,10.04,233,-3.2,8.47,100,unverified,2026-02-22T12:00:00Z,assumed,1.0.0,8fe049cee2dbb83c819c3ad1ab9e327e982b3408b6617f11599b4115d67eb141,0.5748517188035605
2026-02-22T12:00:00Z,2026-02-22T00:00:00Z,2026-02-23T23:00:00Z,turbine_1,35,-3.1,5.57,8.59,10.37,227,-3.1,8.59,100,unverified,2026-02-22T12:00:00Z,assumed,1.0.0,b3ad5c95580a49b2260b1ff6ab649242c717638b569451db5f2f6be5bcf54aee,0.6338187000597983
2026-02-22T12:00:00Z,2026-02-22T00:00:00Z,2026-02-23T23:00:00Z,turbine_2,35,-3.1,5.57,8.59,10.37,227,-3.1,8.59,100,unverified,2026-02-22T12:00:00Z,assumed,1.0.0,8fe049cee2dbb83c819c3ad1ab9e327e982b3408b6617f11599b4115d67eb141,0.5918034036537674
2026-02-22T12:00:00Z,2026-02-22T00:00:00Z,2026-02-24T00:00:00Z,turbine_1,36,-2.9,5.73,8.82,11.0,229,-2.9,8.82,100,unverified,2026-02-22T12:00:00Z,assumed,1.0.0,b3ad5c95580a49b2260b1ff6ab649242c717638b569451db5f2f6be5bcf54aee,0.6679742705335023
2026-02-22T12:00:00Z,2026-02-22T00:00:00Z,2026-02-24T00:00:00Z,turbine_2,36,-2.9,5.73,8.82,11.0,229,-2.9,8.82,100,unverified,2026-02-22T12:00:00Z,assumed,1.0.0,8fe049cee2dbb83c819c3ad1ab9e327e982b3408b6617f11599b4115d67eb141,0.6296142557495605
2026-02-22T12:00:00Z,2026-02-22T00:00:00Z,2026-02-24T01:00:00Z,turbine_1,37,-2.7,5.55,8.7,11.4,230,-2.7,8.7,100,unverified,2026-02-22T12:00:00Z,assumed,1.0.0,b3ad5c95580a49b2260b1ff6ab649242c717638b569451db5f2f6be5bcf54aee,0.654744631986097
2026-02-22T12:00:00Z,2026-02-22T00:00:00Z,2026-02-24T01:00:00Z,turbine_2,37,-2.7,5.55,8.7,11.4,230,-2.7,8.7,100,unverified,2026-02-22T12:00:00Z,assumed,1.0.0,8fe049cee2dbb83c819c3ad1ab9e327e982b3408b6617f11599b4115d67eb141,0.6146567619099824
2026-02-22T12:00:00Z,2026-02-22T00:00:00Z,2026-02-24T02:00:00Z,turbine_1,38,-2.5,5.23,8.65,10.83,236,-2.5,8.65,100,unverified,2026-02-22T12:00:00Z,assumed,1.0.0,b3ad5c95580a49b2260b1ff6ab649242c717638b569451db5f2f6be5bcf54aee,0.6448521716737268
2026-02-22T12:00:00Z,2026-02-22T00:00:00Z,2026-02-24T02:00:00Z,turbine_2,38,-2.5,5.23,8.65,10.83,236,-2.5,8.65,100,unverified,2026-02-22T12:00:00Z,assumed,1.0.0,8fe049cee2dbb83c819c3ad1ab9e327e982b3408b6617f11599b4115d67eb141,0.6025193339738237
2026-02-22T12:00:00Z,2026-02-22T00:00:00Z,2026-02-24T03:00:00Z,turbine_1,39,-1.8,4.84,7.22,10.38,228,-1.8,7.22,100,unverified,2026-02-22T12:00:00Z,assumed,1.0.0,b3ad5c95580a49b2260b1ff6ab649242c717638b569451db5f2f6be5bcf54aee,0.3808364819370859
2026-02-22T12:00:00Z,2026-02-22T00:00:00Z,2026-02-24T03:00:00Z,turbine_2,39,-1.8,4.84,7.22,10.38,228,-1.8,7.22,100,unverified,2026-02-22T12:00:00Z,assumed,1.0.0,8fe049cee2dbb83c819c3ad1ab9e327e982b3408b6617f11599b4115d67eb141,0.348904854375031
2026-02-22T12:00:00Z,2026-02-22T00:00:00Z,2026-02-24T04:00:00Z,turbine_1,40,-0.9,5.04,6.92,8.24,235,-0.9,6.92,100,unverified,2026-02-22T12:00:00Z,assumed,1.0.0,b3ad5c95580a49b2260b1ff6ab649242c717638b569451db5f2f6be5bcf54aee,0.33567507871045094
2026-02-22T12:00:00Z,2026-02-22T00:00:00Z,2026-02-24T04:00:00Z,turbine_2,40,-0.9,5.04,6.92,8.24,235,-0.9,6.92,100,unverified,2026-02-22T12:00:00Z,assumed,1.0.0,8fe049cee2dbb83c819c3ad1ab9e327e982b3408b6617f11599b4115d67eb141,0.31788910682989
2026-02-22T12:00:00Z,2026-02-22T00:00:00Z,2026-02-24T05:00:00Z,turbine_1,41,0.2,4.94,6.66,7.36,243,0.2,6.66,100,unverified,2026-02-22T12:00:00Z,assumed,1.0.0,b3ad5c95580a49b2260b1ff6ab649242c717638b569451db5f2f6be5bcf54aee,0.30407753188121556
2026-02-22T12:00:00Z,2026-02-22T00:00:00Z,2026-02-24T05:00:00Z,turbine_2,41,0.2,4.94,6.66,7.36,243,0.2,6.66,100,unverified,2026-02-22T12:00:00Z,assumed,1.0.0,8fe049cee2dbb83c819c3ad1ab9e327e982b3408b6617f11599b4115d67eb141,0.27974293378386256
2026-02-22T12:00:00Z,2026-02-22T00:00:00Z,2026-02-24T06:00:00Z,turbine_1,42,1.0,4.76,6.33,6.81,250,1.0,6.33,100,unverified,2026-02-22T12:00:00Z,assumed,1.0.0,b3ad5c95580a49b2260b1ff6ab649242c717638b569451db5f2f6be5bcf54aee,0.24770170972018468
2026-02-22T12:00:00Z,2026-02-22T00:00:00Z,2026-02-24T06:00:00Z,turbine_2,42,1.0,4.76,6.33,6.81,250,1.0,6.33,100,unverified,2026-02-22T12:00:00Z,assumed,1.0.0,8fe049cee2dbb83c819c3ad1ab9e327e982b3408b6617f11599b4115d67eb141,0.23287486717904288
2026-02-22T12:00:00Z,2026-02-22T00:00:00Z,2026-02-24T07:00:00Z,turbine_1,43,1.6,4.68,6.15,6.57,255,1.6,6.15,100,unverified,2026-02-22T12:00:00Z,assumed,1.0.0,b3ad5c95580a49b2260b1ff6ab649242c717638b569451db5f2f6be5bcf54aee,0.23262849111684938
2026-02-22T12:00:00Z,2026-02-22T00:00:00Z,2026-02-24T07:00:00Z,turbine_2,43,1.6,4.68,6.15,6.57,255,1.6,6.15,100,unverified,2026-02-22T12:00:00Z,assumed,1.0.0,8fe049cee2dbb83c819c3ad1ab9e327e982b3408b6617f11599b4115d67eb141,0.20690752336333101
2026-02-22T12:00:00Z,2026-02-22T00:00:00Z,2026-02-24T08:00:00Z,turbine_1,44,1.8,4.49,5.84,6.22,258,1.8,5.84,100,unverified,2026-02-22T12:00:00Z,assumed,1.0.0,b3ad5c95580a49b2260b1ff6ab649242c717638b569451db5f2f6be5bcf54aee,0.1834297917728631
2026-02-22T12:00:00Z,2026-02-22T00:00:00Z,2026-02-24T08:00:00Z,turbine_2,44,1.8,4.49,5.84,6.22,258,1.8,5.84,100,unverified,2026-02-22T12:00:00Z,assumed,1.0.0,8fe049cee2dbb83c819c3ad1ab9e327e982b3408b6617f11599b4115d67eb141,0.16809939942709323
2026-02-22T12:00:00Z,2026-02-22T00:00:00Z,2026-02-24T09:00:00Z,turbine_1,45,1.9,4.2,5.45,5.78,257,1.9,5.45,100,unverified,2026-02-22T12:00:00Z,assumed,1.0.0,b3ad5c95580a49b2260b1ff6ab649242c717638b569451db5f2f6be5bcf54aee,0.13425390481649438
2026-02-22T12:00:00Z,2026-02-22T00:00:00Z,2026-02-24T09:00:00Z,turbine_2,45,1.9,4.2,5.45,5.78,257,1.9,5.45,100,unverified,2026-02-22T12:00:00Z,assumed,1.0.0,8fe049cee2dbb83c819c3ad1ab9e327e982b3408b6617f11599b4115d67eb141,0.12259117864281088
2026-02-22T12:00:00Z,2026-02-22T00:00:00Z,2026-02-24T10:00:00Z,turbine_1,46,1.7,3.81,4.97,5.23,253,1.7,4.97,100,unverified,2026-02-22T12:00:00Z,assumed,1.0.0,b3ad5c95580a49b2260b1ff6ab649242c717638b569451db5f2f6be5bcf54aee,0.09750833513273716
2026-02-22T12:00:00Z,2026-02-22T00:00:00Z,2026-02-24T10:00:00Z,turbine_2,46,1.7,3.81,4.97,5.23,253,1.7,4.97,100,unverified,2026-02-22T12:00:00Z,assumed,1.0.0,8fe049cee2dbb83c819c3ad1ab9e327e982b3408b6617f11599b4115d67eb141,0.08083499451054227
2026-02-22T12:00:00Z,2026-02-22T00:00:00Z,2026-02-24T11:00:00Z,turbine_1,47,1.2,3.29,4.43,4.54,250,1.2,4.43,100,unverified,2026-02-22T12:00:00Z,assumed,1.0.0,b3ad5c95580a49b2260b1ff6ab649242c717638b569451db5f2f6be5bcf54aee,0.05808677933344747
2026-02-22T12:00:00Z,2026-02-22T00:00:00Z,2026-02-24T11:00:00Z,turbine_2,47,1.2,3.29,4.43,4.54,250,1.2,4.43,100,unverified,2026-02-22T12:00:00Z,assumed,1.0.0,8fe049cee2dbb83c819c3ad1ab9e327e982b3408b6617f11599b4115d67eb141,0.05510075634693101
2026-02-22T12:00:00Z,2026-02-22T00:00:00Z,2026-02-24T12:00:00Z,turbine_1,48,0.4,1.77,3.44,3.62,249,0.4,3.44,100,unverified,2026-02-22T12:00:00Z,assumed,1.0.0,b3ad5c95580a49b2260b1ff6ab649242c717638b569451db5f2f6be5bcf54aee,0.021451266083272746
2026-02-22T12:00:00Z,2026-02-22T00:00:00Z,2026-02-24T12:00:00Z,turbine_2,48,0.4,1.77,3.44,3.62,249,0.4,3.44,100,unverified,2026-02-22T12:00:00Z,assumed,1.0.0,8fe049cee2dbb83c819c3ad1ab9e327e982b3408b6617f11599b4115d67eb141,0.021031663318855864
2026-02-23T12:00:00Z,2026-02-23T00:00:00Z,2026-02-23T13:00:00Z,turbine_1,1,4.7,5.57,8.87,10.36,259,4.7,8.87,100,unverified,2026-02-23T12:00:00Z,assumed,1.0.0,b3ad5c95580a49b2260b1ff6ab649242c717638b569451db5f2f6be5bcf54aee,0.6725790603658599
2026-02-23T12:00:00Z,2026-02-23T00:00:00Z,2026-02-23T13:00:00Z,turbine_2,1,4.7,5.57,8.87,10.36,259,4.7,8.87,100,unverified,2026-02-23T12:00:00Z,assumed,1.0.0,8fe049cee2dbb83c819c3ad1ab9e327e982b3408b6617f11599b4115d67eb141,0.6413019186260485
2026-02-23T12:00:00Z,2026-02-23T00:00:00Z,2026-02-23T14:00:00Z,turbine_1,2,3.3,7.07,10.83,12.61,257,3.3,10.83,100,unverified,2026-02-23T12:00:00Z,assumed,1.0.0,b3ad5c95580a49b2260b1ff6ab649242c717638b569451db5f2f6be5bcf54aee,0.9484928822482134
2026-02-23T12:00:00Z,2026-02-23T00:00:00Z,2026-02-23T14:00:00Z,turbine_2,2,3.3,7.07,10.83,12.61,257,3.3,10.83,100,unverified,2026-02-23T12:00:00Z,assumed,1.0.0,8fe049cee2dbb83c819c3ad1ab9e327e982b3408b6617f11599b4115d67eb141,0.9309227085542567
2026-02-23T12:00:00Z,2026-02-23T00:00:00Z,2026-02-23T15:00:00Z,turbine_1,3,1.6,7.57,11.3,13.12,259,1.6,11.3,100,unverified,2026-02-23T12:00:00Z,assumed,1.0.0,b3ad5c95580a49b2260b1ff6ab649242c717638b569451db5f2f6be5bcf54aee,0.9734068981239815
2026-02-23T12:00:00Z,2026-02-23T00:00:00Z,2026-02-23T15:00:00Z,turbine_2,3,1.6,7.57,11.3,13.12,259,1.6,11.3,100,unverified,2026-02-23T12:00:00Z,assumed,1.0.0,8fe049cee2dbb83c819c3ad1ab9e327e982b3408b6617f11599b4115d67eb141,0.9593473586519414
2026-02-23T12:00:00Z,2026-02-23T00:00:00Z,2026-02-23T16:00:00Z,turbine_1,4,0.7,6.96,10.02,11.5,256,0.7,10.02,100,unverified,2026-02-23T12:00:00Z,assumed,1.0.0,b3ad5c95580a49b2260b1ff6ab649242c717638b569451db5f2f6be5bcf54aee,0.8543083199792392
2026-02-23T12:00:00Z,2026-02-23T00:00:00Z,2026-02-23T16:00:00Z,turbine_2,4,0.7,6.96,10.02,11.5,256,0.7,10.02,100,unverified,2026-02-23T12:00:00Z,assumed,1.0.0,8fe049cee2dbb83c819c3ad1ab9e327e982b3408b6617f11599b4115d67eb141,0.8200419515386062
2026-02-23T12:00:00Z,2026-02-23T00:00:00Z,2026-02-23T17:00:00Z,turbine_1,5,-0.1,6.71,9.9,12.26,250,-0.1,9.9,100,unverified,2026-02-23T12:00:00Z,assumed,1.0.0,b3ad5c95580a49b2260b1ff6ab649242c717638b569451db5f2f6be5bcf54aee,0.8321605381324602
2026-02-23T12:00:00Z,2026-02-23T00:00:00Z,2026-02-23T17:00:00Z,turbine_2,5,-0.1,6.71,9.9,12.26,250,-0.1,9.9,100,unverified,2026-02-23T12:00:00Z,assumed,1.0.0,8fe049cee2dbb83c819c3ad1ab9e327e982b3408b6617f11599b4115d67eb141,0.8039487393579577
2026-02-23T12:00:00Z,2026-02-23T00:00:00Z,2026-02-23T18:00:00Z,turbine_1,6,-0.9,6.91,10.09,12.09,248,-0.9,10.09,100,unverified,2026-02-23T12:00:00Z,assumed,1.0.0,b3ad5c95580a49b2260b1ff6ab649242c717638b569451db5f2f6be5bcf54aee,0.8542350325419603
2026-02-23T12:00:00Z,2026-02-23T00:00:00Z,2026-02-23T18:00:00Z,turbine_2,6,-0.9,6.91,10.09,12.09,248,-0.9,10.09,100,unverified,2026-02-23T12:00:00Z,assumed,1.0.0,8fe049cee2dbb83c819c3ad1ab9e327e982b3408b6617f11599b4115d67eb141,0.8396950136693981
2026-02-23T12:00:00Z,2026-02-23T00:00:00Z,2026-02-23T19:00:00Z,turbine_1,7,-1.7,6.32,9.46,12.03,236,-1.7,9.46,100,unverified,2026-02-23T12:00:00Z,assumed,1.0.0,b3ad5c95580a49b2260b1ff6ab649242c717638b569451db5f2f6be5bcf54aee,0.7576172387126052
2026-02-23T12:00:00Z,2026-02-23T00:00:00Z,2026-02-23T19:00:00Z,turbine_2,7,-1.7,6.32,9.46,12.03,236,-1.7,9.46,100,unverified,2026-02-23T12:00:00Z,assumed,1.0.0,8fe049cee2dbb83c819c3ad1ab9e327e982b3408b6617f11599b4115d67eb141,0.7281219527768688
2026-02-23T12:00:00Z,2026-02-23T00:00:00Z,2026-02-23T20:00:00Z,turbine_1,8,-2.3,5.91,8.92,10.76,228,-2.3,8.92,100,unverified,2026-02-23T12:00:00Z,assumed,1.0.0,b3ad5c95580a49b2260b1ff6ab649242c717638b569451db5f2f6be5bcf54aee,0.6790332648352921
2026-02-23T12:00:00Z,2026-02-23T00:00:00Z,2026-02-23T20:00:00Z,turbine_2,8,-2.3,5.91,8.92,10.76,228,-2.3,8.92,100,unverified,2026-02-23T12:00:00Z,assumed,1.0.0,8fe049cee2dbb83c819c3ad1ab9e327e982b3408b6617f11599b4115d67eb141,0.6493992173754846
2026-02-23T12:00:00Z,2026-02-23T00:00:00Z,2026-02-23T21:00:00Z,turbine_1,9,-2.3,5.22,7.45,9.51,236,-2.3,7.45,100,unverified,2026-02-23T12:00:00Z,assumed,1.0.0,b3ad5c95580a49b2260b1ff6ab649242c717638b569451db5f2f6be5bcf54aee,0.4223520933504678
2026-02-23T12:00:00Z,2026-02-23T00:00:00Z,2026-02-23T21:00:00Z,turbine_2,9,-2.3,5.22,7.45,9.51,236,-2.3,7.45,100,unverified,2026-02-23T12:00:00Z,assumed,1.0.0,8fe049cee2dbb83c819c3ad1ab9e327e982b3408b6617f11599b4115d67eb141,0.3924043425235852
2026-02-23T12:00:00Z,2026-02-23T00:00:00Z,2026-02-23T22:00:00Z,turbine_1,10,-2.6,5.31,7.81,10.12,233,-2.6,7.81,100,unverified,2026-02-23T12:00:00Z,assumed,1.0.0,b3ad5c95580a49b2260b1ff6ab649242c717638b569451db5f2f6be5bcf54aee,0.4860262243957749
2026-02-23T12:00:00Z,2026-02-23T00:00:00Z,2026-02-23T22:00:00Z,turbine_2,10,-2.6,5.31,7.81,10.12,233,-2.6,7.81,100,unverified,2026-02-23T12:00:00Z,assumed,1.0.0,8fe049cee2dbb83c819c3ad1ab9e327e982b3408b6617f11599b4115d67eb141,0.4504162079406563
2026-02-23T12:00:00Z,2026-02-23T00:00:00Z,2026-02-23T23:00:00Z,turbine_1,11,-3.0,5.06,7.48,9.73,232,-3.0,7.48,100,unverified,2026-02-23T12:00:00Z,assumed,1.0.0,b3ad5c95580a49b2260b1ff6ab649242c717638b569451db5f2f6be5bcf54aee,0.43528288772528234
2026-02-23T12:00:00Z,2026-02-23T00:00:00Z,2026-02-23T23:00:00Z,turbine_2,11,-3.0,5.06,7.48,9.73,232,-3.0,7.48,100,unverified,2026-02-23T12:00:00Z,assumed,1.0.0,8fe049cee2dbb83c819c3ad1ab9e327e982b3408b6617f11599b4115d67eb141,0.4067196181669908
2026-02-23T12:00:00Z,2026-02-23T00:00:00Z,2026-02-24T00:00:00Z,turbine_1,12,-3.0,4.71,7.04,10.3,231,-3.0,7.04,100,unverified,2026-02-23T12:00:00Z,assumed,1.0.0,b3ad5c95580a49b2260b1ff6ab649242c717638b569451db5f2f6be5bcf54aee,0.3481078420609084
2026-02-23T12:00:00Z,2026-02-23T00:00:00Z,2026-02-24T00:00:00Z,turbine_2,12,-3.0,4.71,7.04,10.3,231,-3.0,7.04,100,unverified,2026-02-23T12:00:00Z,assumed,1.0.0,8fe049cee2dbb83c819c3ad1ab9e327e982b3408b6617f11599b4115d67eb141,0.32952603885579695
2026-02-23T12:00:00Z,2026-02-23T00:00:00Z,2026-02-24T01:00:00Z,turbine_1,13,-2.9,4.28,7.13,10.18,229,-2.9,7.13,100,unverified,2026-02-23T12:00:00Z,assumed,1.0.0,b3ad5c95580a49b2260b1ff6ab649242c717638b569451db5f2f6be5bcf54aee,0.35969721844664065
2026-02-23T12:00:00Z,2026-02-23T00:00:00Z,2026-02-24T01:00:00Z,turbine_2,13,-2.9,4.28,7.13,10.18,229,-2.9,7.13,100,unverified,2026-02-23T12:00:00Z,assumed,1.0.0,8fe049cee2dbb83c819c3ad1ab9e327e982b3408b6617f11599b4115d67eb141,0.34467212489182164
2026-02-23T12:00:00Z,2026-02-23T00:00:00Z,2026-02-24T02:00:00Z,turbine_1,14,-2.8,4.22,6.99,10.12,235,-2.8,6.99,100,unverified,2026-02-23T12:00:00Z,assumed,1.0.0,b3ad5c95580a49b2260b1ff6ab649242c717638b569451db5f2f6be5bcf54aee,0.34828553471342527
2026-02-23T12:00:00Z,2026-02-23T00:00:00Z,2026-02-24T02:00:00Z,turbine_2,14,-2.8,4.22,6.99,10.12,235,-2.8,6.99,100,unverified,2026-02-23T12:00:00Z,assumed,1.0.0,8fe049cee2dbb83c819c3ad1ab9e327e982b3408b6617f11599b4115d67eb141,0.32769881635201104
2026-02-23T12:00:00Z,2026-02-23T00:00:00Z,2026-02-24T03:00:00Z,turbine_1,15,-2.4,4.65,6.66,9.89,237,-2.4,6.66,100,unverified,2026-02-23T12:00:00Z,assumed,1.0.0,b3ad5c95580a49b2260b1ff6ab649242c717638b569451db5f2f6be5bcf54aee,0.2879147594632534
2026-02-23T12:00:00Z,2026-02-23T00:00:00Z,2026-02-24T03:00:00Z,turbine_2,15,-2.4,4.65,6.66,9.89,237,-2.4,6.66,100,unverified,2026-02-23T12:00:00Z,assumed,1.0.0,8fe049cee2dbb83c819c3ad1ab9e327e982b3408b6617f11599b4115d67eb141,0.2622816854509335
2026-02-23T12:00:00Z,2026-02-23T00:00:00Z,2026-02-24T04:00:00Z,turbine_1,16,-1.8,4.79,6.6,8.3,242,-1.8,6.6,100,unverified,2026-02-23T12:00:00Z,assumed,1.0.0,b3ad5c95580a49b2260b1ff6ab649242c717638b569451db5f2f6be5bcf54aee,0.28083281817006955
2026-02-23T12:00:00Z,2026-02-23T00:00:00Z,2026-02-24T04:00:00Z,turbine_2,16,-1.8,4.79,6.6,8.3,242,-1.8,6.6,100,unverified,2026-02-23T12:00:00Z,assumed,1.0.0,8fe049cee2dbb83c819c3ad1ab9e327e982b3408b6617f11599b4115d67eb141,0.25670852060959176
2026-02-23T12:00:00Z,2026-02-23T00:00:00Z,2026-02-24T05:00:00Z,turbine_1,17,-0.9,5.02,6.74,7.74,249,-0.9,6.74,100,unverified,2026-02-23T12:00:00Z,assumed,1.0.0,b3ad5c95580a49b2260b1ff6ab649242c717638b569451db5f2f6be5bcf54aee,0.30060815847298517
2026-02-23T12:00:00Z,2026-02-23T00:00:00Z,2026-02-24T05:00:00Z,turbine_2,17,-0.9,5.02,6.74,7.74,249,-0.9,6.74,100,unverified,2026-02-23T12:00:00Z,assumed,1.0.0,8fe049cee2dbb83c819c3ad1ab9e327e982b3408b6617f11599b4115d67eb141,0.28227226362346347
2026-02-23T12:00:00Z,2026-02-23T00:00:00Z,2026-02-24T06:00:00Z,turbine_1,18,-0.5,5.09,6.83,7.56,251,-0.5,6.83,100,unverified,2026-02-23T12:00:00Z,assumed,1.0.0,b3ad5c95580a49b2260b1ff6ab649242c717638b569451db5f2f6be5bcf54aee,0.3314782003943548
2026-02-23T12:00:00Z,2026-02-23T00:00:00Z,2026-02-24T06:00:00Z,turbine_2,18,-0.5,5.09,6.83,7.56,251,-0.5,6.83,100,unverified,2026-02-23T12:00:00Z,assumed,1.0.0,8fe049cee2dbb83c819c3ad1ab9e327e982b3408b6617f11599b4115d67eb141,0.3054359497309376
2026-02-23T12:00:00Z,2026-02-23T00:00:00Z,2026-02-24T07:00:00Z,turbine_1,19,-0.3,5.03,6.77,7.4,250,-0.3,6.77,100,unverified,2026-02-23T12:00:00Z,assumed,1.0.0,b3ad5c95580a49b2260b1ff6ab649242c717638b569451db5f2f6be5bcf54aee,0.31705855249822656
2026-02-23T12:00:00Z,2026-02-23T00:00:00Z,2026-02-24T07:00:00Z,turbine_2,19,-0.3,5.03,6.77,7.4,250,-0.3,6.77,100,unverified,2026-02-23T12:00:00Z,assumed,1.0.0,8fe049cee2dbb83c819c3ad1ab9e327e982b3408b6617f11599b4115d67eb141,0.2958064608350009
2026-02-23T12:00:00Z,2026-02-23T00:00:00Z,2026-02-24T08:00:00Z,turbine_1,20,-0.1,5.01,6.7,7.23,247,-0.1,6.7,100,unverified,2026-02-23T12:00:00Z,assumed,1.0.0,b3ad5c95580a49b2260b1ff6ab649242c717638b569451db5f2f6be5bcf54aee,0.30763544634317874
2026-02-23T12:00:00Z,2026-02-23T00:00:00Z,2026-02-24T08:00:00Z,turbine_2,20,-0.1,5.01,6.7,7.23,247,-0.1,6.7,100,unverified,2026-02-23T12:00:00Z,assumed,1.0.0,8fe049cee2dbb83c819c3ad1ab9e327e982b3408b6617f11599b4115d67eb141,0.2810407856345402
2026-02-23T12:00:00Z,2026-02-23T00:00:00Z,2026-02-24T09:00:00Z,turbine_1,21,0.4,4.67,6.2,6.63,246,0.4,6.2,100,unverified,2026-02-23T12:00:00Z,assumed,1.0.0,b3ad5c95580a49b2260b1ff6ab649242c717638b569451db5f2f6be5bcf54aee,0.2306779705057148
2026-02-23T12:00:00Z,2026-02-23T00:00:00Z,2026-02-24T09:00:00Z,turbine_2,21,0.4,4.67,6.2,6.63,246,0.4,6.2,100,unverified,2026-02-23T12:00:00Z,assumed,1.0.0,8fe049cee2dbb83c819c3ad1ab9e327e982b3408b6617f11599b4115d67eb141,0.21855619336334056
2026-02-23T12:00:00Z,2026-02-23T00:00:00Z,2026-02-24T10:00:00Z,turbine_1,22,0.7,4.36,5.79,6.17,244,0.7,5.79,100,unverified,2026-02-23T12:00:00Z,assumed,1.0.0,b3ad5c95580a49b2260b1ff6ab649242c717638b569451db5f2f6be5bcf54aee,0.17873285859579346
2026-02-23T12:00:00Z,2026-02-23T00:00:00Z,2026-02-24T10:00:00Z,turbine_2,22,0.7,4.36,5.79,6.17,244,0.7,5.79,100,unverified,2026-02-23T12:00:00Z,assumed,1.0.0,8fe049cee2dbb83c819c3ad1ab9e327e982b3408b6617f11599b4115d67eb141,0.15537224012926118
2026-02-23T12:00:00Z,2026-02-23T00:00:00Z,2026-02-24T11:00:00Z,turbine_1,23,0.4,3.84,5.27,5.75,240,0.4,5.27,100,unverified,2026-02-23T12:00:00Z,assumed,1.0.0,b3ad5c95580a49b2260b1ff6ab649242c717638b569451db5f2f6be5bcf54aee,0.12201602977320797
2026-02-23T12:00:00Z,2026-02-23T00:00:00Z,2026-02-24T11:00:00Z,turbine_2,23,0.4,3.84,5.27,5.75,240,0.4,5.27,100,unverified,2026-02-23T12:00:00Z,assumed,1.0.0,8fe049cee2dbb83c819c3ad1ab9e327e982b3408b6617f11599b4115d67eb141,0.10933982897732747
2026-02-23T12:00:00Z,2026-02-23T00:00:00Z,2026-02-24T12:00:00Z,turbine_1,24,-0.2,2.87,4.69,5.12,230,-0.2,4.69,100,unverified,2026-02-23T12:00:00Z,assumed,1.0.0,b3ad5c95580a49b2260b1ff6ab649242c717638b569451db5f2f6be5bcf54aee,0.07391964708073101
2026-02-23T12:00:00Z,2026-02-23T00:00:00Z,2026-02-24T12:00:00Z,turbine_2,24,-0.2,2.87,4.69,5.12,230,-0.2,4.69,100,unverified,2026-02-23T12:00:00Z,assumed,1.0.0,8fe049cee2dbb83c819c3ad1ab9e327e982b3408b6617f11599b4115d67eb141,0.06609035857290724
2026-02-23T12:00:00Z,2026-02-23T00:00:00Z,2026-02-24T13:00:00Z,turbine_1,25,-2.6,1.82,4.39,4.96,233,-2.6,4.39,100,unverified,2026-02-23T12:00:00Z,assumed,1.0.0,b3ad5c95580a49b2260b1ff6ab649242c717638b569451db5f2f6be5bcf54aee,0.04073572562369415
2026-02-23T12:00:00Z,2026-02-23T00:00:00Z,2026-02-24T13:00:00Z,turbine_2,25,-2.6,1.82,4.39,4.96,233,-2.6,4.39,100,unverified,2026-02-23T12:00:00Z,assumed,1.0.0,8fe049cee2dbb83c819c3ad1ab9e327e982b3408b6617f11599b4115d67eb141,0.03603018288414844
2026-02-23T12:00:00Z,2026-02-23T00:00:00Z,2026-02-24T14:00:00Z,turbine_1,26,-2.9,1.53,3.58,4.05,228,-2.9,3.58,100,unverified,2026-02-23T12:00:00Z,assumed,1.0.0,b3ad5c95580a49b2260b1ff6ab649242c717638b569451db5f2f6be5bcf54aee,0.019121280910951
2026-02-23T12:00:00Z,2026-02-23T00:00:00Z,2026-02-24T14:00:00Z,turbine_2,26,-2.9,1.53,3.58,4.05,228,-2.9,3.58,100,unverified,2026-02-23T12:00:00Z,assumed,1.0.0,8fe049cee2dbb83c819c3ad1ab9e327e982b3408b6617f11599b4115d67eb141,0.012410711622030446
2026-02-23T12:00:00Z,2026-02-23T00:00:00Z,2026-02-24T15:00:00Z,turbine_1,27,-2.6,1.33,3.01,3.44,227,-2.6,3.01,100,unverified,2026-02-23T12:00:00Z,assumed,1.0.0,b3ad5c95580a49b2260b1ff6ab649242c717638b569451db5f2f6be5bcf54aee,0.007397919849089496
2026-02-23T12:00:00Z,2026-02-23T00:00:00Z,2026-02-24T15:00:00Z,turbine_2,27,-2.6,1.33,3.01,3.44,227,-2.6,3.01,100,unverified,2026-02-23T12:00:00Z,assumed,1.0.0,8fe049cee2dbb83c819c3ad1ab9e327e982b3408b6617f11599b4115d67eb141,0.005913143601033011
2026-02-23T12:00:00Z,2026-02-23T00:00:00Z,2026-02-24T16:00:00Z,turbine_1,28,-2.2,0.29,1.36,2.07,253,-2.2,1.36,100,unverified,2026-02-23T12:00:00Z,assumed,1.0.0,b3ad5c95580a49b2260b1ff6ab649242c717638b569451db5f2f6be5bcf54aee,0.008055382240194198
2026-02-23T12:00:00Z,2026-02-23T00:00:00Z,2026-02-24T16:00:00Z,turbine_2,28,-2.2,0.29,1.36,2.07,253,-2.2,1.36,100,unverified,2026-02-23T12:00:00Z,assumed,1.0.0,8fe049cee2dbb83c819c3ad1ab9e327e982b3408b6617f11599b4115d67eb141,0.008004711773399287
2026-02-23T12:00:00Z,2026-02-23T00:00:00Z,2026-02-24T17:00:00Z,turbine_1,29,-2.8,1.05,2.01,1.43,356,-2.8,2.01,100,unverified,2026-02-23T12:00:00Z,assumed,1.0.0,b3ad5c95580a49b2260b1ff6ab649242c717638b569451db5f2f6be5bcf54aee,0.008601452025153722
2026-02-23T12:00:00Z,2026-02-23T00:00:00Z,2026-02-24T17:00:00Z,turbine_2,29,-2.8,1.05,2.01,1.43,356,-2.8,2.01,100,unverified,2026-02-23T12:00:00Z,assumed,1.0.0,8fe049cee2dbb83c819c3ad1ab9e327e982b3408b6617f11599b4115d67eb141,0.008399186571225126
2026-02-23T12:00:00Z,2026-02-23T00:00:00Z,2026-02-24T18:00:00Z,turbine_1,30,-3.7,1.17,2.39,2.12,11,-3.7,2.39,100,unverified,2026-02-23T12:00:00Z,assumed,1.0.0,b3ad5c95580a49b2260b1ff6ab649242c717638b569451db5f2f6be5bcf54aee,0.007357148837906613
2026-02-23T12:00:00Z,2026-02-23T00:00:00Z,2026-02-24T18:00:00Z,turbine_2,30,-3.7,1.17,2.39,2.12,11,-3.7,2.39,100,unverified,2026-02-23T12:00:00Z,assumed,1.0.0,8fe049cee2dbb83c819c3ad1ab9e327e982b3408b6617f11599b4115d67eb141,0.007442614242836598
2026-02-23T12:00:00Z,2026-02-23T00:00:00Z,2026-02-24T19:00:00Z,turbine_1,31,-4.0,1.39,2.66,2.13,56,-4.0,2.66,100,unverified,2026-02-23T12:00:00Z,assumed,1.0.0,b3ad5c95580a49b2260b1ff6ab649242c717638b569451db5f2f6be5bcf54aee,0.006223506405565293
2026-02-23T12:00:00Z,2026-02-23T00:00:00Z,2026-02-24T19:00:00Z,turbine_2,31,-4.0,1.39,2.66,2.13,56,-4.0,2.66,100,unverified,2026-02-23T12:00:00Z,assumed,1.0.0,8fe049cee2dbb83c819c3ad1ab9e327e982b3408b6617f11599b4115d67eb141,0.0058300286310466465
2026-02-23T12:00:00Z,2026-02-23T00:00:00Z,2026-02-24T20:00:00Z,turbine_1,32,-3.7,1.66,3.76,3.96,63,-3.7,3.76,100,unverified,2026-02-23T12:00:00Z,assumed,1.0.0,b3ad5c95580a49b2260b1ff6ab649242c717638b569451db5f2f6be5bcf54aee,0.023047327323299893
2026-02-23T12:00:00Z,2026-02-23T00:00:00Z,2026-02-24T20:00:00Z,turbine_2,32,-3.7,1.66,3.76,3.96,63,-3.7,3.76,100,unverified,2026-02-23T12:00:00Z,assumed,1.0.0,8fe049cee2dbb83c819c3ad1ab9e327e982b3408b6617f11599b4115d67eb141,0.017513533986985186
2026-02-23T12:00:00Z,2026-02-23T00:00:00Z,2026-02-24T21:00:00Z,turbine_1,33,-3.9,1.65,4.29,5.48,56,-3.9,4.29,100,unverified,2026-02-23T12:00:00Z,assumed,1.0.0,b3ad5c95580a49b2260b1ff6ab649242c717638b569451db5f2f6be5bcf54aee,0.03580612192017946
2026-02-23T12:00:00Z,2026-02-23T00:00:00Z,2026-02-24T21:00:00Z,turbine_2,33,-3.9,1.65,4.29,5.48,56,-3.9,4.29,100,unverified,2026-02-23T12:00:00Z,assumed,1.0.0,8fe049cee2dbb83c819c3ad1ab9e327e982b3408b6617f11599b4115d67eb141,0.03075313229753901
2026-02-23T12:00:00Z,2026-02-23T00:00:00Z,2026-02-24T22:00:00Z,turbine_1,34,-4.2,1.75,4.69,6.08,54,-4.2,4.69,100,unverified,2026-02-23T12:00:00Z,assumed,1.0.0,b3ad5c95580a49b2260b1ff6ab649242c717638b569451db5f2f6be5bcf54aee,0.05462290001964504
2026-02-23T12:00:00Z,2026-02-23T00:00:00Z,2026-02-24T22:00:00Z,turbine_2,34,-4.2,1.75,4.69,6.08,54,-4.2,4.69,100,unverified,2026-02-23T12:00:00Z,assumed,1.0.0,8fe049cee2dbb83c819c3ad1ab9e327e982b3408b6617f11599b4115d67eb141,0.048155586505933434
2026-02-23T12:00:00Z,2026-02-23T00:00:00Z,2026-02-24T23:00:00Z,turbine_1,35,-3.8,2.02,5.06,6.4,55,-3.8,5.06,100,unverified,2026-02-23T12:00:00Z,assumed,1.0.0,b3ad5c95580a49b2260b1ff6ab649242c717638b569451db5f2f6be5bcf54aee,0.08058731850112272
2026-02-23T12:00:00Z,2026-02-23T00:00:00Z,2026-02-24T23:00:00Z,turbine_2,35,-3.8,2.02,5.06,6.4,55,-3.8,5.06,100,unverified,2026-02-23T12:00:00Z,assumed,1.0.0,8fe049cee2dbb83c819c3ad1ab9e327e982b3408b6617f11599b4115d67eb141,0.0680160885953407
2026-02-23T12:00:00Z,2026-02-23T00:00:00Z,2026-02-25T00:00:00Z,turbine_1,36,-3.7,2.53,5.75,7.25,59,-3.7,5.75,100,unverified,2026-02-23T12:00:00Z,assumed,1.0.0,b3ad5c95580a49b2260b1ff6ab649242c717638b569451db5f2f6be5bcf54aee,0.13619007202812408
2026-02-23T12:00:00Z,2026-02-23T00:00:00Z,2026-02-25T00:00:00Z,turbine_2,36,-3.7,2.53,5.75,7.25,59,-3.7,5.75,100,unverified,2026-02-23T12:00:00Z,assumed,1.0.0,8fe049cee2dbb83c819c3ad1ab9e327e982b3408b6617f11599b4115d67eb141,0.12464379459977021
2026-02-23T12:00:00Z,2026-02-23T00:00:00Z,2026-02-25T01:00:00Z,turbine_1,37,-3.7,2.91,6.15,7.98,59,-3.7,6.15,100,unverified,2026-02-23T12:00:00Z,assumed,1.0.0,b3ad5c95580a49b2260b1ff6ab649242c717638b569451db5f2f6be5bcf54aee,0.20586757979003006
2026-02-23T12:00:00Z,2026-02-23T00:00:00Z,2026-02-25T01:00:00Z,turbine_2,37,-3.7,2.91,6.15,7.98,59,-3.7,6.15,100,unverified,2026-02-23T12:00:00Z,assumed,1.0.0,8fe049cee2dbb83c819c3ad1ab9e327e982b3408b6617f11599b4115d67eb141,0.18752993989924063
2026-02-23T12:00:00Z,2026-02-23T00:00:00Z,2026-02-25T02:00:00Z,turbine_1,38,-3.5,3.38,6.43,8.23,60,-3.5,6.43,100,unverified,2026-02-23T12:00:00Z,assumed,1.0.0,b3ad5c95580a49b2260b1ff6ab649242c717638b569451db5f2f6be5bcf54aee,0.24656963315054037
2026-02-23T12:00:00Z,2026-02-23T00:00:00Z,2026-02-25T02:00:00Z,turbine_2,38,-3.5,3.38,6.43,8.23,60,-3.5,6.43,100,unverified,2026-02-23T12:00:00Z,assumed,1.0.0,8fe049cee2dbb83c819c3ad1ab9e327e982b3408b6617f11599b4115d67eb141,0.22766109002769871
2026-02-23T12:00:00Z,2026-02-23T00:00:00Z,2026-02-25T03:00:00Z,turbine_1,39,-1.9,3.31,6.41,8.25,60,-1.9,6.41,100,unverified,2026-02-23T12:00:00Z,assumed,1.0.0,b3ad5c95580a49b2260b1ff6ab649242c717638b569451db5f2f6be5bcf54aee,0.24892980413991722
2026-02-23T12:00:00Z,2026-02-23T00:00:00Z,2026-02-25T03:00:00Z,turbine_2,39,-1.9,3.31,6.41,8.25,60,-1.9,6.41,100,unverified,2026-02-23T12:00:00Z,assumed,1.0.0,8fe049cee2dbb83c819c3ad1ab9e327e982b3408b6617f11599b4115d67eb141,0.2286886493229795
2026-02-23T12:00:00Z,2026-02-23T00:00:00Z,2026-02-25T04:00:00Z,turbine_1,40,-0.1,4.67,6.45,7.54,54,-0.1,6.45,100,unverified,2026-02-23T12:00:00Z,assumed,1.0.0,b3ad5c95580a49b2260b1ff6ab649242c717638b569451db5f2f6be5bcf54aee,0.2652972750557899
2026-02-23T12:00:00Z,2026-02-23T00:00:00Z,2026-02-25T04:00:00Z,turbine_2,40,-0.1,4.67,6.45,7.54,54,-0.1,6.45,100,unverified,2026-02-23T12:00:00Z,assumed,1.0.0,8fe049cee2dbb83c819c3ad1ab9e327e982b3408b6617f11599b4115d67eb141,0.2476187449934616
2026-02-23T12:00:00Z,2026-02-23T00:00:00Z,2026-02-25T05:00:00Z,turbine_1,41,2.1,5.26,6.93,7.39,57,2.1,6.93,100,unverified,2026-02-23T12:00:00Z,assumed,1.0.0,b3ad5c95580a49b2260b1ff6ab649242c717638b569451db5f2f6be5bcf54aee,0.34683670576965897
2026-02-23T12:00:00Z,2026-02-23T00:00:00Z,2026-02-25T05:00:00Z,turbine_2,41,2.1,5.26,6.93,7.39,57,2.1,6.93,100,unverified,2026-02-23T12:00:00Z,assumed,1.0.0,8fe049cee2dbb83c819c3ad1ab9e327e982b3408b6617f11599b4115d67eb141,0.33725131872834924
2026-02-23T12:00:00Z,2026-02-23T00:00:00Z,2026-02-25T06:00:00Z,turbine_1,42,3.4,4.78,6.25,6.49,60,3.4,6.25,100,unverified,2026-02-23T12:00:00Z,assumed,1.0.0,b3ad5c95580a49b2260b1ff6ab649242c717638b569451db5f2f6be5bcf54aee,0.250869359246646
2026-02-23T12:00:00Z,2026-02-23T00:00:00Z,2026-02-25T06:00:00Z,turbine_2,42,3.4,4.78,6.25,6.49,60,3.4,6.25,100,unverified,2026-02-23T12:00:00Z,assumed,1.0.0,8fe049cee2dbb83c819c3ad1ab9e327e982b3408b6617f11599b4115d67eb141,0.23119755742633594
2026-02-23T12:00:00Z,2026-02-23T00:00:00Z,2026-02-25T07:00:00Z,turbine_1,43,4.5,4.35,5.56,5.77,60,4.5,5.56,100,unverified,2026-02-23T12:00:00Z,assumed,1.0.0,b3ad5c95580a49b2260b1ff6ab649242c717638b569451db5f2f6be5bcf54aee,0.1604471181537776
2026-02-23T12:00:00Z,2026-02-23T00:00:00Z,2026-02-25T07:00:00Z,turbine_2,43,4.5,4.35,5.56,5.77,60,4.5,5.56,100,unverified,2026-02-23T12:00:00Z,assumed,1.0.0,8fe049cee2dbb83c819c3ad1ab9e327e982b3408b6617f11599b4115d67eb141,0.13759089708697303
2026-02-23T12:00:00Z,2026-02-23T00:00:00Z,2026-02-25T08:00:00Z,turbine_1,44,4.9,4.16,5.36,5.55,59,4.9,5.36,100,unverified,2026-02-23T12:00:00Z,assumed,1.0.0,b3ad5c95580a49b2260b1ff6ab649242c717638b569451db5f2f6be5bcf54aee,0.14342103066657036
2026-02-23T12:00:00Z,2026-02-23T00:00:00Z,2026-02-25T08:00:00Z,turbine_2,44,4.9,4.16,5.36,5.55,59,4.9,5.36,100,unverified,2026-02-23T12:00:00Z,assumed,1.0.0,8fe049cee2dbb83c819c3ad1ab9e327e982b3408b6617f11599b4115d67eb141,0.13028406767961062
2026-02-23T12:00:00Z,2026-02-23T00:00:00Z,2026-02-25T09:00:00Z,turbine_1,45,5.1,3.87,4.92,5.12,61,5.1,4.92,100,unverified,2026-02-23T12:00:00Z,assumed,1.0.0,b3ad5c95580a49b2260b1ff6ab649242c717638b569451db5f2f6be5bcf54aee,0.10942278201398103
2026-02-23T12:00:00Z,2026-02-23T00:00:00Z,2026-02-25T09:00:00Z,turbine_2,45,5.1,3.87,4.92,5.12,61,5.1,4.92,100,unverified,2026-02-23T12:00:00Z,assumed,1.0.0,8fe049cee2dbb83c819c3ad1ab9e327e982b3408b6617f11599b4115d67eb141,0.09123243981477691
2026-02-23T12:00:00Z,2026-02-23T00:00:00Z,2026-02-25T10:00:00Z,turbine_1,46,5.1,3.66,4.78,4.97,56,5.1,4.78,100,unverified,2026-02-23T12:00:00Z,assumed,1.0.0,b3ad5c95580a49b2260b1ff6ab649242c717638b569451db5f2f6be5bcf54aee,0.09766146693667244
2026-02-23T12:00:00Z,2026-02-23T00:00:00Z,2026-02-25T10:00:00Z,turbine_2,46,5.1,3.66,4.78,4.97,56,5.1,4.78,100,unverified,2026-02-23T12:00:00Z,assumed,1.0.0,8fe049cee2dbb83c819c3ad1ab9e327e982b3408b6617f11599b4115d67eb141,0.08453740372475765
2026-02-23T12:00:00Z,2026-02-23T00:00:00Z,2026-02-25T11:00:00Z,turbine_1,47,4.5,3.39,4.98,5.29,52,4.5,4.98,100,unverified,2026-02-23T12:00:00Z,assumed,1.0.0,b3ad5c95580a49b2260b1ff6ab649242c717638b569451db5f2f6be5bcf54aee,0.11346717138909707
2026-02-23T12:00:00Z,2026-02-23T00:00:00Z,2026-02-25T11:00:00Z,turbine_2,47,4.5,3.39,4.98,5.29,52,4.5,4.98,100,unverified,2026-02-23T12:00:00Z,assumed,1.0.0,8fe049cee2dbb83c819c3ad1ab9e327e982b3408b6617f11599b4115d67eb141,0.08449299888533857
2026-02-23T12:00:00Z,2026-02-23T00:00:00Z,2026-02-25T12:00:00Z,turbine_1,48,2.7,2.41,5.05,4.78,54,2.7,5.05,100,unverified,2026-02-23T12:00:00Z,assumed,1.0.0,b3ad5c95580a49b2260b1ff6ab649242c717638b569451db5f2f6be5bcf54aee,0.10995434328715747
2026-02-23T12:00:00Z,2026-02-23T00:00:00Z,2026-02-25T12:00:00Z,turbine_2,48,2.7,2.41,5.05,4.78,54,2.7,5.05,100,unverified,2026-02-23T12:00:00Z,assumed,1.0.0,8fe049cee2dbb83c819c3ad1ab9e327e982b3408b6617f11599b4115d67eb141,0.08759513328587937
2026-02-24T12:00:00Z,2026-02-24T00:00:00Z,2026-02-24T13:00:00Z,turbine_1,1,-0.3,1.18,2.87,3.41,230,-0.3,2.87,100,unverified,2026-02-24T12:00:00Z,assumed,1.0.0,b3ad5c95580a49b2260b1ff6ab649242c717638b569451db5f2f6be5bcf54aee,0.012275122297768837
2026-02-24T12:00:00Z,2026-02-24T00:00:00Z,2026-02-24T13:00:00Z,turbine_2,1,-0.3,1.18,2.87,3.41,230,-0.3,2.87,100,unverified,2026-02-24T12:00:00Z,assumed,1.0.0,8fe049cee2dbb83c819c3ad1ab9e327e982b3408b6617f11599b4115d67eb141,0.008953710284336669
2026-02-24T12:00:00Z,2026-02-24T00:00:00Z,2026-02-24T14:00:00Z,turbine_1,2,-0.3,0.78,1.96,2.3,232,-0.3,1.96,100,unverified,2026-02-24T12:00:00Z,assumed,1.0.0,b3ad5c95580a49b2260b1ff6ab649242c717638b569451db5f2f6be5bcf54aee,0.010841116153213148
2026-02-24T12:00:00Z,2026-02-24T00:00:00Z,2026-02-24T14:00:00Z,turbine_2,2,-0.3,0.78,1.96,2.3,232,-0.3,1.96,100,unverified,2026-02-24T12:00:00Z,assumed,1.0.0,8fe049cee2dbb83c819c3ad1ab9e327e982b3408b6617f11599b4115d67eb141,0.008572901531348986
2026-02-24T12:00:00Z,2026-02-24T00:00:00Z,2026-02-24T15:00:00Z,turbine_1,3,-0.4,0.57,1.23,1.04,291,-0.4,1.23,100,unverified,2026-02-24T12:00:00Z,assumed,1.0.0,b3ad5c95580a49b2260b1ff6ab649242c717638b569451db5f2f6be5bcf54aee,0.007797012647704604
2026-02-24T12:00:00Z,2026-02-24T00:00:00Z,2026-02-24T15:00:00Z,turbine_2,3,-0.4,0.57,1.23,1.04,291,-0.4,1.23,100,unverified,2026-02-24T12:00:00Z,assumed,1.0.0,8fe049cee2dbb83c819c3ad1ab9e327e982b3408b6617f11599b4115d67eb141,0.010215203873359724
2026-02-24T12:00:00Z,2026-02-24T00:00:00Z,2026-02-24T16:00:00Z,turbine_1,4,-0.6,0.46,1.05,0.95,360,-0.6,1.05,100,unverified,2026-02-24T12:00:00Z,assumed,1.0.0,b3ad5c95580a49b2260b1ff6ab649242c717638b569451db5f2f6be5bcf54aee,0.00786752917576966
2026-02-24T12:00:00Z,2026-02-24T00:00:00Z,2026-02-24T16:00:00Z,turbine_2,4,-0.6,0.46,1.05,0.95,360,-0.6,1.05,100,unverified,2026-02-24T12:00:00Z,assumed,1.0.0,8fe049cee2dbb83c819c3ad1ab9e327e982b3408b6617f11599b4115d67eb141,0.008400046824744822
2026-02-24T12:00:00Z,2026-02-24T00:00:00Z,2026-02-24T17:00:00Z,turbine_1,5,-0.9,0.85,1.74,1.49,39,-0.9,1.74,100,unverified,2026-02-24T12:00:00Z,assumed,1.0.0,b3ad5c95580a49b2260b1ff6ab649242c717638b569451db5f2f6be5bcf54aee,0.006967838962984474
2026-02-24T12:00:00Z,2026-02-24T00:00:00Z,2026-02-24T17:00:00Z,turbine_2,5,-0.9,0.85,1.74,1.49,39,-0.9,1.74,100,unverified,2026-02-24T12:00:00Z,assumed,1.0.0,8fe049cee2dbb83c819c3ad1ab9e327e982b3408b6617f11599b4115d67eb141,0.008810946076682036
2026-02-24T12:00:00Z,2026-02-24T00:00:00Z,2026-02-24T18:00:00Z,turbine_1,6,-0.8,1.56,2.41,2.33,48,-0.8,2.41,100,unverified,2026-02-24T12:00:00Z,assumed,1.0.0,b3ad5c95580a49b2260b1ff6ab649242c717638b569451db5f2f6be5bcf54aee,0.010219536908544158
2026-02-24T12:00:00Z,2026-02-24T00:00:00Z,2026-02-24T18:00:00Z,turbine_2,6,-0.8,1.56,2.41,2.33,48,-0.8,2.41,100,unverified,2026-02-24T12:00:00Z,assumed,1.0.0,8fe049cee2dbb83c819c3ad1ab9e327e982b3408b6617f11599b4115d67eb141,0.009965005118081238
2026-02-24T12:00:00Z,2026-02-24T00:00:00Z,2026-02-24T19:00:00Z,turbine_1,7,-1.1,2.24,3.33,3.36,43,-1.1,3.33,100,unverified,2026-02-24T12:00:00Z,assumed,1.0.0,b3ad5c95580a49b2260b1ff6ab649242c717638b569451db5f2f6be5bcf54aee,0.017289853780881048
2026-02-24T12:00:00Z,2026-02-24T00:00:00Z,2026-02-24T19:00:00Z,turbine_2,7,-1.1,2.24,3.33,3.36,43,-1.1,3.33,100,unverified,2026-02-24T12:00:00Z,assumed,1.0.0,8fe049cee2dbb83c819c3ad1ab9e327e982b3408b6617f11599b4115d67eb141,0.01572821040041833
2026-02-24T12:00:00Z,2026-02-24T00:00:00Z,2026-02-24T20:00:00Z,turbine_1,8,-1.3,1.48,3.12,3.57,58,-1.3,3.12,100,unverified,2026-02-24T12:00:00Z,assumed,1.0.0,b3ad5c95580a49b2260b1ff6ab649242c717638b569451db5f2f6be5bcf54aee,0.013377750223181883
2026-02-24T12:00:00Z,2026-02-24T00:00:00Z,2026-02-24T20:00:00Z,turbine_2,8,-1.3,1.48,3.12,3.57,58,-1.3,3.12,100,unverified,2026-02-24T12:00:00Z,assumed,1.0.0,8fe049cee2dbb83c819c3ad1ab9e327e982b3408b6617f11599b4115d67eb141,0.009427049697004253
2026-02-24T12:00:00Z,2026-02-24T00:00:00Z,2026-02-24T21:00:00Z,turbine_1,9,-1.5,1.35,3.26,3.87,54,-1.5,3.26,100,unverified,2026-02-24T12:00:00Z,assumed,1.0.0,b3ad5c95580a49b2260b1ff6ab649242c717638b569451db5f2f6be5bcf54aee,0.01566973017384604
2026-02-24T12:00:00Z,2026-02-24T00:00:00Z,2026-02-24T21:00:00Z,turbine_2,9,-1.5,1.35,3.26,3.87,54,-1.5,3.26,100,unverified,2026-02-24T12:00:00Z,assumed,1.0.0,8fe049cee2dbb83c819c3ad1ab9e327e982b3408b6617f11599b4115d67eb141,0.012114987898905583
2026-02-24T12:00:00Z,2026-02-24T00:00:00Z,2026-02-24T22:00:00Z,turbine_1,10,-2.5,1.51,3.95,4.49,55,-2.5,3.95,100,unverified,2026-02-24T12:00:00Z,assumed,1.0.0,b3ad5c95580a49b2260b1ff6ab649242c717638b569451db5f2f6be5bcf54aee,0.0348531606208658
2026-02-24T12:00:00Z,2026-02-24T00:00:00Z,2026-02-24T22:00:00Z,turbine_2,10,-2.5,1.51,3.95,4.49,55,-2.5,3.95,100,unverified,2026-02-24T12:00:00Z,assumed,1.0.0,8fe049cee2dbb83c819c3ad1ab9e327e982b3408b6617f11599b4115d67eb141,0.024215471885533246
2026-02-24T12:00:00Z,2026-02-24T00:00:00Z,2026-02-24T23:00:00Z,turbine_1,11,-1.7,1.35,3.73,4.48,55,-1.7,3.73,100,unverified,2026-02-24T12:00:00Z,assumed,1.0.0,b3ad5c95580a49b2260b1ff6ab649242c717638b569451db5f2f6be5bcf54aee,0.02615617397901443
2026-02-24T12:00:00Z,2026-02-24T00:00:00Z,2026-02-24T23:00:00Z,turbine_2,11,-1.7,1.35,3.73,4.48,55,-1.7,3.73,100,unverified,2026-02-24T12:00:00Z,assumed,1.0.0,8fe049cee2dbb83c819c3ad1ab9e327e982b3408b6617f11599b4115d67eb141,0.01832992089455804
2026-02-24T12:00:00Z,2026-02-24T00:00:00Z,2026-02-25T00:00:00Z,turbine_1,12,-1.6,1.42,3.73,4.43,55,-1.6,3.73,100,unverified,2026-02-24T12:00:00Z,assumed,1.0.0,b3ad5c95580a49b2260b1ff6ab649242c717638b569451db5f2f6be5bcf54aee,0.02615617397901443
2026-02-24T12:00:00Z,2026-02-24T00:00:00Z,2026-02-25T00:00:00Z,turbine_2,12,-1.6,1.42,3.73,4.43,55,-1.6,3.73,100,unverified,2026-02-24T12:00:00Z,assumed,1.0.0,8fe049cee2dbb83c819c3ad1ab9e327e982b3408b6617f11599b4115d67eb141,0.019967558162009513
2026-02-24T12:00:00Z,2026-02-24T00:00:00Z,2026-02-25T01:00:00Z,turbine_1,13,-1.9,1.44,3.62,4.18,55,-1.9,3.62,100,unverified,2026-02-24T12:00:00Z,assumed,1.0.0,b3ad5c95580a49b2260b1ff6ab649242c717638b569451db5f2f6be5bcf54aee,0.02454498968525981
2026-02-24T12:00:00Z,2026-02-24T00:00:00Z,2026-02-25T01:00:00Z,turbine_2,13,-1.9,1.44,3.62,4.18,55,-1.9,3.62,100,unverified,2026-02-24T12:00:00Z,assumed,1.0.0,8fe049cee2dbb83c819c3ad1ab9e327e982b3408b6617f11599b4115d67eb141,0.015142814297059326
2026-02-24T12:00:00Z,2026-02-24T00:00:00Z,2026-02-25T02:00:00Z,turbine_1,14,-1.4,1.52,3.9,4.43,49,-1.4,3.9,100,unverified,2026-02-24T12:00:00Z,assumed,1.0.0,b3ad5c95580a49b2260b1ff6ab649242c717638b569451db5f2f6be5bcf54aee,0.0328991078085043
2026-02-24T12:00:00Z,2026-02-24T00:00:00Z,2026-02-25T02:00:00Z,turbine_2,14,-1.4,1.52,3.9,4.43,49,-1.4,3.9,100,unverified,2026-02-24T12:00:00Z,assumed,1.0.0,8fe049cee2dbb83c819c3ad1ab9e327e982b3408b6617f11599b4115d67eb141,0.023933066155725102
2026-02-24T12:00:00Z,2026-02-24T00:00:00Z,2026-02-25T03:00:00Z,turbine_1,15,-0.2,1.88,3.84,4.41,51,-0.2,3.84,100,unverified,2026-02-24T12:00:00Z,assumed,1.0.0,b3ad5c95580a49b2260b1ff6ab649242c717638b569451db5f2f6be5bcf54aee,0.03152808061454271
2026-02-24T12:00:00Z,2026-02-24T00:00:00Z,2026-02-25T03:00:00Z,turbine_2,15,-0.2,1.88,3.84,4.41,51,-0.2,3.84,100,unverified,2026-02-24T12:00:00Z,assumed,1.0.0,8fe049cee2dbb83c819c3ad1ab9e327e982b3408b6617f11599b4115d67eb141,0.02462558710351198
2026-02-24T12:00:00Z,2026-02-24T00:00:00Z,2026-02-25T04:00:00Z,turbine_1,16,0.9,2.47,3.27,3.75,39,0.9,3.27,100,unverified,2026-02-24T12:00:00Z,assumed,1.0.0,b3ad5c95580a49b2260b1ff6ab649242c717638b569451db5f2f6be5bcf54aee,0.020840468514369326
2026-02-24T12:00:00Z,2026-02-24T00:00:00Z,2026-02-25T04:00:00Z,turbine_2,16,0.9,2.47,3.27,3.75,39,0.9,3.27,100,unverified,2026-02-24T12:00:00Z,assumed,1.0.0,8fe049cee2dbb83c819c3ad1ab9e327e982b3408b6617f11599b4115d67eb141,0.0197306256187334
2026-02-24T12:00:00Z,2026-02-24T00:00:00Z,2026-02-25T05:00:00Z,turbine_1,17,1.9,2.36,3.01,3.34,42,1.9,3.01,100,unverified,2026-02-24T12:00:00Z,assumed,1.0.0,b3ad5c95580a49b2260b1ff6ab649242c717638b569451db5f2f6be5bcf54aee,0.014271246383992187
2026-02-24T12:00:00Z,2026-02-24T00:00:00Z,2026-02-25T05:00:00Z,turbine_2,17,1.9,2.36,3.01,3.34,42,1.9,3.01,100,unverified,2026-02-24T12:00:00Z,assumed,1.0.0,8fe049cee2dbb83c819c3ad1ab9e327e982b3408b6617f11599b4115d67eb141,0.010984811384807003
2026-02-24T12:00:00Z,2026-02-24T00:00:00Z,2026-02-25T06:00:00Z,turbine_1,18,2.5,1.68,2.13,2.3,39,2.5,2.13,100,unverified,2026-02-24T12:00:00Z,assumed,1.0.0,b3ad5c95580a49b2260b1ff6ab649242c717638b569451db5f2f6be5bcf54aee,0.014022318767627717
2026-02-24T12:00:00Z,2026-02-24T00:00:00Z,2026-02-25T06:00:00Z,turbine_2,18,2.5,1.68,2.13,2.3,39,2.5,2.13,100,unverified,2026-02-24T12:00:00Z,assumed,1.0.0,8fe049cee2dbb83c819c3ad1ab9e327e982b3408b6617f11599b4115d67eb141,0.010555126690420358
2026-02-24T12:00:00Z,2026-02-24T00:00:00Z,2026-02-25T07:00:00Z,turbine_1,19,2.8,2.08,2.6,2.69,38,2.8,2.6,100,unverified,2026-02-24T12:00:00Z,assumed,1.0.0,b3ad5c95580a49b2260b1ff6ab649242c717638b569451db5f2f6be5bcf54aee,0.014231862289029062
2026-02-24T12:00:00Z,2026-02-24T00:00:00Z,2026-02-25T07:00:00Z,turbine_2,19,2.8,2.08,2.6,2.69,38,2.8,2.6,100,unverified,2026-02-24T12:00:00Z,assumed,1.0.0,8fe049cee2dbb83c819c3ad1ab9e327e982b3408b6617f11599b4115d67eb141,0.015882793608187284
2026-02-24T12:00:00Z,2026-02-24T00:00:00Z,2026-02-25T08:00:00Z,turbine_1,20,3.6,2.46,3.04,3.12,36,3.6,3.04,100,unverified,2026-02-24T12:00:00Z,assumed,1.0.0,b3ad5c95580a49b2260b1ff6ab649242c717638b569451db5f2f6be5bcf54aee,0.01663094818430888
2026-02-24T12:00:00Z,2026-02-24T00:00:00Z,2026-02-25T08:00:00Z,turbine_2,20,3.6,2.46,3.04,3.12,36,3.6,3.04,100,unverified,2026-02-24T12:00:00Z,assumed,1.0.0,8fe049cee2dbb83c819c3ad1ab9e327e982b3408b6617f11599b4115d67eb141,0.011299685687822636
2026-02-24T12:00:00Z,2026-02-24T00:00:00Z,2026-02-25T09:00:00Z,turbine_1,21,3.8,2.08,2.57,2.66,37,3.8,2.57,100,unverified,2026-02-24T12:00:00Z,assumed,1.0.0,b3ad5c95580a49b2260b1ff6ab649242c717638b569451db5f2f6be5bcf54aee,0.013441157023096173
2026-02-24T12:00:00Z,2026-02-24T00:00:00Z,2026-02-25T09:00:00Z,turbine_2,21,3.8,2.08,2.57,2.66,37,3.8,2.57,100,unverified,2026-02-24T12:00:00Z,assumed,1.0.0,8fe049cee2dbb83c819c3ad1ab9e327e982b3408b6617f11599b4115d67eb141,0.01022687911295822
2026-02-24T12:00:00Z,2026-02-24T00:00:00Z,2026-02-25T10:00:00Z,turbine_1,22,3.7,1.7,2.1,2.19,38,3.7,2.1,100,unverified,2026-02-24T12:00:00Z,assumed,1.0.0,b3ad5c95580a49b2260b1ff6ab649242c717638b569451db5f2f6be5bcf54aee,0.01239700867079524
2026-02-24T12:00:00Z,2026-02-24T00:00:00Z,2026-02-25T10:00:00Z,turbine_2,22,3.7,1.7,2.1,2.19,38,3.7,2.1,100,unverified,2026-02-24T12:00:00Z,assumed,1.0.0,8fe049cee2dbb83c819c3ad1ab9e327e982b3408b6617f11599b4115d67eb141,0.010457521274238768
2026-02-24T12:00:00Z,2026-02-24T00:00:00Z,2026-02-25T11:00:00Z,turbine_1,23,3.6,1.26,1.67,1.88,41,3.6,1.67,100,unverified,2026-02-24T12:00:00Z,assumed,1.0.0,b3ad5c95580a49b2260b1ff6ab649242c717638b569451db5f2f6be5bcf54aee,0.008373110985756937
2026-02-24T12:00:00Z,2026-02-24T00:00:00Z,2026-02-25T11:00:00Z,turbine_2,23,3.6,1.26,1.67,1.88,41,3.6,1.67,100,unverified,2026-02-24T12:00:00Z,assumed,1.0.0,8fe049cee2dbb83c819c3ad1ab9e327e982b3408b6617f11599b4115d67eb141,0.007620165469404694
2026-02-24T12:00:00Z,2026-02-24T00:00:00Z,2026-02-25T12:00:00Z,turbine_1,24,2.5,0.72,1.8,2.29,44,2.5,1.8,100,unverified,2026-02-24T12:00:00Z,assumed,1.0.0,b3ad5c95580a49b2260b1ff6ab649242c717638b569451db5f2f6be5bcf54aee,0.010902519578785241
2026-02-24T12:00:00Z,2026-02-24T00:00:00Z,2026-02-25T12:00:00Z,turbine_2,24,2.5,0.72,1.8,2.29,44,2.5,1.8,100,unverified,2026-02-24T12:00:00Z,assumed,1.0.0,8fe049cee2dbb83c819c3ad1ab9e327e982b3408b6617f11599b4115d67eb141,0.011044814513732792
2026-02-24T12:00:00Z,2026-02-24T00:00:00Z,2026-02-25T13:00:00Z,turbine_1,25,1.8,1.14,2.65,3.43,54,1.8,2.65,100,unverified,2026-02-24T12:00:00Z,assumed,1.0.0,b3ad5c95580a49b2260b1ff6ab649242c717638b569451db5f2f6be5bcf54aee,0.011465172013853109
2026-02-24T12:00:00Z,2026-02-24T00:00:00Z,2026-02-25T13:00:00Z,turbine_2,25,1.8,1.14,2.65,3.43,54,1.8,2.65,100,unverified,2026-02-24T12:00:00Z,assumed,1.0.0,8fe049cee2dbb83c819c3ad1ab9e327e982b3408b6617f11599b4115d67eb141,0.008790743837666481
2026-02-24T12:00:00Z,2026-02-24T00:00:00Z,2026-02-25T14:00:00Z,turbine_1,26,1.3,0.74,3.01,3.76,46,1.3,3.01,100,unverified,2026-02-24T12:00:00Z,assumed,1.0.0,b3ad5c95580a49b2260b1ff6ab649242c717638b569451db5f2f6be5bcf54aee,0.013983063943017626
2026-02-24T12:00:00Z,2026-02-24T00:00:00Z,2026-02-25T14:00:00Z,turbine_2,26,1.3,0.74,3.01,3.76,46,1.3,3.01,100,unverified,2026-02-24T12:00:00Z,assumed,1.0.0,8fe049cee2dbb83c819c3ad1ab9e327e982b3408b6617f11599b4115d67eb141,0.011874879680840944
2026-02-24T12:00:00Z,2026-02-24T00:00:00Z,2026-02-25T15:00:00Z,turbine_1,27,0.4,0.64,2.91,3.75,39,0.4,2.91,100,unverified,2026-02-24T12:00:00Z,assumed,1.0.0,b3ad5c95580a49b2260b1ff6ab649242c717638b569451db5f2f6be5bcf54aee,0.012934749842437254
2026-02-24T12:00:00Z,2026-02-24T00:00:00Z,2026-02-25T15:00:00Z,turbine_2,27,0.4,0.64,2.91,3.75,39,0.4,2.91,100,unverified,2026-02-24T12:00:00Z,assumed,1.0.0,8fe049cee2dbb83c819c3ad1ab9e327e982b3408b6617f11599b4115d67eb141,0.012853215583788768
2026-02-24T12:00:00Z,2026-02-24T00:00:00Z,2026-02-25T16:00:00Z,turbine_1,28,-0.1,1.51,3.74,4.88,56,-0.1,3.74,100,unverified,2026-02-24T12:00:00Z,assumed,1.0.0,b3ad5c95580a49b2260b1ff6ab649242c717638b569451db5f2f6be5bcf54aee,0.03102818314425887
2026-02-24T12:00:00Z,2026-02-24T00:00:00Z,2026-02-25T16:00:00Z,turbine_2,28,-0.1,1.51,3.74,4.88,56,-0.1,3.74,100,unverified,2026-02-24T12:00:00Z,assumed,1.0.0,8fe049cee2dbb83c819c3ad1ab9e327e982b3408b6617f11599b4115d67eb141,0.02801927176433705
2026-02-24T12:00:00Z,2026-02-24T00:00:00Z,2026-02-25T17:00:00Z,turbine_1,29,-0.5,2.08,5.46,6.69,57,-0.5,5.46,100,unverified,2026-02-24T12:00:00Z,assumed,1.0.0,b3ad5c95580a49b2260b1ff6ab649242c717638b569451db5f2f6be5bcf54aee,0.12778989888402875
2026-02-24T12:00:00Z,2026-02-24T00:00:00Z,2026-02-25T17:00:00Z,turbine_2,29,-0.5,2.08,5.46,6.69,57,-0.5,5.46,100,unverified,2026-02-24T12:00:00Z,assumed,1.0.0,8fe049cee2dbb83c819c3ad1ab9e327e982b3408b6617f11599b4115d67eb141,0.11989119687184369
2026-02-24T12:00:00Z,2026-02-24T00:00:00Z,2026-02-25T18:00:00Z,turbine_1,30,-0.6,3.14,6.67,8.47,65,-0.6,6.67,100,unverified,2026-02-24T12:00:00Z,assumed,1.0.0,b3ad5c95580a49b2260b1ff6ab649242c717638b569451db5f2f6be5bcf54aee,0.3003532055275311
2026-02-24T12:00:00Z,2026-02-24T00:00:00Z,2026-02-25T18:00:00Z,turbine_2,30,-0.6,3.14,6.67,8.47,65,-0.6,6.67,100,unverified,2026-02-24T12:00:00Z,assumed,1.0.0,8fe049cee2dbb83c819c3ad1ab9e327e982b3408b6617f11599b4115d67eb141,0.276488735344738
2026-02-24T12:00:00Z,2026-02-24T00:00:00Z,2026-02-25T19:00:00Z,turbine_1,31,-0.1,3.79,7.32,9.18,66,-0.1,7.32,100,unverified,2026-02-24T12:00:00Z,assumed,1.0.0,b3ad5c95580a49b2260b1ff6ab649242c717638b569451db5f2f6be5bcf54aee,0.4181856060957558
2026-02-24T12:00:00Z,2026-02-24T00:00:00Z,2026-02-25T19:00:00Z,turbine_2,31,-0.1,3.79,7.32,9.18,66,-0.1,7.32,100,unverified,2026-02-24T12:00:00Z,assumed,1.0.0,8fe049cee2dbb83c819c3ad1ab9e327e982b3408b6617f11599b4115d67eb141,0.3894245194470172
2026-02-24T12:00:00Z,2026-02-24T00:00:00Z,2026-02-25T20:00:00Z,turbine_1,32,0.3,4.16,7.53,9.38,69,0.3,7.53,100,unverified,2026-02-24T12:00:00Z,assumed,1.0.0,b3ad5c95580a49b2260b1ff6ab649242c717638b569451db5f2f6be5bcf54aee,0.4567330859804428
2026-02-24T12:00:00Z,2026-02-24T00:00:00Z,2026-02-25T20:00:00Z,turbine_2,32,0.3,4.16,7.53,9.38,69,0.3,7.53,100,unverified,2026-02-24T12:00:00Z,assumed,1.0.0,8fe049cee2dbb83c819c3ad1ab9e327e982b3408b6617f11599b4115d67eb141,0.43002299643866804
2026-02-24T12:00:00Z,2026-02-24T00:00:00Z,2026-02-25T21:00:00Z,turbine_1,33,0.6,3.6,6.67,7.92,77,0.6,6.67,100,unverified,2026-02-24T12:00:00Z,assumed,1.0.0,b3ad5c95580a49b2260b1ff6ab649242c717638b569451db5f2f6be5bcf54aee,0.30306877439532454
2026-02-24T12:00:00Z,2026-02-24T00:00:00Z,2026-02-25T21:00:00Z,turbine_2,33,0.6,3.6,6.67,7.92,77,0.6,6.67,100,unverified,2026-02-24T12:00:00Z,assumed,1.0.0,8fe049cee2dbb83c819c3ad1ab9e327e982b3408b6617f11599b4115d67eb141,0.28078546879117894
2026-02-24T12:00:00Z,2026-02-24T00:00:00Z,2026-02-25T22:00:00Z,turbine_1,34,0.8,4.1,7.16,8.55,78,0.8,7.16,100,unverified,2026-02-24T12:00:00Z,assumed,1.0.0,b3ad5c95580a49b2260b1ff6ab649242c717638b569451db5f2f6be5bcf54aee,0.3888758403870309
2026-02-24T12:00:00Z,2026-02-24T00:00:00Z,2026-02-25T22:00:00Z,turbine_2,34,0.8,4.1,7.16,8.55,78,0.8,7.16,100,unverified,2026-02-24T12:00:00Z,assumed,1.0.0,8fe049cee2dbb83c819c3ad1ab9e327e982b3408b6617f11599b4115d67eb141,0.3606381118663186
2026-02-24T12:00:00Z,2026-02-24T00:00:00Z,2026-02-25T23:00:00Z,turbine_1,35,1.0,4.27,7.33,8.42,74,1.0,7.33,100,unverified,2026-02-24T12:00:00Z,assumed,1.0.0,b3ad5c95580a49b2260b1ff6ab649242c717638b569451db5f2f6be5bcf54aee,0.42684587030166443
2026-02-24T12:00:00Z,2026-02-24T00:00:00Z,2026-02-25T23:00:00Z,turbine_2,35,1.0,4.27,7.33,8.42,74,1.0,7.33,100,unverified,2026-02-24T12:00:00Z,assumed,1.0.0,8fe049cee2dbb83c819c3ad1ab9e327e982b3408b6617f11599b4115d67eb141,0.39007108563479603
2026-02-24T12:00:00Z,2026-02-24T00:00:00Z,2026-02-26T00:00:00Z,turbine_1,36,1.1,3.32,5.82,6.58,76,1.1,5.82,100,unverified,2026-02-24T12:00:00Z,assumed,1.0.0,b3ad5c95580a49b2260b1ff6ab649242c717638b569451db5f2f6be5bcf54aee,0.18103855076315697
2026-02-24T12:00:00Z,2026-02-24T00:00:00Z,2026-02-26T00:00:00Z,turbine_2,36,1.1,3.32,5.82,6.58,76,1.1,5.82,100,unverified,2026-02-24T12:00:00Z,assumed,1.0.0,8fe049cee2dbb83c819c3ad1ab9e327e982b3408b6617f11599b4115d67eb141,0.1607939552938453
2026-02-24T12:00:00Z,2026-02-24T00:00:00Z,2026-02-26T01:00:00Z,turbine_1,37,0.9,4.0,7.01,7.97,66,0.9,7.01,100,unverified,2026-02-24T12:00:00Z,assumed,1.0.0,b3ad5c95580a49b2260b1ff6ab649242c717638b569451db5f2f6be5bcf54aee,0.3666901837238921
2026-02-24T12:00:00Z,2026-02-24T00:00:00Z,2026-02-26T01:00:00Z,turbine_2,37,0.9,4.0,7.01,7.97,66,0.9,7.01,100,unverified,2026-02-24T12:00:00Z,assumed,1.0.0,8fe049cee2dbb83c819c3ad1ab9e327e982b3408b6617f11599b4115d67eb141,0.34494318175283345
2026-02-24T12:00:00Z,2026-02-24T00:00:00Z,2026-02-26T02:00:00Z,turbine_1,38,0.8,4.08,7.07,8.02,64,0.8,7.07,100,unverified,2026-02-24T12:00:00Z,assumed,1.0.0,b3ad5c95580a49b2260b1ff6ab649242c717638b569451db5f2f6be5bcf54aee,0.3657490333663448
2026-02-24T12:00:00Z,2026-02-24T00:00:00Z,2026-02-26T02:00:00Z,turbine_2,38,0.8,4.08,7.07,8.02,64,0.8,7.07,100,unverified,2026-02-24T12:00:00Z,assumed,1.0.0,8fe049cee2dbb83c819c3ad1ab9e327e982b3408b6617f11599b4115d67eb141,0.3500479829713794
2026-02-24T12:00:00Z,2026-02-24T00:00:00Z,2026-02-26T03:00:00Z,turbine_1,39,2.0,3.7,6.7,7.84,68,2.0,6.7,100,unverified,2026-02-24T12:00:00Z,assumed,1.0.0,b3ad5c95580a49b2260b1ff6ab649242c717638b569451db5f2f6be5bcf54aee,0.3115627099263835
2026-02-24T12:00:00Z,2026-02-24T00:00:00Z,2026-02-26T03:00:00Z,turbine_2,39,2.0,3.7,6.7,7.84,68,2.0,6.7,100,unverified,2026-02-24T12:00:00Z,assumed,1.0.0,8fe049cee2dbb83c819c3ad1ab9e327e982b3408b6617f11599b4115d67eb141,0.2828577585501972
2026-02-24T12:00:00Z,2026-02-24T00:00:00Z,2026-02-26T04:00:00Z,turbine_1,40,3.6,2.44,2.8,1.87,319,3.6,2.8,100,unverified,2026-02-24T12:00:00Z,assumed,1.0.0,b3ad5c95580a49b2260b1ff6ab649242c717638b569451db5f2f6be5bcf54aee,0.016255176364902257
2026-02-24T12:00:00Z,2026-02-24T00:00:00Z,2026-02-26T04:00:00Z,turbine_2,40,3.6,2.44,2.8,1.87,319,3.6,2.8,100,unverified,2026-02-24T12:00:00Z,assumed,1.0.0,8fe049cee2dbb83c819c3ad1ab9e327e982b3408b6617f11599b4115d67eb141,0.01025520858012241
2026-02-24T12:00:00Z,2026-02-24T00:00:00Z,2026-02-26T05:00:00Z,turbine_1,41,4.8,5.86,7.7,7.85,269,4.8,7.7,100,unverified,2026-02-24T12:00:00Z,assumed,1.0.0,b3ad5c95580a49b2260b1ff6ab649242c717638b569451db5f2f6be5bcf54aee,0.49581461972315516
2026-02-24T12:00:00Z,2026-02-24T00:00:00Z,2026-02-26T05:00:00Z,turbine_2,41,4.8,5.86,7.7,7.85,269,4.8,7.7,100,unverified,2026-02-24T12:00:00Z,assumed,1.0.0,8fe049cee2dbb83c819c3ad1ab9e327e982b3408b6617f11599b4115d67eb141,0.4525253636551806
2026-02-24T12:00:00Z,2026-02-24T00:00:00Z,2026-02-26T06:00:00Z,turbine_1,42,3.6,4.31,5.55,5.75,262,3.6,5.55,100,unverified,2026-02-24T12:00:00Z,assumed,1.0.0,b3ad5c95580a49b2260b1ff6ab649242c717638b569451db5f2f6be5bcf54aee,0.15784015163249296
2026-02-24T12:00:00Z,2026-02-24T00:00:00Z,2026-02-26T06:00:00Z,turbine_2,42,3.6,4.31,5.55,5.75,262,3.6,5.55,100,unverified,2026-02-24T12:00:00Z,assumed,1.0.0,8fe049cee2dbb83c819c3ad1ab9e327e982b3408b6617f11599b4115d67eb141,0.14379603785405273
2026-02-24T12:00:00Z,2026-02-24T00:00:00Z,2026-02-26T07:00:00Z,turbine_1,43,1.5,3.59,4.41,4.38,261,1.5,4.41,100,unverified,2026-02-24T12:00:00Z,assumed,1.0.0,b3ad5c95580a49b2260b1ff6ab649242c717638b569451db5f2f6be5bcf54aee,0.0588070178076438
2026-02-24T12:00:00Z,2026-02-24T00:00:00Z,2026-02-26T07:00:00Z,turbine_2,43,1.5,3.59,4.41,4.38,261,1.5,4.41,100,unverified,2026-02-24T12:00:00Z,assumed,1.0.0,8fe049cee2dbb83c819c3ad1ab9e327e982b3408b6617f11599b4115d67eb141,0.05437198750449801
2026-02-24T12:00:00Z,2026-02-24T00:00:00Z,2026-02-26T08:00:00Z,turbine_1,44,0.6,3.27,4.12,4.58,246,0.6,4.12,100,unverified,2026-02-24T12:00:00Z,assumed,1.0.0,b3ad5c95580a49b2260b1ff6ab649242c717638b569451db5f2f6be5bcf54aee,0.048028714917336124
2026-02-24T12:00:00Z,2026-02-24T00:00:00Z,2026-02-26T08:00:00Z,turbine_2,44,0.6,3.27,4.12,4.58,246,0.6,4.12,100,unverified,2026-02-24T12:00:00Z,assumed,1.0.0,8fe049cee2dbb83c819c3ad1ab9e327e982b3408b6617f11599b4115d67eb141,0.045785263267572096
2026-02-24T12:00:00Z,2026-02-24T00:00:00Z,2026-02-26T09:00:00Z,turbine_1,45,-0.4,3.38,4.67,7.01,238,-0.4,4.67,100,unverified,2026-02-24T12:00:00Z,assumed,1.0.0,b3ad5c95580a49b2260b1ff6ab649242c717638b569451db5f2f6be5bcf54aee,0.07185323656303544
2026-02-24T12:00:00Z,2026-02-24T00:00:00Z,2026-02-26T09:00:00Z,turbine_2,45,-0.4,3.38,4.67,7.01,238,-0.4,4.67,100,unverified,2026-02-24T12:00:00Z,assumed,1.0.0,8fe049cee2dbb83c819c3ad1ab9e327e982b3408b6617f11599b4115d67eb141,0.06734610508527278
2026-02-24T12:00:00Z,2026-02-24T00:00:00Z,2026-02-26T10:00:00Z,turbine_1,46,-0.1,4.39,6.33,8.78,250,-0.1,6.33,100,unverified,2026-02-24T12:00:00Z,assumed,1.0.0,b3ad5c95580a49b2260b1ff6ab649242c717638b569451db5f2f6be5bcf54aee,0.24469685654021148
2026-02-24T12:00:00Z,2026-02-24T00:00:00Z,2026-02-26T10:00:00Z,turbine_2,46,-0.1,4.39,6.33,8.78,250,-0.1,6.33,100,unverified,2026-02-24T12:00:00Z,assumed,1.0.0,8fe049cee2dbb83c819c3ad1ab9e327e982b3408b6617f11599b4115d67eb141,0.23179852936616469
2026-02-24T12:00:00Z,2026-02-24T00:00:00Z,2026-02-26T11:00:00Z,turbine_1,47,0.2,3.86,6.28,8.5,261,0.2,6.28,100,unverified,2026-02-24T12:00:00Z,assumed,1.0.0,b3ad5c95580a49b2260b1ff6ab649242c717638b569451db5f2f6be5bcf54aee,0.24265868441160698
2026-02-24T12:00:00Z,2026-02-24T00:00:00Z,2026-02-26T11:00:00Z,turbine_2,47,0.2,3.86,6.28,8.5,261,0.2,6.28,100,unverified,2026-02-24T12:00:00Z,assumed,1.0.0,8fe049cee2dbb83c819c3ad1ab9e327e982b3408b6617f11599b4115d67eb141,0.23001685549569348
2026-02-24T12:00:00Z,2026-02-24T00:00:00Z,2026-02-26T12:00:00Z,turbine_1,48,-0.1,3.9,6.24,8.49,245,-0.1,6.24,100,unverified,2026-02-24T12:00:00Z,assumed,1.0.0,b3ad5c95580a49b2260b1ff6ab649242c717638b569451db5f2f6be5bcf54aee,0.23752375602811926
2026-02-24T12:00:00Z,2026-02-24T00:00:00Z,2026-02-26T12:00:00Z,turbine_2,48,-0.1,3.9,6.24,8.49,245,-0.1,6.24,100,unverified,2026-02-24T12:00:00Z,assumed,1.0.0,8fe049cee2dbb83c819c3ad1ab9e327e982b3408b6617f11599b4115d67eb141,0.22364376310063433
2026-02-25T12:00:00Z,2026-02-25T00:00:00Z,2026-02-25T13:00:00Z,turbine_1,1,1.0,0.61,0.89,0.71,308,1.0,0.89,100,unverified,2026-02-25T12:00:00Z,assumed,1.0.0,b3ad5c95580a49b2260b1ff6ab649242c717638b569451db5f2f6be5bcf54aee,0.008409672890278663
2026-02-25T12:00:00Z,2026-02-25T00:00:00Z,2026-02-25T13:00:00Z,turbine_2,1,1.0,0.61,0.89,0.71,308,1.0,0.89,100,unverified,2026-02-25T12:00:00Z,assumed,1.0.0,8fe049cee2dbb83c819c3ad1ab9e327e982b3408b6617f11599b4115d67eb141,0.010098972622451907
2026-02-25T12:00:00Z,2026-02-25T00:00:00Z,2026-02-25T14:00:00Z,turbine_1,2,0.7,0.11,0.74,2.19,62,0.7,0.74,100,unverified,2026-02-25T12:00:00Z,assumed,1.0.0,b3ad5c95580a49b2260b1ff6ab649242c717638b569451db5f2f6be5bcf54aee,0.008181525610877038
2026-02-25T12:00:00Z,2026-02-25T00:00:00Z,2026-02-25T14:00:00Z,turbine_2,2,0.7,0.11,0.74,2.19,62,0.7,0.74,100,unverified,2026-02-25T12:00:00Z,assumed,1.0.0,8fe049cee2dbb83c819c3ad1ab9e327e982b3408b6617f11599b4115d67eb141,0.010530068943954973
2026-02-25T12:00:00Z,2026-02-25T00:00:00Z,2026-02-25T15:00:00Z,turbine_1,3,-0.8,1.24,3.04,4.18,36,-0.8,3.04,100,unverified,2026-02-25T12:00:00Z,assumed,1.0.0,b3ad5c95580a49b2260b1ff6ab649242c717638b569451db5f2f6be5bcf54aee,0.010849439520447868
2026-02-25T12:00:00Z,2026-02-25T00:00:00Z,2026-02-25T15:00:00Z,turbine_2,3,-0.8,1.24,3.04,4.18,36,-0.8,3.04,100,unverified,2026-02-25T12:00:00Z,assumed,1.0.0,8fe049cee2dbb83c819c3ad1ab9e327e982b3408b6617f11599b4115d67eb141,0.008592982905881064
2026-02-25T12:00:00Z,2026-02-25T00:00:00Z,2026-02-25T16:00:00Z,turbine_1,4,-0.2,0.85,3.43,5.48,59,-0.2,3.43,100,unverified,2026-02-25T12:00:00Z,assumed,1.0.0,b3ad5c95580a49b2260b1ff6ab649242c717638b569451db5f2f6be5bcf54aee,0.02093882473047798
2026-02-25T12:00:00Z,2026-02-25T00:00:00Z,2026-02-25T16:00:00Z,turbine_2,4,-0.2,0.85,3.43,5.48,59,-0.2,3.43,100,unverified,2026-02-25T12:00:00Z,assumed,1.0.0,8fe049cee2dbb83c819c3ad1ab9e327e982b3408b6617f11599b4115d67eb141,0.017132158019403765
2026-02-25T12:00:00Z,2026-02-25T00:00:00Z,2026-02-25T17:00:00Z,turbine_1,5,0.2,2.3,5.61,7.14,63,0.2,5.61,100,unverified,2026-02-25T12:00:00Z,assumed,1.0.0,b3ad5c95580a49b2260b1ff6ab649242c717638b569451db5f2f6be5bcf54aee,0.1442379545915275
2026-02-25T12:00:00Z,2026-02-25T00:00:00Z,2026-02-25T17:00:00Z,turbine_2,5,0.2,2.3,5.61,7.14,63,0.2,5.61,100,unverified,2026-02-25T12:00:00Z,assumed,1.0.0,8fe049cee2dbb83c819c3ad1ab9e327e982b3408b6617f11599b4115d67eb141,0.135980044894844
2026-02-25T12:00:00Z,2026-02-25T00:00:00Z,2026-02-25T18:00:00Z,turbine_1,6,0.1,3.7,7.49,9.06,63,0.1,7.49,100,unverified,2026-02-25T12:00:00Z,assumed,1.0.0,b3ad5c95580a49b2260b1ff6ab649242c717638b569451db5f2f6be5bcf54aee,0.4504421594925081
2026-02-25T12:00:00Z,2026-02-25T00:00:00Z,2026-02-25T18:00:00Z,turbine_2,6,0.1,3.7,7.49,9.06,63,0.1,7.49,100,unverified,2026-02-25T12:00:00Z,assumed,1.0.0,8fe049cee2dbb83c819c3ad1ab9e327e982b3408b6617f11599b4115d67eb141,0.42070953996680643
2026-02-25T12:00:00Z,2026-02-25T00:00:00Z,2026-02-25T19:00:00Z,turbine_1,7,-0.2,4.29,8.06,9.59,69,-0.2,8.06,100,unverified,2026-02-25T12:00:00Z,assumed,1.0.0,b3ad5c95580a49b2260b1ff6ab649242c717638b569451db5f2f6be5bcf54aee,0.5291612362243502
2026-02-25T12:00:00Z,2026-02-25T00:00:00Z,2026-02-25T19:00:00Z,turbine_2,7,-0.2,4.29,8.06,9.59,69,-0.2,8.06,100,unverified,2026-02-25T12:00:00Z,assumed,1.0.0,8fe049cee2dbb83c819c3ad1ab9e327e982b3408b6617f11599b4115d67eb141,0.49886126973628087
2026-02-25T12:00:00Z,2026-02-25T00:00:00Z,2026-02-25T20:00:00Z,turbine_1,8,0.4,4.71,8.35,9.74,71,0.4,8.35,100,unverified,2026-02-25T12:00:00Z,assumed,1.0.0,b3ad5c95580a49b2260b1ff6ab649242c717638b569451db5f2f6be5bcf54aee,0.5898125328408088
2026-02-25T12:00:00Z,2026-02-25T00:00:00Z,2026-02-25T20:00:00Z,turbine_2,8,0.4,4.71,8.35,9.74,71,0.4,8.35,100,unverified,2026-02-25T12:00:00Z,assumed,1.0.0,8fe049cee2dbb83c819c3ad1ab9e327e982b3408b6617f11599b4115d67eb141,0.565963649284427
2026-02-25T12:00:00Z,2026-02-25T00:00:00Z,2026-02-25T21:00:00Z,turbine_1,9,0.5,4.63,8.21,9.84,77,0.5,8.21,100,unverified,2026-02-25T12:00:00Z,assumed,1.0.0,b3ad5c95580a49b2260b1ff6ab649242c717638b569451db5f2f6be5bcf54aee,0.5661886115769154
2026-02-25T12:00:00Z,2026-02-25T00:00:00Z,2026-02-25T21:00:00Z,turbine_2,9,0.5,4.63,8.21,9.84,77,0.5,8.21,100,unverified,2026-02-25T12:00:00Z,assumed,1.0.0,8fe049cee2dbb83c819c3ad1ab9e327e982b3408b6617f11599b4115d67eb141,0.5352726379183074
2026-02-25T12:00:00Z,2026-02-25T00:00:00Z,2026-02-25T22:00:00Z,turbine_1,10,0.7,4.48,7.6,8.65,74,0.7,7.6,100,unverified,2026-02-25T12:00:00Z,assumed,1.0.0,b3ad5c95580a49b2260b1ff6ab649242c717638b569451db5f2f6be5bcf54aee,0.4573070200588458
2026-02-25T12:00:00Z,2026-02-25T00:00:00Z,2026-02-25T22:00:00Z,turbine_2,10,0.7,4.48,7.6,8.65,74,0.7,7.6,100,unverified,2026-02-25T12:00:00Z,assumed,1.0.0,8fe049cee2dbb83c819c3ad1ab9e327e982b3408b6617f11599b4115d67eb141,0.4304564446095174
2026-02-25T12:00:00Z,2026-02-25T00:00:00Z,2026-02-25T23:00:00Z,turbine_1,11,0.3,3.94,6.94,7.78,73,0.3,6.94,100,unverified,2026-02-25T12:00:00Z,assumed,1.0.0,b3ad5c95580a49b2260b1ff6ab649242c717638b569451db5f2f6be5bcf54aee,0.34331377951578
2026-02-25T12:00:00Z,2026-02-25T00:00:00Z,2026-02-25T23:00:00Z,turbine_2,11,0.3,3.94,6.94,7.78,73,0.3,6.94,100,unverified,2026-02-25T12:00:00Z,assumed,1.0.0,8fe049cee2dbb83c819c3ad1ab9e327e982b3408b6617f11599b4115d67eb141,0.336895544204924
2026-02-25T12:00:00Z,2026-02-25T00:00:00Z,2026-02-26T00:00:00Z,turbine_1,12,0.0,3.48,6.31,7.34,75,0.0,6.31,100,unverified,2026-02-25T12:00:00Z,assumed,1.0.0,b3ad5c95580a49b2260b1ff6ab649242c717638b569451db5f2f6be5bcf54aee,0.24469685654021148
2026-02-25T12:00:00Z,2026-02-25T00:00:00Z,2026-02-26T00:00:00Z,turbine_2,12,0.0,3.48,6.31,7.34,75,0.0,6.31,100,unverified,2026-02-25T12:00:00Z,assumed,1.0.0,8fe049cee2dbb83c819c3ad1ab9e327e982b3408b6617f11599b4115d67eb141,0.23179852936616469
2026-02-25T12:00:00Z,2026-02-25T00:00:00Z,2026-02-26T01:00:00Z,turbine_1,13,-0.4,3.23,5.98,6.79,69,-0.4,5.98,100,unverified,2026-02-25T12:00:00Z,assumed,1.0.0,b3ad5c95580a49b2260b1ff6ab649242c717638b569451db5f2f6be5bcf54aee,0.19731462022014565
2026-02-25T12:00:00Z,2026-02-25T00:00:00Z,2026-02-26T01:00:00Z,turbine_2,13,-0.4,3.23,5.98,6.79,69,-0.4,5.98,100,unverified,2026-02-25T12:00:00Z,assumed,1.0.0,8fe049cee2dbb83c819c3ad1ab9e327e982b3408b6617f11599b4115d67eb141,0.1820667098789679
2026-02-25T12:00:00Z,2026-02-25T00:00:00Z,2026-02-26T02:00:00Z,turbine_1,14,0.1,3.11,5.52,6.82,69,0.1,5.52,100,unverified,2026-02-25T12:00:00Z,assumed,1.0.0,b3ad5c95580a49b2260b1ff6ab649242c717638b569451db5f2f6be5bcf54aee,0.13276871415966995
2026-02-25T12:00:00Z,2026-02-25T00:00:00Z,2026-02-26T02:00:00Z,turbine_2,14,0.1,3.11,5.52,6.82,69,0.1,5.52,100,unverified,2026-02-25T12:00:00Z,assumed,1.0.0,8fe049cee2dbb83c819c3ad1ab9e327e982b3408b6617f11599b4115d67eb141,0.1208575787987298
2026-02-25T12:00:00Z,2026-02-25T00:00:00Z,2026-02-26T03:00:00Z,turbine_1,15,1.0,3.05,5.1,6.48,64,1.0,5.1,100,unverified,2026-02-25T12:00:00Z,assumed,1.0.0,b3ad5c95580a49b2260b1ff6ab649242c717638b569451db5f2f6be5bcf54aee,0.10117718923233626
2026-02-25T12:00:00Z,2026-02-25T00:00:00Z,2026-02-26T03:00:00Z,turbine_2,15,1.0,3.05,5.1,6.48,64,1.0,5.1,100,unverified,2026-02-25T12:00:00Z,assumed,1.0.0,8fe049cee2dbb83c819c3ad1ab9e327e982b3408b6617f11599b4115d67eb141,0.08603289875722919
2026-02-25T12:00:00Z,2026-02-25T00:00:00Z,2026-02-26T04:00:00Z,turbine_1,16,2.6,2.76,3.93,5.32,42,2.6,3.93,100,unverified,2026-02-25T12:00:00Z,assumed,1.0.0,b3ad5c95580a49b2260b1ff6ab649242c717638b569451db5f2f6be5bcf54aee,0.050979700034369135
2026-02-25T12:00:00Z,2026-02-25T00:00:00Z,2026-02-26T04:00:00Z,turbine_2,16,2.6,2.76,3.93,5.32,42,2.6,3.93,100,unverified,2026-02-25T12:00:00Z,assumed,1.0.0,8fe049cee2dbb83c819c3ad1ab9e327e982b3408b6617f11599b4115d67eb141,0.03574567396727041
2026-02-25T12:00:00Z,2026-02-25T00:00:00Z,2026-02-26T05:00:00Z,turbine_1,17,4.2,1.71,2.2,2.38,21,4.2,2.2,100,unverified,2026-02-25T12:00:00Z,assumed,1.0.0,b3ad5c95580a49b2260b1ff6ab649242c717638b569451db5f2f6be5bcf54aee,0.012690213726674615
2026-02-25T12:00:00Z,2026-02-25T00:00:00Z,2026-02-26T05:00:00Z,turbine_2,17,4.2,1.71,2.2,2.38,21,4.2,2.2,100,unverified,2026-02-25T12:00:00Z,assumed,1.0.0,8fe049cee2dbb83c819c3ad1ab9e327e982b3408b6617f11599b4115d67eb141,0.00973556651064894
2026-02-25T12:00:00Z,2026-02-25T00:00:00Z,2026-02-26T06:00:00Z,turbine_1,18,5.8,7.06,9.36,9.54,264,5.8,9.36,100,unverified,2026-02-25T12:00:00Z,assumed,1.0.0,b3ad5c95580a49b2260b1ff6ab649242c717638b569451db5f2f6be5bcf54aee,0.7515407060854769
2026-02-25T12:00:00Z,2026-02-25T00:00:00Z,2026-02-26T06:00:00Z,turbine_2,18,5.8,7.06,9.36,9.54,264,5.8,9.36,100,unverified,2026-02-25T12:00:00Z,assumed,1.0.0,8fe049cee2dbb83c819c3ad1ab9e327e982b3408b6617f11599b4115d67eb141,0.7128594931710961
2026-02-25T12:00:00Z,2026-02-25T00:00:00Z,2026-02-26T07:00:00Z,turbine_1,19,2.4,4.99,7.03,8.08,261,2.4,7.03,100,unverified,2026-02-25T12:00:00Z,assumed,1.0.0,b3ad5c95580a49b2260b1ff6ab649242c717638b569451db5f2f6be5bcf54aee,0.3715494193000063
2026-02-25T12:00:00Z,2026-02-25T00:00:00Z,2026-02-26T07:00:00Z,turbine_2,19,2.4,4.99,7.03,8.08,261,2.4,7.03,100,unverified,2026-02-25T12:00:00Z,assumed,1.0.0,8fe049cee2dbb83c819c3ad1ab9e327e982b3408b6617f11599b4115d67eb141,0.34787206365953227
2026-02-25T12:00:00Z,2026-02-25T00:00:00Z,2026-02-26T08:00:00Z,turbine_1,20,0.8,3.46,4.42,4.91,254,0.8,4.42,100,unverified,2026-02-25T12:00:00Z,assumed,1.0.0,b3ad5c95580a49b2260b1ff6ab649242c717638b569451db5f2f6be5bcf54aee,0.056369523523706444
2026-02-25T12:00:00Z,2026-02-25T00:00:00Z,2026-02-26T08:00:00Z,turbine_2,20,0.8,3.46,4.42,4.91,254,0.8,4.42,100,unverified,2026-02-25T12:00:00Z,assumed,1.0.0,8fe049cee2dbb83c819c3ad1ab9e327e982b3408b6617f11599b4115d67eb141,0.05465821609547378
2026-02-25T12:00:00Z,2026-02-25T00:00:00Z,2026-02-26T09:00:00Z,turbine_1,21,0.2,3.25,4.21,5.35,250,0.2,4.21,100,unverified,2026-02-25T12:00:00Z,assumed,1.0.0,b3ad5c95580a49b2260b1ff6ab649242c717638b569451db5f2f6be5bcf54aee,0.051617539113467725
2026-02-25T12:00:00Z,2026-02-25T00:00:00Z,2026-02-26T09:00:00Z,turbine_2,21,0.2,3.25,4.21,5.35,250,0.2,4.21,100,unverified,2026-02-25T12:00:00Z,assumed,1.0.0,8fe049cee2dbb83c819c3ad1ab9e327e982b3408b6617f11599b4115d67eb141,0.04586547156725235
2026-02-25T12:00:00Z,2026-02-25T00:00:00Z,2026-02-26T10:00:00Z,turbine_1,22,-0.4,3.33,4.62,6.77,239,-0.4,4.62,100,unverified,2026-02-25T12:00:00Z,assumed,1.0.0,b3ad5c95580a49b2260b1ff6ab649242c717638b569451db5f2f6be5bcf54aee,0.07185323656303544
2026-02-25T12:00:00Z,2026-02-25T00:00:00Z,2026-02-26T10:00:00Z,turbine_2,22,-0.4,3.33,4.62,6.77,239,-0.4,4.62,100,unverified,2026-02-25T12:00:00Z,assumed,1.0.0,8fe049cee2dbb83c819c3ad1ab9e327e982b3408b6617f11599b4115d67eb141,0.06622318288967827
2026-02-25T12:00:00Z,2026-02-25T00:00:00Z,2026-02-26T11:00:00Z,turbine_1,23,0.1,3.27,4.87,6.91,248,0.1,4.87,100,unverified,2026-02-25T12:00:00Z,assumed,1.0.0,b3ad5c95580a49b2260b1ff6ab649242c717638b569451db5f2f6be5bcf54aee,0.08516705310253664
2026-02-25T12:00:00Z,2026-02-25T00:00:00Z,2026-02-26T11:00:00Z,turbine_2,23,0.1,3.27,4.87,6.91,248,0.1,4.87,100,unverified,2026-02-25T12:00:00Z,assumed,1.0.0,8fe049cee2dbb83c819c3ad1ab9e327e982b3408b6617f11599b4115d67eb141,0.0734173307182539
2026-02-25T12:00:00Z,2026-02-25T00:00:00Z,2026-02-26T12:00:00Z,turbine_1,24,-0.1,3.47,6.06,8.9,255,-0.1,6.06,100,unverified,2026-02-25T12:00:00Z,assumed,1.0.0,b3ad5c95580a49b2260b1ff6ab649242c717638b569451db5f2f6be5bcf54aee,0.221570167022351
2026-02-25T12:00:00Z,2026-02-25T00:00:00Z,2026-02-26T12:00:00Z,turbine_2,24,-0.1,3.47,6.06,8.9,255,-0.1,6.06,100,unverified,2026-02-25T12:00:00Z,assumed,1.0.0,8fe049cee2dbb83c819c3ad1ab9e327e982b3408b6617f11599b4115d67eb141,0.18384982034187392
2026-02-25T12:00:00Z,2026-02-25T00:00:00Z,2026-02-26T13:00:00Z,turbine_1,25,-0.4,4.81,7.85,10.11,249,-0.4,7.85,100,unverified,2026-02-25T12:00:00Z,assumed,1.0.0,b3ad5c95580a49b2260b1ff6ab649242c717638b569451db5f2f6be5bcf54aee,0.4962646252704046
2026-02-25T12:00:00Z,2026-02-25T00:00:00Z,2026-02-26T13:00:00Z,turbine_2,25,-0.4,4.81,7.85,10.11,249,-0.4,7.85,100,unverified,2026-02-25T12:00:00Z,assumed,1.0.0,8fe049cee2dbb83c819c3ad1ab9e327e982b3408b6617f11599b4115d67eb141,0.46584492889114465
2026-02-25T12:00:00Z,2026-02-25T00:00:00Z,2026-02-26T14:00:00Z,turbine_1,26,0.0,4.93,8.22,10.26,238,0.0,8.22,100,unverified,2026-02-25T12:00:00Z,assumed,1.0.0,b3ad5c95580a49b2260b1ff6ab649242c717638b569451db5f2f6be5bcf54aee,0.5752053553372273
2026-02-25T12:00:00Z,2026-02-25T00:00:00Z,2026-02-26T14:00:00Z,turbine_2,26,0.0,4.93,8.22,10.26,238,0.0,8.22,100,unverified,2026-02-25T12:00:00Z,assumed,1.0.0,8fe049cee2dbb83c819c3ad1ab9e327e982b3408b6617f11599b4115d67eb141,0.5348384823759226
2026-02-25T12:00:00Z,2026-02-25T00:00:00Z,2026-02-26T15:00:00Z,turbine_1,27,0.4,4.01,6.95,9.04,248,0.4,6.95,100,unverified,2026-02-25T12:00:00Z,assumed,1.0.0,b3ad5c95580a49b2260b1ff6ab649242c717638b569451db5f2f6be5bcf54aee,0.3645136530626139
2026-02-25T12:00:00Z,2026-02-25T00:00:00Z,2026-02-26T15:00:00Z,turbine_2,27,0.4,4.01,6.95,9.04,248,0.4,6.95,100,unverified,2026-02-25T12:00:00Z,assumed,1.0.0,8fe049cee2dbb83c819c3ad1ab9e327e982b3408b6617f11599b4115d67eb141,0.33696208295571406
2026-02-25T12:00:00Z,2026-02-25T00:00:00Z,2026-02-26T16:00:00Z,turbine_1,28,0.5,3.61,6.32,8.73,248,0.5,6.32,100,unverified,2026-02-25T12:00:00Z,assumed,1.0.0,b3ad5c95580a49b2260b1ff6ab649242c717638b569451db5f2f6be5bcf54aee,0.24542687982033026
2026-02-25T12:00:00Z,2026-02-25T00:00:00Z,2026-02-26T16:00:00Z,turbine_2,28,0.5,3.61,6.32,8.73,248,0.5,6.32,100,unverified,2026-02-25T12:00:00Z,assumed,1.0.0,8fe049cee2dbb83c819c3ad1ab9e327e982b3408b6617f11599b4115d67eb141,0.2328286281260869
2026-02-25T12:00:00Z,2026-02-25T00:00:00Z,2026-02-26T17:00:00Z,turbine_1,29,0.4,4.64,7.63,9.95,259,0.4,7.63,100,unverified,2026-02-25T12:00:00Z,assumed,1.0.0,b3ad5c95580a49b2260b1ff6ab649242c717638b569451db5f2f6be5bcf54aee,0.47746737936552563
2026-02-25T12:00:00Z,2026-02-25T00:00:00Z,2026-02-26T17:00:00Z,turbine_2,29,0.4,4.64,7.63,9.95,259,0.4,7.63,100,unverified,2026-02-25T12:00:00Z,assumed,1.0.0,8fe049cee2dbb83c819c3ad1ab9e327e982b3408b6617f11599b4115d67eb141,0.4453929058643986
2026-02-25T12:00:00Z,2026-02-25T00:00:00Z,2026-02-26T18:00:00Z,turbine_1,30,0.1,5.66,9.24,11.23,253,0.1,9.24,100,unverified,2026-02-25T12:00:00Z,assumed,1.0.0,b3ad5c95580a49b2260b1ff6ab649242c717638b569451db5f2f6be5bcf54aee,0.7363194610494077
2026-02-25T12:00:00Z,2026-02-25T00:00:00Z,2026-02-26T18:00:00Z,turbine_2,30,0.1,5.66,9.24,11.23,253,0.1,9.24,100,unverified,2026-02-25T12:00:00Z,assumed,1.0.0,8fe049cee2dbb83c819c3ad1ab9e327e982b3408b6617f11599b4115d67eb141,0.6992950806615477
2026-02-25T12:00:00Z,2026-02-25T00:00:00Z,2026-02-26T19:00:00Z,turbine_1,31,-0.6,5.92,9.43,11.63,259,-0.6,9.43,100,unverified,2026-02-25T12:00:00Z,assumed,1.0.0,b3ad5c95580a49b2260b1ff6ab649242c717638b569451db5f2f6be5bcf54aee,0.760149524038881
2026-02-25T12:00:00Z,2026-02-25T00:00:00Z,2026-02-26T19:00:00Z,turbine_2,31,-0.6,5.92,9.43,11.63,259,-0.6,9.43,100,unverified,2026-02-25T12:00:00Z,assumed,1.0.0,8fe049cee2dbb83c819c3ad1ab9e327e982b3408b6617f11599b4115d67eb141,0.7348846759444291
2026-02-25T12:00:00Z,2026-02-25T00:00:00Z,2026-02-26T20:00:00Z,turbine_1,32,-1.2,5.78,9.01,10.91,256,-1.2,9.01,100,unverified,2026-02-25T12:00:00Z,assumed,1.0.0,b3ad5c95580a49b2260b1ff6ab649242c717638b569451db5f2f6be5bcf54aee,0.6864025626361399
2026-02-25T12:00:00Z,2026-02-25T00:00:00Z,2026-02-26T20:00:00Z,turbine_2,32,-1.2,5.78,9.01,10.91,256,-1.2,9.01,100,unverified,2026-02-25T12:00:00Z,assumed,1.0.0,8fe049cee2dbb83c819c3ad1ab9e327e982b3408b6617f11599b4115d67eb141,0.6670897636298765
2026-02-25T12:00:00Z,2026-02-25T00:00:00Z,2026-02-26T21:00:00Z,turbine_1,33,-1.9,5.67,9.17,11.24,246,-1.9,9.17,100,unverified,2026-02-25T12:00:00Z,assumed,1.0.0,b3ad5c95580a49b2260b1ff6ab649242c717638b569451db5f2f6be5bcf54aee,0.7246028495432264
2026-02-25T12:00:00Z,2026-02-25T00:00:00Z,2026-02-26T21:00:00Z,turbine_2,33,-1.9,5.67,9.17,11.24,246,-1.9,9.17,100,unverified,2026-02-25T12:00:00Z,assumed,1.0.0,8fe049cee2dbb83c819c3ad1ab9e327e982b3408b6617f11599b4115d67eb141,0.6838141340065951
2026-02-25T12:00:00Z,2026-02-25T00:00:00Z,2026-02-26T22:00:00Z,turbine_1,34,-1.9,5.7,9.21,11.72,249,-1.9,9.21,100,unverified,2026-02-25T12:00:00Z,assumed,1.0.0,b3ad5c95580a49b2260b1ff6ab649242c717638b569451db5f2f6be5bcf54aee,0.7305368608187103
2026-02-25T12:00:00Z,2026-02-25T00:00:00Z,2026-02-26T22:00:00Z,turbine_2,34,-1.9,5.7,9.21,11.72,249,-1.9,9.21,100,unverified,2026-02-25T12:00:00Z,assumed,1.0.0,8fe049cee2dbb83c819c3ad1ab9e327e982b3408b6617f11599b4115d67eb141,0.6906342012235769
2026-02-25T12:00:00Z,2026-02-25T00:00:00Z,2026-02-26T23:00:00Z,turbine_1,35,-1.7,5.13,8.09,10.62,247,-1.7,8.09,100,unverified,2026-02-25T12:00:00Z,assumed,1.0.0,b3ad5c95580a49b2260b1ff6ab649242c717638b569451db5f2f6be5bcf54aee,0.5233776184712536
2026-02-25T12:00:00Z,2026-02-25T00:00:00Z,2026-02-26T23:00:00Z,turbine_2,35,-1.7,5.13,8.09,10.62,247,-1.7,8.09,100,unverified,2026-02-25T12:00:00Z,assumed,1.0.0,8fe049cee2dbb83c819c3ad1ab9e327e982b3408b6617f11599b4115d67eb141,0.49118436372308616
2026-02-25T12:00:00Z,2026-02-25T00:00:00Z,2026-02-27T00:00:00Z,turbine_1,36,-1.8,4.81,7.7,9.53,245,-1.8,7.7,100,unverified,2026-02-25T12:00:00Z,assumed,1.0.0,b3ad5c95580a49b2260b1ff6ab649242c717638b569451db5f2f6be5bcf54aee,0.4798746018323891
2026-02-25T12:00:00Z,2026-02-25T00:00:00Z,2026-02-27T00:00:00Z,turbine_2,36,-1.8,4.81,7.7,9.53,245,-1.8,7.7,100,unverified,2026-02-25T12:00:00Z,assumed,1.0.0,8fe049cee2dbb83c819c3ad1ab9e327e982b3408b6617f11599b4115d67eb141,0.43690212403303413
2026-02-25T12:00:00Z,2026-02-25T00:00:00Z,2026-02-27T01:00:00Z,turbine_1,37,-2.0,4.39,6.9,8.65,238,-2.0,6.9,100,unverified,2026-02-25T12:00:00Z,assumed,1.0.0,b3ad5c95580a49b2260b1ff6ab649242c717638b569451db5f2f6be5bcf54aee,0.32397352309101063
2026-02-25T12:00:00Z,2026-02-25T00:00:00Z,2026-02-27T01:00:00Z,turbine_2,37,-2.0,4.39,6.9,8.65,238,-2.0,6.9,100,unverified,2026-02-25T12:00:00Z,assumed,1.0.0,8fe049cee2dbb83c819c3ad1ab9e327e982b3408b6617f11599b4115d67eb141,0.3050771976048719
2026-02-25T12:00:00Z,2026-02-25T00:00:00Z,2026-02-27T02:00:00Z,turbine_1,38,-2.1,4.42,6.97,8.78,239,-2.1,6.97,100,unverified,2026-02-25T12:00:00Z,assumed,1.0.0,b3ad5c95580a49b2260b1ff6ab649242c717638b569451db5f2f6be5bcf54aee,0.35106645856122654
2026-02-25T12:00:00Z,2026-02-25T00:00:00Z,2026-02-27T02:00:00Z,turbine_2,38,-2.1,4.42,6.97,8.78,239,-2.1,6.97,100,unverified,2026-02-25T12:00:00Z,assumed,1.0.0,8fe049cee2dbb83c819c3ad1ab9e327e982b3408b6617f11599b4115d67eb141,0.32813323237722763
2026-02-25T12:00:00Z,2026-02-25T00:00:00Z,2026-02-27T03:00:00Z,turbine_1,39,-1.7,4.56,6.67,8.4,229,-1.7,6.67,100,unverified,2026-02-25T12:00:00Z,assumed,1.0.0,b3ad5c95580a49b2260b1ff6ab649242c717638b569451db5f2f6be5bcf54aee,0.2922404749048213
2026-02-25T12:00:00Z,2026-02-25T00:00:00Z,2026-02-27T03:00:00Z,turbine_2,39,-1.7,4.56,6.67,8.4,229,-1.7,6.67,100,unverified,2026-02-25T12:00:00Z,assumed,1.0.0,8fe049cee2dbb83c819c3ad1ab9e327e982b3408b6617f11599b4115d67eb141,0.2658456271816588
2026-02-25T12:00:00Z,2026-02-25T00:00:00Z,2026-02-27T04:00:00Z,turbine_1,40,-0.9,3.85,5.64,7.19,233,-0.9,5.64,100,unverified,2026-02-25T12:00:00Z,assumed,1.0.0,b3ad5c95580a49b2260b1ff6ab649242c717638b569451db5f2f6be5bcf54aee,0.1366027961595135
2026-02-25T12:00:00Z,2026-02-25T00:00:00Z,2026-02-27T04:00:00Z,turbine_2,40,-0.9,3.85,5.64,7.19,233,-0.9,5.64,100,unverified,2026-02-25T12:00:00Z,assumed,1.0.0,8fe049cee2dbb83c819c3ad1ab9e327e982b3408b6617f11599b4115d67eb141,0.13356136331639054
2026-02-25T12:00:00Z,2026-02-25T00:00:00Z,2026-02-27T05:00:00Z,turbine_1,41,-0.4,3.59,5.01,6.31,241,-0.4,5.01,100,unverified,2026-02-25T12:00:00Z,assumed,1.0.0,b3ad5c95580a49b2260b1ff6ab649242c717638b569451db5f2f6be5bcf54aee,0.09672200364999478
2026-02-25T12:00:00Z,2026-02-25T00:00:00Z,2026-02-27T05:00:00Z,turbine_2,41,-0.4,3.59,5.01,6.31,241,-0.4,5.01,100,unverified,2026-02-25T12:00:00Z,assumed,1.0.0,8fe049cee2dbb83c819c3ad1ab9e327e982b3408b6617f11599b4115d67eb141,0.08149942125658394
2026-02-25T12:00:00Z,2026-02-25T00:00:00Z,2026-02-27T06:00:00Z,turbine_1,42,0.2,3.96,5.45,5.93,235,0.2,5.45,100,unverified,2026-02-25T12:00:00Z,assumed,1.0.0,b3ad5c95580a49b2260b1ff6ab649242c717638b569451db5f2f6be5bcf54aee,0.12873241042473466
2026-02-25T12:00:00Z,2026-02-25T00:00:00Z,2026-02-27T06:00:00Z,turbine_2,42,0.2,3.96,5.45,5.93,235,0.2,5.45,100,unverified,2026-02-25T12:00:00Z,assumed,1.0.0,8fe049cee2dbb83c819c3ad1ab9e327e982b3408b6617f11599b4115d67eb141,0.12026770815240811
2026-02-25T12:00:00Z,2026-02-25T00:00:00Z,2026-02-27T07:00:00Z,turbine_1,43,0.6,3.8,5.4,5.7,239,0.6,5.4,100,unverified,2026-02-25T12:00:00Z,assumed,1.0.0,b3ad5c95580a49b2260b1ff6ab649242c717638b569451db5f2f6be5bcf54aee,0.12770537521084038
2026-02-25T12:00:00Z,2026-02-25T00:00:00Z,2026-02-27T07:00:00Z,turbine_2,43,0.6,3.8,5.4,5.7,239,0.6,5.4,100,unverified,2026-02-25T12:00:00Z,assumed,1.0.0,8fe049cee2dbb83c819c3ad1ab9e327e982b3408b6617f11599b4115d67eb141,0.12046244056609831
2026-02-25T12:00:00Z,2026-02-25T00:00:00Z,2026-02-27T08:00:00Z,turbine_1,44,0.6,4.01,5.75,6.12,244,0.6,5.75,100,unverified,2026-02-25T12:00:00Z,assumed,1.0.0,b3ad5c95580a49b2260b1ff6ab649242c717638b569451db5f2f6be5bcf54aee,0.15864128116133513
2026-02-25T12:00:00Z,2026-02-25T00:00:00Z,2026-02-27T08:00:00Z,turbine_2,44,0.6,4.01,5.75,6.12,244,0.6,5.75,100,unverified,2026-02-25T12:00:00Z,assumed,1.0.0,8fe049cee2dbb83c819c3ad1ab9e327e982b3408b6617f11599b4115d67eb141,0.14618856970949637
2026-02-25T12:00:00Z,2026-02-25T00:00:00Z,2026-02-27T09:00:00Z,turbine_1,45,0.3,4.89,6.86,7.34,251,0.3,6.86,100,unverified,2026-02-25T12:00:00Z,assumed,1.0.0,b3ad5c95580a49b2260b1ff6ab649242c717638b569451db5f2f6be5bcf54aee,0.3344301028177061
2026-02-25T12:00:00Z,2026-02-25T00:00:00Z,2026-02-27T09:00:00Z,turbine_2,45,0.3,4.89,6.86,7.34,251,0.3,6.86,100,unverified,2026-02-25T12:00:00Z,assumed,1.0.0,8fe049cee2dbb83c819c3ad1ab9e327e982b3408b6617f11599b4115d67eb141,0.3130463978536784
2026-02-25T12:00:00Z,2026-02-25T00:00:00Z,2026-02-27T10:00:00Z,turbine_1,46,-0.3,4.88,6.97,7.86,248,-0.3,6.97,100,unverified,2026-02-25T12:00:00Z,assumed,1.0.0,b3ad5c95580a49b2260b1ff6ab649242c717638b569451db5f2f6be5bcf54aee,0.3622663827697255
2026-02-25T12:00:00Z,2026-02-25T00:00:00Z,2026-02-27T10:00:00Z,turbine_2,46,-0.3,4.88,6.97,7.86,248,-0.3,6.97,100,unverified,2026-02-25T12:00:00Z,assumed,1.0.0,8fe049cee2dbb83c819c3ad1ab9e327e982b3408b6617f11599b4115d67eb141,0.34062795524599754
2026-02-25T12:00:00Z,2026-02-25T00:00:00Z,2026-02-27T11:00:00Z,turbine_1,47,-0.9,4.97,7.23,8.73,249,-0.9,7.23,100,unverified,2026-02-25T12:00:00Z,assumed,1.0.0,b3ad5c95580a49b2260b1ff6ab649242c717638b569451db5f2f6be5bcf54aee,0.3840149264527478
2026-02-25T12:00:00Z,2026-02-25T00:00:00Z,2026-02-27T11:00:00Z,turbine_2,47,-0.9,4.97,7.23,8.73,249,-0.9,7.23,100,unverified,2026-02-25T12:00:00Z,assumed,1.0.0,8fe049cee2dbb83c819c3ad1ab9e327e982b3408b6617f11599b4115d67eb141,0.3588908640944873
2026-02-25T12:00:00Z,2026-02-25T00:00:00Z,2026-02-27T12:00:00Z,turbine_1,48,-1.9,5.44,7.89,8.71,250,-1.9,7.89,100,unverified,2026-02-25T12:00:00Z,assumed,1.0.0,b3ad5c95580a49b2260b1ff6ab649242c717638b569451db5f2f6be5bcf54aee,0.48796467642935937
2026-02-25T12:00:00Z,2026-02-25T00:00:00Z,2026-02-27T12:00:00Z,turbine_2,48,-1.9,5.44,7.89,8.71,250,-1.9,7.89,100,unverified,2026-02-25T12:00:00Z,assumed,1.0.0,8fe049cee2dbb83c819c3ad1ab9e327e982b3408b6617f11599b4115d67eb141,0.4570512187881268
2026-02-26T12:00:00Z,2026-02-26T00:00:00Z,2026-02-26T13:00:00Z,turbine_1,1,0.0,4.66,8.17,11.27,263,0.0,8.17,100,unverified,2026-02-26T12:00:00Z,assumed,1.0.0,b3ad5c95580a49b2260b1ff6ab649242c717638b569451db5f2f6be5bcf54aee,0.5656657050946814
2026-02-26T12:00:00Z,2026-02-26T00:00:00Z,2026-02-26T13:00:00Z,turbine_2,1,0.0,4.66,8.17,11.27,263,0.0,8.17,100,unverified,2026-02-26T12:00:00Z,assumed,1.0.0,8fe049cee2dbb83c819c3ad1ab9e327e982b3408b6617f11599b4115d67eb141,0.5297544439148316
2026-02-26T12:00:00Z,2026-02-26T00:00:00Z,2026-02-26T14:00:00Z,turbine_1,2,0.2,4.47,7.91,10.55,258,0.2,7.91,100,unverified,2026-02-26T12:00:00Z,assumed,1.0.0,b3ad5c95580a49b2260b1ff6ab649242c717638b569451db5f2f6be5bcf54aee,0.5042512711181856
2026-02-26T12:00:00Z,2026-02-26T00:00:00Z,2026-02-26T14:00:00Z,turbine_2,2,0.2,4.47,7.91,10.55,258,0.2,7.91,100,unverified,2026-02-26T12:00:00Z,assumed,1.0.0,8fe049cee2dbb83c819c3ad1ab9e327e982b3408b6617f11599b4115d67eb141,0.4705507550054051
2026-02-26T12:00:00Z,2026-02-26T00:00:00Z,2026-02-26T15:00:00Z,turbine_1,3,0.3,4.45,7.9,10.64,257,0.3,7.9,100,unverified,2026-02-26T12:00:00Z,assumed,1.0.0,b3ad5c95580a49b2260b1ff6ab649242c717638b569451db5f2f6be5bcf54aee,0.49851189556329295
2026-02-26T12:00:00Z,2026-02-26T00:00:00Z,2026-02-26T15:00:00Z,turbine_2,3,0.3,4.45,7.9,10.64,257,0.3,7.9,100,unverified,2026-02-26T12:00:00Z,assumed,1.0.0,8fe049cee2dbb83c819c3ad1ab9e327e982b3408b6617f11599b4115d67eb141,0.4711258131212613
2026-02-26T12:00:00Z,2026-02-26T00:00:00Z,2026-02-26T16:00:00Z,turbine_1,4,0.9,3.77,7.28,10.16,265,0.9,7.28,100,unverified,2026-02-26T12:00:00Z,assumed,1.0.0,b3ad5c95580a49b2260b1ff6ab649242c717638b569451db5f2f6be5bcf54aee,0.4041919340427888
2026-02-26T12:00:00Z,2026-02-26T00:00:00Z,2026-02-26T16:00:00Z,turbine_2,4,0.9,3.77,7.28,10.16,265,0.9,7.28,100,unverified,2026-02-26T12:00:00Z,assumed,1.0.0,8fe049cee2dbb83c819c3ad1ab9e327e982b3408b6617f11599b4115d67eb141,0.3741595966890798
2026-02-26T12:00:00Z,2026-02-26T00:00:00Z,2026-02-26T17:00:00Z,turbine_1,5,1.2,4.6,8.22,10.98,274,1.2,8.22,100,unverified,2026-02-26T12:00:00Z,assumed,1.0.0,b3ad5c95580a49b2260b1ff6ab649242c717638b569451db5f2f6be5bcf54aee,0.5784722851535515
2026-02-26T12:00:00Z,2026-02-26T00:00:00Z,2026-02-26T17:00:00Z,turbine_2,5,1.2,4.6,8.22,10.98,274,1.2,8.22,100,unverified,2026-02-26T12:00:00Z,assumed,1.0.0,8fe049cee2dbb83c819c3ad1ab9e327e982b3408b6617f11599b4115d67eb141,0.5351098554556675
2026-02-26T12:00:00Z,2026-02-26T00:00:00Z,2026-02-26T18:00:00Z,turbine_1,6,0.5,4.7,7.99,10.67,275,0.5,7.99,100,unverified,2026-02-26T12:00:00Z,assumed,1.0.0,b3ad5c95580a49b2260b1ff6ab649242c717638b569451db5f2f6be5bcf54aee,0.5182846321874219
2026-02-26T12:00:00Z,2026-02-26T00:00:00Z,2026-02-26T18:00:00Z,turbine_2,6,0.5,4.7,7.99,10.67,275,0.5,7.99,100,unverified,2026-02-26T12:00:00Z,assumed,1.0.0,8fe049cee2dbb83c819c3ad1ab9e327e982b3408b6617f11599b4115d67eb141,0.4878436121308688
2026-02-26T12:00:00Z,2026-02-26T00:00:00Z,2026-02-26T19:00:00Z,turbine_1,7,-0.4,3.35,6.19,8.56,264,-0.4,6.19,100,unverified,2026-02-26T12:00:00Z,assumed,1.0.0,b3ad5c95580a49b2260b1ff6ab649242c717638b569451db5f2f6be5bcf54aee,0.22875407383686197
2026-02-26T12:00:00Z,2026-02-26T00:00:00Z,2026-02-26T19:00:00Z,turbine_2,7,-0.4,3.35,6.19,8.56,264,-0.4,6.19,100,unverified,2026-02-26T12:00:00Z,assumed,1.0.0,8fe049cee2dbb83c819c3ad1ab9e327e982b3408b6617f11599b4115d67eb141,0.20792049446267113
2026-02-26T12:00:00Z,2026-02-26T00:00:00Z,2026-02-26T20:00:00Z,turbine_1,8,-0.6,3.08,5.64,7.93,251,-0.6,5.64,100,unverified,2026-02-26T12:00:00Z,assumed,1.0.0,b3ad5c95580a49b2260b1ff6ab649242c717638b569451db5f2f6be5bcf54aee,0.14125533153210898
2026-02-26T12:00:00Z,2026-02-26T00:00:00Z,2026-02-26T20:00:00Z,turbine_2,8,-0.6,3.08,5.64,7.93,251,-0.6,5.64,100,unverified,2026-02-26T12:00:00Z,assumed,1.0.0,8fe049cee2dbb83c819c3ad1ab9e327e982b3408b6617f11599b4115d67eb141,0.1353840895034362
2026-02-26T12:00:00Z,2026-02-26T00:00:00Z,2026-02-26T21:00:00Z,turbine_1,9,-0.3,3.42,6.05,8.58,257,-0.3,6.05,100,unverified,2026-02-26T12:00:00Z,assumed,1.0.0,b3ad5c95580a49b2260b1ff6ab649242c717638b569451db5f2f6be5bcf54aee,0.19873561600444134
2026-02-26T12:00:00Z,2026-02-26T00:00:00Z,2026-02-26T21:00:00Z,turbine_2,9,-0.3,3.42,6.05,8.58,257,-0.3,6.05,100,unverified,2026-02-26T12:00:00Z,assumed,1.0.0,8fe049cee2dbb83c819c3ad1ab9e327e982b3408b6617f11599b4115d67eb141,0.18016353597513507
2026-02-26T12:00:00Z,2026-02-26T00:00:00Z,2026-02-26T22:00:00Z,turbine_1,10,-0.4,3.9,6.5,8.67,253,-0.4,6.5,100,unverified,2026-02-26T12:00:00Z,assumed,1.0.0,b3ad5c95580a49b2260b1ff6ab649242c717638b569451db5f2f6be5bcf54aee,0.27044567247824536
2026-02-26T12:00:00Z,2026-02-26T00:00:00Z,2026-02-26T22:00:00Z,turbine_2,10,-0.4,3.9,6.5,8.67,253,-0.4,6.5,100,unverified,2026-02-26T12:00:00Z,assumed,1.0.0,8fe049cee2dbb83c819c3ad1ab9e327e982b3408b6617f11599b4115d67eb141,0.25532218480948143
2026-02-26T12:00:00Z,2026-02-26T00:00:00Z,2026-02-26T23:00:00Z,turbine_1,11,-0.5,3.64,6.14,7.54,240,-0.5,6.14,100,unverified,2026-02-26T12:00:00Z,assumed,1.0.0,b3ad5c95580a49b2260b1ff6ab649242c717638b569451db5f2f6be5bcf54aee,0.22488859195003405
2026-02-26T12:00:00Z,2026-02-26T00:00:00Z,2026-02-26T23:00:00Z,turbine_2,11,-0.5,3.64,6.14,7.54,240,-0.5,6.14,100,unverified,2026-02-26T12:00:00Z,assumed,1.0.0,8fe049cee2dbb83c819c3ad1ab9e327e982b3408b6617f11599b4115d67eb141,0.2056389950683875
2026-02-26T12:00:00Z,2026-02-26T00:00:00Z,2026-02-27T00:00:00Z,turbine_1,12,-0.4,3.43,5.52,6.91,236,-0.4,5.52,100,unverified,2026-02-26T12:00:00Z,assumed,1.0.0,b3ad5c95580a49b2260b1ff6ab649242c717638b569451db5f2f6be5bcf54aee,0.13021741872123674
2026-02-26T12:00:00Z,2026-02-26T00:00:00Z,2026-02-27T00:00:00Z,turbine_2,12,-0.4,3.43,5.52,6.91,236,-0.4,5.52,100,unverified,2026-02-26T12:00:00Z,assumed,1.0.0,8fe049cee2dbb83c819c3ad1ab9e327e982b3408b6617f11599b4115d67eb141,0.11994029963762215
2026-02-26T12:00:00Z,2026-02-26T00:00:00Z,2026-02-27T01:00:00Z,turbine_1,13,-0.3,3.38,5.46,6.66,233,-0.3,5.46,100,unverified,2026-02-26T12:00:00Z,assumed,1.0.0,b3ad5c95580a49b2260b1ff6ab649242c717638b569451db5f2f6be5bcf54aee,0.12849453101449157
2026-02-26T12:00:00Z,2026-02-26T00:00:00Z,2026-02-27T01:00:00Z,turbine_2,13,-0.3,3.38,5.46,6.66,233,-0.3,5.46,100,unverified,2026-02-26T12:00:00Z,assumed,1.0.0,8fe049cee2dbb83c819c3ad1ab9e327e982b3408b6617f11599b4115d67eb141,0.11700737620626869
2026-02-26T12:00:00Z,2026-02-26T00:00:00Z,2026-02-27T02:00:00Z,turbine_1,14,-0.3,3.41,5.47,6.66,230,-0.3,5.47,100,unverified,2026-02-26T12:00:00Z,assumed,1.0.0,b3ad5c95580a49b2260b1ff6ab649242c717638b569451db5f2f6be5bcf54aee,0.12849453101449157
2026-02-26T12:00:00Z,2026-02-26T00:00:00Z,2026-02-27T02:00:00Z,turbine_2,14,-0.3,3.41,5.47,6.66,230,-0.3,5.47,100,unverified,2026-02-26T12:00:00Z,assumed,1.0.0,8fe049cee2dbb83c819c3ad1ab9e327e982b3408b6617f11599b4115d67eb141,0.11700737620626869
2026-02-26T12:00:00Z,2026-02-26T00:00:00Z,2026-02-27T03:00:00Z,turbine_1,15,0.4,3.18,5.2,6.26,225,0.4,5.2,100,unverified,2026-02-26T12:00:00Z,assumed,1.0.0,b3ad5c95580a49b2260b1ff6ab649242c717638b569451db5f2f6be5bcf54aee,0.11234377796576389
2026-02-26T12:00:00Z,2026-02-26T00:00:00Z,2026-02-27T03:00:00Z,turbine_2,15,0.4,3.18,5.2,6.26,225,0.4,5.2,100,unverified,2026-02-26T12:00:00Z,assumed,1.0.0,8fe049cee2dbb83c819c3ad1ab9e327e982b3408b6617f11599b4115d67eb141,0.10465289728968508
2026-02-26T12:00:00Z,2026-02-26T00:00:00Z,2026-02-27T04:00:00Z,turbine_1,16,1.3,2.37,4.56,5.9,238,1.3,4.56,100,unverified,2026-02-26T12:00:00Z,assumed,1.0.0,b3ad5c95580a49b2260b1ff6ab649242c717638b569451db5f2f6be5bcf54aee,0.06622456117054515
2026-02-26T12:00:00Z,2026-02-26T00:00:00Z,2026-02-27T04:00:00Z,turbine_2,16,1.3,2.37,4.56,5.9,238,1.3,4.56,100,unverified,2026-02-26T12:00:00Z,assumed,1.0.0,8fe049cee2dbb83c819c3ad1ab9e327e982b3408b6617f11599b4115d67eb141,0.06856657526861942
2026-02-26T12:00:00Z,2026-02-26T00:00:00Z,2026-02-27T05:00:00Z,turbine_1,17,1.5,2.4,4.61,5.84,249,1.5,4.61,100,unverified,2026-02-26T12:00:00Z,assumed,1.0.0,b3ad5c95580a49b2260b1ff6ab649242c717638b569451db5f2f6be5bcf54aee,0.06764743570020876
2026-02-26T12:00:00Z,2026-02-26T00:00:00Z,2026-02-27T05:00:00Z,turbine_2,17,1.5,2.4,4.61,5.84,249,1.5,4.61,100,unverified,2026-02-26T12:00:00Z,assumed,1.0.0,8fe049cee2dbb83c819c3ad1ab9e327e982b3408b6617f11599b4115d67eb141,0.06775400805090875
2026-02-26T12:00:00Z,2026-02-26T00:00:00Z,2026-02-27T06:00:00Z,turbine_1,18,2.3,2.43,4.25,5.58,261,2.3,4.25,100,unverified,2026-02-26T12:00:00Z,assumed,1.0.0,b3ad5c95580a49b2260b1ff6ab649242c717638b569451db5f2f6be5bcf54aee,0.06034193331090132
2026-02-26T12:00:00Z,2026-02-26T00:00:00Z,2026-02-27T06:00:00Z,turbine_2,18,2.3,2.43,4.25,5.58,261,2.3,4.25,100,unverified,2026-02-26T12:00:00Z,assumed,1.0.0,8fe049cee2dbb83c819c3ad1ab9e327e982b3408b6617f11599b4115d67eb141,0.04637048304592445
2026-02-26T12:00:00Z,2026-02-26T00:00:00Z,2026-02-27T07:00:00Z,turbine_1,19,2.2,3.39,5.1,5.55,262,2.2,5.1,100,unverified,2026-02-26T12:00:00Z,assumed,1.0.0,b3ad5c95580a49b2260b1ff6ab649242c717638b569451db5f2f6be5bcf54aee,0.10359073099604937
2026-02-26T12:00:00Z,2026-02-26T00:00:00Z,2026-02-27T07:00:00Z,turbine_2,19,2.2,3.39,5.1,5.55,262,2.2,5.1,100,unverified,2026-02-26T12:00:00Z,assumed,1.0.0,8fe049cee2dbb83c819c3ad1ab9e327e982b3408b6617f11599b4115d67eb141,0.08681207016344533
2026-02-26T12:00:00Z,2026-02-26T00:00:00Z,2026-02-27T08:00:00Z,turbine_1,20,1.5,3.59,5.33,5.66,258,1.5,5.33,100,unverified,2026-02-26T12:00:00Z,assumed,1.0.0,b3ad5c95580a49b2260b1ff6ab649242c717638b569451db5f2f6be5bcf54aee,0.13065338312835773
2026-02-26T12:00:00Z,2026-02-26T00:00:00Z,2026-02-27T08:00:00Z,turbine_2,20,1.5,3.59,5.33,5.66,258,1.5,5.33,100,unverified,2026-02-26T12:00:00Z,assumed,1.0.0,8fe049cee2dbb83c819c3ad1ab9e327e982b3408b6617f11599b4115d67eb141,0.11813289949697556
2026-02-26T12:00:00Z,2026-02-26T00:00:00Z,2026-02-27T09:00:00Z,turbine_1,21,1.7,3.9,5.66,5.74,261,1.7,5.66,100,unverified,2026-02-26T12:00:00Z,assumed,1.0.0,b3ad5c95580a49b2260b1ff6ab649242c717638b569451db5f2f6be5bcf54aee,0.150857209445325
2026-02-26T12:00:00Z,2026-02-26T00:00:00Z,2026-02-27T09:00:00Z,turbine_2,21,1.7,3.9,5.66,5.74,261,1.7,5.66,100,unverified,2026-02-26T12:00:00Z,assumed,1.0.0,8fe049cee2dbb83c819c3ad1ab9e327e982b3408b6617f11599b4115d67eb141,0.13923551016251332
2026-02-26T12:00:00Z,2026-02-26T00:00:00Z,2026-02-27T10:00:00Z,turbine_1,22,1.1,4.23,6.11,6.56,257,1.1,6.11,100,unverified,2026-02-26T12:00:00Z,assumed,1.0.0,b3ad5c95580a49b2260b1ff6ab649242c717638b569451db5f2f6be5bcf54aee,0.22714452519340733
2026-02-26T12:00:00Z,2026-02-26T00:00:00Z,2026-02-27T10:00:00Z,turbine_2,22,1.1,4.23,6.11,6.56,257,1.1,6.11,100,unverified,2026-02-26T12:00:00Z,assumed,1.0.0,8fe049cee2dbb83c819c3ad1ab9e327e982b3408b6617f11599b4115d67eb141,0.20589944358045406
2026-02-26T12:00:00Z,2026-02-26T00:00:00Z,2026-02-27T11:00:00Z,turbine_1,23,0.2,4.97,7.24,8.21,259,0.2,7.24,100,unverified,2026-02-26T12:00:00Z,assumed,1.0.0,b3ad5c95580a49b2260b1ff6ab649242c717638b569451db5f2f6be5bcf54aee,0.40368621469284216
2026-02-26T12:00:00Z,2026-02-26T00:00:00Z,2026-02-27T11:00:00Z,turbine_2,23,0.2,4.97,7.24,8.21,259,0.2,7.24,100,unverified,2026-02-26T12:00:00Z,assumed,1.0.0,8fe049cee2dbb83c819c3ad1ab9e327e982b3408b6617f11599b4115d67eb141,0.3736454700089265
2026-02-26T12:00:00Z,2026-02-26T00:00:00Z,2026-02-27T12:00:00Z,turbine_1,24,-1.2,5.27,7.56,8.87,251,-1.2,7.56,100,unverified,2026-02-26T12:00:00Z,assumed,1.0.0,b3ad5c95580a49b2260b1ff6ab649242c717638b569451db5f2f6be5bcf54aee,0.4480705190373989
2026-02-26T12:00:00Z,2026-02-26T00:00:00Z,2026-02-27T12:00:00Z,turbine_2,24,-1.2,5.27,7.56,8.87,251,-1.2,7.56,100,unverified,2026-02-26T12:00:00Z,assumed,1.0.0,8fe049cee2dbb83c819c3ad1ab9e327e982b3408b6617f11599b4115d67eb141,0.4214696550167538
2026-02-26T12:00:00Z,2026-02-26T00:00:00Z,2026-02-27T13:00:00Z,turbine_1,25,-2.5,5.37,7.64,9.1,253,-2.5,7.64,100,unverified,2026-02-26T12:00:00Z,assumed,1.0.0,b3ad5c95580a49b2260b1ff6ab649242c717638b569451db5f2f6be5bcf54aee,0.4640810328330192
2026-02-26T12:00:00Z,2026-02-26T00:00:00Z,2026-02-27T13:00:00Z,turbine_2,25,-2.5,5.37,7.64,9.1,253,-2.5,7.64,100,unverified,2026-02-26T12:00:00Z,assumed,1.0.0,8fe049cee2dbb83c819c3ad1ab9e327e982b3408b6617f11599b4115d67eb141,0.42929339884623613
2026-02-26T12:00:00Z,2026-02-26T00:00:00Z,2026-02-27T14:00:00Z,turbine_1,26,-3.9,4.91,7.01,9.71,241,-3.9,7.01,100,unverified,2026-02-26T12:00:00Z,assumed,1.0.0,b3ad5c95580a49b2260b1ff6ab649242c717638b569451db5f2f6be5bcf54aee,0.3437851925082417
2026-02-26T12:00:00Z,2026-02-26T00:00:00Z,2026-02-27T14:00:00Z,turbine_2,26,-3.9,4.91,7.01,9.71,241,-3.9,7.01,100,unverified,2026-02-26T12:00:00Z,assumed,1.0.0,8fe049cee2dbb83c819c3ad1ab9e327e982b3408b6617f11599b4115d67eb141,0.3232540146566679
2026-02-26T12:00:00Z,2026-02-26T00:00:00Z,2026-02-27T15:00:00Z,turbine_1,27,-4.5,4.63,7.12,10.42,232,-4.5,7.12,100,unverified,2026-02-26T12:00:00Z,assumed,1.0.0,b3ad5c95580a49b2260b1ff6ab649242c717638b569451db5f2f6be5bcf54aee,0.3504373797667316
2026-02-26T12:00:00Z,2026-02-26T00:00:00Z,2026-02-27T15:00:00Z,turbine_2,27,-4.5,4.63,7.12,10.42,232,-4.5,7.12,100,unverified,2026-02-26T12:00:00Z,assumed,1.0.0,8fe049cee2dbb83c819c3ad1ab9e327e982b3408b6617f11599b4115d67eb141,0.3358476433936794
2026-02-26T12:00:00Z,2026-02-26T00:00:00Z,2026-02-27T16:00:00Z,turbine_1,28,-4.3,4.49,6.73,8.95,237,-4.3,6.73,100,unverified,2026-02-26T12:00:00Z,assumed,1.0.0,b3ad5c95580a49b2260b1ff6ab649242c717638b569451db5f2f6be5bcf54aee,0.28184824076768106
2026-02-26T12:00:00Z,2026-02-26T00:00:00Z,2026-02-27T16:00:00Z,turbine_2,28,-4.3,4.49,6.73,8.95,237,-4.3,6.73,100,unverified,2026-02-26T12:00:00Z,assumed,1.0.0,8fe049cee2dbb83c819c3ad1ab9e327e982b3408b6617f11599b4115d67eb141,0.260300450122335
2026-02-26T12:00:00Z,2026-02-26T00:00:00Z,2026-02-27T17:00:00Z,turbine_1,29,-4.6,4.1,6.24,8.07,230,-4.6,6.24,100,unverified,2026-02-26T12:00:00Z,assumed,1.0.0,b3ad5c95580a49b2260b1ff6ab649242c717638b569451db5f2f6be5bcf54aee,0.2103847062746325
2026-02-26T12:00:00Z,2026-02-26T00:00:00Z,2026-02-27T17:00:00Z,turbine_2,29,-4.6,4.1,6.24,8.07,230,-4.6,6.24,100,unverified,2026-02-26T12:00:00Z,assumed,1.0.0,8fe049cee2dbb83c819c3ad1ab9e327e982b3408b6617f11599b4115d67eb141,0.1968933399466185
2026-02-26T12:00:00Z,2026-02-26T00:00:00Z,2026-02-27T18:00:00Z,turbine_1,30,-4.6,4.7,7.44,9.39,232,-4.6,7.44,100,unverified,2026-02-26T12:00:00Z,assumed,1.0.0,b3ad5c95580a49b2260b1ff6ab649242c717638b569451db5f2f6be5bcf54aee,0.41375805012867384
2026-02-26T12:00:00Z,2026-02-26T00:00:00Z,2026-02-27T18:00:00Z,turbine_2,30,-4.6,4.7,7.44,9.39,232,-4.6,7.44,100,unverified,2026-02-26T12:00:00Z,assumed,1.0.0,8fe049cee2dbb83c819c3ad1ab9e327e982b3408b6617f11599b4115d67eb141,0.38635720668177564
2026-02-26T12:00:00Z,2026-02-26T00:00:00Z,2026-02-27T19:00:00Z,turbine_1,31,-3.9,4.0,6.5,8.52,233,-3.9,6.5,100,unverified,2026-02-26T12:00:00Z,assumed,1.0.0,b3ad5c95580a49b2260b1ff6ab649242c717638b569451db5f2f6be5bcf54aee,0.2510203631602704
2026-02-26T12:00:00Z,2026-02-26T00:00:00Z,2026-02-27T19:00:00Z,turbine_2,31,-3.9,4.0,6.5,8.52,233,-3.9,6.5,100,unverified,2026-02-26T12:00:00Z,assumed,1.0.0,8fe049cee2dbb83c819c3ad1ab9e327e982b3408b6617f11599b4115d67eb141,0.23379583840475948
2026-02-26T12:00:00Z,2026-02-26T00:00:00Z,2026-02-27T20:00:00Z,turbine_1,32,-4.4,3.85,5.95,8.3,245,-4.4,5.95,100,unverified,2026-02-26T12:00:00Z,assumed,1.0.0,b3ad5c95580a49b2260b1ff6ab649242c717638b569451db5f2f6be5bcf54aee,0.15361007433848942
2026-02-26T12:00:00Z,2026-02-26T00:00:00Z,2026-02-27T20:00:00Z,turbine_2,32,-4.4,3.85,5.95,8.3,245,-4.4,5.95,100,unverified,2026-02-26T12:00:00Z,assumed,1.0.0,8fe049cee2dbb83c819c3ad1ab9e327e982b3408b6617f11599b4115d67eb141,0.1404327217123729
2026-02-26T12:00:00Z,2026-02-26T00:00:00Z,2026-02-27T21:00:00Z,turbine_1,33,-5.3,4.67,6.78,8.19,241,-5.3,6.78,100,unverified,2026-02-26T12:00:00Z,assumed,1.0.0,b3ad5c95580a49b2260b1ff6ab649242c717638b569451db5f2f6be5bcf54aee,0.28522678715627736
2026-02-26T12:00:00Z,2026-02-26T00:00:00Z,2026-02-27T21:00:00Z,turbine_2,33,-5.3,4.67,6.78,8.19,241,-5.3,6.78,100,unverified,2026-02-26T12:00:00Z,assumed,1.0.0,8fe049cee2dbb83c819c3ad1ab9e327e982b3408b6617f11599b4115d67eb141,0.26838039611358794
2026-02-26T12:00:00Z,2026-02-26T00:00:00Z,2026-02-27T22:00:00Z,turbine_1,34,-5.8,4.53,6.67,8.45,240,-5.8,6.67,100,unverified,2026-02-26T12:00:00Z,assumed,1.0.0,b3ad5c95580a49b2260b1ff6ab649242c717638b569451db5f2f6be5bcf54aee,0.2639326631688588
2026-02-26T12:00:00Z,2026-02-26T00:00:00Z,2026-02-27T22:00:00Z,turbine_2,34,-5.8,4.53,6.67,8.45,240,-5.8,6.67,100,unverified,2026-02-26T12:00:00Z,assumed,1.0.0,8fe049cee2dbb83c819c3ad1ab9e327e982b3408b6617f11599b4115d67eb141,0.24451101262601418
2026-02-26T12:00:00Z,2026-02-26T00:00:00Z,2026-02-27T23:00:00Z,turbine_1,35,-6.1,4.55,7.18,9.45,241,-6.1,7.18,100,unverified,2026-02-26T12:00:00Z,assumed,1.0.0,b3ad5c95580a49b2260b1ff6ab649242c717638b569451db5f2f6be5bcf54aee,0.35178596742595336
2026-02-26T12:00:00Z,2026-02-26T00:00:00Z,2026-02-27T23:00:00Z,turbine_2,35,-6.1,4.55,7.18,9.45,241,-6.1,7.18,100,unverified,2026-02-26T12:00:00Z,assumed,1.0.0,8fe049cee2dbb83c819c3ad1ab9e327e982b3408b6617f11599b4115d67eb141,0.32315149644439106
2026-02-26T12:00:00Z,2026-02-26T00:00:00Z,2026-02-28T00:00:00Z,turbine_1,36,-6.6,4.52,7.23,10.07,238,-6.6,7.23,100,unverified,2026-02-26T12:00:00Z,assumed,1.0.0,b3ad5c95580a49b2260b1ff6ab649242c717638b569451db5f2f6be5bcf54aee,0.354262879574801
2026-02-26T12:00:00Z,2026-02-26T00:00:00Z,2026-02-28T00:00:00Z,turbine_2,36,-6.6,4.52,7.23,10.07,238,-6.6,7.23,100,unverified,2026-02-26T12:00:00Z,assumed,1.0.0,8fe049cee2dbb83c819c3ad1ab9e327e982b3408b6617f11599b4115d67eb141,0.32478953709971675
2026-02-26T12:00:00Z,2026-02-26T00:00:00Z,2026-02-28T01:00:00Z,turbine_1,37,-6.6,4.76,7.13,9.61,240,-6.6,7.13,100,unverified,2026-02-26T12:00:00Z,assumed,1.0.0,b3ad5c95580a49b2260b1ff6ab649242c717638b569451db5f2f6be5bcf54aee,0.33838203849541315
2026-02-26T12:00:00Z,2026-02-26T00:00:00Z,2026-02-28T01:00:00Z,turbine_2,37,-6.6,4.76,7.13,9.61,240,-6.6,7.13,100,unverified,2026-02-26T12:00:00Z,assumed,1.0.0,8fe049cee2dbb83c819c3ad1ab9e327e982b3408b6617f11599b4115d67eb141,0.32231294179840253
2026-02-26T12:00:00Z,2026-02-26T00:00:00Z,2026-02-28T02:00:00Z,turbine_1,38,-7.0,4.99,7.4,9.45,244,-7.0,7.4,100,unverified,2026-02-26T12:00:00Z,assumed,1.0.0,b3ad5c95580a49b2260b1ff6ab649242c717638b569451db5f2f6be5bcf54aee,0.38743565927107493
2026-02-26T12:00:00Z,2026-02-26T00:00:00Z,2026-02-28T02:00:00Z,turbine_2,38,-7.0,4.99,7.4,9.45,244,-7.0,7.4,100,unverified,2026-02-26T12:00:00Z,assumed,1.0.0,8fe049cee2dbb83c819c3ad1ab9e327e982b3408b6617f11599b4115d67eb141,0.3647299872942235
2026-02-26T12:00:00Z,2026-02-26T00:00:00Z,2026-02-28T03:00:00Z,turbine_1,39,-7.1,4.96,7.18,10.06,235,-7.1,7.18,100,unverified,2026-02-26T12:00:00Z,assumed,1.0.0,b3ad5c95580a49b2260b1ff6ab649242c717638b569451db5f2f6be5bcf54aee,0.34753292335119024
2026-02-26T12:00:00Z,2026-02-26T00:00:00Z,2026-02-28T03:00:00Z,turbine_2,39,-7.1,4.96,7.18,10.06,235,-7.1,7.18,100,unverified,2026-02-26T12:00:00Z,assumed,1.0.0,8fe049cee2dbb83c819c3ad1ab9e327e982b3408b6617f11599b4115d67eb141,0.31421777581047744
2026-02-26T12:00:00Z,2026-02-26T00:00:00Z,2026-02-28T04:00:00Z,turbine_1,40,-6.5,5.13,7.19,9.73,232,-6.5,7.19,100,unverified,2026-02-26T12:00:00Z,assumed,1.0.0,b3ad5c95580a49b2260b1ff6ab649242c717638b569451db5f2f6be5bcf54aee,0.350911158625352
2026-02-26T12:00:00Z,2026-02-26T00:00:00Z,2026-02-28T04:00:00Z,turbine_2,40,-6.5,5.13,7.19,9.73,232,-6.5,7.19,100,unverified,2026-02-26T12:00:00Z,assumed,1.0.0,8fe049cee2dbb83c819c3ad1ab9e327e982b3408b6617f11599b4115d67eb141,0.3225387447209604
2026-02-26T12:00:00Z,2026-02-26T00:00:00Z,2026-02-28T05:00:00Z,turbine_1,41,-6.0,5.01,7.14,9.04,246,-6.0,7.14,100,unverified,2026-02-26T12:00:00Z,assumed,1.0.0,b3ad5c95580a49b2260b1ff6ab649242c717638b569451db5f2f6be5bcf54aee,0.3392568472960145
2026-02-26T12:00:00Z,2026-02-26T00:00:00Z,2026-02-28T05:00:00Z,turbine_2,41,-6.0,5.01,7.14,9.04,246,-6.0,7.14,100,unverified,2026-02-26T12:00:00Z,assumed,1.0.0,8fe049cee2dbb83c819c3ad1ab9e327e982b3408b6617f11599b4115d67eb141,0.3229256935218332
2026-02-26T12:00:00Z,2026-02-26T00:00:00Z,2026-02-28T06:00:00Z,turbine_1,42,-5.8,5.12,7.14,8.29,246,-5.8,7.14,100,unverified,2026-02-26T12:00:00Z,assumed,1.0.0,b3ad5c95580a49b2260b1ff6ab649242c717638b569451db5f2f6be5bcf54aee,0.3392568472960145
2026-02-26T12:00:00Z,2026-02-26T00:00:00Z,2026-02-28T06:00:00Z,turbine_2,42,-5.8,5.12,7.14,8.29,246,-5.8,7.14,100,unverified,2026-02-26T12:00:00Z,assumed,1.0.0,8fe049cee2dbb83c819c3ad1ab9e327e982b3408b6617f11599b4115d67eb141,0.3261721714845838
2026-02-26T12:00:00Z,2026-02-26T00:00:00Z,2026-02-28T07:00:00Z,turbine_1,43,-6.0,5.28,7.27,8.21,245,-6.0,7.27,100,unverified,2026-02-26T12:00:00Z,assumed,1.0.0,b3ad5c95580a49b2260b1ff6ab649242c717638b569451db5f2f6be5bcf54aee,0.3668518945981112
2026-02-26T12:00:00Z,2026-02-26T00:00:00Z,2026-02-28T07:00:00Z,turbine_2,43,-6.0,5.28,7.27,8.21,245,-6.0,7.27,100,unverified,2026-02-26T12:00:00Z,assumed,1.0.0,8fe049cee2dbb83c819c3ad1ab9e327e982b3408b6617f11599b4115d67eb141,0.33683181362917314
2026-02-26T12:00:00Z,2026-02-26T00:00:00Z,2026-02-28T08:00:00Z,turbine_1,44,-6.1,5.28,7.23,8.32,247,-6.1,7.23,100,unverified,2026-02-26T12:00:00Z,assumed,1.0.0,b3ad5c95580a49b2260b1ff6ab649242c717638b569451db5f2f6be5bcf54aee,0.3551376883754024
2026-02-26T12:00:00Z,2026-02-26T00:00:00Z,2026-02-28T08:00:00Z,turbine_2,44,-6.1,5.28,7.23,8.32,247,-6.1,7.23,100,unverified,2026-02-26T12:00:00Z,assumed,1.0.0,8fe049cee2dbb83c819c3ad1ab9e327e982b3408b6617f11599b4115d67eb141,0.3254022888231475
2026-02-26T12:00:00Z,2026-02-26T00:00:00Z,2026-02-28T09:00:00Z,turbine_1,45,-6.2,5.21,7.23,8.38,245,-6.2,7.23,100,unverified,2026-02-26T12:00:00Z,assumed,1.0.0,b3ad5c95580a49b2260b1ff6ab649242c717638b569451db5f2f6be5bcf54aee,0.354262879574801
2026-02-26T12:00:00Z,2026-02-26T00:00:00Z,2026-02-28T09:00:00Z,turbine_2,45,-6.2,5.21,7.23,8.38,245,-6.2,7.23,100,unverified,2026-02-26T12:00:00Z,assumed,1.0.0,8fe049cee2dbb83c819c3ad1ab9e327e982b3408b6617f11599b4115d67eb141,0.3254022888231475
2026-02-26T12:00:00Z,2026-02-26T00:00:00Z,2026-02-28T10:00:00Z,turbine_1,46,-6.5,4.92,6.96,8.64,240,-6.5,6.96,100,unverified,2026-02-26T12:00:00Z,assumed,1.0.0,b3ad5c95580a49b2260b1ff6ab649242c717638b569451db5f2f6be5bcf54aee,0.32593696655734744
2026-02-26T12:00:00Z,2026-02-26T00:00:00Z,2026-02-28T10:00:00Z,turbine_2,46,-6.5,4.92,6.96,8.64,240,-6.5,6.96,100,unverified,2026-02-26T12:00:00Z,assumed,1.0.0,8fe049cee2dbb83c819c3ad1ab9e327e982b3408b6617f11599b4115d67eb141,0.29804215300413384
2026-02-26T12:00:00Z,2026-02-26T00:00:00Z,2026-02-28T11:00:00Z,turbine_1,47,-6.9,4.87,6.92,9.24,236,-6.9,6.92,100,unverified,2026-02-26T12:00:00Z,assumed,1.0.0,b3ad5c95580a49b2260b1ff6ab649242c717638b569451db5f2f6be5bcf54aee,0.3013588577363516
2026-02-26T12:00:00Z,2026-02-26T00:00:00Z,2026-02-28T11:00:00Z,turbine_2,47,-6.9,4.87,6.92,9.24,236,-6.9,6.92,100,unverified,2026-02-26T12:00:00Z,assumed,1.0.0,8fe049cee2dbb83c819c3ad1ab9e327e982b3408b6617f11599b4115d67eb141,0.2835369288357357
2026-02-26T12:00:00Z,2026-02-26T00:00:00Z,2026-02-28T12:00:00Z,turbine_1,48,-6.9,4.61,6.89,9.38,237,-6.9,6.89,100,unverified,2026-02-26T12:00:00Z,assumed,1.0.0,b3ad5c95580a49b2260b1ff6ab649242c717638b569451db5f2f6be5bcf54aee,0.29501265804435534
2026-02-26T12:00:00Z,2026-02-26T00:00:00Z,2026-02-28T12:00:00Z,turbine_2,48,-6.9,4.61,6.89,9.38,237,-6.9,6.89,100,unverified,2026-02-26T12:00:00Z,assumed,1.0.0,8fe049cee2dbb83c819c3ad1ab9e327e982b3408b6617f11599b4115d67eb141,0.2743799867519437
2026-02-27T12:00:00Z,2026-02-27T00:00:00Z,2026-02-27T13:00:00Z,turbine_1,1,-1.8,4.56,7.23,8.7,246,-1.8,7.23,100,unverified,2026-02-27T12:00:00Z,assumed,1.0.0,b3ad5c95580a49b2260b1ff6ab649242c717638b569451db5f2f6be5bcf54aee,0.3808364819370859
2026-02-27T12:00:00Z,2026-02-27T00:00:00Z,2026-02-27T13:00:00Z,turbine_2,1,-1.8,4.56,7.23,8.7,246,-1.8,7.23,100,unverified,2026-02-27T12:00:00Z,assumed,1.0.0,8fe049cee2dbb83c819c3ad1ab9e327e982b3408b6617f11599b4115d67eb141,0.348904854375031
2026-02-27T12:00:00Z,2026-02-27T00:00:00Z,2026-02-27T14:00:00Z,turbine_1,2,-2.8,4.72,6.88,8.85,250,-2.8,6.88,100,unverified,2026-02-27T12:00:00Z,assumed,1.0.0,b3ad5c95580a49b2260b1ff6ab649242c717638b569451db5f2f6be5bcf54aee,0.3203534603653646
2026-02-27T12:00:00Z,2026-02-27T00:00:00Z,2026-02-27T14:00:00Z,turbine_2,2,-2.8,4.72,6.88,8.85,250,-2.8,6.88,100,unverified,2026-02-27T12:00:00Z,assumed,1.0.0,8fe049cee2dbb83c819c3ad1ab9e327e982b3408b6617f11599b4115d67eb141,0.29539771345810806
2026-02-27T12:00:00Z,2026-02-27T00:00:00Z,2026-02-27T15:00:00Z,turbine_1,3,-4.0,4.51,7.41,9.13,241,-4.0,7.41,100,unverified,2026-02-27T12:00:00Z,assumed,1.0.0,b3ad5c95580a49b2260b1ff6ab649242c717638b569451db5f2f6be5bcf54aee,0.4069554458407808
2026-02-27T12:00:00Z,2026-02-27T00:00:00Z,2026-02-27T15:00:00Z,turbine_2,3,-4.0,4.51,7.41,9.13,241,-4.0,7.41,100,unverified,2026-02-27T12:00:00Z,assumed,1.0.0,8fe049cee2dbb83c819c3ad1ab9e327e982b3408b6617f11599b4115d67eb141,0.38210153808642977
2026-02-27T12:00:00Z,2026-02-27T00:00:00Z,2026-02-27T16:00:00Z,turbine_1,4,-4.6,4.7,7.63,9.46,234,-4.6,7.63,100,unverified,2026-02-27T12:00:00Z,assumed,1.0.0,b3ad5c95580a49b2260b1ff6ab649242c717638b569451db5f2f6be5bcf54aee,0.45548698961122525
2026-02-27T12:00:00Z,2026-02-27T00:00:00Z,2026-02-27T16:00:00Z,turbine_2,4,-4.6,4.7,7.63,9.46,234,-4.6,7.63,100,unverified,2026-02-27T12:00:00Z,assumed,1.0.0,8fe049cee2dbb83c819c3ad1ab9e327e982b3408b6617f11599b4115d67eb141,0.42326982367329224
2026-02-27T12:00:00Z,2026-02-27T00:00:00Z,2026-02-27T17:00:00Z,turbine_1,5,-4.4,4.6,7.84,9.78,235,-4.4,7.84,100,unverified,2026-02-27T12:00:00Z,assumed,1.0.0,b3ad5c95580a49b2260b1ff6ab649242c717638b569451db5f2f6be5bcf54aee,0.48073765839556326
2026-02-27T12:00:00Z,2026-02-27T00:00:00Z,2026-02-27T17:00:00Z,turbine_2,5,-4.4,4.6,7.84,9.78,235,-4.4,7.84,100,unverified,2026-02-27T12:00:00Z,assumed,1.0.0,8fe049cee2dbb83c819c3ad1ab9e327e982b3408b6617f11599b4115d67eb141,0.44743706251407095
2026-02-27T12:00:00Z,2026-02-27T00:00:00Z,2026-02-27T18:00:00Z,turbine_1,6,-4.3,4.63,7.67,9.82,233,-4.3,7.67,100,unverified,2026-02-27T12:00:00Z,assumed,1.0.0,b3ad5c95580a49b2260b1ff6ab649242c717638b569451db5f2f6be5bcf54aee,0.4615310366137363
2026-02-27T12:00:00Z,2026-02-27T00:00:00Z,2026-02-27T18:00:00Z,turbine_2,6,-4.3,4.63,7.67,9.82,233,-4.3,7.67,100,unverified,2026-02-27T12:00:00Z,assumed,1.0.0,8fe049cee2dbb83c819c3ad1ab9e327e982b3408b6617f11599b4115d67eb141,0.4303988973766365
2026-02-27T12:00:00Z,2026-02-27T00:00:00Z,2026-02-27T19:00:00Z,turbine_1,7,-4.2,3.91,6.48,8.41,236,-4.2,6.48,100,unverified,2026-02-27T12:00:00Z,assumed,1.0.0,b3ad5c95580a49b2260b1ff6ab649242c717638b569451db5f2f6be5bcf54aee,0.24016197108446008
2026-02-27T12:00:00Z,2026-02-27T00:00:00Z,2026-02-27T19:00:00Z,turbine_2,7,-4.2,3.91,6.48,8.41,236,-4.2,6.48,100,unverified,2026-02-27T12:00:00Z,assumed,1.0.0,8fe049cee2dbb83c819c3ad1ab9e327e982b3408b6617f11599b4115d67eb141,0.23041639482643816
2026-02-27T12:00:00Z,2026-02-27T00:00:00Z,2026-02-27T20:00:00Z,turbine_1,8,-4.7,4.45,6.86,8.44,237,-4.7,6.86,100,unverified,2026-02-27T12:00:00Z,assumed,1.0.0,b3ad5c95580a49b2260b1ff6ab649242c717638b569451db5f2f6be5bcf54aee,0.30761116015887774
2026-02-27T12:00:00Z,2026-02-27T00:00:00Z,2026-02-27T20:00:00Z,turbine_2,8,-4.7,4.45,6.86,8.44,237,-4.7,6.86,100,unverified,2026-02-27T12:00:00Z,assumed,1.0.0,8fe049cee2dbb83c819c3ad1ab9e327e982b3408b6617f11599b4115d67eb141,0.28780552142541305
2026-02-27T12:00:00Z,2026-02-27T00:00:00Z,2026-02-27T21:00:00Z,turbine_1,9,-5.4,5.25,7.68,8.81,240,-5.4,7.68,100,unverified,2026-02-27T12:00:00Z,assumed,1.0.0,b3ad5c95580a49b2260b1ff6ab649242c717638b569451db5f2f6be5bcf54aee,0.45305632804221635
2026-02-27T12:00:00Z,2026-02-27T00:00:00Z,2026-02-27T21:00:00Z,turbine_2,9,-5.4,5.25,7.68,8.81,240,-5.4,7.68,100,unverified,2026-02-27T12:00:00Z,assumed,1.0.0,8fe049cee2dbb83c819c3ad1ab9e327e982b3408b6617f11599b4115d67eb141,0.42467003767440015
2026-02-27T12:00:00Z,2026-02-27T00:00:00Z,2026-02-27T22:00:00Z,turbine_1,10,-5.7,4.92,7.27,9.64,237,-5.7,7.27,100,unverified,2026-02-27T12:00:00Z,assumed,1.0.0,b3ad5c95580a49b2260b1ff6ab649242c717638b569451db5f2f6be5bcf54aee,0.3696215823642205
2026-02-27T12:00:00Z,2026-02-27T00:00:00Z,2026-02-27T22:00:00Z,turbine_2,10,-5.7,4.92,7.27,9.64,237,-5.7,7.27,100,unverified,2026-02-27T12:00:00Z,assumed,1.0.0,8fe049cee2dbb83c819c3ad1ab9e327e982b3408b6617f11599b4115d67eb141,0.3400782915919237
2026-02-27T12:00:00Z,2026-02-27T00:00:00Z,2026-02-27T23:00:00Z,turbine_1,11,-5.8,4.83,7.25,10.51,231,-5.8,7.25,100,unverified,2026-02-27T12:00:00Z,assumed,1.0.0,b3ad5c95580a49b2260b1ff6ab649242c717638b569451db5f2f6be5bcf54aee,0.3668518945981112
2026-02-27T12:00:00Z,2026-02-27T00:00:00Z,2026-02-27T23:00:00Z,turbine_2,11,-5.8,4.83,7.25,10.51,231,-5.8,7.25,100,unverified,2026-02-27T12:00:00Z,assumed,1.0.0,8fe049cee2dbb83c819c3ad1ab9e327e982b3408b6617f11599b4115d67eb141,0.3400782915919237
2026-02-27T12:00:00Z,2026-02-27T00:00:00Z,2026-02-28T00:00:00Z,turbine_1,12,-5.7,4.96,7.47,9.2,243,-5.7,7.47,100,unverified,2026-02-27T12:00:00Z,assumed,1.0.0,b3ad5c95580a49b2260b1ff6ab649242c717638b569451db5f2f6be5bcf54aee,0.41988399321887004
2026-02-27T12:00:00Z,2026-02-27T00:00:00Z,2026-02-28T00:00:00Z,turbine_2,12,-5.7,4.96,7.47,9.2,243,-5.7,7.47,100,unverified,2026-02-27T12:00:00Z,assumed,1.0.0,8fe049cee2dbb83c819c3ad1ab9e327e982b3408b6617f11599b4115d67eb141,0.38924521377656585
2026-02-27T12:00:00Z,2026-02-27T00:00:00Z,2026-02-28T01:00:00Z,turbine_1,13,-6.3,4.96,7.4,9.83,243,-6.3,7.4,100,unverified,2026-02-27T12:00:00Z,assumed,1.0.0,b3ad5c95580a49b2260b1ff6ab649242c717638b569451db5f2f6be5bcf54aee,0.3908138945452367
2026-02-27T12:00:00Z,2026-02-27T00:00:00Z,2026-02-28T01:00:00Z,turbine_2,13,-6.3,4.96,7.4,9.83,243,-6.3,7.4,100,unverified,2026-02-27T12:00:00Z,assumed,1.0.0,8fe049cee2dbb83c819c3ad1ab9e327e982b3408b6617f11599b4115d67eb141,0.3666503879003706
2026-02-27T12:00:00Z,2026-02-27T00:00:00Z,2026-02-28T02:00:00Z,turbine_1,14,-6.8,5.04,7.29,10.2,239,-6.8,7.29,100,unverified,2026-02-27T12:00:00Z,assumed,1.0.0,b3ad5c95580a49b2260b1ff6ab649242c717638b569451db5f2f6be5bcf54aee,0.3810834301391365
2026-02-27T12:00:00Z,2026-02-27T00:00:00Z,2026-02-28T02:00:00Z,turbine_2,14,-6.8,5.04,7.29,10.2,239,-6.8,7.29,100,unverified,2026-02-27T12:00:00Z,assumed,1.0.0,8fe049cee2dbb83c819c3ad1ab9e327e982b3408b6617f11599b4115d67eb141,0.35350946296964497
2026-02-27T12:00:00Z,2026-02-27T00:00:00Z,2026-02-28T03:00:00Z,turbine_1,15,-6.9,5.23,7.29,10.77,237,-6.9,7.29,100,unverified,2026-02-27T12:00:00Z,assumed,1.0.0,b3ad5c95580a49b2260b1ff6ab649242c717638b569451db5f2f6be5bcf54aee,0.3810834301391365
2026-02-27T12:00:00Z,2026-02-27T00:00:00Z,2026-02-28T03:00:00Z,turbine_2,15,-6.9,5.23,7.29,10.77,237,-6.9,7.29,100,unverified,2026-02-27T12:00:00Z,assumed,1.0.0,8fe049cee2dbb83c819c3ad1ab9e327e982b3408b6617f11599b4115d67eb141,0.35350946296964497
2026-02-27T12:00:00Z,2026-02-27T00:00:00Z,2026-02-28T04:00:00Z,turbine_1,16,-7.0,5.62,7.79,10.24,242,-7.0,7.79,100,unverified,2026-02-27T12:00:00Z,assumed,1.0.0,b3ad5c95580a49b2260b1ff6ab649242c717638b569451db5f2f6be5bcf54aee,0.4629378932890356
2026-02-27T12:00:00Z,2026-02-27T00:00:00Z,2026-02-28T04:00:00Z,turbine_2,16,-7.0,5.62,7.79,10.24,242,-7.0,7.79,100,unverified,2026-02-27T12:00:00Z,assumed,1.0.0,8fe049cee2dbb83c819c3ad1ab9e327e982b3408b6617f11599b4115d67eb141,0.42893304649113195
2026-02-27T12:00:00Z,2026-02-27T00:00:00Z,2026-02-28T05:00:00Z,turbine_1,17,-6.7,5.55,7.64,9.46,246,-6.7,7.64,100,unverified,2026-02-27T12:00:00Z,assumed,1.0.0,b3ad5c95580a49b2260b1ff6ab649242c717638b569451db5f2f6be5bcf54aee,0.43646045323528704
2026-02-27T12:00:00Z,2026-02-27T00:00:00Z,2026-02-28T05:00:00Z,turbine_2,17,-6.7,5.55,7.64,9.46,246,-6.7,7.64,100,unverified,2026-02-27T12:00:00Z,assumed,1.0.0,8fe049cee2dbb83c819c3ad1ab9e327e982b3408b6617f11599b4115d67eb141,0.4081256042912996
2026-02-27T12:00:00Z,2026-02-27T00:00:00Z,2026-02-28T06:00:00Z,turbine_1,18,-6.9,5.69,7.88,9.6,249,-6.9,7.88,100,unverified,2026-02-27T12:00:00Z,assumed,1.0.0,b3ad5c95580a49b2260b1ff6ab649242c717638b569451db5f2f6be5bcf54aee,0.4641323644727435
2026-02-27T12:00:00Z,2026-02-27T00:00:00Z,2026-02-28T06:00:00Z,turbine_2,18,-6.9,5.69,7.88,9.6,249,-6.9,7.88,100,unverified,2026-02-27T12:00:00Z,assumed,1.0.0,8fe049cee2dbb83c819c3ad1ab9e327e982b3408b6617f11599b4115d67eb141,0.4376053032915248
2026-02-27T12:00:00Z,2026-02-27T00:00:00Z,2026-02-28T07:00:00Z,turbine_1,19,-6.9,5.42,7.36,9.33,245,-6.9,7.36,100,unverified,2026-02-27T12:00:00Z,assumed,1.0.0,b3ad5c95580a49b2260b1ff6ab649242c717638b569451db5f2f6be5bcf54aee,0.3874442468816668
2026-02-27T12:00:00Z,2026-02-27T00:00:00Z,2026-02-28T07:00:00Z,turbine_2,19,-6.9,5.42,7.36,9.33,245,-6.9,7.36,100,unverified,2026-02-27T12:00:00Z,assumed,1.0.0,8fe049cee2dbb83c819c3ad1ab9e327e982b3408b6617f11599b4115d67eb141,0.36510443611849314
2026-02-27T12:00:00Z,2026-02-27T00:00:00Z,2026-02-28T08:00:00Z,turbine_1,20,-6.7,5.68,7.79,9.38,242,-6.7,7.79,100,unverified,2026-02-27T12:00:00Z,assumed,1.0.0,b3ad5c95580a49b2260b1ff6ab649242c717638b569451db5f2f6be5bcf54aee,0.4629378932890356
2026-02-27T12:00:00Z,2026-02-27T00:00:00Z,2026-02-28T08:00:00Z,turbine_2,20,-6.7,5.68,7.79,9.38,242,-6.7,7.79,100,unverified,2026-02-27T12:00:00Z,assumed,1.0.0,8fe049cee2dbb83c819c3ad1ab9e327e982b3408b6617f11599b4115d67eb141,0.42893304649113195
2026-02-27T12:00:00Z,2026-02-27T00:00:00Z,2026-02-28T09:00:00Z,turbine_1,21,-6.6,5.42,7.52,8.96,245,-6.6,7.52,100,unverified,2026-02-27T12:00:00Z,assumed,1.0.0,b3ad5c95580a49b2260b1ff6ab649242c717638b569451db5f2f6be5bcf54aee,0.42336209557358095
2026-02-27T12:00:00Z,2026-02-27T00:00:00Z,2026-02-28T09:00:00Z,turbine_2,21,-6.6,5.42,7.52,8.96,245,-6.6,7.52,100,unverified,2026-02-27T12:00:00Z,assumed,1.0.0,8fe049cee2dbb83c819c3ad1ab9e327e982b3408b6617f11599b4115d67eb141,0.3909947041603699
2026-02-27T12:00:00Z,2026-02-27T00:00:00Z,2026-02-28T10:00:00Z,turbine_1,22,-6.6,5.27,7.27,9.18,237,-6.6,7.27,100,unverified,2026-02-27T12:00:00Z,assumed,1.0.0,b3ad5c95580a49b2260b1ff6ab649242c717638b569451db5f2f6be5bcf54aee,0.3659770857975098
2026-02-27T12:00:00Z,2026-02-27T00:00:00Z,2026-02-28T10:00:00Z,turbine_2,22,-6.6,5.27,7.27,9.18,237,-6.6,7.27,100,unverified,2026-02-27T12:00:00Z,assumed,1.0.0,8fe049cee2dbb83c819c3ad1ab9e327e982b3408b6617f11599b4115d67eb141,0.33621906190574247
2026-02-27T12:00:00Z,2026-02-27T00:00:00Z,2026-02-28T11:00:00Z,turbine_1,23,-6.7,4.76,6.88,9.13,232,-6.7,6.88,100,unverified,2026-02-27T12:00:00Z,assumed,1.0.0,b3ad5c95580a49b2260b1ff6ab649242c717638b569451db5f2f6be5bcf54aee,0.29501265804435534
2026-02-27T12:00:00Z,2026-02-27T00:00:00Z,2026-02-28T11:00:00Z,turbine_2,23,-6.7,4.76,6.88,9.13,232,-6.7,6.88,100,unverified,2026-02-27T12:00:00Z,assumed,1.0.0,8fe049cee2dbb83c819c3ad1ab9e327e982b3408b6617f11599b4115d67eb141,0.2743799867519437
2026-02-27T12:00:00Z,2026-02-27T00:00:00Z,2026-02-28T12:00:00Z,turbine_1,24,-6.6,4.04,6.29,8.93,231,-6.6,6.29,100,unverified,2026-02-27T12:00:00Z,assumed,1.0.0,b3ad5c95580a49b2260b1ff6ab649242c717638b569451db5f2f6be5bcf54aee,0.20504001092200425
2026-02-27T12:00:00Z,2026-02-27T00:00:00Z,2026-02-28T12:00:00Z,turbine_2,24,-6.6,4.04,6.29,8.93,231,-6.6,6.29,100,unverified,2026-02-27T12:00:00Z,assumed,1.0.0,8fe049cee2dbb83c819c3ad1ab9e327e982b3408b6617f11599b4115d67eb141,0.19100546615430355
2026-02-27T12:00:00Z,2026-02-27T00:00:00Z,2026-02-28T13:00:00Z,turbine_1,25,-6.9,3.79,6.33,7.93,231,-6.9,6.33,100,unverified,2026-02-27T12:00:00Z,assumed,1.0.0,b3ad5c95580a49b2260b1ff6ab649242c717638b569451db5f2f6be5bcf54aee,0.20673579971160097
2026-02-27T12:00:00Z,2026-02-27T00:00:00Z,2026-02-28T13:00:00Z,turbine_2,25,-6.9,3.79,6.33,7.93,231,-6.9,6.33,100,unverified,2026-02-27T12:00:00Z,assumed,1.0.0,8fe049cee2dbb83c819c3ad1ab9e327e982b3408b6617f11599b4115d67eb141,0.19179768483890436
2026-02-27T12:00:00Z,2026-02-27T00:00:00Z,2026-02-28T14:00:00Z,turbine_1,26,-6.9,3.41,5.88,7.38,232,-6.9,5.88,100,unverified,2026-02-27T12:00:00Z,assumed,1.0.0,b3ad5c95580a49b2260b1ff6ab649242c717638b569451db5f2f6be5bcf54aee,0.14082817938338543
2026-02-27T12:00:00Z,2026-02-27T00:00:00Z,2026-02-28T14:00:00Z,turbine_2,26,-6.9,3.41,5.88,7.38,232,-6.9,5.88,100,unverified,2026-02-27T12:00:00Z,assumed,1.0.0,8fe049cee2dbb83c819c3ad1ab9e327e982b3408b6617f11599b4115d67eb141,0.1310547770781505
2026-02-27T12:00:00Z,2026-02-27T00:00:00Z,2026-02-28T15:00:00Z,turbine_1,27,-7.0,2.65,5.02,6.49,237,-7.0,5.02,100,unverified,2026-02-27T12:00:00Z,assumed,1.0.0,b3ad5c95580a49b2260b1ff6ab649242c717638b569451db5f2f6be5bcf54aee,0.07172913445184859
2026-02-27T12:00:00Z,2026-02-27T00:00:00Z,2026-02-28T15:00:00Z,turbine_2,27,-7.0,2.65,5.02,6.49,237,-7.0,5.02,100,unverified,2026-02-27T12:00:00Z,assumed,1.0.0,8fe049cee2dbb83c819c3ad1ab9e327e982b3408b6617f11599b4115d67eb141,0.05777128751645921
2026-02-27T12:00:00Z,2026-02-27T00:00:00Z,2026-02-28T16:00:00Z,turbine_1,28,-7.4,2.55,4.79,5.83,245,-7.4,4.79,100,unverified,2026-02-27T12:00:00Z,assumed,1.0.0,b3ad5c95580a49b2260b1ff6ab649242c717638b569451db5f2f6be5bcf54aee,0.05099040625821821
2026-02-27T12:00:00Z,2026-02-27T00:00:00Z,2026-02-28T16:00:00Z,turbine_2,28,-7.4,2.55,4.79,5.83,245,-7.4,4.79,100,unverified,2026-02-27T12:00:00Z,assumed,1.0.0,8fe049cee2dbb83c819c3ad1ab9e327e982b3408b6617f11599b4115d67eb141,0.04743830507365199
2026-02-27T12:00:00Z,2026-02-27T00:00:00Z,2026-02-28T17:00:00Z,turbine_1,29,-7.4,2.21,4.32,5.32,250,-7.4,4.32,100,unverified,2026-02-27T12:00:00Z,assumed,1.0.0,b3ad5c95580a49b2260b1ff6ab649242c717638b569451db5f2f6be5bcf54aee,0.027211818747118977
2026-02-27T12:00:00Z,2026-02-27T00:00:00Z,2026-02-28T17:00:00Z,turbine_2,29,-7.4,2.21,4.32,5.32,250,-7.4,4.32,100,unverified,2026-02-27T12:00:00Z,assumed,1.0.0,8fe049cee2dbb83c819c3ad1ab9e327e982b3408b6617f11599b4115d67eb141,0.02771124818128068
2026-02-27T12:00:00Z,2026-02-27T00:00:00Z,2026-02-28T18:00:00Z,turbine_1,30,-7.8,2.15,4.16,5.0,266,-7.8,4.16,100,unverified,2026-02-27T12:00:00Z,assumed,1.0.0,b3ad5c95580a49b2260b1ff6ab649242c717638b569451db5f2f6be5bcf54aee,0.028964465743531898
2026-02-27T12:00:00Z,2026-02-27T00:00:00Z,2026-02-28T18:00:00Z,turbine_2,30,-7.8,2.15,4.16,5.0,266,-7.8,4.16,100,unverified,2026-02-27T12:00:00Z,assumed,1.0.0,8fe049cee2dbb83c819c3ad1ab9e327e982b3408b6617f11599b4115d67eb141,0.027247342758386917
2026-02-28T12:00:00Z,2026-02-28T00:00:00Z,2026-02-28T13:00:00Z,turbine_1,1,-6.9,4.42,7.13,8.6,229,-6.9,7.13,100,unverified,2026-02-28T12:00:00Z,assumed,1.0.0,b3ad5c95580a49b2260b1ff6ab649242c717638b569451db5f2f6be5bcf54aee,0.3350038032212514
2026-02-28T12:00:00Z,2026-02-28T00:00:00Z,2026-02-28T13:00:00Z,turbine_2,1,-6.9,4.42,7.13,8.6,229,-6.9,7.13,100,unverified,2026-02-28T12:00:00Z,assumed,1.0.0,8fe049cee2dbb83c819c3ad1ab9e327e982b3408b6617f11599b4115d67eb141,0.32231294179840253
2026-02-28T12:00:00Z,2026-02-28T00:00:00Z,2026-02-28T14:00:00Z,turbine_1,2,-7.0,3.64,6.34,7.65,229,-7.0,6.34,100,unverified,2026-02-28T12:00:00Z,assumed,1.0.0,b3ad5c95580a49b2260b1ff6ab649242c717638b569451db5f2f6be5bcf54aee,0.20951009188084754
2026-02-28T12:00:00Z,2026-02-28T00:00:00Z,2026-02-28T14:00:00Z,turbine_2,2,-7.0,3.64,6.34,7.65,229,-7.0,6.34,100,unverified,2026-02-28T12:00:00Z,assumed,1.0.0,8fe049cee2dbb83c819c3ad1ab9e327e982b3408b6617f11599b4115d67eb141,0.19179768483890436
2026-02-28T12:00:00Z,2026-02-28T00:00:00Z,2026-02-28T15:00:00Z,turbine_1,3,-6.4,2.9,5.45,6.44,232,-6.4,5.45,100,unverified,2026-02-28T12:00:00Z,assumed,1.0.0,b3ad5c95580a49b2260b1ff6ab649242c717638b569451db5f2f6be5bcf54aee,0.09078703186927567
2026-02-28T12:00:00Z,2026-02-28T00:00:00Z,2026-02-28T15:00:00Z,turbine_2,3,-6.4,2.9,5.45,6.44,232,-6.4,5.45,100,unverified,2026-02-28T12:00:00Z,assumed,1.0.0,8fe049cee2dbb83c819c3ad1ab9e327e982b3408b6617f11599b4115d67eb141,0.0856383814283555
2026-02-28T12:00:00Z,2026-02-28T00:00:00Z,2026-02-28T16:00:00Z,turbine_1,4,-6.2,2.53,4.54,5.37,238,-6.2,4.54,100,unverified,2026-02-28T12:00:00Z,assumed,1.0.0,b3ad5c95580a49b2260b1ff6ab649242c717638b569451db5f2f6be5bcf54aee,0.03539860218259211
2026-02-28T12:00:00Z,2026-02-28T00:00:00Z,2026-02-28T16:00:00Z,turbine_2,4,-6.2,2.53,4.54,5.37,238,-6.2,4.54,100,unverified,2026-02-28T12:00:00Z,assumed,1.0.0,8fe049cee2dbb83c819c3ad1ab9e327e982b3408b6617f11599b4115d67eb141,0.04192328746067914
2026-02-28T12:00:00Z,2026-02-28T00:00:00Z,2026-02-28T17:00:00Z,turbine_1,5,-7.1,2.03,4.1,4.7,248,-7.1,4.1,100,unverified,2026-02-28T12:00:00Z,assumed,1.0.0,b3ad5c95580a49b2260b1ff6ab649242c717638b569451db5f2f6be5bcf54aee,0.02866589279186843
2026-02-28T12:00:00Z,2026-02-28T00:00:00Z,2026-02-28T17:00:00Z,turbine_2,5,-7.1,2.03,4.1,4.7,248,-7.1,4.1,100,unverified,2026-02-28T12:00:00Z,assumed,1.0.0,8fe049cee2dbb83c819c3ad1ab9e327e982b3408b6617f11599b4115d67eb141,0.027640889398425572
2026-02-28T12:00:00Z,2026-02-28T00:00:00Z,2026-02-28T18:00:00Z,turbine_1,6,-7.0,1.36,3.45,4.15,248,-7.0,3.45,100,unverified,2026-02-28T12:00:00Z,assumed,1.0.0,b3ad5c95580a49b2260b1ff6ab649242c717638b569451db5f2f6be5bcf54aee,0.019087295034896257
2026-02-28T12:00:00Z,2026-02-28T00:00:00Z,2026-02-28T18:00:00Z,turbine_2,6,-7.0,1.36,3.45,4.15,248,-7.0,3.45,100,unverified,2026-02-28T12:00:00Z,assumed,1.0.0,8fe049cee2dbb83c819c3ad1ab9e327e982b3408b6617f11599b4115d67eb141,0.009444578552271654
