issue_time_utc,weather_run_time_utc,weather_available_time_utc,target_time_utc,turbine_id,forecast_horizon_h,wind_speed_ms,temperature_c,predicted_normalized_power,model_version,model_sha256,wind_height_m,weather_availability_status,weather_provenance_status
2026-01-01T12:00:00Z,2026-01-01T00:00:00Z,2026-01-01T12:00:00Z,2026-01-01T13:00:00Z,turbine_1,1,4.63,-0.2,0.07160778440790955,january-backtest-v1,d094eb03a52f303931989830f7b4efb0d2e6c3faabb6b6a47793e8f3af157ee1,100,assumed,unverified
2026-01-01T12:00:00Z,2026-01-01T00:00:00Z,2026-01-01T12:00:00Z,2026-01-01T13:00:00Z,turbine_2,1,4.63,-0.2,0.06310723807213231,january-backtest-v1,bc781886f00f59e8ca445d0499e557775f0ddd100dc689290ef2f3ac4fec1e9b,100,assumed,unverified
2026-01-01T12:00:00Z,2026-01-01T00:00:00Z,2026-01-01T12:00:00Z,2026-01-01T14:00:00Z,turbine_1,2,3.87,-0.9,0.036945487018051726,january-backtest-v1,d094eb03a52f303931989830f7b4efb0d2e6c3faabb6b6a47793e8f3af157ee1,100,assumed,unverified
2026-01-01T12:00:00Z,2026-01-01T00:00:00Z,2026-01-01T12:00:00Z,2026-01-01T14:00:00Z,turbine_2,2,3.87,-0.9,0.030872239521872125,january-backtest-v1,bc781886f00f59e8ca445d0499e557775f0ddd100dc689290ef2f3ac4fec1e9b,100,assumed,unverified
2026-01-01T12:00:00Z,2026-01-01T00:00:00Z,2026-01-01T12:00:00Z,2026-01-01T15:00:00Z,turbine_1,3,3.01,-1.3,0.007907717608113485,january-backtest-v1,d094eb03a52f303931989830f7b4efb0d2e6c3faabb6b6a47793e8f3af157ee1,100,assumed,unverified
2026-01-01T12:00:00Z,2026-01-01T00:00:00Z,2026-01-01T12:00:00Z,2026-01-01T15:00:00Z,turbine_2,3,3.01,-1.3,0.00657300055914023,january-backtest-v1,bc781886f00f59e8ca445d0499e557775f0ddd100dc689290ef2f3ac4fec1e9b,100,assumed,unverified
2026-01-01T12:00:00Z,2026-01-01T00:00:00Z,2026-01-01T12:00:00Z,2026-01-01T16:00:00Z,turbine_1,4,1.8,-1.4,0.00775632000056492,january-backtest-v1,d094eb03a52f303931989830f7b4efb0d2e6c3faabb6b6a47793e8f3af157ee1,100,assumed,unverified
2026-01-01T12:00:00Z,2026-01-01T00:00:00Z,2026-01-01T12:00:00Z,2026-01-01T16:00:00Z,turbine_2,4,1.8,-1.4,0.008123395516732468,january-backtest-v1,bc781886f00f59e8ca445d0499e557775f0ddd100dc689290ef2f3ac4fec1e9b,100,assumed,unverified
2026-01-01T12:00:00Z,2026-01-01T00:00:00Z,2026-01-01T12:00:00Z,2026-01-01T17:00:00Z,turbine_1,5,1.3,-1.1,0.007645062399706082,january-backtest-v1,d094eb03a52f303931989830f7b4efb0d2e6c3faabb6b6a47793e8f3af157ee1,100,assumed,unverified
2026-01-01T12:00:00Z,2026-01-01T00:00:00Z,2026-01-01T12:00:00Z,2026-01-01T17:00:00Z,turbine_2,5,1.3,-1.1,0.00785012346788172,january-backtest-v1,bc781886f00f59e8ca445d0499e557775f0ddd100dc689290ef2f3ac4fec1e9b,100,assumed,unverified
2026-01-01T12:00:00Z,2026-01-01T00:00:00Z,2026-01-01T12:00:00Z,2026-01-01T18:00:00Z,turbine_1,6,1.44,-0.7,0.006986933041503052,january-backtest-v1,d094eb03a52f303931989830f7b4efb0d2e6c3faabb6b6a47793e8f3af157ee1,100,assumed,unverified
2026-01-01T12:00:00Z,2026-01-01T00:00:00Z,2026-01-01T12:00:00Z,2026-01-01T18:00:00Z,turbine_2,6,1.44,-0.7,0.008202115629199147,january-backtest-v1,bc781886f00f59e8ca445d0499e557775f0ddd100dc689290ef2f3ac4fec1e9b,100,assumed,unverified
2026-01-01T12:00:00Z,2026-01-01T00:00:00Z,2026-01-01T12:00:00Z,2026-01-01T19:00:00Z,turbine_1,7,1.42,-0.6,0.006986933041503052,january-backtest-v1,d094eb03a52f303931989830f7b4efb0d2e6c3faabb6b6a47793e8f3af157ee1,100,assumed,unverified
2026-01-01T12:00:00Z,2026-01-01T00:00:00Z,2026-01-01T12:00:00Z,2026-01-01T19:00:00Z,turbine_2,7,1.42,-0.6,0.00802678161210052,january-backtest-v1,bc781886f00f59e8ca445d0499e557775f0ddd100dc689290ef2f3ac4fec1e9b,100,assumed,unverified
2026-01-01T12:00:00Z,2026-01-01T00:00:00Z,2026-01-01T12:00:00Z,2026-01-01T20:00:00Z,turbine_1,8,0.79,-0.6,0.007678838975234581,january-backtest-v1,d094eb03a52f303931989830f7b4efb0d2e6c3faabb6b6a47793e8f3af157ee1,100,assumed,unverified
2026-01-01T12:00:00Z,2026-01-01T00:00:00Z,2026-01-01T12:00:00Z,2026-01-01T20:00:00Z,turbine_2,8,0.79,-0.6,0.009423099105036581,january-backtest-v1,bc781886f00f59e8ca445d0499e557775f0ddd100dc689290ef2f3ac4fec1e9b,100,assumed,unverified
2026-01-01T12:00:00Z,2026-01-01T00:00:00Z,2026-01-01T12:00:00Z,2026-01-01T21:00:00Z,turbine_1,9,0.1,-0.6,0.007678838975234581,january-backtest-v1,d094eb03a52f303931989830f7b4efb0d2e6c3faabb6b6a47793e8f3af157ee1,100,assumed,unverified
2026-01-01T12:00:00Z,2026-01-01T00:00:00Z,2026-01-01T12:00:00Z,2026-01-01T21:00:00Z,turbine_2,9,0.1,-0.6,0.009423099105036581,january-backtest-v1,bc781886f00f59e8ca445d0499e557775f0ddd100dc689290ef2f3ac4fec1e9b,100,assumed,unverified
2026-01-01T12:00:00Z,2026-01-01T00:00:00Z,2026-01-01T12:00:00Z,2026-01-01T22:00:00Z,turbine_1,10,0.3,-0.6,0.007678838975234581,january-backtest-v1,d094eb03a52f303931989830f7b4efb0d2e6c3faabb6b6a47793e8f3af157ee1,100,assumed,unverified
2026-01-01T12:00:00Z,2026-01-01T00:00:00Z,2026-01-01T12:00:00Z,2026-01-01T22:00:00Z,turbine_2,10,0.3,-0.6,0.009423099105036581,january-backtest-v1,bc781886f00f59e8ca445d0499e557775f0ddd100dc689290ef2f3ac4fec1e9b,100,assumed,unverified
2026-01-01T12:00:00Z,2026-01-01T00:00:00Z,2026-01-01T12:00:00Z,2026-01-01T23:00:00Z,turbine_1,11,1.05,-0.7,0.007128672596018626,january-backtest-v1,d094eb03a52f303931989830f7b4efb0d2e6c3faabb6b6a47793e8f3af157ee1,100,assumed,unverified
2026-01-01T12:00:00Z,2026-01-01T00:00:00Z,2026-01-01T12:00:00Z,2026-01-01T23:00:00Z,turbine_2,11,1.05,-0.7,0.009119981838055902,january-backtest-v1,bc781886f00f59e8ca445d0499e557775f0ddd100dc689290ef2f3ac4fec1e9b,100,assumed,unverified
2026-01-01T12:00:00Z,2026-01-01T00:00:00Z,2026-01-01T12:00:00Z,2026-01-02T00:00:00Z,turbine_1,12,1.25,-0.9,0.0073661705915527564,january-backtest-v1,d094eb03a52f303931989830f7b4efb0d2e6c3faabb6b6a47793e8f3af157ee1,100,assumed,unverified
2026-01-01T12:00:00Z,2026-01-01T00:00:00Z,2026-01-01T12:00:00Z,2026-01-02T00:00:00Z,turbine_2,12,1.25,-0.9,0.008917030355829692,january-backtest-v1,bc781886f00f59e8ca445d0499e557775f0ddd100dc689290ef2f3ac4fec1e9b,100,assumed,unverified
2026-01-01T12:00:00Z,2026-01-01T00:00:00Z,2026-01-01T12:00:00Z,2026-01-02T01:00:00Z,turbine_1,13,1.11,-1.3,0.008002728883979904,january-backtest-v1,d094eb03a52f303931989830f7b4efb0d2e6c3faabb6b6a47793e8f3af157ee1,100,assumed,unverified
2026-01-01T12:00:00Z,2026-01-01T00:00:00Z,2026-01-01T12:00:00Z,2026-01-02T01:00:00Z,turbine_2,13,1.11,-1.3,0.008276280003556402,january-backtest-v1,bc781886f00f59e8ca445d0499e557775f0ddd100dc689290ef2f3ac4fec1e9b,100,assumed,unverified
2026-01-01T12:00:00Z,2026-01-01T00:00:00Z,2026-01-01T12:00:00Z,2026-01-02T02:00:00Z,turbine_1,14,0.68,-1.5,0.008911667817609714,january-backtest-v1,d094eb03a52f303931989830f7b4efb0d2e6c3faabb6b6a47793e8f3af157ee1,100,assumed,unverified
2026-01-01T12:00:00Z,2026-01-01T00:00:00Z,2026-01-01T12:00:00Z,2026-01-02T02:00:00Z,turbine_2,14,0.68,-1.5,0.008350600353525639,january-backtest-v1,bc781886f00f59e8ca445d0499e557775f0ddd100dc689290ef2f3ac4fec1e9b,100,assumed,unverified
2026-01-01T12:00:00Z,2026-01-01T00:00:00Z,2026-01-01T12:00:00Z,2026-01-02T03:00:00Z,turbine_1,15,0.74,-1.2,0.008552895263195859,january-backtest-v1,d094eb03a52f303931989830f7b4efb0d2e6c3faabb6b6a47793e8f3af157ee1,100,assumed,unverified
2026-01-01T12:00:00Z,2026-01-01T00:00:00Z,2026-01-01T12:00:00Z,2026-01-02T03:00:00Z,turbine_2,15,0.74,-1.2,0.009138994395275435,january-backtest-v1,bc781886f00f59e8ca445d0499e557775f0ddd100dc689290ef2f3ac4fec1e9b,100,assumed,unverified
2026-01-01T12:00:00Z,2026-01-01T00:00:00Z,2026-01-01T12:00:00Z,2026-01-02T04:00:00Z,turbine_1,16,1.41,-0.6,0.006986933041503052,january-backtest-v1,d094eb03a52f303931989830f7b4efb0d2e6c3faabb6b6a47793e8f3af157ee1,100,assumed,unverified
2026-01-01T12:00:00Z,2026-01-01T00:00:00Z,2026-01-01T12:00:00Z,2026-01-02T04:00:00Z,turbine_2,16,1.41,-0.6,0.00802678161210052,january-backtest-v1,bc781886f00f59e8ca445d0499e557775f0ddd100dc689290ef2f3ac4fec1e9b,100,assumed,unverified
2026-01-01T12:00:00Z,2026-01-01T00:00:00Z,2026-01-01T12:00:00Z,2026-01-02T05:00:00Z,turbine_1,17,2.87,0.3,0.01013110458732519,january-backtest-v1,d094eb03a52f303931989830f7b4efb0d2e6c3faabb6b6a47793e8f3af157ee1,100,assumed,unverified
2026-01-01T12:00:00Z,2026-01-01T00:00:00Z,2026-01-01T12:00:00Z,2026-01-02T05:00:00Z,turbine_2,17,2.87,0.3,0.011919236535514577,january-backtest-v1,bc781886f00f59e8ca445d0499e557775f0ddd100dc689290ef2f3ac4fec1e9b,100,assumed,unverified
2026-01-01T12:00:00Z,2026-01-01T00:00:00Z,2026-01-01T12:00:00Z,2026-01-02T06:00:00Z,turbine_1,18,4.73,1.2,0.082160196704602,january-backtest-v1,d094eb03a52f303931989830f7b4efb0d2e6c3faabb6b6a47793e8f3af157ee1,100,assumed,unverified
2026-01-01T12:00:00Z,2026-01-01T00:00:00Z,2026-01-01T12:00:00Z,2026-01-02T06:00:00Z,turbine_2,18,4.73,1.2,0.0690523959951661,january-backtest-v1,bc781886f00f59e8ca445d0499e557775f0ddd100dc689290ef2f3ac4fec1e9b,100,assumed,unverified
2026-01-01T12:00:00Z,2026-01-01T00:00:00Z,2026-01-01T12:00:00Z,2026-01-02T07:00:00Z,turbine_1,19,5.41,2.5,0.1371242390440705,january-backtest-v1,d094eb03a52f303931989830f7b4efb0d2e6c3faabb6b6a47793e8f3af157ee1,100,assumed,unverified
2026-01-01T12:00:00Z,2026-01-01T00:00:00Z,2026-01-01T12:00:00Z,2026-01-02T07:00:00Z,turbine_2,19,5.41,2.5,0.1194782115727103,january-backtest-v1,bc781886f00f59e8ca445d0499e557775f0ddd100dc689290ef2f3ac4fec1e9b,100,assumed,unverified
2026-01-01T12:00:00Z,2026-01-01T00:00:00Z,2026-01-01T12:00:00Z,2026-01-02T08:00:00Z,turbine_1,20,4.42,3.5,0.06580274258226121,january-backtest-v1,d094eb03a52f303931989830f7b4efb0d2e6c3faabb6b6a47793e8f3af157ee1,100,assumed,unverified
2026-01-01T12:00:00Z,2026-01-01T00:00:00Z,2026-01-01T12:00:00Z,2026-01-02T08:00:00Z,turbine_2,20,4.42,3.5,0.0539373970144949,january-backtest-v1,bc781886f00f59e8ca445d0499e557775f0ddd100dc689290ef2f3ac4fec1e9b,100,assumed,unverified
2026-01-01T12:00:00Z,2026-01-01T00:00:00Z,2026-01-01T12:00:00Z,2026-01-02T09:00:00Z,turbine_1,21,3.97,3.6,0.049541669499016505,january-backtest-v1,d094eb03a52f303931989830f7b4efb0d2e6c3faabb6b6a47793e8f3af157ee1,100,assumed,unverified
2026-01-01T12:00:00Z,2026-01-01T00:00:00Z,2026-01-01T12:00:00Z,2026-01-02T09:00:00Z,turbine_2,21,3.97,3.6,0.043922023177107694,january-backtest-v1,bc781886f00f59e8ca445d0499e557775f0ddd100dc689290ef2f3ac4fec1e9b,100,assumed,unverified
2026-01-01T12:00:00Z,2026-01-01T00:00:00Z,2026-01-01T12:00:00Z,2026-01-02T10:00:00Z,turbine_1,22,4.53,2.5,0.07067781091633407,january-backtest-v1,d094eb03a52f303931989830f7b4efb0d2e6c3faabb6b6a47793e8f3af157ee1,100,assumed,unverified
2026-01-01T12:00:00Z,2026-01-01T00:00:00Z,2026-01-01T12:00:00Z,2026-01-02T10:00:00Z,turbine_2,22,4.53,2.5,0.06316771333326565,january-backtest-v1,bc781886f00f59e8ca445d0499e557775f0ddd100dc689290ef2f3ac4fec1e9b,100,assumed,unverified
2026-01-01T12:00:00Z,2026-01-01T00:00:00Z,2026-01-01T12:00:00Z,2026-01-02T11:00:00Z,turbine_1,23,4.92,1.0,0.09445908915125156,january-backtest-v1,d094eb03a52f303931989830f7b4efb0d2e6c3faabb6b6a47793e8f3af157ee1,100,assumed,unverified
2026-01-01T12:00:00Z,2026-01-01T00:00:00Z,2026-01-01T12:00:00Z,2026-01-02T11:00:00Z,turbine_2,23,4.92,1.0,0.07830312231188036,january-backtest-v1,bc781886f00f59e8ca445d0499e557775f0ddd100dc689290ef2f3ac4fec1e9b,100,assumed,unverified
2026-01-01T12:00:00Z,2026-01-01T00:00:00Z,2026-01-01T12:00:00Z,2026-01-02T12:00:00Z,turbine_1,24,4.64,0.0,0.07235645998542578,january-backtest-v1,d094eb03a52f303931989830f7b4efb0d2e6c3faabb6b6a47793e8f3af157ee1,100,assumed,unverified
2026-01-01T12:00:00Z,2026-01-01T00:00:00Z,2026-01-01T12:00:00Z,2026-01-02T12:00:00Z,turbine_2,24,4.64,0.0,0.06435180718168759,january-backtest-v1,bc781886f00f59e8ca445d0499e557775f0ddd100dc689290ef2f3ac4fec1e9b,100,assumed,unverified
2026-01-01T12:00:00Z,2026-01-01T00:00:00Z,2026-01-01T12:00:00Z,2026-01-02T13:00:00Z,turbine_1,25,4.36,-0.3,0.050845488289825214,january-backtest-v1,d094eb03a52f303931989830f7b4efb0d2e6c3faabb6b6a47793e8f3af157ee1,100,assumed,unverified
2026-01-01T12:00:00Z,2026-01-01T00:00:00Z,2026-01-01T12:00:00Z,2026-01-02T13:00:00Z,turbine_2,25,4.36,-0.3,0.04972751259603714,january-backtest-v1,bc781886f00f59e8ca445d0499e557775f0ddd100dc689290ef2f3ac4fec1e9b,100,assumed,unverified
2026-01-01T12:00:00Z,2026-01-01T00:00:00Z,2026-01-01T12:00:00Z,2026-01-02T14:00:00Z,turbine_1,26,4.83,-0.3,0.07788752316259834,january-backtest-v1,d094eb03a52f303931989830f7b4efb0d2e6c3faabb6b6a47793e8f3af157ee1,100,assumed,unverified
2026-01-01T12:00:00Z,2026-01-01T00:00:00Z,2026-01-01T12:00:00Z,2026-01-02T14:00:00Z,turbine_2,26,4.83,-0.3,0.06914784475007868,january-backtest-v1,bc781886f00f59e8ca445d0499e557775f0ddd100dc689290ef2f3ac4fec1e9b,100,assumed,unverified
2026-01-01T12:00:00Z,2026-01-01T00:00:00Z,2026-01-01T12:00:00Z,2026-01-02T15:00:00Z,turbine_1,27,5.48,-0.3,0.13105599733584739,january-backtest-v1,d094eb03a52f303931989830f7b4efb0d2e6c3faabb6b6a47793e8f3af157ee1,100,assumed,unverified
2026-01-01T12:00:00Z,2026-01-01T00:00:00Z,2026-01-01T12:00:00Z,2026-01-02T15:00:00Z,turbine_2,27,5.48,-0.3,0.11504006796180088,january-backtest-v1,bc781886f00f59e8ca445d0499e557775f0ddd100dc689290ef2f3ac4fec1e9b,100,assumed,unverified
2026-01-01T12:00:00Z,2026-01-01T00:00:00Z,2026-01-01T12:00:00Z,2026-01-02T16:00:00Z,turbine_1,28,6.37,-0.4,0.2484240059565056,january-backtest-v1,d094eb03a52f303931989830f7b4efb0d2e6c3faabb6b6a47793e8f3af157ee1,100,assumed,unverified
2026-01-01T12:00:00Z,2026-01-01T00:00:00Z,2026-01-01T12:00:00Z,2026-01-02T16:00:00Z,turbine_2,28,6.37,-0.4,0.22690404646940862,january-backtest-v1,bc781886f00f59e8ca445d0499e557775f0ddd100dc689290ef2f3ac4fec1e9b,100,assumed,unverified
2026-01-01T12:00:00Z,2026-01-01T00:00:00Z,2026-01-01T12:00:00Z,2026-01-02T17:00:00Z,turbine_1,29,6.93,-0.7,0.3399176919771085,january-backtest-v1,d094eb03a52f303931989830f7b4efb0d2e6c3faabb6b6a47793e8f3af157ee1,100,assumed,unverified
2026-01-01T12:00:00Z,2026-01-01T00:00:00Z,2026-01-01T12:00:00Z,2026-01-02T17:00:00Z,turbine_2,29,6.93,-0.7,0.3132186409305481,january-backtest-v1,bc781886f00f59e8ca445d0499e557775f0ddd100dc689290ef2f3ac4fec1e9b,100,assumed,unverified
2026-01-01T12:00:00Z,2026-01-01T00:00:00Z,2026-01-01T12:00:00Z,2026-01-02T18:00:00Z,turbine_1,30,7.08,-1.0,0.3576463606037821,january-backtest-v1,d094eb03a52f303931989830f7b4efb0d2e6c3faabb6b6a47793e8f3af157ee1,100,assumed,unverified
2026-01-01T12:00:00Z,2026-01-01T00:00:00Z,2026-01-01T12:00:00Z,2026-01-02T18:00:00Z,turbine_2,30,7.08,-1.0,0.35220656194973515,january-backtest-v1,bc781886f00f59e8ca445d0499e557775f0ddd100dc689290ef2f3ac4fec1e9b,100,assumed,unverified
2026-01-01T12:00:00Z,2026-01-01T00:00:00Z,2026-01-01T12:00:00Z,2026-01-02T19:00:00Z,turbine_1,31,6.93,-1.3,0.3371639110941561,january-backtest-v1,d094eb03a52f303931989830f7b4efb0d2e6c3faabb6b6a47793e8f3af157ee1,100,assumed,unverified
2026-01-01T12:00:00Z,2026-01-01T00:00:00Z,2026-01-01T12:00:00Z,2026-01-02T19:00:00Z,turbine_2,31,6.93,-1.3,0.3092633015317885,january-backtest-v1,bc781886f00f59e8ca445d0499e557775f0ddd100dc689290ef2f3ac4fec1e9b,100,assumed,unverified
2026-01-01T12:00:00Z,2026-01-01T00:00:00Z,2026-01-01T12:00:00Z,2026-01-02T20:00:00Z,turbine_1,32,6.07,-1.7,0.20379568407943263,january-backtest-v1,d094eb03a52f303931989830f7b4efb0d2e6c3faabb6b6a47793e8f3af157ee1,100,assumed,unverified
2026-01-01T12:00:00Z,2026-01-01T00:00:00Z,2026-01-01T12:00:00Z,2026-01-02T20:00:00Z,turbine_2,32,6.07,-1.7,0.1821763377985584,january-backtest-v1,bc781886f00f59e8ca445d0499e557775f0ddd100dc689290ef2f3ac4fec1e9b,100,assumed,unverified
2026-01-01T12:00:00Z,2026-01-01T00:00:00Z,2026-01-01T12:00:00Z,2026-01-02T21:00:00Z,turbine_1,33,4.99,-2.1,0.08524975885584618,january-backtest-v1,d094eb03a52f303931989830f7b4efb0d2e6c3faabb6b6a47793e8f3af157ee1,100,assumed,unverified
2026-01-01T12:00:00Z,2026-01-01T00:00:00Z,2026-01-01T12:00:00Z,2026-01-02T21:00:00Z,turbine_2,33,4.99,-2.1,0.07056066069744726,january-backtest-v1,bc781886f00f59e8ca445d0499e557775f0ddd100dc689290ef2f3ac4fec1e9b,100,assumed,unverified
2026-01-01T12:00:00Z,2026-01-01T00:00:00Z,2026-01-01T12:00:00Z,2026-01-02T22:00:00Z,turbine_1,34,4.45,-2.4,0.047198683618120185,january-backtest-v1,d094eb03a52f303931989830f7b4efb0d2e6c3faabb6b6a47793e8f3af157ee1,100,assumed,unverified
2026-01-01T12:00:00Z,2026-01-01T00:00:00Z,2026-01-01T12:00:00Z,2026-01-02T22:00:00Z,turbine_2,34,4.45,-2.4,0.043116475833173296,january-backtest-v1,bc781886f00f59e8ca445d0499e557775f0ddd100dc689290ef2f3ac4fec1e9b,100,assumed,unverified
2026-01-01T12:00:00Z,2026-01-01T00:00:00Z,2026-01-01T12:00:00Z,2026-01-02T23:00:00Z,turbine_1,35,4.85,-2.6,0.07198353571057592,january-backtest-v1,d094eb03a52f303931989830f7b4efb0d2e6c3faabb6b6a47793e8f3af157ee1,100,assumed,unverified
2026-01-01T12:00:00Z,2026-01-01T00:00:00Z,2026-01-01T12:00:00Z,2026-01-02T23:00:00Z,turbine_2,35,4.85,-2.6,0.06330849426540064,january-backtest-v1,bc781886f00f59e8ca445d0499e557775f0ddd100dc689290ef2f3ac4fec1e9b,100,assumed,unverified
2026-01-01T12:00:00Z,2026-01-01T00:00:00Z,2026-01-01T12:00:00Z,2026-01-03T00:00:00Z,turbine_1,36,5.46,-2.8,0.11555259343223179,january-backtest-v1,d094eb03a52f303931989830f7b4efb0d2e6c3faabb6b6a47793e8f3af157ee1,100,assumed,unverified
2026-01-01T12:00:00Z,2026-01-01T00:00:00Z,2026-01-01T12:00:00Z,2026-01-03T00:00:00Z,turbine_2,36,5.46,-2.8,0.10055660404495725,january-backtest-v1,bc781886f00f59e8ca445d0499e557775f0ddd100dc689290ef2f3ac4fec1e9b,100,assumed,unverified
2026-01-01T12:00:00Z,2026-01-01T00:00:00Z,2026-01-01T12:00:00Z,2026-01-03T01:00:00Z,turbine_1,37,5.84,-2.9,0.16369703160622073,january-backtest-v1,d094eb03a52f303931989830f7b4efb0d2e6c3faabb6b6a47793e8f3af157ee1,100,assumed,unverified
2026-01-01T12:00:00Z,2026-01-01T00:00:00Z,2026-01-01T12:00:00Z,2026-01-03T01:00:00Z,turbine_2,37,5.84,-2.9,0.14537072364952972,january-backtest-v1,bc781886f00f59e8ca445d0499e557775f0ddd100dc689290ef2f3ac4fec1e9b,100,assumed,unverified
2026-01-01T12:00:00Z,2026-01-01T00:00:00Z,2026-01-01T12:00:00Z,2026-01-03T02:00:00Z,turbine_1,38,5.95,-3.0,0.1664011860194072,january-backtest-v1,d094eb03a52f303931989830f7b4efb0d2e6c3faabb6b6a47793e8f3af157ee1,100,assumed,unverified
2026-01-01T12:00:00Z,2026-01-01T00:00:00Z,2026-01-01T12:00:00Z,2026-01-03T02:00:00Z,turbine_2,38,5.95,-3.0,0.1640679035426758,january-backtest-v1,bc781886f00f59e8ca445d0499e557775f0ddd100dc689290ef2f3ac4fec1e9b,100,assumed,unverified
2026-01-01T12:00:00Z,2026-01-01T00:00:00Z,2026-01-01T12:00:00Z,2026-01-03T03:00:00Z,turbine_1,39,6.06,-2.4,0.1857698776996807,january-backtest-v1,d094eb03a52f303931989830f7b4efb0d2e6c3faabb6b6a47793e8f3af157ee1,100,assumed,unverified
2026-01-01T12:00:00Z,2026-01-01T00:00:00Z,2026-01-01T12:00:00Z,2026-01-03T03:00:00Z,turbine_2,39,6.06,-2.4,0.1801859971147512,january-backtest-v1,bc781886f00f59e8ca445d0499e557775f0ddd100dc689290ef2f3ac4fec1e9b,100,assumed,unverified
2026-01-01T12:00:00Z,2026-01-01T00:00:00Z,2026-01-01T12:00:00Z,2026-01-03T04:00:00Z,turbine_1,40,5.84,0.1,0.18267533235839356,january-backtest-v1,d094eb03a52f303931989830f7b4efb0d2e6c3faabb6b6a47793e8f3af157ee1,100,assumed,unverified
2026-01-01T12:00:00Z,2026-01-01T00:00:00Z,2026-01-01T12:00:00Z,2026-01-03T04:00:00Z,turbine_2,40,5.84,0.1,0.16418988964343867,january-backtest-v1,bc781886f00f59e8ca445d0499e557775f0ddd100dc689290ef2f3ac4fec1e9b,100,assumed,unverified
2026-01-01T12:00:00Z,2026-01-01T00:00:00Z,2026-01-01T12:00:00Z,2026-01-03T05:00:00Z,turbine_1,41,4.85,2.4,0.09171227805705173,january-backtest-v1,d094eb03a52f303931989830f7b4efb0d2e6c3faabb6b6a47793e8f3af157ee1,100,assumed,unverified
2026-01-01T12:00:00Z,2026-01-01T00:00:00Z,2026-01-01T12:00:00Z,2026-01-03T05:00:00Z,turbine_2,41,4.85,2.4,0.08018029438311203,january-backtest-v1,bc781886f00f59e8ca445d0499e557775f0ddd100dc689290ef2f3ac4fec1e9b,100,assumed,unverified
2026-01-01T12:00:00Z,2026-01-01T00:00:00Z,2026-01-01T12:00:00Z,2026-01-03T06:00:00Z,turbine_1,42,5.46,3.8,0.14369016359859177,january-backtest-v1,d094eb03a52f303931989830f7b4efb0d2e6c3faabb6b6a47793e8f3af157ee1,100,assumed,unverified
2026-01-01T12:00:00Z,2026-01-01T00:00:00Z,2026-01-01T12:00:00Z,2026-01-03T06:00:00Z,turbine_2,42,5.46,3.8,0.12488524271033533,january-backtest-v1,bc781886f00f59e8ca445d0499e557775f0ddd100dc689290ef2f3ac4fec1e9b,100,assumed,unverified
2026-01-01T12:00:00Z,2026-01-01T00:00:00Z,2026-01-01T12:00:00Z,2026-01-03T07:00:00Z,turbine_1,43,5.52,4.6,0.14850775595316296,january-backtest-v1,d094eb03a52f303931989830f7b4efb0d2e6c3faabb6b6a47793e8f3af157ee1,100,assumed,unverified
2026-01-01T12:00:00Z,2026-01-01T00:00:00Z,2026-01-01T12:00:00Z,2026-01-03T07:00:00Z,turbine_2,43,5.52,4.6,0.13965398589329367,january-backtest-v1,bc781886f00f59e8ca445d0499e557775f0ddd100dc689290ef2f3ac4fec1e9b,100,assumed,unverified
2026-01-01T12:00:00Z,2026-01-01T00:00:00Z,2026-01-01T12:00:00Z,2026-01-03T08:00:00Z,turbine_1,44,5.37,5.0,0.14654329539581454,january-backtest-v1,d094eb03a52f303931989830f7b4efb0d2e6c3faabb6b6a47793e8f3af157ee1,100,assumed,unverified
2026-01-01T12:00:00Z,2026-01-01T00:00:00Z,2026-01-01T12:00:00Z,2026-01-03T08:00:00Z,turbine_2,44,5.37,5.0,0.12427436823036178,january-backtest-v1,bc781886f00f59e8ca445d0499e557775f0ddd100dc689290ef2f3ac4fec1e9b,100,assumed,unverified
2026-01-01T12:00:00Z,2026-01-01T00:00:00Z,2026-01-01T12:00:00Z,2026-01-03T09:00:00Z,turbine_1,45,4.95,5.0,0.11052754144224047,january-backtest-v1,d094eb03a52f303931989830f7b4efb0d2e6c3faabb6b6a47793e8f3af157ee1,100,assumed,unverified
2026-01-01T12:00:00Z,2026-01-01T00:00:00Z,2026-01-01T12:00:00Z,2026-01-03T09:00:00Z,turbine_2,45,4.95,5.0,0.09215685110482724,january-backtest-v1,bc781886f00f59e8ca445d0499e557775f0ddd100dc689290ef2f3ac4fec1e9b,100,assumed,unverified
2026-01-01T12:00:00Z,2026-01-01T00:00:00Z,2026-01-01T12:00:00Z,2026-01-03T10:00:00Z,turbine_1,46,5.37,4.0,0.14052370320784846,january-backtest-v1,d094eb03a52f303931989830f7b4efb0d2e6c3faabb6b6a47793e8f3af157ee1,100,assumed,unverified
2026-01-01T12:00:00Z,2026-01-01T00:00:00Z,2026-01-01T12:00:00Z,2026-01-03T10:00:00Z,turbine_2,46,5.37,4.0,0.11892744983185091,january-backtest-v1,bc781886f00f59e8ca445d0499e557775f0ddd100dc689290ef2f3ac4fec1e9b,100,assumed,unverified
2026-01-01T12:00:00Z,2026-01-01T00:00:00Z,2026-01-01T12:00:00Z,2026-01-03T11:00:00Z,turbine_1,47,5.45,1.8,0.13878699277981188,january-backtest-v1,d094eb03a52f303931989830f7b4efb0d2e6c3faabb6b6a47793e8f3af157ee1,100,assumed,unverified
2026-01-01T12:00:00Z,2026-01-01T00:00:00Z,2026-01-01T12:00:00Z,2026-01-03T11:00:00Z,turbine_2,47,5.45,1.8,0.11896821371879376,january-backtest-v1,bc781886f00f59e8ca445d0499e557775f0ddd100dc689290ef2f3ac4fec1e9b,100,assumed,unverified
2026-01-01T12:00:00Z,2026-01-01T00:00:00Z,2026-01-01T12:00:00Z,2026-01-03T12:00:00Z,turbine_1,48,5.67,0.6,0.1452797777249304,january-backtest-v1,d094eb03a52f303931989830f7b4efb0d2e6c3faabb6b6a47793e8f3af157ee1,100,assumed,unverified
2026-01-01T12:00:00Z,2026-01-01T00:00:00Z,2026-01-01T12:00:00Z,2026-01-03T12:00:00Z,turbine_2,48,5.67,0.6,0.14276357006771723,january-backtest-v1,bc781886f00f59e8ca445d0499e557775f0ddd100dc689290ef2f3ac4fec1e9b,100,assumed,unverified
2026-01-02T12:00:00Z,2026-01-02T00:00:00Z,2026-01-02T12:00:00Z,2026-01-02T13:00:00Z,turbine_1,1,5.08,0.6,0.09735847869593733,january-backtest-v1,d094eb03a52f303931989830f7b4efb0d2e6c3faabb6b6a47793e8f3af157ee1,100,assumed,unverified
2026-01-02T12:00:00Z,2026-01-02T00:00:00Z,2026-01-02T12:00:00Z,2026-01-02T13:00:00Z,turbine_2,1,5.08,0.6,0.0903559428003633,january-backtest-v1,bc781886f00f59e8ca445d0499e557775f0ddd100dc689290ef2f3ac4fec1e9b,100,assumed,unverified
2026-01-02T12:00:00Z,2026-01-02T00:00:00Z,2026-01-02T12:00:00Z,2026-01-02T14:00:00Z,turbine_1,2,5.17,0.3,0.11169433076231916,january-backtest-v1,d094eb03a52f303931989830f7b4efb0d2e6c3faabb6b6a47793e8f3af157ee1,100,assumed,unverified
2026-01-02T12:00:00Z,2026-01-02T00:00:00Z,2026-01-02T12:00:00Z,2026-01-02T14:00:00Z,turbine_2,2,5.17,0.3,0.09955810051069347,january-backtest-v1,bc781886f00f59e8ca445d0499e557775f0ddd100dc689290ef2f3ac4fec1e9b,100,assumed,unverified
2026-01-02T12:00:00Z,2026-01-02T00:00:00Z,2026-01-02T12:00:00Z,2026-01-02T15:00:00Z,turbine_1,3,5.57,0.6,0.14506806220101662,january-backtest-v1,d094eb03a52f303931989830f7b4efb0d2e6c3faabb6b6a47793e8f3af157ee1,100,assumed,unverified
2026-01-02T12:00:00Z,2026-01-02T00:00:00Z,2026-01-02T12:00:00Z,2026-01-02T15:00:00Z,turbine_2,3,5.57,0.6,0.13270696136105284,january-backtest-v1,bc781886f00f59e8ca445d0499e557775f0ddd100dc689290ef2f3ac4fec1e9b,100,assumed,unverified
2026-01-02T12:00:00Z,2026-01-02T00:00:00Z,2026-01-02T12:00:00Z,2026-01-02T16:00:00Z,turbine_1,4,6.29,0.2,0.24474127999583267,january-backtest-v1,d094eb03a52f303931989830f7b4efb0d2e6c3faabb6b6a47793e8f3af157ee1,100,assumed,unverified
2026-01-02T12:00:00Z,2026-01-02T00:00:00Z,2026-01-02T12:00:00Z,2026-01-02T16:00:00Z,turbine_2,4,6.29,0.2,0.22373475866690015,january-backtest-v1,bc781886f00f59e8ca445d0499e557775f0ddd100dc689290ef2f3ac4fec1e9b,100,assumed,unverified
2026-01-02T12:00:00Z,2026-01-02T00:00:00Z,2026-01-02T12:00:00Z,2026-01-02T17:00:00Z,turbine_1,5,6.85,-0.4,0.33777610720884876,january-backtest-v1,d094eb03a52f303931989830f7b4efb0d2e6c3faabb6b6a47793e8f3af157ee1,100,assumed,unverified
2026-01-02T12:00:00Z,2026-01-02T00:00:00Z,2026-01-02T12:00:00Z,2026-01-02T17:00:00Z,turbine_2,5,6.85,-0.4,0.30471328648755747,january-backtest-v1,bc781886f00f59e8ca445d0499e557775f0ddd100dc689290ef2f3ac4fec1e9b,100,assumed,unverified
2026-01-02T12:00:00Z,2026-01-02T00:00:00Z,2026-01-02T12:00:00Z,2026-01-02T18:00:00Z,turbine_1,6,6.67,-0.5,0.3088589741971129,january-backtest-v1,d094eb03a52f303931989830f7b4efb0d2e6c3faabb6b6a47793e8f3af157ee1,100,assumed,unverified
2026-01-02T12:00:00Z,2026-01-02T00:00:00Z,2026-01-02T12:00:00Z,2026-01-02T18:00:00Z,turbine_2,6,6.67,-0.5,0.2763739020168872,january-backtest-v1,bc781886f00f59e8ca445d0499e557775f0ddd100dc689290ef2f3ac4fec1e9b,100,assumed,unverified
2026-01-02T12:00:00Z,2026-01-02T00:00:00Z,2026-01-02T12:00:00Z,2026-01-02T19:00:00Z,turbine_1,7,5.93,-0.8,0.17626882016723544,january-backtest-v1,d094eb03a52f303931989830f7b4efb0d2e6c3faabb6b6a47793e8f3af157ee1,100,assumed,unverified
2026-01-02T12:00:00Z,2026-01-02T00:00:00Z,2026-01-02T12:00:00Z,2026-01-02T19:00:00Z,turbine_2,7,5.93,-0.8,0.17520534078097943,january-backtest-v1,bc781886f00f59e8ca445d0499e557775f0ddd100dc689290ef2f3ac4fec1e9b,100,assumed,unverified
2026-01-02T12:00:00Z,2026-01-02T00:00:00Z,2026-01-02T12:00:00Z,2026-01-02T20:00:00Z,turbine_1,8,4.32,-1.2,0.04393247909101028,january-backtest-v1,d094eb03a52f303931989830f7b4efb0d2e6c3faabb6b6a47793e8f3af157ee1,100,assumed,unverified
2026-01-02T12:00:00Z,2026-01-02T00:00:00Z,2026-01-02T12:00:00Z,2026-01-02T20:00:00Z,turbine_2,8,4.32,-1.2,0.04218783670160353,january-backtest-v1,bc781886f00f59e8ca445d0499e557775f0ddd100dc689290ef2f3ac4fec1e9b,100,assumed,unverified
2026-01-02T12:00:00Z,2026-01-02T00:00:00Z,2026-01-02T12:00:00Z,2026-01-02T21:00:00Z,turbine_1,9,4.75,-1.4,0.07022011455400651,january-backtest-v1,d094eb03a52f303931989830f7b4efb0d2e6c3faabb6b6a47793e8f3af157ee1,100,assumed,unverified
2026-01-02T12:00:00Z,2026-01-02T00:00:00Z,2026-01-02T12:00:00Z,2026-01-02T21:00:00Z,turbine_2,9,4.75,-1.4,0.058932043788144095,january-backtest-v1,bc781886f00f59e8ca445d0499e557775f0ddd100dc689290ef2f3ac4fec1e9b,100,assumed,unverified
2026-01-02T12:00:00Z,2026-01-02T00:00:00Z,2026-01-02T12:00:00Z,2026-01-02T22:00:00Z,turbine_1,10,5.23,-2.0,0.1017953535065565,january-backtest-v1,d094eb03a52f303931989830f7b4efb0d2e6c3faabb6b6a47793e8f3af157ee1,100,assumed,unverified
2026-01-02T12:00:00Z,2026-01-02T00:00:00Z,2026-01-02T12:00:00Z,2026-01-02T22:00:00Z,turbine_2,10,5.23,-2.0,0.08924234746373716,january-backtest-v1,bc781886f00f59e8ca445d0499e557775f0ddd100dc689290ef2f3ac4fec1e9b,100,assumed,unverified
2026-01-02T12:00:00Z,2026-01-02T00:00:00Z,2026-01-02T12:00:00Z,2026-01-02T23:00:00Z,turbine_1,11,5.64,-2.3,0.1313344220950448,january-backtest-v1,d094eb03a52f303931989830f7b4efb0d2e6c3faabb6b6a47793e8f3af157ee1,100,assumed,unverified
2026-01-02T12:00:00Z,2026-01-02T00:00:00Z,2026-01-02T12:00:00Z,2026-01-02T23:00:00Z,turbine_2,11,5.64,-2.3,0.1185483645037404,january-backtest-v1,bc781886f00f59e8ca445d0499e557775f0ddd100dc689290ef2f3ac4fec1e9b,100,assumed,unverified
2026-01-02T12:00:00Z,2026-01-02T00:00:00Z,2026-01-02T12:00:00Z,2026-01-03T00:00:00Z,turbine_1,12,5.95,-2.6,0.16699148752822157,january-backtest-v1,d094eb03a52f303931989830f7b4efb0d2e6c3faabb6b6a47793e8f3af157ee1,100,assumed,unverified
2026-01-02T12:00:00Z,2026-01-02T00:00:00Z,2026-01-02T12:00:00Z,2026-01-03T00:00:00Z,turbine_2,12,5.95,-2.6,0.16320578010131068,january-backtest-v1,bc781886f00f59e8ca445d0499e557775f0ddd100dc689290ef2f3ac4fec1e9b,100,assumed,unverified
2026-01-02T12:00:00Z,2026-01-02T00:00:00Z,2026-01-02T12:00:00Z,2026-01-03T01:00:00Z,turbine_1,13,6.02,-2.6,0.18162952722605402,january-backtest-v1,d094eb03a52f303931989830f7b4efb0d2e6c3faabb6b6a47793e8f3af157ee1,100,assumed,unverified
2026-01-02T12:00:00Z,2026-01-02T00:00:00Z,2026-01-02T12:00:00Z,2026-01-03T01:00:00Z,turbine_2,13,6.02,-2.6,0.16527068009052545,january-backtest-v1,bc781886f00f59e8ca445d0499e557775f0ddd100dc689290ef2f3ac4fec1e9b,100,assumed,unverified
2026-01-02T12:00:00Z,2026-01-02T00:00:00Z,2026-01-02T12:00:00Z,2026-01-03T02:00:00Z,turbine_1,14,5.92,-2.7,0.1664011860194072,january-backtest-v1,d094eb03a52f303931989830f7b4efb0d2e6c3faabb6b6a47793e8f3af157ee1,100,assumed,unverified
2026-01-02T12:00:00Z,2026-01-02T00:00:00Z,2026-01-02T12:00:00Z,2026-01-03T02:00:00Z,turbine_2,14,5.92,-2.7,0.16320578010131068,january-backtest-v1,bc781886f00f59e8ca445d0499e557775f0ddd100dc689290ef2f3ac4fec1e9b,100,assumed,unverified
2026-01-02T12:00:00Z,2026-01-02T00:00:00Z,2026-01-02T12:00:00Z,2026-01-03T03:00:00Z,turbine_1,15,5.84,-2.0,0.1659986597827033,january-backtest-v1,d094eb03a52f303931989830f7b4efb0d2e6c3faabb6b6a47793e8f3af157ee1,100,assumed,unverified
2026-01-02T12:00:00Z,2026-01-02T00:00:00Z,2026-01-02T12:00:00Z,2026-01-03T03:00:00Z,turbine_2,15,5.84,-2.0,0.14602899153536733,january-backtest-v1,bc781886f00f59e8ca445d0499e557775f0ddd100dc689290ef2f3ac4fec1e9b,100,assumed,unverified
2026-01-02T12:00:00Z,2026-01-02T00:00:00Z,2026-01-02T12:00:00Z,2026-01-03T04:00:00Z,turbine_1,16,5.86,0.0,0.18145092913552116,january-backtest-v1,d094eb03a52f303931989830f7b4efb0d2e6c3faabb6b6a47793e8f3af157ee1,100,assumed,unverified
2026-01-02T12:00:00Z,2026-01-02T00:00:00Z,2026-01-02T12:00:00Z,2026-01-03T04:00:00Z,turbine_2,16,5.86,0.0,0.16418988964343867,january-backtest-v1,bc781886f00f59e8ca445d0499e557775f0ddd100dc689290ef2f3ac4fec1e9b,100,assumed,unverified
2026-01-02T12:00:00Z,2026-01-02T00:00:00Z,2026-01-02T12:00:00Z,2026-01-03T05:00:00Z,turbine_1,17,5.44,2.1,0.1360526756044612,january-backtest-v1,d094eb03a52f303931989830f7b4efb0d2e6c3faabb6b6a47793e8f3af157ee1,100,assumed,unverified
2026-01-02T12:00:00Z,2026-01-02T00:00:00Z,2026-01-02T12:00:00Z,2026-01-03T05:00:00Z,turbine_2,17,5.44,2.1,0.12130307311108227,january-backtest-v1,bc781886f00f59e8ca445d0499e557775f0ddd100dc689290ef2f3ac4fec1e9b,100,assumed,unverified
2026-01-02T12:00:00Z,2026-01-02T00:00:00Z,2026-01-02T12:00:00Z,2026-01-03T06:00:00Z,turbine_1,18,5.67,3.3,0.15480973756292607,january-backtest-v1,d094eb03a52f303931989830f7b4efb0d2e6c3faabb6b6a47793e8f3af157ee1,100,assumed,unverified
2026-01-02T12:00:00Z,2026-01-02T00:00:00Z,2026-01-02T12:00:00Z,2026-01-03T06:00:00Z,turbine_2,18,5.67,3.3,0.147347892525372,january-backtest-v1,bc781886f00f59e8ca445d0499e557775f0ddd100dc689290ef2f3ac4fec1e9b,100,assumed,unverified
2026-01-02T12:00:00Z,2026-01-02T00:00:00Z,2026-01-02T12:00:00Z,2026-01-03T07:00:00Z,turbine_1,19,5.49,4.1,0.1450888826045342,january-backtest-v1,d094eb03a52f303931989830f7b4efb0d2e6c3faabb6b6a47793e8f3af157ee1,100,assumed,unverified
2026-01-02T12:00:00Z,2026-01-02T00:00:00Z,2026-01-02T12:00:00Z,2026-01-03T07:00:00Z,turbine_2,19,5.49,4.1,0.1384338058821088,january-backtest-v1,bc781886f00f59e8ca445d0499e557775f0ddd100dc689290ef2f3ac4fec1e9b,100,assumed,unverified
2026-01-02T12:00:00Z,2026-01-02T00:00:00Z,2026-01-02T12:00:00Z,2026-01-03T08:00:00Z,turbine_1,20,5.35,4.7,0.14141706911254773,january-backtest-v1,d094eb03a52f303931989830f7b4efb0d2e6c3faabb6b6a47793e8f3af157ee1,100,assumed,unverified
2026-01-02T12:00:00Z,2026-01-02T00:00:00Z,2026-01-02T12:00:00Z,2026-01-03T08:00:00Z,turbine_2,20,5.35,4.7,0.12134892083794699,january-backtest-v1,bc781886f00f59e8ca445d0499e557775f0ddd100dc689290ef2f3ac4fec1e9b,100,assumed,unverified
2026-01-02T12:00:00Z,2026-01-02T00:00:00Z,2026-01-02T12:00:00Z,2026-01-03T09:00:00Z,turbine_1,21,5.17,4.9,0.1268605313780767,january-backtest-v1,d094eb03a52f303931989830f7b4efb0d2e6c3faabb6b6a47793e8f3af157ee1,100,assumed,unverified
2026-01-02T12:00:00Z,2026-01-02T00:00:00Z,2026-01-02T12:00:00Z,2026-01-03T09:00:00Z,turbine_2,21,5.17,4.9,0.1119890182197909,january-backtest-v1,bc781886f00f59e8ca445d0499e557775f0ddd100dc689290ef2f3ac4fec1e9b,100,assumed,unverified
2026-01-02T12:00:00Z,2026-01-02T00:00:00Z,2026-01-02T12:00:00Z,2026-01-03T10:00:00Z,turbine_1,22,5.66,4.1,0.1577271746517893,january-backtest-v1,d094eb03a52f303931989830f7b4efb0d2e6c3faabb6b6a47793e8f3af157ee1,100,assumed,unverified
2026-01-02T12:00:00Z,2026-01-02T00:00:00Z,2026-01-02T12:00:00Z,2026-01-03T10:00:00Z,turbine_2,22,5.66,4.1,0.15071159200484088,january-backtest-v1,bc781886f00f59e8ca445d0499e557775f0ddd100dc689290ef2f3ac4fec1e9b,100,assumed,unverified
2026-01-02T12:00:00Z,2026-01-02T00:00:00Z,2026-01-02T12:00:00Z,2026-01-03T11:00:00Z,turbine_1,23,6.42,1.9,0.26241090511527376,january-backtest-v1,d094eb03a52f303931989830f7b4efb0d2e6c3faabb6b6a47793e8f3af157ee1,100,assumed,unverified
2026-01-02T12:00:00Z,2026-01-02T00:00:00Z,2026-01-02T12:00:00Z,2026-01-03T11:00:00Z,turbine_2,23,6.42,1.9,0.24665895942469757,january-backtest-v1,bc781886f00f59e8ca445d0499e557775f0ddd100dc689290ef2f3ac4fec1e9b,100,assumed,unverified
2026-01-02T12:00:00Z,2026-01-02T00:00:00Z,2026-01-02T12:00:00Z,2026-01-03T12:00:00Z,turbine_1,24,6.51,1.2,0.275338969012346,january-backtest-v1,d094eb03a52f303931989830f7b4efb0d2e6c3faabb6b6a47793e8f3af157ee1,100,assumed,unverified
2026-01-02T12:00:00Z,2026-01-02T00:00:00Z,2026-01-02T12:00:00Z,2026-01-03T12:00:00Z,turbine_2,24,6.51,1.2,0.2593003455206219,january-backtest-v1,bc781886f00f59e8ca445d0499e557775f0ddd100dc689290ef2f3ac4fec1e9b,100,assumed,unverified
2026-01-02T12:00:00Z,2026-01-02T00:00:00Z,2026-01-02T12:00:00Z,2026-01-03T13:00:00Z,turbine_1,25,6.41,1.0,0.2592084303615028,january-backtest-v1,d094eb03a52f303931989830f7b4efb0d2e6c3faabb6b6a47793e8f3af157ee1,100,assumed,unverified
2026-01-02T12:00:00Z,2026-01-02T00:00:00Z,2026-01-02T12:00:00Z,2026-01-03T13:00:00Z,turbine_2,25,6.41,1.0,0.24556710215527214,january-backtest-v1,bc781886f00f59e8ca445d0499e557775f0ddd100dc689290ef2f3ac4fec1e9b,100,assumed,unverified
2026-01-02T12:00:00Z,2026-01-02T00:00:00Z,2026-01-02T12:00:00Z,2026-01-03T14:00:00Z,turbine_1,26,6.43,0.9,0.2697423044968141,january-backtest-v1,d094eb03a52f303931989830f7b4efb0d2e6c3faabb6b6a47793e8f3af157ee1,100,assumed,unverified
2026-01-02T12:00:00Z,2026-01-02T00:00:00Z,2026-01-02T12:00:00Z,2026-01-03T14:00:00Z,turbine_2,26,6.43,0.9,0.24556710215527214,january-backtest-v1,bc781886f00f59e8ca445d0499e557775f0ddd100dc689290ef2f3ac4fec1e9b,100,assumed,unverified
2026-01-02T12:00:00Z,2026-01-02T00:00:00Z,2026-01-02T12:00:00Z,2026-01-03T15:00:00Z,turbine_1,27,6.3,0.6,0.24330175919331623,january-backtest-v1,d094eb03a52f303931989830f7b4efb0d2e6c3faabb6b6a47793e8f3af157ee1,100,assumed,unverified
2026-01-02T12:00:00Z,2026-01-02T00:00:00Z,2026-01-02T12:00:00Z,2026-01-03T15:00:00Z,turbine_2,27,6.3,0.6,0.22541877758609058,january-backtest-v1,bc781886f00f59e8ca445d0499e557775f0ddd100dc689290ef2f3ac4fec1e9b,100,assumed,unverified
2026-01-02T12:00:00Z,2026-01-02T00:00:00Z,2026-01-02T12:00:00Z,2026-01-03T16:00:00Z,turbine_1,28,6.27,0.8,0.2446712502512309,january-backtest-v1,d094eb03a52f303931989830f7b4efb0d2e6c3faabb6b6a47793e8f3af157ee1,100,assumed,unverified
2026-01-02T12:00:00Z,2026-01-02T00:00:00Z,2026-01-02T12:00:00Z,2026-01-03T16:00:00Z,turbine_2,28,6.27,0.8,0.22145741263891483,january-backtest-v1,bc781886f00f59e8ca445d0499e557775f0ddd100dc689290ef2f3ac4fec1e9b,100,assumed,unverified
2026-01-02T12:00:00Z,2026-01-02T00:00:00Z,2026-01-02T12:00:00Z,2026-01-03T17:00:00Z,turbine_1,29,5.98,0.8,0.20016351823743303,january-backtest-v1,d094eb03a52f303931989830f7b4efb0d2e6c3faabb6b6a47793e8f3af157ee1,100,assumed,unverified
2026-01-02T12:00:00Z,2026-01-02T00:00:00Z,2026-01-02T12:00:00Z,2026-01-03T17:00:00Z,turbine_2,29,5.98,0.8,0.18184911427816858,january-backtest-v1,bc781886f00f59e8ca445d0499e557775f0ddd100dc689290ef2f3ac4fec1e9b,100,assumed,unverified
2026-01-02T12:00:00Z,2026-01-02T00:00:00Z,2026-01-02T12:00:00Z,2026-01-03T18:00:00Z,turbine_1,30,5.9,0.7,0.18494001454839334,january-backtest-v1,d094eb03a52f303931989830f7b4efb0d2e6c3faabb6b6a47793e8f3af157ee1,100,assumed,unverified
2026-01-02T12:00:00Z,2026-01-02T00:00:00Z,2026-01-02T12:00:00Z,2026-01-03T18:00:00Z,turbine_2,30,5.9,0.7,0.16433276168419916,january-backtest-v1,bc781886f00f59e8ca445d0499e557775f0ddd100dc689290ef2f3ac4fec1e9b,100,assumed,unverified
2026-01-02T12:00:00Z,2026-01-02T00:00:00Z,2026-01-02T12:00:00Z,2026-01-03T19:00:00Z,turbine_1,31,5.77,0.5,0.17707974579214375,january-backtest-v1,d094eb03a52f303931989830f7b4efb0d2e6c3faabb6b6a47793e8f3af157ee1,100,assumed,unverified
2026-01-02T12:00:00Z,2026-01-02T00:00:00Z,2026-01-02T12:00:00Z,2026-01-03T19:00:00Z,turbine_2,31,5.77,0.5,0.15824938067677652,january-backtest-v1,bc781886f00f59e8ca445d0499e557775f0ddd100dc689290ef2f3ac4fec1e9b,100,assumed,unverified
2026-01-02T12:00:00Z,2026-01-02T00:00:00Z,2026-01-02T12:00:00Z,2026-01-03T20:00:00Z,turbine_1,32,5.68,0.4,0.14669853560105264,january-backtest-v1,d094eb03a52f303931989830f7b4efb0d2e6c3faabb6b6a47793e8f3af157ee1,100,assumed,unverified
2026-01-02T12:00:00Z,2026-01-02T00:00:00Z,2026-01-02T12:00:00Z,2026-01-03T20:00:00Z,turbine_2,32,5.68,0.4,0.14227546271809785,january-backtest-v1,bc781886f00f59e8ca445d0499e557775f0ddd100dc689290ef2f3ac4fec1e9b,100,assumed,unverified
2026-01-02T12:00:00Z,2026-01-02T00:00:00Z,2026-01-02T12:00:00Z,2026-01-03T21:00:00Z,turbine_1,33,5.54,0.6,0.14506806220101662,january-backtest-v1,d094eb03a52f303931989830f7b4efb0d2e6c3faabb6b6a47793e8f3af157ee1,100,assumed,unverified
2026-01-02T12:00:00Z,2026-01-02T00:00:00Z,2026-01-02T12:00:00Z,2026-01-03T21:00:00Z,turbine_2,33,5.54,0.6,0.13169230709290233,january-backtest-v1,bc781886f00f59e8ca445d0499e557775f0ddd100dc689290ef2f3ac4fec1e9b,100,assumed,unverified
2026-01-02T12:00:00Z,2026-01-02T00:00:00Z,2026-01-02T12:00:00Z,2026-01-03T22:00:00Z,turbine_1,34,5.65,0.0,0.145741462071231,january-backtest-v1,d094eb03a52f303931989830f7b4efb0d2e6c3faabb6b6a47793e8f3af157ee1,100,assumed,unverified
2026-01-02T12:00:00Z,2026-01-02T00:00:00Z,2026-01-02T12:00:00Z,2026-01-03T22:00:00Z,turbine_2,34,5.65,0.0,0.14282820502675747,january-backtest-v1,bc781886f00f59e8ca445d0499e557775f0ddd100dc689290ef2f3ac4fec1e9b,100,assumed,unverified
2026-01-02T12:00:00Z,2026-01-02T00:00:00Z,2026-01-02T12:00:00Z,2026-01-03T23:00:00Z,turbine_1,35,6.17,-0.8,0.22201597867445336,january-backtest-v1,d094eb03a52f303931989830f7b4efb0d2e6c3faabb6b6a47793e8f3af157ee1,100,assumed,unverified
2026-01-02T12:00:00Z,2026-01-02T00:00:00Z,2026-01-02T12:00:00Z,2026-01-03T23:00:00Z,turbine_2,35,6.17,-0.8,0.20705104544057112,january-backtest-v1,bc781886f00f59e8ca445d0499e557775f0ddd100dc689290ef2f3ac4fec1e9b,100,assumed,unverified
2026-01-02T12:00:00Z,2026-01-02T00:00:00Z,2026-01-02T12:00:00Z,2026-01-04T00:00:00Z,turbine_1,36,6.44,-1.0,0.2592280894664747,january-backtest-v1,d094eb03a52f303931989830f7b4efb0d2e6c3faabb6b6a47793e8f3af157ee1,100,assumed,unverified
2026-01-02T12:00:00Z,2026-01-02T00:00:00Z,2026-01-02T12:00:00Z,2026-01-04T00:00:00Z,turbine_2,36,6.44,-1.0,0.23968877237402145,january-backtest-v1,bc781886f00f59e8ca445d0499e557775f0ddd100dc689290ef2f3ac4fec1e9b,100,assumed,unverified
2026-01-02T12:00:00Z,2026-01-02T00:00:00Z,2026-01-02T12:00:00Z,2026-01-04T01:00:00Z,turbine_1,37,6.75,-0.9,0.30476755713851955,january-backtest-v1,d094eb03a52f303931989830f7b4efb0d2e6c3faabb6b6a47793e8f3af157ee1,100,assumed,unverified
2026-01-02T12:00:00Z,2026-01-02T00:00:00Z,2026-01-02T12:00:00Z,2026-01-04T01:00:00Z,turbine_2,37,6.75,-0.9,0.28352972243806845,january-backtest-v1,bc781886f00f59e8ca445d0499e557775f0ddd100dc689290ef2f3ac4fec1e9b,100,assumed,unverified
2026-01-02T12:00:00Z,2026-01-02T00:00:00Z,2026-01-02T12:00:00Z,2026-01-04T02:00:00Z,turbine_1,38,6.78,-1.1,0.3114189833370331,january-backtest-v1,d094eb03a52f303931989830f7b4efb0d2e6c3faabb6b6a47793e8f3af157ee1,100,assumed,unverified
2026-01-02T12:00:00Z,2026-01-02T00:00:00Z,2026-01-02T12:00:00Z,2026-01-04T02:00:00Z,turbine_2,38,6.78,-1.1,0.29602892590029006,january-backtest-v1,bc781886f00f59e8ca445d0499e557775f0ddd100dc689290ef2f3ac4fec1e9b,100,assumed,unverified
2026-01-02T12:00:00Z,2026-01-02T00:00:00Z,2026-01-02T12:00:00Z,2026-01-04T03:00:00Z,turbine_1,39,6.94,-0.6,0.3399176919771085,january-backtest-v1,d094eb03a52f303931989830f7b4efb0d2e6c3faabb6b6a47793e8f3af157ee1,100,assumed,unverified
2026-01-02T12:00:00Z,2026-01-02T00:00:00Z,2026-01-02T12:00:00Z,2026-01-04T03:00:00Z,turbine_2,39,6.94,-0.6,0.31449355410924973,january-backtest-v1,bc781886f00f59e8ca445d0499e557775f0ddd100dc689290ef2f3ac4fec1e9b,100,assumed,unverified
2026-01-02T12:00:00Z,2026-01-02T00:00:00Z,2026-01-02T12:00:00Z,2026-01-04T04:00:00Z,turbine_1,40,6.39,1.7,0.26160593942588944,january-backtest-v1,d094eb03a52f303931989830f7b4efb0d2e6c3faabb6b6a47793e8f3af157ee1,100,assumed,unverified
2026-01-02T12:00:00Z,2026-01-02T00:00:00Z,2026-01-02T12:00:00Z,2026-01-04T04:00:00Z,turbine_2,40,6.39,1.7,0.23106990729871177,january-backtest-v1,bc781886f00f59e8ca445d0499e557775f0ddd100dc689290ef2f3ac4fec1e9b,100,assumed,unverified
2026-01-02T12:00:00Z,2026-01-02T00:00:00Z,2026-01-02T12:00:00Z,2026-01-04T05:00:00Z,turbine_1,41,3.27,3.6,0.02647394191949587,january-backtest-v1,d094eb03a52f303931989830f7b4efb0d2e6c3faabb6b6a47793e8f3af157ee1,100,assumed,unverified
2026-01-02T12:00:00Z,2026-01-02T00:00:00Z,2026-01-02T12:00:00Z,2026-01-04T05:00:00Z,turbine_2,41,3.27,3.6,0.018455462964818925,january-backtest-v1,bc781886f00f59e8ca445d0499e557775f0ddd100dc689290ef2f3ac4fec1e9b,100,assumed,unverified
2026-01-02T12:00:00Z,2026-01-02T00:00:00Z,2026-01-02T12:00:00Z,2026-01-04T06:00:00Z,turbine_1,42,2.26,3.8,0.012459317949142623,january-backtest-v1,d094eb03a52f303931989830f7b4efb0d2e6c3faabb6b6a47793e8f3af157ee1,100,assumed,unverified
2026-01-02T12:00:00Z,2026-01-02T00:00:00Z,2026-01-02T12:00:00Z,2026-01-04T06:00:00Z,turbine_2,42,2.26,3.8,0.009884094530510312,january-backtest-v1,bc781886f00f59e8ca445d0499e557775f0ddd100dc689290ef2f3ac4fec1e9b,100,assumed,unverified
2026-01-02T12:00:00Z,2026-01-02T00:00:00Z,2026-01-02T12:00:00Z,2026-01-04T07:00:00Z,turbine_1,43,2.06,4.6,0.0118143059923147,january-backtest-v1,d094eb03a52f303931989830f7b4efb0d2e6c3faabb6b6a47793e8f3af157ee1,100,assumed,unverified
2026-01-02T12:00:00Z,2026-01-02T00:00:00Z,2026-01-02T12:00:00Z,2026-01-04T07:00:00Z,turbine_2,43,2.06,4.6,0.008382945467750147,january-backtest-v1,bc781886f00f59e8ca445d0499e557775f0ddd100dc689290ef2f3ac4fec1e9b,100,assumed,unverified
2026-01-02T12:00:00Z,2026-01-02T00:00:00Z,2026-01-02T12:00:00Z,2026-01-04T08:00:00Z,turbine_1,44,3.88,5.4,0.0526981283638806,january-backtest-v1,d094eb03a52f303931989830f7b4efb0d2e6c3faabb6b6a47793e8f3af157ee1,100,assumed,unverified
2026-01-02T12:00:00Z,2026-01-02T00:00:00Z,2026-01-02T12:00:00Z,2026-01-04T08:00:00Z,turbine_2,44,3.88,5.4,0.039831461624446896,january-backtest-v1,bc781886f00f59e8ca445d0499e557775f0ddd100dc689290ef2f3ac4fec1e9b,100,assumed,unverified
2026-01-02T12:00:00Z,2026-01-02T00:00:00Z,2026-01-02T12:00:00Z,2026-01-04T09:00:00Z,turbine_1,45,5.3,5.0,0.1389703170987742,january-backtest-v1,d094eb03a52f303931989830f7b4efb0d2e6c3faabb6b6a47793e8f3af157ee1,100,assumed,unverified
2026-01-02T12:00:00Z,2026-01-02T00:00:00Z,2026-01-02T12:00:00Z,2026-01-04T09:00:00Z,turbine_2,45,5.3,5.0,0.12239315993223251,january-backtest-v1,bc781886f00f59e8ca445d0499e557775f0ddd100dc689290ef2f3ac4fec1e9b,100,assumed,unverified
2026-01-02T12:00:00Z,2026-01-02T00:00:00Z,2026-01-02T12:00:00Z,2026-01-04T10:00:00Z,turbine_1,46,5.55,4.2,0.1575154591278755,january-backtest-v1,d094eb03a52f303931989830f7b4efb0d2e6c3faabb6b6a47793e8f3af157ee1,100,assumed,unverified
2026-01-02T12:00:00Z,2026-01-02T00:00:00Z,2026-01-02T12:00:00Z,2026-01-04T10:00:00Z,turbine_2,46,5.55,4.2,0.13953345599637063,january-backtest-v1,bc781886f00f59e8ca445d0499e557775f0ddd100dc689290ef2f3ac4fec1e9b,100,assumed,unverified
2026-01-02T12:00:00Z,2026-01-02T00:00:00Z,2026-01-02T12:00:00Z,2026-01-04T11:00:00Z,turbine_1,47,6.37,2.4,0.2567833500502885,january-backtest-v1,d094eb03a52f303931989830f7b4efb0d2e6c3faabb6b6a47793e8f3af157ee1,100,assumed,unverified
2026-01-02T12:00:00Z,2026-01-02T00:00:00Z,2026-01-02T12:00:00Z,2026-01-04T11:00:00Z,turbine_2,47,6.37,2.4,0.2336013643067029,january-backtest-v1,bc781886f00f59e8ca445d0499e557775f0ddd100dc689290ef2f3ac4fec1e9b,100,assumed,unverified
2026-01-02T12:00:00Z,2026-01-02T00:00:00Z,2026-01-02T12:00:00Z,2026-01-04T12:00:00Z,turbine_1,48,7.07,1.0,0.36902340800394023,january-backtest-v1,d094eb03a52f303931989830f7b4efb0d2e6c3faabb6b6a47793e8f3af157ee1,100,assumed,unverified
2026-01-02T12:00:00Z,2026-01-02T00:00:00Z,2026-01-02T12:00:00Z,2026-01-04T12:00:00Z,turbine_2,48,7.07,1.0,0.351302946250543,january-backtest-v1,bc781886f00f59e8ca445d0499e557775f0ddd100dc689290ef2f3ac4fec1e9b,100,assumed,unverified
2026-01-03T12:00:00Z,2026-01-03T00:00:00Z,2026-01-03T12:00:00Z,2026-01-03T13:00:00Z,turbine_1,1,6.12,0.6,0.22311291308736442,january-backtest-v1,d094eb03a52f303931989830f7b4efb0d2e6c3faabb6b6a47793e8f3af157ee1,100,assumed,unverified
2026-01-03T12:00:00Z,2026-01-03T00:00:00Z,2026-01-03T12:00:00Z,2026-01-03T13:00:00Z,turbine_2,1,6.12,0.6,0.20440030092959607,january-backtest-v1,bc781886f00f59e8ca445d0499e557775f0ddd100dc689290ef2f3ac4fec1e9b,100,assumed,unverified
2026-01-03T12:00:00Z,2026-01-03T00:00:00Z,2026-01-03T12:00:00Z,2026-01-03T14:00:00Z,turbine_1,2,6.45,0.5,0.26719596454402395,january-backtest-v1,d094eb03a52f303931989830f7b4efb0d2e6c3faabb6b6a47793e8f3af157ee1,100,assumed,unverified
2026-01-03T12:00:00Z,2026-01-03T00:00:00Z,2026-01-03T12:00:00Z,2026-01-03T14:00:00Z,turbine_2,2,6.45,0.5,0.246948947269001,january-backtest-v1,bc781886f00f59e8ca445d0499e557775f0ddd100dc689290ef2f3ac4fec1e9b,100,assumed,unverified
2026-01-03T12:00:00Z,2026-01-03T00:00:00Z,2026-01-03T12:00:00Z,2026-01-03T15:00:00Z,turbine_1,3,6.53,0.5,0.27147829151642283,january-backtest-v1,d094eb03a52f303931989830f7b4efb0d2e6c3faabb6b6a47793e8f3af157ee1,100,assumed,unverified
2026-01-03T12:00:00Z,2026-01-03T00:00:00Z,2026-01-03T12:00:00Z,2026-01-03T15:00:00Z,turbine_2,3,6.53,0.5,0.26318072124764985,january-backtest-v1,bc781886f00f59e8ca445d0499e557775f0ddd100dc689290ef2f3ac4fec1e9b,100,assumed,unverified
2026-01-03T12:00:00Z,2026-01-03T00:00:00Z,2026-01-03T12:00:00Z,2026-01-03T16:00:00Z,turbine_1,4,6.21,0.7,0.2341156973688682,january-backtest-v1,d094eb03a52f303931989830f7b4efb0d2e6c3faabb6b6a47793e8f3af157ee1,100,assumed,unverified
2026-01-03T12:00:00Z,2026-01-03T00:00:00Z,2026-01-03T12:00:00Z,2026-01-03T16:00:00Z,turbine_2,4,6.21,0.7,0.22145270140576417,january-backtest-v1,bc781886f00f59e8ca445d0499e557775f0ddd100dc689290ef2f3ac4fec1e9b,100,assumed,unverified
2026-01-03T12:00:00Z,2026-01-03T00:00:00Z,2026-01-03T12:00:00Z,2026-01-03T17:00:00Z,turbine_1,5,5.82,1.0,0.18379888192515542,january-backtest-v1,d094eb03a52f303931989830f7b4efb0d2e6c3faabb6b6a47793e8f3af157ee1,100,assumed,unverified
2026-01-03T12:00:00Z,2026-01-03T00:00:00Z,2026-01-03T12:00:00Z,2026-01-03T17:00:00Z,turbine_2,5,5.82,1.0,0.16412996591754908,january-backtest-v1,bc781886f00f59e8ca445d0499e557775f0ddd100dc689290ef2f3ac4fec1e9b,100,assumed,unverified
2026-01-03T12:00:00Z,2026-01-03T00:00:00Z,2026-01-03T12:00:00Z,2026-01-03T18:00:00Z,turbine_1,6,6.1,0.7,0.22083869629605166,january-backtest-v1,d094eb03a52f303931989830f7b4efb0d2e6c3faabb6b6a47793e8f3af157ee1,100,assumed,unverified
2026-01-03T12:00:00Z,2026-01-03T00:00:00Z,2026-01-03T12:00:00Z,2026-01-03T18:00:00Z,turbine_2,6,6.1,0.7,0.20440030092959607,january-backtest-v1,bc781886f00f59e8ca445d0499e557775f0ddd100dc689290ef2f3ac4fec1e9b,100,assumed,unverified
2026-01-03T12:00:00Z,2026-01-03T00:00:00Z,2026-01-03T12:00:00Z,2026-01-03T19:00:00Z,turbine_1,7,5.81,0.7,0.17844923685005845,january-backtest-v1,d094eb03a52f303931989830f7b4efb0d2e6c3faabb6b6a47793e8f3af157ee1,100,assumed,unverified
2026-01-03T12:00:00Z,2026-01-03T00:00:00Z,2026-01-03T12:00:00Z,2026-01-03T19:00:00Z,turbine_2,7,5.81,0.7,0.16412525468439843,january-backtest-v1,bc781886f00f59e8ca445d0499e557775f0ddd100dc689290ef2f3ac4fec1e9b,100,assumed,unverified
2026-01-03T12:00:00Z,2026-01-03T00:00:00Z,2026-01-03T12:00:00Z,2026-01-03T20:00:00Z,turbine_1,8,5.67,0.4,0.14669853560105264,january-backtest-v1,d094eb03a52f303931989830f7b4efb0d2e6c3faabb6b6a47793e8f3af157ee1,100,assumed,unverified
2026-01-03T12:00:00Z,2026-01-03T00:00:00Z,2026-01-03T12:00:00Z,2026-01-03T20:00:00Z,turbine_2,8,5.67,0.4,0.14227546271809785,january-backtest-v1,bc781886f00f59e8ca445d0499e557775f0ddd100dc689290ef2f3ac4fec1e9b,100,assumed,unverified
2026-01-03T12:00:00Z,2026-01-03T00:00:00Z,2026-01-03T12:00:00Z,2026-01-03T21:00:00Z,turbine_1,9,5.78,0.1,0.17853923639492977,january-backtest-v1,d094eb03a52f303931989830f7b4efb0d2e6c3faabb6b6a47793e8f3af157ee1,100,assumed,unverified
2026-01-03T12:00:00Z,2026-01-03T00:00:00Z,2026-01-03T12:00:00Z,2026-01-03T21:00:00Z,turbine_2,9,5.78,0.1,0.15880212298543614,january-backtest-v1,bc781886f00f59e8ca445d0499e557775f0ddd100dc689290ef2f3ac4fec1e9b,100,assumed,unverified
2026-01-03T12:00:00Z,2026-01-03T00:00:00Z,2026-01-03T12:00:00Z,2026-01-03T22:00:00Z,turbine_1,10,6.15,-0.1,0.22939111836695353,january-backtest-v1,d094eb03a52f303931989830f7b4efb0d2e6c3faabb6b6a47793e8f3af157ee1,100,assumed,unverified
2026-01-03T12:00:00Z,2026-01-03T00:00:00Z,2026-01-03T12:00:00Z,2026-01-03T22:00:00Z,turbine_2,10,6.15,-0.1,0.20906823333304866,january-backtest-v1,bc781886f00f59e8ca445d0499e557775f0ddd100dc689290ef2f3ac4fec1e9b,100,assumed,unverified
2026-01-03T12:00:00Z,2026-01-03T00:00:00Z,2026-01-03T12:00:00Z,2026-01-03T23:00:00Z,turbine_1,11,6.41,-0.4,0.2551231244611001,january-backtest-v1,d094eb03a52f303931989830f7b4efb0d2e6c3faabb6b6a47793e8f3af157ee1,100,assumed,unverified
2026-01-03T12:00:00Z,2026-01-03T00:00:00Z,2026-01-03T12:00:00Z,2026-01-03T23:00:00Z,turbine_2,11,6.41,-0.4,0.24228511336732778,january-backtest-v1,bc781886f00f59e8ca445d0499e557775f0ddd100dc689290ef2f3ac4fec1e9b,100,assumed,unverified
2026-01-03T12:00:00Z,2026-01-03T00:00:00Z,2026-01-03T12:00:00Z,2026-01-04T00:00:00Z,turbine_1,12,6.94,-0.5,0.34472916971843154,january-backtest-v1,d094eb03a52f303931989830f7b4efb0d2e6c3faabb6b6a47793e8f3af157ee1,100,assumed,unverified
2026-01-03T12:00:00Z,2026-01-03T00:00:00Z,2026-01-03T12:00:00Z,2026-01-04T00:00:00Z,turbine_2,12,6.94,-0.5,0.31449355410924973,january-backtest-v1,bc781886f00f59e8ca445d0499e557775f0ddd100dc689290ef2f3ac4fec1e9b,100,assumed,unverified
2026-01-03T12:00:00Z,2026-01-03T00:00:00Z,2026-01-03T12:00:00Z,2026-01-04T01:00:00Z,turbine_1,13,6.88,-0.6,0.33291048155915903,january-backtest-v1,d094eb03a52f303931989830f7b4efb0d2e6c3faabb6b6a47793e8f3af157ee1,100,assumed,unverified
2026-01-03T12:00:00Z,2026-01-03T00:00:00Z,2026-01-03T12:00:00Z,2026-01-04T01:00:00Z,turbine_2,13,6.88,-0.6,0.3099121626128558,january-backtest-v1,bc781886f00f59e8ca445d0499e557775f0ddd100dc689290ef2f3ac4fec1e9b,100,assumed,unverified
2026-01-03T12:00:00Z,2026-01-03T00:00:00Z,2026-01-03T12:00:00Z,2026-01-04T02:00:00Z,turbine_1,14,6.93,-0.8,0.33906489796288525,january-backtest-v1,d094eb03a52f303931989830f7b4efb0d2e6c3faabb6b6a47793e8f3af157ee1,100,assumed,unverified
2026-01-03T12:00:00Z,2026-01-03T00:00:00Z,2026-01-03T12:00:00Z,2026-01-04T02:00:00Z,turbine_2,14,6.93,-0.8,0.3132186409305481,january-backtest-v1,bc781886f00f59e8ca445d0499e557775f0ddd100dc689290ef2f3ac4fec1e9b,100,assumed,unverified
2026-01-03T12:00:00Z,2026-01-03T00:00:00Z,2026-01-03T12:00:00Z,2026-01-04T03:00:00Z,turbine_1,15,6.58,-0.6,0.27312539797507773,january-backtest-v1,d094eb03a52f303931989830f7b4efb0d2e6c3faabb6b6a47793e8f3af157ee1,100,assumed,unverified
2026-01-03T12:00:00Z,2026-01-03T00:00:00Z,2026-01-03T12:00:00Z,2026-01-04T03:00:00Z,turbine_2,15,6.58,-0.6,0.26376482149791336,january-backtest-v1,bc781886f00f59e8ca445d0499e557775f0ddd100dc689290ef2f3ac4fec1e9b,100,assumed,unverified
2026-01-03T12:00:00Z,2026-01-03T00:00:00Z,2026-01-03T12:00:00Z,2026-01-04T04:00:00Z,turbine_1,16,4.33,1.3,0.05326355394571458,january-backtest-v1,d094eb03a52f303931989830f7b4efb0d2e6c3faabb6b6a47793e8f3af157ee1,100,assumed,unverified
2026-01-03T12:00:00Z,2026-01-03T00:00:00Z,2026-01-03T12:00:00Z,2026-01-04T04:00:00Z,turbine_2,16,4.33,1.3,0.04939266662556485,january-backtest-v1,bc781886f00f59e8ca445d0499e557775f0ddd100dc689290ef2f3ac4fec1e9b,100,assumed,unverified
2026-01-03T12:00:00Z,2026-01-03T00:00:00Z,2026-01-03T12:00:00Z,2026-01-04T05:00:00Z,turbine_1,17,3.43,2.1,0.02536822702031588,january-backtest-v1,d094eb03a52f303931989830f7b4efb0d2e6c3faabb6b6a47793e8f3af157ee1,100,assumed,unverified
2026-01-03T12:00:00Z,2026-01-03T00:00:00Z,2026-01-03T12:00:00Z,2026-01-04T05:00:00Z,turbine_2,17,3.43,2.1,0.021519394656532242,january-backtest-v1,bc781886f00f59e8ca445d0499e557775f0ddd100dc689290ef2f3ac4fec1e9b,100,assumed,unverified
2026-01-03T12:00:00Z,2026-01-03T00:00:00Z,2026-01-03T12:00:00Z,2026-01-04T06:00:00Z,turbine_1,18,2.37,3.7,0.012126680035408954,january-backtest-v1,d094eb03a52f303931989830f7b4efb0d2e6c3faabb6b6a47793e8f3af157ee1,100,assumed,unverified
2026-01-03T12:00:00Z,2026-01-03T00:00:00Z,2026-01-03T12:00:00Z,2026-01-04T06:00:00Z,turbine_2,18,2.37,3.7,0.009909926599861785,january-backtest-v1,bc781886f00f59e8ca445d0499e557775f0ddd100dc689290ef2f3ac4fec1e9b,100,assumed,unverified
2026-01-03T12:00:00Z,2026-01-03T00:00:00Z,2026-01-03T12:00:00Z,2026-01-04T07:00:00Z,turbine_1,19,3.83,4.8,0.04505025311243538,january-backtest-v1,d094eb03a52f303931989830f7b4efb0d2e6c3faabb6b6a47793e8f3af157ee1,100,assumed,unverified
2026-01-03T12:00:00Z,2026-01-03T00:00:00Z,2026-01-03T12:00:00Z,2026-01-04T07:00:00Z,turbine_2,19,3.83,4.8,0.035051799193849154,january-backtest-v1,bc781886f00f59e8ca445d0499e557775f0ddd100dc689290ef2f3ac4fec1e9b,100,assumed,unverified
2026-01-03T12:00:00Z,2026-01-03T00:00:00Z,2026-01-03T12:00:00Z,2026-01-04T08:00:00Z,turbine_1,20,4.42,5.2,0.0722158878363291,january-backtest-v1,d094eb03a52f303931989830f7b4efb0d2e6c3faabb6b6a47793e8f3af157ee1,100,assumed,unverified
2026-01-03T12:00:00Z,2026-01-03T00:00:00Z,2026-01-03T12:00:00Z,2026-01-04T08:00:00Z,turbine_2,20,4.42,5.2,0.05835766913309309,january-backtest-v1,bc781886f00f59e8ca445d0499e557775f0ddd100dc689290ef2f3ac4fec1e9b,100,assumed,unverified
2026-01-03T12:00:00Z,2026-01-03T00:00:00Z,2026-01-03T12:00:00Z,2026-01-04T09:00:00Z,turbine_1,21,4.83,5.3,0.09844892738047345,january-backtest-v1,d094eb03a52f303931989830f7b4efb0d2e6c3faabb6b6a47793e8f3af157ee1,100,assumed,unverified
2026-01-03T12:00:00Z,2026-01-03T00:00:00Z,2026-01-03T12:00:00Z,2026-01-04T09:00:00Z,turbine_2,21,4.83,5.3,0.08477884729823237,january-backtest-v1,bc781886f00f59e8ca445d0499e557775f0ddd100dc689290ef2f3ac4fec1e9b,100,assumed,unverified
2026-01-03T12:00:00Z,2026-01-03T00:00:00Z,2026-01-03T12:00:00Z,2026-01-04T10:00:00Z,turbine_1,22,5.11,4.7,0.11871658530064072,january-backtest-v1,d094eb03a52f303931989830f7b4efb0d2e6c3faabb6b6a47793e8f3af157ee1,100,assumed,unverified
2026-01-03T12:00:00Z,2026-01-03T00:00:00Z,2026-01-03T12:00:00Z,2026-01-04T10:00:00Z,turbine_2,22,5.11,4.7,0.10527156915647923,january-backtest-v1,bc781886f00f59e8ca445d0499e557775f0ddd100dc689290ef2f3ac4fec1e9b,100,assumed,unverified
2026-01-03T12:00:00Z,2026-01-03T00:00:00Z,2026-01-03T12:00:00Z,2026-01-04T11:00:00Z,turbine_1,23,5.42,2.3,0.1371242390440705,january-backtest-v1,d094eb03a52f303931989830f7b4efb0d2e6c3faabb6b6a47793e8f3af157ee1,100,assumed,unverified
2026-01-03T12:00:00Z,2026-01-03T00:00:00Z,2026-01-03T12:00:00Z,2026-01-04T11:00:00Z,turbine_2,23,5.42,2.3,0.12144023032868959,january-backtest-v1,bc781886f00f59e8ca445d0499e557775f0ddd100dc689290ef2f3ac4fec1e9b,100,assumed,unverified
2026-01-03T12:00:00Z,2026-01-03T00:00:00Z,2026-01-03T12:00:00Z,2026-01-04T12:00:00Z,turbine_1,24,5.99,0.7,0.2001846818087951,january-backtest-v1,d094eb03a52f303931989830f7b4efb0d2e6c3faabb6b6a47793e8f3af157ee1,100,assumed,unverified
2026-01-03T12:00:00Z,2026-01-03T00:00:00Z,2026-01-03T12:00:00Z,2026-01-04T12:00:00Z,turbine_2,24,5.99,0.7,0.18184440304501792,january-backtest-v1,bc781886f00f59e8ca445d0499e557775f0ddd100dc689290ef2f3ac4fec1e9b,100,assumed,unverified
2026-01-03T12:00:00Z,2026-01-03T00:00:00Z,2026-01-03T12:00:00Z,2026-01-04T13:00:00Z,turbine_1,25,7.02,0.6,0.36534919889485173,january-backtest-v1,d094eb03a52f303931989830f7b4efb0d2e6c3faabb6b6a47793e8f3af157ee1,100,assumed,unverified
2026-01-03T12:00:00Z,2026-01-03T00:00:00Z,2026-01-03T12:00:00Z,2026-01-04T13:00:00Z,turbine_2,25,7.02,0.6,0.3466019587205737,january-backtest-v1,bc781886f00f59e8ca445d0499e557775f0ddd100dc689290ef2f3ac4fec1e9b,100,assumed,unverified
2026-01-03T12:00:00Z,2026-01-03T00:00:00Z,2026-01-03T12:00:00Z,2026-01-04T14:00:00Z,turbine_1,26,7.8,0.6,0.5016485589655759,january-backtest-v1,d094eb03a52f303931989830f7b4efb0d2e6c3faabb6b6a47793e8f3af157ee1,100,assumed,unverified
2026-01-03T12:00:00Z,2026-01-03T00:00:00Z,2026-01-03T12:00:00Z,2026-01-04T14:00:00Z,turbine_2,26,7.8,0.6,0.46730042061719723,january-backtest-v1,bc781886f00f59e8ca445d0499e557775f0ddd100dc689290ef2f3ac4fec1e9b,100,assumed,unverified
2026-01-03T12:00:00Z,2026-01-03T00:00:00Z,2026-01-03T12:00:00Z,2026-01-04T15:00:00Z,turbine_1,27,7.76,0.2,0.49620594666608686,january-backtest-v1,d094eb03a52f303931989830f7b4efb0d2e6c3faabb6b6a47793e8f3af157ee1,100,assumed,unverified
2026-01-03T12:00:00Z,2026-01-03T00:00:00Z,2026-01-03T12:00:00Z,2026-01-04T15:00:00Z,turbine_2,27,7.76,0.2,0.4605385401931436,january-backtest-v1,bc781886f00f59e8ca445d0499e557775f0ddd100dc689290ef2f3ac4fec1e9b,100,assumed,unverified
2026-01-03T12:00:00Z,2026-01-03T00:00:00Z,2026-01-03T12:00:00Z,2026-01-04T16:00:00Z,turbine_1,28,7.72,0.1,0.4803698979840293,january-backtest-v1,d094eb03a52f303931989830f7b4efb0d2e6c3faabb6b6a47793e8f3af157ee1,100,assumed,unverified
2026-01-03T12:00:00Z,2026-01-03T00:00:00Z,2026-01-03T12:00:00Z,2026-01-04T16:00:00Z,turbine_2,28,7.72,0.1,0.45304926026988623,january-backtest-v1,bc781886f00f59e8ca445d0499e557775f0ddd100dc689290ef2f3ac4fec1e9b,100,assumed,unverified
2026-01-03T12:00:00Z,2026-01-03T00:00:00Z,2026-01-03T12:00:00Z,2026-01-04T17:00:00Z,turbine_1,29,7.34,0.1,0.426647887088286,january-backtest-v1,d094eb03a52f303931989830f7b4efb0d2e6c3faabb6b6a47793e8f3af157ee1,100,assumed,unverified
2026-01-03T12:00:00Z,2026-01-03T00:00:00Z,2026-01-03T12:00:00Z,2026-01-04T17:00:00Z,turbine_2,29,7.34,0.1,0.39246519694162546,january-backtest-v1,bc781886f00f59e8ca445d0499e557775f0ddd100dc689290ef2f3ac4fec1e9b,100,assumed,unverified
2026-01-03T12:00:00Z,2026-01-03T00:00:00Z,2026-01-03T12:00:00Z,2026-01-04T18:00:00Z,turbine_1,30,7.31,0.1,0.426647887088286,january-backtest-v1,d094eb03a52f303931989830f7b4efb0d2e6c3faabb6b6a47793e8f3af157ee1,100,assumed,unverified
2026-01-03T12:00:00Z,2026-01-03T00:00:00Z,2026-01-03T12:00:00Z,2026-01-04T18:00:00Z,turbine_2,30,7.31,0.1,0.39246519694162546,january-backtest-v1,bc781886f00f59e8ca445d0499e557775f0ddd100dc689290ef2f3ac4fec1e9b,100,assumed,unverified
2026-01-03T12:00:00Z,2026-01-03T00:00:00Z,2026-01-03T12:00:00Z,2026-01-04T19:00:00Z,turbine_1,31,7.36,0.2,0.43168515177226535,january-backtest-v1,d094eb03a52f303931989830f7b4efb0d2e6c3faabb6b6a47793e8f3af157ee1,100,assumed,unverified
2026-01-03T12:00:00Z,2026-01-03T00:00:00Z,2026-01-03T12:00:00Z,2026-01-04T19:00:00Z,turbine_2,31,7.36,0.2,0.4025931595761854,january-backtest-v1,bc781886f00f59e8ca445d0499e557775f0ddd100dc689290ef2f3ac4fec1e9b,100,assumed,unverified
2026-01-03T12:00:00Z,2026-01-03T00:00:00Z,2026-01-03T12:00:00Z,2026-01-04T20:00:00Z,turbine_1,32,7.32,0.2,0.426647887088286,january-backtest-v1,d094eb03a52f303931989830f7b4efb0d2e6c3faabb6b6a47793e8f3af157ee1,100,assumed,unverified
2026-01-03T12:00:00Z,2026-01-03T00:00:00Z,2026-01-03T12:00:00Z,2026-01-04T20:00:00Z,turbine_2,32,7.32,0.2,0.3907165430633948,january-backtest-v1,bc781886f00f59e8ca445d0499e557775f0ddd100dc689290ef2f3ac4fec1e9b,100,assumed,unverified
2026-01-03T12:00:00Z,2026-01-03T00:00:00Z,2026-01-03T12:00:00Z,2026-01-04T21:00:00Z,turbine_1,33,7.21,0.2,0.3941967620743063,january-backtest-v1,d094eb03a52f303931989830f7b4efb0d2e6c3faabb6b6a47793e8f3af157ee1,100,assumed,unverified
2026-01-03T12:00:00Z,2026-01-03T00:00:00Z,2026-01-03T12:00:00Z,2026-01-04T21:00:00Z,turbine_2,33,7.21,0.2,0.35994900710687283,january-backtest-v1,bc781886f00f59e8ca445d0499e557775f0ddd100dc689290ef2f3ac4fec1e9b,100,assumed,unverified
2026-01-03T12:00:00Z,2026-01-03T00:00:00Z,2026-01-03T12:00:00Z,2026-01-04T22:00:00Z,turbine_1,34,6.92,0.0,0.3467795186648303,january-backtest-v1,d094eb03a52f303931989830f7b4efb0d2e6c3faabb6b6a47793e8f3af157ee1,100,assumed,unverified
2026-01-03T12:00:00Z,2026-01-03T00:00:00Z,2026-01-03T12:00:00Z,2026-01-04T22:00:00Z,turbine_2,34,6.92,0.0,0.31886473160974305,january-backtest-v1,bc781886f00f59e8ca445d0499e557775f0ddd100dc689290ef2f3ac4fec1e9b,100,assumed,unverified
2026-01-03T12:00:00Z,2026-01-03T00:00:00Z,2026-01-03T12:00:00Z,2026-01-04T23:00:00Z,turbine_1,35,6.53,0.1,0.2729178123189393,january-backtest-v1,d094eb03a52f303931989830f7b4efb0d2e6c3faabb6b6a47793e8f3af157ee1,100,assumed,unverified
2026-01-03T12:00:00Z,2026-01-03T00:00:00Z,2026-01-03T12:00:00Z,2026-01-04T23:00:00Z,turbine_2,35,6.53,0.1,0.26373346355630944,january-backtest-v1,bc781886f00f59e8ca445d0499e557775f0ddd100dc689290ef2f3ac4fec1e9b,100,assumed,unverified
2026-01-03T12:00:00Z,2026-01-03T00:00:00Z,2026-01-03T12:00:00Z,2026-01-05T00:00:00Z,turbine_1,36,6.6,-0.1,0.2860162474880218,january-backtest-v1,d094eb03a52f303931989830f7b4efb0d2e6c3faabb6b6a47793e8f3af157ee1,100,assumed,unverified
2026-01-03T12:00:00Z,2026-01-03T00:00:00Z,2026-01-03T12:00:00Z,2026-01-05T00:00:00Z,turbine_2,36,6.6,-0.1,0.2676120871523109,january-backtest-v1,bc781886f00f59e8ca445d0499e557775f0ddd100dc689290ef2f3ac4fec1e9b,100,assumed,unverified
2026-01-03T12:00:00Z,2026-01-03T00:00:00Z,2026-01-03T12:00:00Z,2026-01-05T01:00:00Z,turbine_1,37,6.4,-0.3,0.2564940873828056,january-backtest-v1,d094eb03a52f303931989830f7b4efb0d2e6c3faabb6b6a47793e8f3af157ee1,100,assumed,unverified
2026-01-03T12:00:00Z,2026-01-03T00:00:00Z,2026-01-03T12:00:00Z,2026-01-05T01:00:00Z,turbine_2,37,6.4,-0.3,0.24228511336732778,january-backtest-v1,bc781886f00f59e8ca445d0499e557775f0ddd100dc689290ef2f3ac4fec1e9b,100,assumed,unverified
2026-01-03T12:00:00Z,2026-01-03T00:00:00Z,2026-01-03T12:00:00Z,2026-01-05T02:00:00Z,turbine_1,38,6.03,-0.6,0.19572277852989364,january-backtest-v1,d094eb03a52f303931989830f7b4efb0d2e6c3faabb6b6a47793e8f3af157ee1,100,assumed,unverified
2026-01-03T12:00:00Z,2026-01-03T00:00:00Z,2026-01-03T12:00:00Z,2026-01-05T02:00:00Z,turbine_2,38,6.03,-0.6,0.17921746110114206,january-backtest-v1,bc781886f00f59e8ca445d0499e557775f0ddd100dc689290ef2f3ac4fec1e9b,100,assumed,unverified
2026-01-03T12:00:00Z,2026-01-03T00:00:00Z,2026-01-03T12:00:00Z,2026-01-05T03:00:00Z,turbine_1,39,5.15,-0.1,0.10198858718106024,january-backtest-v1,d094eb03a52f303931989830f7b4efb0d2e6c3faabb6b6a47793e8f3af157ee1,100,assumed,unverified
2026-01-03T12:00:00Z,2026-01-03T00:00:00Z,2026-01-03T12:00:00Z,2026-01-05T03:00:00Z,turbine_2,39,5.15,-0.1,0.10006218527936867,january-backtest-v1,bc781886f00f59e8ca445d0499e557775f0ddd100dc689290ef2f3ac4fec1e9b,100,assumed,unverified
2026-01-03T12:00:00Z,2026-01-03T00:00:00Z,2026-01-03T12:00:00Z,2026-01-05T04:00:00Z,turbine_1,40,3.82,2.0,0.03857364940405156,january-backtest-v1,d094eb03a52f303931989830f7b4efb0d2e6c3faabb6b6a47793e8f3af157ee1,100,assumed,unverified
2026-01-03T12:00:00Z,2026-01-03T00:00:00Z,2026-01-03T12:00:00Z,2026-01-05T04:00:00Z,turbine_2,40,3.82,2.0,0.03152272824974389,january-backtest-v1,bc781886f00f59e8ca445d0499e557775f0ddd100dc689290ef2f3ac4fec1e9b,100,assumed,unverified
2026-01-03T12:00:00Z,2026-01-03T00:00:00Z,2026-01-03T12:00:00Z,2026-01-05T05:00:00Z,turbine_1,41,3.15,2.9,0.019692681337509732,january-backtest-v1,d094eb03a52f303931989830f7b4efb0d2e6c3faabb6b6a47793e8f3af157ee1,100,assumed,unverified
2026-01-03T12:00:00Z,2026-01-03T00:00:00Z,2026-01-03T12:00:00Z,2026-01-05T05:00:00Z,turbine_2,41,3.15,2.9,0.01550045465600558,january-backtest-v1,bc781886f00f59e8ca445d0499e557775f0ddd100dc689290ef2f3ac4fec1e9b,100,assumed,unverified
2026-01-03T12:00:00Z,2026-01-03T00:00:00Z,2026-01-03T12:00:00Z,2026-01-05T06:00:00Z,turbine_1,42,3.07,3.1,0.019999321752137034,january-backtest-v1,d094eb03a52f303931989830f7b4efb0d2e6c3faabb6b6a47793e8f3af157ee1,100,assumed,unverified
2026-01-03T12:00:00Z,2026-01-03T00:00:00Z,2026-01-03T12:00:00Z,2026-01-05T06:00:00Z,turbine_2,42,3.07,3.1,0.013728557497859173,january-backtest-v1,bc781886f00f59e8ca445d0499e557775f0ddd100dc689290ef2f3ac4fec1e9b,100,assumed,unverified
2026-01-03T12:00:00Z,2026-01-03T00:00:00Z,2026-01-03T12:00:00Z,2026-01-05T07:00:00Z,turbine_1,43,2.67,3.4,0.011785787486889576,january-backtest-v1,d094eb03a52f303931989830f7b4efb0d2e6c3faabb6b6a47793e8f3af157ee1,100,assumed,unverified
2026-01-03T12:00:00Z,2026-01-03T00:00:00Z,2026-01-03T12:00:00Z,2026-01-05T07:00:00Z,turbine_2,43,2.67,3.4,0.007720078986297396,january-backtest-v1,bc781886f00f59e8ca445d0499e557775f0ddd100dc689290ef2f3ac4fec1e9b,100,assumed,unverified
2026-01-03T12:00:00Z,2026-01-03T00:00:00Z,2026-01-03T12:00:00Z,2026-01-05T08:00:00Z,turbine_1,44,2.23,3.6,0.012459317949142623,january-backtest-v1,d094eb03a52f303931989830f7b4efb0d2e6c3faabb6b6a47793e8f3af157ee1,100,assumed,unverified
2026-01-03T12:00:00Z,2026-01-03T00:00:00Z,2026-01-03T12:00:00Z,2026-01-05T08:00:00Z,turbine_2,44,2.23,3.6,0.009601976667895307,january-backtest-v1,bc781886f00f59e8ca445d0499e557775f0ddd100dc689290ef2f3ac4fec1e9b,100,assumed,unverified
2026-01-03T12:00:00Z,2026-01-03T00:00:00Z,2026-01-03T12:00:00Z,2026-01-05T09:00:00Z,turbine_1,45,1.96,3.5,0.011357753563738082,january-backtest-v1,d094eb03a52f303931989830f7b4efb0d2e6c3faabb6b6a47793e8f3af157ee1,100,assumed,unverified
2026-01-03T12:00:00Z,2026-01-03T00:00:00Z,2026-01-03T12:00:00Z,2026-01-05T09:00:00Z,turbine_2,45,1.96,3.5,0.008315233130103405,january-backtest-v1,bc781886f00f59e8ca445d0499e557775f0ddd100dc689290ef2f3ac4fec1e9b,100,assumed,unverified
2026-01-03T12:00:00Z,2026-01-03T00:00:00Z,2026-01-03T12:00:00Z,2026-01-05T10:00:00Z,turbine_1,46,1.76,3.2,0.007932141915707125,january-backtest-v1,d094eb03a52f303931989830f7b4efb0d2e6c3faabb6b6a47793e8f3af157ee1,100,assumed,unverified
2026-01-03T12:00:00Z,2026-01-03T00:00:00Z,2026-01-03T12:00:00Z,2026-01-05T10:00:00Z,turbine_2,46,1.76,3.2,0.006740584205358946,january-backtest-v1,bc781886f00f59e8ca445d0499e557775f0ddd100dc689290ef2f3ac4fec1e9b,100,assumed,unverified
2026-01-03T12:00:00Z,2026-01-03T00:00:00Z,2026-01-03T12:00:00Z,2026-01-05T11:00:00Z,turbine_1,47,2.16,1.2,0.010852401058973948,january-backtest-v1,d094eb03a52f303931989830f7b4efb0d2e6c3faabb6b6a47793e8f3af157ee1,100,assumed,unverified
2026-01-03T12:00:00Z,2026-01-03T00:00:00Z,2026-01-03T12:00:00Z,2026-01-05T11:00:00Z,turbine_2,47,2.16,1.2,0.009741039658310635,january-backtest-v1,bc781886f00f59e8ca445d0499e557775f0ddd100dc689290ef2f3ac4fec1e9b,100,assumed,unverified
2026-01-03T12:00:00Z,2026-01-03T00:00:00Z,2026-01-03T12:00:00Z,2026-01-05T12:00:00Z,turbine_1,48,2.14,-0.6,0.00950143050169433,january-backtest-v1,d094eb03a52f303931989830f7b4efb0d2e6c3faabb6b6a47793e8f3af157ee1,100,assumed,unverified
2026-01-03T12:00:00Z,2026-01-03T00:00:00Z,2026-01-03T12:00:00Z,2026-01-05T12:00:00Z,turbine_2,48,2.14,-0.6,0.010039875230977324,january-backtest-v1,bc781886f00f59e8ca445d0499e557775f0ddd100dc689290ef2f3ac4fec1e9b,100,assumed,unverified
2026-01-04T12:00:00Z,2026-01-04T00:00:00Z,2026-01-04T12:00:00Z,2026-01-04T13:00:00Z,turbine_1,1,6.39,0.3,0.2580608784845654,january-backtest-v1,d094eb03a52f303931989830f7b4efb0d2e6c3faabb6b6a47793e8f3af157ee1,100,assumed,unverified
2026-01-04T12:00:00Z,2026-01-04T00:00:00Z,2026-01-04T12:00:00Z,2026-01-04T13:00:00Z,turbine_2,1,6.39,0.3,0.22849730510501173,january-backtest-v1,bc781886f00f59e8ca445d0499e557775f0ddd100dc689290ef2f3ac4fec1e9b,100,assumed,unverified
2026-01-04T12:00:00Z,2026-01-04T00:00:00Z,2026-01-04T12:00:00Z,2026-01-04T14:00:00Z,turbine_1,2,6.35,0.4,0.2513617599799708,january-backtest-v1,d094eb03a52f303931989830f7b4efb0d2e6c3faabb6b6a47793e8f3af157ee1,100,assumed,unverified
2026-01-04T12:00:00Z,2026-01-04T00:00:00Z,2026-01-04T12:00:00Z,2026-01-04T14:00:00Z,turbine_2,2,6.35,0.4,0.22912093280890902,january-backtest-v1,bc781886f00f59e8ca445d0499e557775f0ddd100dc689290ef2f3ac4fec1e9b,100,assumed,unverified
2026-01-04T12:00:00Z,2026-01-04T00:00:00Z,2026-01-04T12:00:00Z,2026-01-04T15:00:00Z,turbine_1,3,5.61,-0.1,0.145015883647125,january-backtest-v1,d094eb03a52f303931989830f7b4efb0d2e6c3faabb6b6a47793e8f3af157ee1,100,assumed,unverified
2026-01-04T12:00:00Z,2026-01-04T00:00:00Z,2026-01-04T12:00:00Z,2026-01-04T15:00:00Z,turbine_2,3,5.61,-0.1,0.13458586390255667,january-backtest-v1,bc781886f00f59e8ca445d0499e557775f0ddd100dc689290ef2f3ac4fec1e9b,100,assumed,unverified
2026-01-04T12:00:00Z,2026-01-04T00:00:00Z,2026-01-04T12:00:00Z,2026-01-04T16:00:00Z,turbine_1,4,5.64,-0.4,0.1436218235720093,january-backtest-v1,d094eb03a52f303931989830f7b4efb0d2e6c3faabb6b6a47793e8f3af157ee1,100,assumed,unverified
2026-01-04T12:00:00Z,2026-01-04T00:00:00Z,2026-01-04T12:00:00Z,2026-01-04T16:00:00Z,turbine_2,4,5.64,-0.4,0.1324885204982781,january-backtest-v1,bc781886f00f59e8ca445d0499e557775f0ddd100dc689290ef2f3ac4fec1e9b,100,assumed,unverified
2026-01-04T12:00:00Z,2026-01-04T00:00:00Z,2026-01-04T12:00:00Z,2026-01-04T17:00:00Z,turbine_1,5,5.81,-0.5,0.17488332754699648,january-backtest-v1,d094eb03a52f303931989830f7b4efb0d2e6c3faabb6b6a47793e8f3af157ee1,100,assumed,unverified
2026-01-04T12:00:00Z,2026-01-04T00:00:00Z,2026-01-04T12:00:00Z,2026-01-04T17:00:00Z,turbine_2,5,5.81,-0.5,0.159098054879486,january-backtest-v1,bc781886f00f59e8ca445d0499e557775f0ddd100dc689290ef2f3ac4fec1e9b,100,assumed,unverified
2026-01-04T12:00:00Z,2026-01-04T00:00:00Z,2026-01-04T12:00:00Z,2026-01-04T18:00:00Z,turbine_1,6,5.48,-0.8,0.12457974933604596,january-backtest-v1,d094eb03a52f303931989830f7b4efb0d2e6c3faabb6b6a47793e8f3af157ee1,100,assumed,unverified
2026-01-04T12:00:00Z,2026-01-04T00:00:00Z,2026-01-04T12:00:00Z,2026-01-04T18:00:00Z,turbine_2,6,5.48,-0.8,0.11134292538073409,january-backtest-v1,bc781886f00f59e8ca445d0499e557775f0ddd100dc689290ef2f3ac4fec1e9b,100,assumed,unverified
2026-01-04T12:00:00Z,2026-01-04T00:00:00Z,2026-01-04T12:00:00Z,2026-01-04T19:00:00Z,turbine_1,7,4.99,-1.2,0.08841218959913316,january-backtest-v1,d094eb03a52f303931989830f7b4efb0d2e6c3faabb6b6a47793e8f3af157ee1,100,assumed,unverified
2026-01-04T12:00:00Z,2026-01-04T00:00:00Z,2026-01-04T12:00:00Z,2026-01-04T19:00:00Z,turbine_2,7,4.99,-1.2,0.07700040330177332,january-backtest-v1,bc781886f00f59e8ca445d0499e557775f0ddd100dc689290ef2f3ac4fec1e9b,100,assumed,unverified
2026-01-04T12:00:00Z,2026-01-04T00:00:00Z,2026-01-04T12:00:00Z,2026-01-04T20:00:00Z,turbine_1,8,4.57,-1.1,0.05601276330388544,january-backtest-v1,d094eb03a52f303931989830f7b4efb0d2e6c3faabb6b6a47793e8f3af157ee1,100,assumed,unverified
2026-01-04T12:00:00Z,2026-01-04T00:00:00Z,2026-01-04T12:00:00Z,2026-01-04T20:00:00Z,turbine_2,8,4.57,-1.1,0.05574321049570685,january-backtest-v1,bc781886f00f59e8ca445d0499e557775f0ddd100dc689290ef2f3ac4fec1e9b,100,assumed,unverified
2026-01-04T12:00:00Z,2026-01-04T00:00:00Z,2026-01-04T12:00:00Z,2026-01-04T21:00:00Z,turbine_1,9,4.38,-1.0,0.04569079793804354,january-backtest-v1,d094eb03a52f303931989830f7b4efb0d2e6c3faabb6b6a47793e8f3af157ee1,100,assumed,unverified
2026-01-04T12:00:00Z,2026-01-04T00:00:00Z,2026-01-04T12:00:00Z,2026-01-04T21:00:00Z,turbine_2,9,4.38,-1.0,0.04714620685261317,january-backtest-v1,bc781886f00f59e8ca445d0499e557775f0ddd100dc689290ef2f3ac4fec1e9b,100,assumed,unverified
2026-01-04T12:00:00Z,2026-01-04T00:00:00Z,2026-01-04T12:00:00Z,2026-01-04T22:00:00Z,turbine_1,10,4.79,-0.5,0.07695084774611605,january-backtest-v1,d094eb03a52f303931989830f7b4efb0d2e6c3faabb6b6a47793e8f3af157ee1,100,assumed,unverified
2026-01-04T12:00:00Z,2026-01-04T00:00:00Z,2026-01-04T12:00:00Z,2026-01-04T22:00:00Z,turbine_2,10,4.79,-0.5,0.064101223813822,january-backtest-v1,bc781886f00f59e8ca445d0499e557775f0ddd100dc689290ef2f3ac4fec1e9b,100,assumed,unverified
2026-01-04T12:00:00Z,2026-01-04T00:00:00Z,2026-01-04T12:00:00Z,2026-01-04T23:00:00Z,turbine_1,11,4.83,-1.1,0.07094748948203805,january-backtest-v1,d094eb03a52f303931989830f7b4efb0d2e6c3faabb6b6a47793e8f3af157ee1,100,assumed,unverified
2026-01-04T12:00:00Z,2026-01-04T00:00:00Z,2026-01-04T12:00:00Z,2026-01-04T23:00:00Z,turbine_2,11,4.83,-1.1,0.06511647323466707,january-backtest-v1,bc781886f00f59e8ca445d0499e557775f0ddd100dc689290ef2f3ac4fec1e9b,100,assumed,unverified
2026-01-04T12:00:00Z,2026-01-04T00:00:00Z,2026-01-04T12:00:00Z,2026-01-05T00:00:00Z,turbine_1,12,4.43,-0.8,0.05074032853278032,january-backtest-v1,d094eb03a52f303931989830f7b4efb0d2e6c3faabb6b6a47793e8f3af157ee1,100,assumed,unverified
2026-01-04T12:00:00Z,2026-01-04T00:00:00Z,2026-01-04T12:00:00Z,2026-01-05T00:00:00Z,turbine_2,12,4.43,-0.8,0.046565651955970344,january-backtest-v1,bc781886f00f59e8ca445d0499e557775f0ddd100dc689290ef2f3ac4fec1e9b,100,assumed,unverified
2026-01-04T12:00:00Z,2026-01-04T00:00:00Z,2026-01-04T12:00:00Z,2026-01-05T01:00:00Z,turbine_1,13,3.85,-0.5,0.040846968478440826,january-backtest-v1,d094eb03a52f303931989830f7b4efb0d2e6c3faabb6b6a47793e8f3af157ee1,100,assumed,unverified
2026-01-04T12:00:00Z,2026-01-04T00:00:00Z,2026-01-04T12:00:00Z,2026-01-05T01:00:00Z,turbine_2,13,3.85,-0.5,0.029373139306334117,january-backtest-v1,bc781886f00f59e8ca445d0499e557775f0ddd100dc689290ef2f3ac4fec1e9b,100,assumed,unverified
2026-01-04T12:00:00Z,2026-01-04T00:00:00Z,2026-01-04T12:00:00Z,2026-01-05T02:00:00Z,turbine_1,14,3.07,-0.3,0.016527901409459367,january-backtest-v1,d094eb03a52f303931989830f7b4efb0d2e6c3faabb6b6a47793e8f3af157ee1,100,assumed,unverified
2026-01-04T12:00:00Z,2026-01-04T00:00:00Z,2026-01-04T12:00:00Z,2026-01-05T02:00:00Z,turbine_2,14,3.07,-0.3,0.014045434222394293,january-backtest-v1,bc781886f00f59e8ca445d0499e557775f0ddd100dc689290ef2f3ac4fec1e9b,100,assumed,unverified
2026-01-04T12:00:00Z,2026-01-04T00:00:00Z,2026-01-04T12:00:00Z,2026-01-05T03:00:00Z,turbine_1,15,2.05,0.1,0.010811261431176333,january-backtest-v1,d094eb03a52f303931989830f7b4efb0d2e6c3faabb6b6a47793e8f3af157ee1,100,assumed,unverified
2026-01-04T12:00:00Z,2026-01-04T00:00:00Z,2026-01-04T12:00:00Z,2026-01-05T03:00:00Z,turbine_2,15,2.05,0.1,0.011784408819469572,january-backtest-v1,bc781886f00f59e8ca445d0499e557775f0ddd100dc689290ef2f3ac4fec1e9b,100,assumed,unverified
2026-01-04T12:00:00Z,2026-01-04T00:00:00Z,2026-01-04T12:00:00Z,2026-01-05T04:00:00Z,turbine_1,16,1.28,0.5,0.006845567477731795,january-backtest-v1,d094eb03a52f303931989830f7b4efb0d2e6c3faabb6b6a47793e8f3af157ee1,100,assumed,unverified
2026-01-04T12:00:00Z,2026-01-04T00:00:00Z,2026-01-04T12:00:00Z,2026-01-05T04:00:00Z,turbine_2,16,1.28,0.5,0.007825589812134326,january-backtest-v1,bc781886f00f59e8ca445d0499e557775f0ddd100dc689290ef2f3ac4fec1e9b,100,assumed,unverified
2026-01-04T12:00:00Z,2026-01-04T00:00:00Z,2026-01-04T12:00:00Z,2026-01-05T05:00:00Z,turbine_1,17,0.6,1.3,0.0090298095325142,january-backtest-v1,d094eb03a52f303931989830f7b4efb0d2e6c3faabb6b6a47793e8f3af157ee1,100,assumed,unverified
2026-01-04T12:00:00Z,2026-01-04T00:00:00Z,2026-01-04T12:00:00Z,2026-01-05T05:00:00Z,turbine_2,17,0.6,1.3,0.00918726569656575,january-backtest-v1,bc781886f00f59e8ca445d0499e557775f0ddd100dc689290ef2f3ac4fec1e9b,100,assumed,unverified
2026-01-04T12:00:00Z,2026-01-04T00:00:00Z,2026-01-04T12:00:00Z,2026-01-05T06:00:00Z,turbine_1,18,0.53,2.1,0.008986107107681551,january-backtest-v1,d094eb03a52f303931989830f7b4efb0d2e6c3faabb6b6a47793e8f3af157ee1,100,assumed,unverified
2026-01-04T12:00:00Z,2026-01-04T00:00:00Z,2026-01-04T12:00:00Z,2026-01-05T06:00:00Z,turbine_2,18,0.53,2.1,0.010739740804136033,january-backtest-v1,bc781886f00f59e8ca445d0499e557775f0ddd100dc689290ef2f3ac4fec1e9b,100,assumed,unverified
2026-01-04T12:00:00Z,2026-01-04T00:00:00Z,2026-01-04T12:00:00Z,2026-01-05T07:00:00Z,turbine_1,19,1.32,2.8,0.008031900964675487,january-backtest-v1,d094eb03a52f303931989830f7b4efb0d2e6c3faabb6b6a47793e8f3af157ee1,100,assumed,unverified
2026-01-04T12:00:00Z,2026-01-04T00:00:00Z,2026-01-04T12:00:00Z,2026-01-05T07:00:00Z,turbine_2,19,1.32,2.8,0.011103474305355798,january-backtest-v1,bc781886f00f59e8ca445d0499e557775f0ddd100dc689290ef2f3ac4fec1e9b,100,assumed,unverified
2026-01-04T12:00:00Z,2026-01-04T00:00:00Z,2026-01-04T12:00:00Z,2026-01-05T08:00:00Z,turbine_1,20,1.35,3.4,0.008479562171510024,january-backtest-v1,d094eb03a52f303931989830f7b4efb0d2e6c3faabb6b6a47793e8f3af157ee1,100,assumed,unverified
2026-01-04T12:00:00Z,2026-01-04T00:00:00Z,2026-01-04T12:00:00Z,2026-01-05T08:00:00Z,turbine_2,20,1.35,3.4,0.006390263468812052,january-backtest-v1,bc781886f00f59e8ca445d0499e557775f0ddd100dc689290ef2f3ac4fec1e9b,100,assumed,unverified
2026-01-04T12:00:00Z,2026-01-04T00:00:00Z,2026-01-04T12:00:00Z,2026-01-05T09:00:00Z,turbine_1,21,1.05,3.7,0.008565519878429628,january-backtest-v1,d094eb03a52f303931989830f7b4efb0d2e6c3faabb6b6a47793e8f3af157ee1,100,assumed,unverified
2026-01-04T12:00:00Z,2026-01-04T00:00:00Z,2026-01-04T12:00:00Z,2026-01-05T09:00:00Z,turbine_2,21,1.05,3.7,0.007305447640914953,january-backtest-v1,bc781886f00f59e8ca445d0499e557775f0ddd100dc689290ef2f3ac4fec1e9b,100,assumed,unverified
2026-01-04T12:00:00Z,2026-01-04T00:00:00Z,2026-01-04T12:00:00Z,2026-01-05T10:00:00Z,turbine_1,22,0.68,3.4,0.009171468105241554,january-backtest-v1,d094eb03a52f303931989830f7b4efb0d2e6c3faabb6b6a47793e8f3af157ee1,100,assumed,unverified
2026-01-04T12:00:00Z,2026-01-04T00:00:00Z,2026-01-04T12:00:00Z,2026-01-05T10:00:00Z,turbine_2,22,0.68,3.4,0.007786580961748113,january-backtest-v1,bc781886f00f59e8ca445d0499e557775f0ddd100dc689290ef2f3ac4fec1e9b,100,assumed,unverified
2026-01-04T12:00:00Z,2026-01-04T00:00:00Z,2026-01-04T12:00:00Z,2026-01-05T11:00:00Z,turbine_1,23,0.82,1.1,0.00930652262108661,january-backtest-v1,d094eb03a52f303931989830f7b4efb0d2e6c3faabb6b6a47793e8f3af157ee1,100,assumed,unverified
2026-01-04T12:00:00Z,2026-01-04T00:00:00Z,2026-01-04T12:00:00Z,2026-01-05T11:00:00Z,turbine_2,23,0.82,1.1,0.008926289969460321,january-backtest-v1,bc781886f00f59e8ca445d0499e557775f0ddd100dc689290ef2f3ac4fec1e9b,100,assumed,unverified
2026-01-04T12:00:00Z,2026-01-04T00:00:00Z,2026-01-04T12:00:00Z,2026-01-05T12:00:00Z,turbine_1,24,2.41,-1.2,0.011208374889357442,january-backtest-v1,d094eb03a52f303931989830f7b4efb0d2e6c3faabb6b6a47793e8f3af157ee1,100,assumed,unverified
2026-01-04T12:00:00Z,2026-01-04T00:00:00Z,2026-01-04T12:00:00Z,2026-01-05T12:00:00Z,turbine_2,24,2.41,-1.2,0.010634959209174788,january-backtest-v1,bc781886f00f59e8ca445d0499e557775f0ddd100dc689290ef2f3ac4fec1e9b,100,assumed,unverified
2026-01-04T12:00:00Z,2026-01-04T00:00:00Z,2026-01-04T12:00:00Z,2026-01-05T13:00:00Z,turbine_1,25,4.2,-1.0,0.043269098886889956,january-backtest-v1,d094eb03a52f303931989830f7b4efb0d2e6c3faabb6b6a47793e8f3af157ee1,100,assumed,unverified
2026-01-04T12:00:00Z,2026-01-04T00:00:00Z,2026-01-04T12:00:00Z,2026-01-05T13:00:00Z,turbine_2,25,4.2,-1.0,0.04172832765033074,january-backtest-v1,bc781886f00f59e8ca445d0499e557775f0ddd100dc689290ef2f3ac4fec1e9b,100,assumed,unverified
2026-01-04T12:00:00Z,2026-01-04T00:00:00Z,2026-01-04T12:00:00Z,2026-01-05T14:00:00Z,turbine_1,26,5.73,-0.8,0.1514226971636978,january-backtest-v1,d094eb03a52f303931989830f7b4efb0d2e6c3faabb6b6a47793e8f3af157ee1,100,assumed,unverified
2026-01-04T12:00:00Z,2026-01-04T00:00:00Z,2026-01-04T12:00:00Z,2026-01-05T14:00:00Z,turbine_2,26,5.73,-0.8,0.14308975602622795,january-backtest-v1,bc781886f00f59e8ca445d0499e557775f0ddd100dc689290ef2f3ac4fec1e9b,100,assumed,unverified
2026-01-04T12:00:00Z,2026-01-04T00:00:00Z,2026-01-04T12:00:00Z,2026-01-05T15:00:00Z,turbine_1,27,5.64,-1.3,0.13766105005861282,january-backtest-v1,d094eb03a52f303931989830f7b4efb0d2e6c3faabb6b6a47793e8f3af157ee1,100,assumed,unverified
2026-01-04T12:00:00Z,2026-01-04T00:00:00Z,2026-01-04T12:00:00Z,2026-01-05T15:00:00Z,turbine_2,27,5.64,-1.3,0.12582982808168333,january-backtest-v1,bc781886f00f59e8ca445d0499e557775f0ddd100dc689290ef2f3ac4fec1e9b,100,assumed,unverified
2026-01-04T12:00:00Z,2026-01-04T00:00:00Z,2026-01-04T12:00:00Z,2026-01-05T16:00:00Z,turbine_1,28,5.5,-1.9,0.11799256502878269,january-backtest-v1,d094eb03a52f303931989830f7b4efb0d2e6c3faabb6b6a47793e8f3af157ee1,100,assumed,unverified
2026-01-04T12:00:00Z,2026-01-04T00:00:00Z,2026-01-04T12:00:00Z,2026-01-05T16:00:00Z,turbine_2,28,5.5,-1.9,0.11349018339284045,january-backtest-v1,bc781886f00f59e8ca445d0499e557775f0ddd100dc689290ef2f3ac4fec1e9b,100,assumed,unverified
2026-01-04T12:00:00Z,2026-01-04T00:00:00Z,2026-01-04T12:00:00Z,2026-01-05T17:00:00Z,turbine_1,29,5.43,-2.7,0.11281827625688112,january-backtest-v1,d094eb03a52f303931989830f7b4efb0d2e6c3faabb6b6a47793e8f3af157ee1,100,assumed,unverified
2026-01-04T12:00:00Z,2026-01-04T00:00:00Z,2026-01-04T12:00:00Z,2026-01-05T17:00:00Z,turbine_2,29,5.43,-2.7,0.10001006481024682,january-backtest-v1,bc781886f00f59e8ca445d0499e557775f0ddd100dc689290ef2f3ac4fec1e9b,100,assumed,unverified
2026-01-04T12:00:00Z,2026-01-04T00:00:00Z,2026-01-04T12:00:00Z,2026-01-05T18:00:00Z,turbine_1,30,5.44,-3.0,0.11281827625688112,january-backtest-v1,d094eb03a52f303931989830f7b4efb0d2e6c3faabb6b6a47793e8f3af157ee1,100,assumed,unverified
2026-01-04T12:00:00Z,2026-01-04T00:00:00Z,2026-01-04T12:00:00Z,2026-01-05T18:00:00Z,turbine_2,30,5.44,-3.0,0.10087218825161187,january-backtest-v1,bc781886f00f59e8ca445d0499e557775f0ddd100dc689290ef2f3ac4fec1e9b,100,assumed,unverified
2026-01-04T12:00:00Z,2026-01-04T00:00:00Z,2026-01-04T12:00:00Z,2026-01-05T19:00:00Z,turbine_1,31,5.82,-3.2,0.16384616270607494,january-backtest-v1,d094eb03a52f303931989830f7b4efb0d2e6c3faabb6b6a47793e8f3af157ee1,100,assumed,unverified
2026-01-04T12:00:00Z,2026-01-04T00:00:00Z,2026-01-04T12:00:00Z,2026-01-05T19:00:00Z,turbine_2,31,5.82,-3.2,0.14609220346776208,january-backtest-v1,bc781886f00f59e8ca445d0499e557775f0ddd100dc689290ef2f3ac4fec1e9b,100,assumed,unverified
2026-01-04T12:00:00Z,2026-01-04T00:00:00Z,2026-01-04T12:00:00Z,2026-01-05T20:00:00Z,turbine_1,32,5.1,-3.3,0.08435914840995373,january-backtest-v1,d094eb03a52f303931989830f7b4efb0d2e6c3faabb6b6a47793e8f3af157ee1,100,assumed,unverified
2026-01-04T12:00:00Z,2026-01-04T00:00:00Z,2026-01-04T12:00:00Z,2026-01-05T20:00:00Z,turbine_2,32,5.1,-3.3,0.08017167774154438,january-backtest-v1,bc781886f00f59e8ca445d0499e557775f0ddd100dc689290ef2f3ac4fec1e9b,100,assumed,unverified
2026-01-04T12:00:00Z,2026-01-04T00:00:00Z,2026-01-04T12:00:00Z,2026-01-05T21:00:00Z,turbine_1,33,5.93,-3.0,0.1664011860194072,january-backtest-v1,d094eb03a52f303931989830f7b4efb0d2e6c3faabb6b6a47793e8f3af157ee1,100,assumed,unverified
2026-01-04T12:00:00Z,2026-01-04T00:00:00Z,2026-01-04T12:00:00Z,2026-01-05T21:00:00Z,turbine_2,33,5.93,-3.0,0.1640679035426758,january-backtest-v1,bc781886f00f59e8ca445d0499e557775f0ddd100dc689290ef2f3ac4fec1e9b,100,assumed,unverified
2026-01-04T12:00:00Z,2026-01-04T00:00:00Z,2026-01-04T12:00:00Z,2026-01-05T22:00:00Z,turbine_1,34,5.86,-2.5,0.16494867291918966,january-backtest-v1,d094eb03a52f303931989830f7b4efb0d2e6c3faabb6b6a47793e8f3af157ee1,100,assumed,unverified
2026-01-04T12:00:00Z,2026-01-04T00:00:00Z,2026-01-04T12:00:00Z,2026-01-05T22:00:00Z,turbine_2,34,5.86,-2.5,0.14523008002639695,january-backtest-v1,bc781886f00f59e8ca445d0499e557775f0ddd100dc689290ef2f3ac4fec1e9b,100,assumed,unverified
2026-01-04T12:00:00Z,2026-01-04T00:00:00Z,2026-01-04T12:00:00Z,2026-01-05T23:00:00Z,turbine_1,35,6.42,-2.2,0.24125308038644297,january-backtest-v1,d094eb03a52f303931989830f7b4efb0d2e6c3faabb6b6a47793e8f3af157ee1,100,assumed,unverified
2026-01-04T12:00:00Z,2026-01-04T00:00:00Z,2026-01-04T12:00:00Z,2026-01-05T23:00:00Z,turbine_2,35,6.42,-2.2,0.22851439579348545,january-backtest-v1,bc781886f00f59e8ca445d0499e557775f0ddd100dc689290ef2f3ac4fec1e9b,100,assumed,unverified
2026-01-04T12:00:00Z,2026-01-04T00:00:00Z,2026-01-04T12:00:00Z,2026-01-06T00:00:00Z,turbine_1,36,7.05,-2.0,0.3516012116242014,january-backtest-v1,d094eb03a52f303931989830f7b4efb0d2e6c3faabb6b6a47793e8f3af157ee1,100,assumed,unverified
2026-01-04T12:00:00Z,2026-01-04T00:00:00Z,2026-01-04T12:00:00Z,2026-01-06T00:00:00Z,turbine_2,36,7.05,-2.0,0.33568373657421136,january-backtest-v1,bc781886f00f59e8ca445d0499e557775f0ddd100dc689290ef2f3ac4fec1e9b,100,assumed,unverified
2026-01-04T12:00:00Z,2026-01-04T00:00:00Z,2026-01-04T12:00:00Z,2026-01-06T01:00:00Z,turbine_1,37,7.67,-1.7,0.4655239492741834,january-backtest-v1,d094eb03a52f303931989830f7b4efb0d2e6c3faabb6b6a47793e8f3af157ee1,100,assumed,unverified
2026-01-04T12:00:00Z,2026-01-04T00:00:00Z,2026-01-04T12:00:00Z,2026-01-06T01:00:00Z,turbine_2,37,7.67,-1.7,0.4354452857069196,january-backtest-v1,bc781886f00f59e8ca445d0499e557775f0ddd100dc689290ef2f3ac4fec1e9b,100,assumed,unverified
2026-01-04T12:00:00Z,2026-01-04T00:00:00Z,2026-01-04T12:00:00Z,2026-01-06T02:00:00Z,turbine_1,38,8.16,-2.0,0.5518047442097781,january-backtest-v1,d094eb03a52f303931989830f7b4efb0d2e6c3faabb6b6a47793e8f3af157ee1,100,assumed,unverified
2026-01-04T12:00:00Z,2026-01-04T00:00:00Z,2026-01-04T12:00:00Z,2026-01-06T02:00:00Z,turbine_2,38,8.16,-2.0,0.5178601276071235,january-backtest-v1,bc781886f00f59e8ca445d0499e557775f0ddd100dc689290ef2f3ac4fec1e9b,100,assumed,unverified
2026-01-04T12:00:00Z,2026-01-04T00:00:00Z,2026-01-04T12:00:00Z,2026-01-06T03:00:00Z,turbine_1,39,8.25,-2.1,0.5594402934366275,january-backtest-v1,d094eb03a52f303931989830f7b4efb0d2e6c3faabb6b6a47793e8f3af157ee1,100,assumed,unverified
2026-01-04T12:00:00Z,2026-01-04T00:00:00Z,2026-01-04T12:00:00Z,2026-01-06T03:00:00Z,turbine_2,39,8.25,-2.1,0.5249339408536846,january-backtest-v1,bc781886f00f59e8ca445d0499e557775f0ddd100dc689290ef2f3ac4fec1e9b,100,assumed,unverified
2026-01-04T12:00:00Z,2026-01-04T00:00:00Z,2026-01-04T12:00:00Z,2026-01-06T04:00:00Z,turbine_1,40,8.13,-0.5,0.5352581867273386,january-backtest-v1,d094eb03a52f303931989830f7b4efb0d2e6c3faabb6b6a47793e8f3af157ee1,100,assumed,unverified
2026-01-04T12:00:00Z,2026-01-04T00:00:00Z,2026-01-04T12:00:00Z,2026-01-06T04:00:00Z,turbine_2,40,8.13,-0.5,0.5060111779658882,january-backtest-v1,bc781886f00f59e8ca445d0499e557775f0ddd100dc689290ef2f3ac4fec1e9b,100,assumed,unverified
2026-01-04T12:00:00Z,2026-01-04T00:00:00Z,2026-01-04T12:00:00Z,2026-01-06T05:00:00Z,turbine_1,41,8.45,2.1,0.616545425471037,january-backtest-v1,d094eb03a52f303931989830f7b4efb0d2e6c3faabb6b6a47793e8f3af157ee1,100,assumed,unverified
2026-01-04T12:00:00Z,2026-01-04T00:00:00Z,2026-01-04T12:00:00Z,2026-01-06T05:00:00Z,turbine_2,41,8.45,2.1,0.573677253124472,january-backtest-v1,bc781886f00f59e8ca445d0499e557775f0ddd100dc689290ef2f3ac4fec1e9b,100,assumed,unverified
2026-01-04T12:00:00Z,2026-01-04T00:00:00Z,2026-01-04T12:00:00Z,2026-01-06T06:00:00Z,turbine_1,42,10.52,4.0,0.9116379737028221,january-backtest-v1,d094eb03a52f303931989830f7b4efb0d2e6c3faabb6b6a47793e8f3af157ee1,100,assumed,unverified
2026-01-04T12:00:00Z,2026-01-04T00:00:00Z,2026-01-04T12:00:00Z,2026-01-06T06:00:00Z,turbine_2,42,10.52,4.0,0.8908810951531656,january-backtest-v1,bc781886f00f59e8ca445d0499e557775f0ddd100dc689290ef2f3ac4fec1e9b,100,assumed,unverified
2026-01-04T12:00:00Z,2026-01-04T00:00:00Z,2026-01-04T12:00:00Z,2026-01-06T07:00:00Z,turbine_1,43,11.76,5.2,0.9778997552872399,january-backtest-v1,d094eb03a52f303931989830f7b4efb0d2e6c3faabb6b6a47793e8f3af157ee1,100,assumed,unverified
2026-01-04T12:00:00Z,2026-01-04T00:00:00Z,2026-01-04T12:00:00Z,2026-01-06T07:00:00Z,turbine_2,43,11.76,5.2,0.9656147199205375,january-backtest-v1,bc781886f00f59e8ca445d0499e557775f0ddd100dc689290ef2f3ac4fec1e9b,100,assumed,unverified
2026-01-04T12:00:00Z,2026-01-04T00:00:00Z,2026-01-04T12:00:00Z,2026-01-06T08:00:00Z,turbine_1,44,11.67,5.6,0.9762404104549345,january-backtest-v1,d094eb03a52f303931989830f7b4efb0d2e6c3faabb6b6a47793e8f3af157ee1,100,assumed,unverified
2026-01-04T12:00:00Z,2026-01-04T00:00:00Z,2026-01-04T12:00:00Z,2026-01-06T08:00:00Z,turbine_2,44,11.67,5.6,0.9616186569186901,january-backtest-v1,bc781886f00f59e8ca445d0499e557775f0ddd100dc689290ef2f3ac4fec1e9b,100,assumed,unverified
2026-01-04T12:00:00Z,2026-01-04T00:00:00Z,2026-01-04T12:00:00Z,2026-01-06T09:00:00Z,turbine_1,45,10.82,5.4,0.9444326173316534,january-backtest-v1,d094eb03a52f303931989830f7b4efb0d2e6c3faabb6b6a47793e8f3af157ee1,100,assumed,unverified
2026-01-04T12:00:00Z,2026-01-04T00:00:00Z,2026-01-04T12:00:00Z,2026-01-06T09:00:00Z,turbine_2,45,10.82,5.4,0.9202873852266683,january-backtest-v1,bc781886f00f59e8ca445d0499e557775f0ddd100dc689290ef2f3ac4fec1e9b,100,assumed,unverified
2026-01-04T12:00:00Z,2026-01-04T00:00:00Z,2026-01-04T12:00:00Z,2026-01-06T10:00:00Z,turbine_1,46,10.14,4.3,0.8746626876609189,january-backtest-v1,d094eb03a52f303931989830f7b4efb0d2e6c3faabb6b6a47793e8f3af157ee1,100,assumed,unverified
2026-01-04T12:00:00Z,2026-01-04T00:00:00Z,2026-01-04T12:00:00Z,2026-01-06T10:00:00Z,turbine_2,46,10.14,4.3,0.8413668320735146,january-backtest-v1,bc781886f00f59e8ca445d0499e557775f0ddd100dc689290ef2f3ac4fec1e9b,100,assumed,unverified
2026-01-04T12:00:00Z,2026-01-04T00:00:00Z,2026-01-04T12:00:00Z,2026-01-06T11:00:00Z,turbine_1,47,9.39,2.2,0.743629804359749,january-backtest-v1,d094eb03a52f303931989830f7b4efb0d2e6c3faabb6b6a47793e8f3af157ee1,100,assumed,unverified
2026-01-04T12:00:00Z,2026-01-04T00:00:00Z,2026-01-04T12:00:00Z,2026-01-06T11:00:00Z,turbine_2,47,9.39,2.2,0.7265222191551233,january-backtest-v1,bc781886f00f59e8ca445d0499e557775f0ddd100dc689290ef2f3ac4fec1e9b,100,assumed,unverified
2026-01-04T12:00:00Z,2026-01-04T00:00:00Z,2026-01-04T12:00:00Z,2026-01-06T12:00:00Z,turbine_1,48,8.57,-0.3,0.6303534275461666,january-backtest-v1,d094eb03a52f303931989830f7b4efb0d2e6c3faabb6b6a47793e8f3af157ee1,100,assumed,unverified
2026-01-04T12:00:00Z,2026-01-04T00:00:00Z,2026-01-04T12:00:00Z,2026-01-06T12:00:00Z,turbine_2,48,8.57,-0.3,0.5966908603805874,january-backtest-v1,bc781886f00f59e8ca445d0499e557775f0ddd100dc689290ef2f3ac4fec1e9b,100,assumed,unverified
2026-01-05T12:00:00Z,2026-01-05T00:00:00Z,2026-01-05T12:00:00Z,2026-01-05T13:00:00Z,turbine_1,1,4.39,-0.5,0.05077148697763123,january-backtest-v1,d094eb03a52f303931989830f7b4efb0d2e6c3faabb6b6a47793e8f3af157ee1,100,assumed,unverified
2026-01-05T12:00:00Z,2026-01-05T00:00:00Z,2026-01-05T12:00:00Z,2026-01-05T13:00:00Z,turbine_2,1,4.39,-0.5,0.048113688222450934,january-backtest-v1,bc781886f00f59e8ca445d0499e557775f0ddd100dc689290ef2f3ac4fec1e9b,100,assumed,unverified
2026-01-05T12:00:00Z,2026-01-05T00:00:00Z,2026-01-05T12:00:00Z,2026-01-05T14:00:00Z,turbine_1,2,5.67,-0.7,0.13878462598416824,january-backtest-v1,d094eb03a52f303931989830f7b4efb0d2e6c3faabb6b6a47793e8f3af157ee1,100,assumed,unverified
2026-01-05T12:00:00Z,2026-01-05T00:00:00Z,2026-01-05T12:00:00Z,2026-01-05T14:00:00Z,turbine_2,2,5.67,-0.7,0.13578914993185695,january-backtest-v1,bc781886f00f59e8ca445d0499e557775f0ddd100dc689290ef2f3ac4fec1e9b,100,assumed,unverified
2026-01-05T12:00:00Z,2026-01-05T00:00:00Z,2026-01-05T12:00:00Z,2026-01-05T15:00:00Z,turbine_1,3,6.21,-1.1,0.22362266046328924,january-backtest-v1,d094eb03a52f303931989830f7b4efb0d2e6c3faabb6b6a47793e8f3af157ee1,100,assumed,unverified
2026-01-05T12:00:00Z,2026-01-05T00:00:00Z,2026-01-05T12:00:00Z,2026-01-05T15:00:00Z,turbine_2,3,6.21,-1.1,0.21441717542333782,january-backtest-v1,bc781886f00f59e8ca445d0499e557775f0ddd100dc689290ef2f3ac4fec1e9b,100,assumed,unverified
2026-01-05T12:00:00Z,2026-01-05T00:00:00Z,2026-01-05T12:00:00Z,2026-01-05T16:00:00Z,turbine_1,4,5.93,-1.5,0.17315693039732713,january-backtest-v1,d094eb03a52f303931989830f7b4efb0d2e6c3faabb6b6a47793e8f3af157ee1,100,assumed,unverified
2026-01-05T12:00:00Z,2026-01-05T00:00:00Z,2026-01-05T12:00:00Z,2026-01-05T16:00:00Z,turbine_2,4,5.93,-1.5,0.16833504913323422,january-backtest-v1,bc781886f00f59e8ca445d0499e557775f0ddd100dc689290ef2f3ac4fec1e9b,100,assumed,unverified
2026-01-05T12:00:00Z,2026-01-05T00:00:00Z,2026-01-05T12:00:00Z,2026-01-05T17:00:00Z,turbine_1,5,6.3,-2.3,0.22702163502621261,january-backtest-v1,d094eb03a52f303931989830f7b4efb0d2e6c3faabb6b6a47793e8f3af157ee1,100,assumed,unverified
2026-01-05T12:00:00Z,2026-01-05T00:00:00Z,2026-01-05T12:00:00Z,2026-01-05T17:00:00Z,turbine_2,5,6.3,-2.3,0.20751432867311986,january-backtest-v1,bc781886f00f59e8ca445d0499e557775f0ddd100dc689290ef2f3ac4fec1e9b,100,assumed,unverified
2026-01-05T12:00:00Z,2026-01-05T00:00:00Z,2026-01-05T12:00:00Z,2026-01-05T18:00:00Z,turbine_1,6,5.89,-2.5,0.16699148752822157,january-backtest-v1,d094eb03a52f303931989830f7b4efb0d2e6c3faabb6b6a47793e8f3af157ee1,100,assumed,unverified
2026-01-05T12:00:00Z,2026-01-05T00:00:00Z,2026-01-05T12:00:00Z,2026-01-05T18:00:00Z,turbine_2,6,5.89,-2.5,0.14535878086867013,january-backtest-v1,bc781886f00f59e8ca445d0499e557775f0ddd100dc689290ef2f3ac4fec1e9b,100,assumed,unverified
2026-01-05T12:00:00Z,2026-01-05T00:00:00Z,2026-01-05T12:00:00Z,2026-01-05T19:00:00Z,turbine_1,7,5.4,-2.7,0.11234240528345468,january-backtest-v1,d094eb03a52f303931989830f7b4efb0d2e6c3faabb6b6a47793e8f3af157ee1,100,assumed,unverified
2026-01-05T12:00:00Z,2026-01-05T00:00:00Z,2026-01-05T12:00:00Z,2026-01-05T19:00:00Z,turbine_2,7,5.4,-2.7,0.09975466820752443,january-backtest-v1,bc781886f00f59e8ca445d0499e557775f0ddd100dc689290ef2f3ac4fec1e9b,100,assumed,unverified
2026-01-05T12:00:00Z,2026-01-05T00:00:00Z,2026-01-05T12:00:00Z,2026-01-05T20:00:00Z,turbine_1,8,5.04,-3.1,0.08313517493203537,january-backtest-v1,d094eb03a52f303931989830f7b4efb0d2e6c3faabb6b6a47793e8f3af157ee1,100,assumed,unverified
2026-01-05T12:00:00Z,2026-01-05T00:00:00Z,2026-01-05T12:00:00Z,2026-01-05T20:00:00Z,turbine_2,8,5.04,-3.1,0.07134834138762569,january-backtest-v1,bc781886f00f59e8ca445d0499e557775f0ddd100dc689290ef2f3ac4fec1e9b,100,assumed,unverified
2026-01-05T12:00:00Z,2026-01-05T00:00:00Z,2026-01-05T12:00:00Z,2026-01-05T21:00:00Z,turbine_1,9,6.36,-2.7,0.23077497966416127,january-backtest-v1,d094eb03a52f303931989830f7b4efb0d2e6c3faabb6b6a47793e8f3af157ee1,100,assumed,unverified
2026-01-05T12:00:00Z,2026-01-05T00:00:00Z,2026-01-05T12:00:00Z,2026-01-05T21:00:00Z,turbine_2,9,6.36,-2.7,0.21159292356579296,january-backtest-v1,bc781886f00f59e8ca445d0499e557775f0ddd100dc689290ef2f3ac4fec1e9b,100,assumed,unverified
2026-01-05T12:00:00Z,2026-01-05T00:00:00Z,2026-01-05T12:00:00Z,2026-01-05T22:00:00Z,turbine_1,10,6.56,-2.0,0.26422553555614714,january-backtest-v1,d094eb03a52f303931989830f7b4efb0d2e6c3faabb6b6a47793e8f3af157ee1,100,assumed,unverified
2026-01-05T12:00:00Z,2026-01-05T00:00:00Z,2026-01-05T12:00:00Z,2026-01-05T22:00:00Z,turbine_2,10,6.56,-2.0,0.2467357934321649,january-backtest-v1,bc781886f00f59e8ca445d0499e557775f0ddd100dc689290ef2f3ac4fec1e9b,100,assumed,unverified
2026-01-05T12:00:00Z,2026-01-05T00:00:00Z,2026-01-05T12:00:00Z,2026-01-05T23:00:00Z,turbine_1,11,6.69,-1.7,0.29549700161101666,january-backtest-v1,d094eb03a52f303931989830f7b4efb0d2e6c3faabb6b6a47793e8f3af157ee1,100,assumed,unverified
2026-01-05T12:00:00Z,2026-01-05T00:00:00Z,2026-01-05T12:00:00Z,2026-01-05T23:00:00Z,turbine_2,11,6.69,-1.7,0.26889168861061763,january-backtest-v1,bc781886f00f59e8ca445d0499e557775f0ddd100dc689290ef2f3ac4fec1e9b,100,assumed,unverified
2026-01-05T12:00:00Z,2026-01-05T00:00:00Z,2026-01-05T12:00:00Z,2026-01-06T00:00:00Z,turbine_1,12,7.22,-1.5,0.3795312755557734,january-backtest-v1,d094eb03a52f303931989830f7b4efb0d2e6c3faabb6b6a47793e8f3af157ee1,100,assumed,unverified
2026-01-05T12:00:00Z,2026-01-05T00:00:00Z,2026-01-05T12:00:00Z,2026-01-06T00:00:00Z,turbine_2,12,7.22,-1.5,0.3549177653973644,january-backtest-v1,bc781886f00f59e8ca445d0499e557775f0ddd100dc689290ef2f3ac4fec1e9b,100,assumed,unverified
2026-01-05T12:00:00Z,2026-01-05T00:00:00Z,2026-01-05T12:00:00Z,2026-01-06T01:00:00Z,turbine_1,13,8.04,-1.8,0.5226089968061072,january-backtest-v1,d094eb03a52f303931989830f7b4efb0d2e6c3faabb6b6a47793e8f3af157ee1,100,assumed,unverified
2026-01-05T12:00:00Z,2026-01-05T00:00:00Z,2026-01-05T12:00:00Z,2026-01-06T01:00:00Z,turbine_2,13,8.04,-1.8,0.4940117848656538,january-backtest-v1,bc781886f00f59e8ca445d0499e557775f0ddd100dc689290ef2f3ac4fec1e9b,100,assumed,unverified
2026-01-05T12:00:00Z,2026-01-05T00:00:00Z,2026-01-05T12:00:00Z,2026-01-06T02:00:00Z,turbine_1,14,8.32,-1.9,0.5760469110876146,january-backtest-v1,d094eb03a52f303931989830f7b4efb0d2e6c3faabb6b6a47793e8f3af157ee1,100,assumed,unverified
2026-01-05T12:00:00Z,2026-01-05T00:00:00Z,2026-01-05T12:00:00Z,2026-01-06T02:00:00Z,turbine_2,14,8.32,-1.9,0.5548406265484152,january-backtest-v1,bc781886f00f59e8ca445d0499e557775f0ddd100dc689290ef2f3ac4fec1e9b,100,assumed,unverified
2026-01-05T12:00:00Z,2026-01-05T00:00:00Z,2026-01-05T12:00:00Z,2026-01-06T03:00:00Z,turbine_1,15,9.01,-1.9,0.6869756810832326,january-backtest-v1,d094eb03a52f303931989830f7b4efb0d2e6c3faabb6b6a47793e8f3af157ee1,100,assumed,unverified
2026-01-05T12:00:00Z,2026-01-05T00:00:00Z,2026-01-05T12:00:00Z,2026-01-06T03:00:00Z,turbine_2,15,9.01,-1.9,0.6614890114840566,january-backtest-v1,bc781886f00f59e8ca445d0499e557775f0ddd100dc689290ef2f3ac4fec1e9b,100,assumed,unverified
2026-01-05T12:00:00Z,2026-01-05T00:00:00Z,2026-01-05T12:00:00Z,2026-01-06T04:00:00Z,turbine_1,16,9.84,-0.4,0.8280791083858448,january-backtest-v1,d094eb03a52f303931989830f7b4efb0d2e6c3faabb6b6a47793e8f3af157ee1,100,assumed,unverified
2026-01-05T12:00:00Z,2026-01-05T00:00:00Z,2026-01-05T12:00:00Z,2026-01-06T04:00:00Z,turbine_2,16,9.84,-0.4,0.7937713304387011,january-backtest-v1,bc781886f00f59e8ca445d0499e557775f0ddd100dc689290ef2f3ac4fec1e9b,100,assumed,unverified
2026-01-05T12:00:00Z,2026-01-05T00:00:00Z,2026-01-05T12:00:00Z,2026-01-06T05:00:00Z,turbine_1,17,10.49,2.2,0.9119091152784028,january-backtest-v1,d094eb03a52f303931989830f7b4efb0d2e6c3faabb6b6a47793e8f3af157ee1,100,assumed,unverified
2026-01-05T12:00:00Z,2026-01-05T00:00:00Z,2026-01-05T12:00:00Z,2026-01-06T05:00:00Z,turbine_2,17,10.49,2.2,0.8949725801209621,january-backtest-v1,bc781886f00f59e8ca445d0499e557775f0ddd100dc689290ef2f3ac4fec1e9b,100,assumed,unverified
2026-01-05T12:00:00Z,2026-01-05T00:00:00Z,2026-01-05T12:00:00Z,2026-01-06T06:00:00Z,turbine_1,18,11.4,4.0,0.9775151866536081,january-backtest-v1,d094eb03a52f303931989830f7b4efb0d2e6c3faabb6b6a47793e8f3af157ee1,100,assumed,unverified
2026-01-05T12:00:00Z,2026-01-05T00:00:00Z,2026-01-05T12:00:00Z,2026-01-06T06:00:00Z,turbine_2,18,11.4,4.0,0.9578519827063041,january-backtest-v1,bc781886f00f59e8ca445d0499e557775f0ddd100dc689290ef2f3ac4fec1e9b,100,assumed,unverified
2026-01-05T12:00:00Z,2026-01-05T00:00:00Z,2026-01-05T12:00:00Z,2026-01-06T07:00:00Z,turbine_1,19,12.16,5.0,0.9549781112025143,january-backtest-v1,d094eb03a52f303931989830f7b4efb0d2e6c3faabb6b6a47793e8f3af157ee1,100,assumed,unverified
2026-01-05T12:00:00Z,2026-01-05T00:00:00Z,2026-01-05T12:00:00Z,2026-01-06T07:00:00Z,turbine_2,19,12.16,5.0,0.9657688257311249,january-backtest-v1,bc781886f00f59e8ca445d0499e557775f0ddd100dc689290ef2f3ac4fec1e9b,100,assumed,unverified
2026-01-05T12:00:00Z,2026-01-05T00:00:00Z,2026-01-05T12:00:00Z,2026-01-06T08:00:00Z,turbine_1,20,12.04,5.4,0.9780893865055139,january-backtest-v1,d094eb03a52f303931989830f7b4efb0d2e6c3faabb6b6a47793e8f3af157ee1,100,assumed,unverified
2026-01-05T12:00:00Z,2026-01-05T00:00:00Z,2026-01-05T12:00:00Z,2026-01-06T08:00:00Z,turbine_2,20,12.04,5.4,0.9690389843811994,january-backtest-v1,bc781886f00f59e8ca445d0499e557775f0ddd100dc689290ef2f3ac4fec1e9b,100,assumed,unverified
2026-01-05T12:00:00Z,2026-01-05T00:00:00Z,2026-01-05T12:00:00Z,2026-01-06T09:00:00Z,turbine_1,21,10.97,5.3,0.9522112793787492,january-backtest-v1,d094eb03a52f303931989830f7b4efb0d2e6c3faabb6b6a47793e8f3af157ee1,100,assumed,unverified
2026-01-05T12:00:00Z,2026-01-05T00:00:00Z,2026-01-05T12:00:00Z,2026-01-06T09:00:00Z,turbine_2,21,10.97,5.3,0.9370432310891222,january-backtest-v1,bc781886f00f59e8ca445d0499e557775f0ddd100dc689290ef2f3ac4fec1e9b,100,assumed,unverified
2026-01-05T12:00:00Z,2026-01-05T00:00:00Z,2026-01-05T12:00:00Z,2026-01-06T10:00:00Z,turbine_1,22,9.94,4.4,0.8382930452655757,january-backtest-v1,d094eb03a52f303931989830f7b4efb0d2e6c3faabb6b6a47793e8f3af157ee1,100,assumed,unverified
2026-01-05T12:00:00Z,2026-01-05T00:00:00Z,2026-01-05T12:00:00Z,2026-01-06T10:00:00Z,turbine_2,22,9.94,4.4,0.8030417943369487,january-backtest-v1,bc781886f00f59e8ca445d0499e557775f0ddd100dc689290ef2f3ac4fec1e9b,100,assumed,unverified
2026-01-05T12:00:00Z,2026-01-05T00:00:00Z,2026-01-05T12:00:00Z,2026-01-06T11:00:00Z,turbine_1,23,9.22,2.3,0.7403978513333337,january-backtest-v1,d094eb03a52f303931989830f7b4efb0d2e6c3faabb6b6a47793e8f3af157ee1,100,assumed,unverified
2026-01-05T12:00:00Z,2026-01-05T00:00:00Z,2026-01-05T12:00:00Z,2026-01-06T11:00:00Z,turbine_2,23,9.22,2.3,0.6880123843668717,january-backtest-v1,bc781886f00f59e8ca445d0499e557775f0ddd100dc689290ef2f3ac4fec1e9b,100,assumed,unverified
2026-01-05T12:00:00Z,2026-01-05T00:00:00Z,2026-01-05T12:00:00Z,2026-01-06T12:00:00Z,turbine_1,24,8.6,-0.3,0.6303534275461666,january-backtest-v1,d094eb03a52f303931989830f7b4efb0d2e6c3faabb6b6a47793e8f3af157ee1,100,assumed,unverified
2026-01-05T12:00:00Z,2026-01-05T00:00:00Z,2026-01-05T12:00:00Z,2026-01-06T12:00:00Z,turbine_2,24,8.6,-0.3,0.6057526460791504,january-backtest-v1,bc781886f00f59e8ca445d0499e557775f0ddd100dc689290ef2f3ac4fec1e9b,100,assumed,unverified
2026-01-05T12:00:00Z,2026-01-05T00:00:00Z,2026-01-05T12:00:00Z,2026-01-06T13:00:00Z,turbine_1,25,7.99,-1.4,0.5177629788096543,january-backtest-v1,d094eb03a52f303931989830f7b4efb0d2e6c3faabb6b6a47793e8f3af157ee1,100,assumed,unverified
2026-01-05T12:00:00Z,2026-01-05T00:00:00Z,2026-01-05T12:00:00Z,2026-01-06T13:00:00Z,turbine_2,25,7.99,-1.4,0.48066559852640095,january-backtest-v1,bc781886f00f59e8ca445d0499e557775f0ddd100dc689290ef2f3ac4fec1e9b,100,assumed,unverified
2026-01-05T12:00:00Z,2026-01-05T00:00:00Z,2026-01-05T12:00:00Z,2026-01-06T14:00:00Z,turbine_1,26,7.79,-1.8,0.490928333461703,january-backtest-v1,d094eb03a52f303931989830f7b4efb0d2e6c3faabb6b6a47793e8f3af157ee1,100,assumed,unverified
2026-01-05T12:00:00Z,2026-01-05T00:00:00Z,2026-01-05T12:00:00Z,2026-01-06T14:00:00Z,turbine_2,26,7.79,-1.8,0.4537004551123685,january-backtest-v1,bc781886f00f59e8ca445d0499e557775f0ddd100dc689290ef2f3ac4fec1e9b,100,assumed,unverified
2026-01-05T12:00:00Z,2026-01-05T00:00:00Z,2026-01-05T12:00:00Z,2026-01-06T15:00:00Z,turbine_1,27,7.09,-2.2,0.35369465035164765,january-backtest-v1,d094eb03a52f303931989830f7b4efb0d2e6c3faabb6b6a47793e8f3af157ee1,100,assumed,unverified
2026-01-05T12:00:00Z,2026-01-05T00:00:00Z,2026-01-05T12:00:00Z,2026-01-06T15:00:00Z,turbine_2,27,7.09,-2.2,0.34163006482766334,january-backtest-v1,bc781886f00f59e8ca445d0499e557775f0ddd100dc689290ef2f3ac4fec1e9b,100,assumed,unverified
2026-01-05T12:00:00Z,2026-01-05T00:00:00Z,2026-01-05T12:00:00Z,2026-01-06T16:00:00Z,turbine_1,28,5.06,-2.9,0.08313517493203537,january-backtest-v1,d094eb03a52f303931989830f7b4efb0d2e6c3faabb6b6a47793e8f3af157ee1,100,assumed,unverified
2026-01-05T12:00:00Z,2026-01-05T00:00:00Z,2026-01-05T12:00:00Z,2026-01-06T16:00:00Z,turbine_2,28,5.06,-2.9,0.07647397105484982,january-backtest-v1,bc781886f00f59e8ca445d0499e557775f0ddd100dc689290ef2f3ac4fec1e9b,100,assumed,unverified
2026-01-05T12:00:00Z,2026-01-05T00:00:00Z,2026-01-05T12:00:00Z,2026-01-06T17:00:00Z,turbine_1,29,2.75,-3.5,0.00840861553522515,january-backtest-v1,d094eb03a52f303931989830f7b4efb0d2e6c3faabb6b6a47793e8f3af157ee1,100,assumed,unverified
2026-01-05T12:00:00Z,2026-01-05T00:00:00Z,2026-01-05T12:00:00Z,2026-01-06T17:00:00Z,turbine_2,29,2.75,-3.5,0.005660870538029716,january-backtest-v1,bc781886f00f59e8ca445d0499e557775f0ddd100dc689290ef2f3ac4fec1e9b,100,assumed,unverified
2026-01-05T12:00:00Z,2026-01-05T00:00:00Z,2026-01-05T12:00:00Z,2026-01-06T18:00:00Z,turbine_1,30,1.88,-4.0,0.008823829253565507,january-backtest-v1,d094eb03a52f303931989830f7b4efb0d2e6c3faabb6b6a47793e8f3af157ee1,100,assumed,unverified
2026-01-05T12:00:00Z,2026-01-05T00:00:00Z,2026-01-05T12:00:00Z,2026-01-06T18:00:00Z,turbine_2,30,1.88,-4.0,0.0075321669023905025,january-backtest-v1,bc781886f00f59e8ca445d0499e557775f0ddd100dc689290ef2f3ac4fec1e9b,100,assumed,unverified
2026-01-05T12:00:00Z,2026-01-05T00:00:00Z,2026-01-05T12:00:00Z,2026-01-06T19:00:00Z,turbine_1,31,1.25,-3.9,0.007754948502033343,january-backtest-v1,d094eb03a52f303931989830f7b4efb0d2e6c3faabb6b6a47793e8f3af157ee1,100,assumed,unverified
2026-01-05T12:00:00Z,2026-01-05T00:00:00Z,2026-01-05T12:00:00Z,2026-01-06T19:00:00Z,turbine_2,31,1.25,-3.9,0.007414383690834081,january-backtest-v1,bc781886f00f59e8ca445d0499e557775f0ddd100dc689290ef2f3ac4fec1e9b,100,assumed,unverified
2026-01-05T12:00:00Z,2026-01-05T00:00:00Z,2026-01-05T12:00:00Z,2026-01-06T20:00:00Z,turbine_1,32,0.51,-3.6,0.008649958518973988,january-backtest-v1,d094eb03a52f303931989830f7b4efb0d2e6c3faabb6b6a47793e8f3af157ee1,100,assumed,unverified
2026-01-05T12:00:00Z,2026-01-05T00:00:00Z,2026-01-05T12:00:00Z,2026-01-06T20:00:00Z,turbine_2,32,0.51,-3.6,0.008703254618227796,january-backtest-v1,bc781886f00f59e8ca445d0499e557775f0ddd100dc689290ef2f3ac4fec1e9b,100,assumed,unverified
2026-01-05T12:00:00Z,2026-01-05T00:00:00Z,2026-01-05T12:00:00Z,2026-01-06T21:00:00Z,turbine_1,33,1.29,-3.0,0.008249631165043292,january-backtest-v1,d094eb03a52f303931989830f7b4efb0d2e6c3faabb6b6a47793e8f3af157ee1,100,assumed,unverified
2026-01-05T12:00:00Z,2026-01-05T00:00:00Z,2026-01-05T12:00:00Z,2026-01-06T21:00:00Z,turbine_2,33,1.29,-3.0,0.009694678613242413,january-backtest-v1,bc781886f00f59e8ca445d0499e557775f0ddd100dc689290ef2f3ac4fec1e9b,100,assumed,unverified
2026-01-05T12:00:00Z,2026-01-05T00:00:00Z,2026-01-05T12:00:00Z,2026-01-06T22:00:00Z,turbine_1,34,2.46,-2.8,0.008376016260443042,january-backtest-v1,d094eb03a52f303931989830f7b4efb0d2e6c3faabb6b6a47793e8f3af157ee1,100,assumed,unverified
2026-01-05T12:00:00Z,2026-01-05T00:00:00Z,2026-01-05T12:00:00Z,2026-01-06T22:00:00Z,turbine_2,34,2.46,-2.8,0.008549203680746964,january-backtest-v1,bc781886f00f59e8ca445d0499e557775f0ddd100dc689290ef2f3ac4fec1e9b,100,assumed,unverified
2026-01-05T12:00:00Z,2026-01-05T00:00:00Z,2026-01-05T12:00:00Z,2026-01-06T23:00:00Z,turbine_1,35,3.2,-3.2,0.01569128261005487,january-backtest-v1,d094eb03a52f303931989830f7b4efb0d2e6c3faabb6b6a47793e8f3af157ee1,100,assumed,unverified
2026-01-05T12:00:00Z,2026-01-05T00:00:00Z,2026-01-05T12:00:00Z,2026-01-06T23:00:00Z,turbine_2,35,3.2,-3.2,0.010644474312504815,january-backtest-v1,bc781886f00f59e8ca445d0499e557775f0ddd100dc689290ef2f3ac4fec1e9b,100,assumed,unverified
2026-01-05T12:00:00Z,2026-01-05T00:00:00Z,2026-01-05T12:00:00Z,2026-01-07T00:00:00Z,turbine_1,36,3.67,-2.9,0.02587850921387186,january-backtest-v1,d094eb03a52f303931989830f7b4efb0d2e6c3faabb6b6a47793e8f3af157ee1,100,assumed,unverified
2026-01-05T12:00:00Z,2026-01-05T00:00:00Z,2026-01-05T12:00:00Z,2026-01-07T00:00:00Z,turbine_2,36,3.67,-2.9,0.01898241919071808,january-backtest-v1,bc781886f00f59e8ca445d0499e557775f0ddd100dc689290ef2f3ac4fec1e9b,100,assumed,unverified
2026-01-05T12:00:00Z,2026-01-05T00:00:00Z,2026-01-05T12:00:00Z,2026-01-07T01:00:00Z,turbine_1,37,3.87,-2.8,0.0340959519333649,january-backtest-v1,d094eb03a52f303931989830f7b4efb0d2e6c3faabb6b6a47793e8f3af157ee1,100,assumed,unverified
2026-01-05T12:00:00Z,2026-01-05T00:00:00Z,2026-01-05T12:00:00Z,2026-01-07T01:00:00Z,turbine_2,37,3.87,-2.8,0.026125432074254995,january-backtest-v1,bc781886f00f59e8ca445d0499e557775f0ddd100dc689290ef2f3ac4fec1e9b,100,assumed,unverified
2026-01-05T12:00:00Z,2026-01-05T00:00:00Z,2026-01-05T12:00:00Z,2026-01-07T02:00:00Z,turbine_1,38,3.85,-2.9,0.0340959519333649,january-backtest-v1,d094eb03a52f303931989830f7b4efb0d2e6c3faabb6b6a47793e8f3af157ee1,100,assumed,unverified
2026-01-05T12:00:00Z,2026-01-05T00:00:00Z,2026-01-05T12:00:00Z,2026-01-07T02:00:00Z,turbine_2,38,3.85,-2.9,0.023506790027750246,january-backtest-v1,bc781886f00f59e8ca445d0499e557775f0ddd100dc689290ef2f3ac4fec1e9b,100,assumed,unverified
2026-01-05T12:00:00Z,2026-01-05T00:00:00Z,2026-01-05T12:00:00Z,2026-01-07T03:00:00Z,turbine_1,39,3.39,-2.2,0.015887190678651908,january-backtest-v1,d094eb03a52f303931989830f7b4efb0d2e6c3faabb6b6a47793e8f3af157ee1,100,assumed,unverified
2026-01-05T12:00:00Z,2026-01-05T00:00:00Z,2026-01-05T12:00:00Z,2026-01-07T03:00:00Z,turbine_2,39,3.39,-2.2,0.010409188815137194,january-backtest-v1,bc781886f00f59e8ca445d0499e557775f0ddd100dc689290ef2f3ac4fec1e9b,100,assumed,unverified
2026-01-05T12:00:00Z,2026-01-05T00:00:00Z,2026-01-05T12:00:00Z,2026-01-07T04:00:00Z,turbine_1,40,2.67,-0.3,0.01061148946371765,january-backtest-v1,d094eb03a52f303931989830f7b4efb0d2e6c3faabb6b6a47793e8f3af157ee1,100,assumed,unverified
2026-01-05T12:00:00Z,2026-01-05T00:00:00Z,2026-01-05T12:00:00Z,2026-01-07T04:00:00Z,turbine_2,40,2.67,-0.3,0.00957044826930925,january-backtest-v1,bc781886f00f59e8ca445d0499e557775f0ddd100dc689290ef2f3ac4fec1e9b,100,assumed,unverified
2026-01-05T12:00:00Z,2026-01-05T00:00:00Z,2026-01-05T12:00:00Z,2026-01-07T05:00:00Z,turbine_1,41,1.1,1.3,0.008479643153298244,january-backtest-v1,d094eb03a52f303931989830f7b4efb0d2e6c3faabb6b6a47793e8f3af157ee1,100,assumed,unverified
2026-01-05T12:00:00Z,2026-01-05T00:00:00Z,2026-01-05T12:00:00Z,2026-01-07T05:00:00Z,turbine_2,41,1.1,1.3,0.00827224041237451,january-backtest-v1,bc781886f00f59e8ca445d0499e557775f0ddd100dc689290ef2f3ac4fec1e9b,100,assumed,unverified
2026-01-05T12:00:00Z,2026-01-05T00:00:00Z,2026-01-05T12:00:00Z,2026-01-07T06:00:00Z,turbine_1,42,1.68,2.6,0.0078712008085709,january-backtest-v1,d094eb03a52f303931989830f7b4efb0d2e6c3faabb6b6a47793e8f3af157ee1,100,assumed,unverified
2026-01-05T12:00:00Z,2026-01-05T00:00:00Z,2026-01-05T12:00:00Z,2026-01-07T06:00:00Z,turbine_2,42,1.68,2.6,0.006713357924699681,january-backtest-v1,bc781886f00f59e8ca445d0499e557775f0ddd100dc689290ef2f3ac4fec1e9b,100,assumed,unverified
2026-01-05T12:00:00Z,2026-01-05T00:00:00Z,2026-01-05T12:00:00Z,2026-01-07T07:00:00Z,turbine_1,43,1.47,3.2,0.008092721038393702,january-backtest-v1,d094eb03a52f303931989830f7b4efb0d2e6c3faabb6b6a47793e8f3af157ee1,100,assumed,unverified
2026-01-05T12:00:00Z,2026-01-05T00:00:00Z,2026-01-05T12:00:00Z,2026-01-07T07:00:00Z,turbine_2,43,1.47,3.2,0.006236617171668346,january-backtest-v1,bc781886f00f59e8ca445d0499e557775f0ddd100dc689290ef2f3ac4fec1e9b,100,assumed,unverified
2026-01-05T12:00:00Z,2026-01-05T00:00:00Z,2026-01-05T12:00:00Z,2026-01-07T08:00:00Z,turbine_1,44,0.81,3.9,0.009115686257645583,january-backtest-v1,d094eb03a52f303931989830f7b4efb0d2e6c3faabb6b6a47793e8f3af157ee1,100,assumed,unverified
2026-01-05T12:00:00Z,2026-01-05T00:00:00Z,2026-01-05T12:00:00Z,2026-01-07T08:00:00Z,turbine_2,44,0.81,3.9,0.0076047750750735665,january-backtest-v1,bc781886f00f59e8ca445d0499e557775f0ddd100dc689290ef2f3ac4fec1e9b,100,assumed,unverified
2026-01-05T12:00:00Z,2026-01-05T00:00:00Z,2026-01-05T12:00:00Z,2026-01-07T09:00:00Z,turbine_1,45,0.53,4.1,0.009122436198879647,january-backtest-v1,d094eb03a52f303931989830f7b4efb0d2e6c3faabb6b6a47793e8f3af157ee1,100,assumed,unverified
2026-01-05T12:00:00Z,2026-01-05T00:00:00Z,2026-01-05T12:00:00Z,2026-01-07T09:00:00Z,turbine_2,45,0.53,4.1,0.007974516515820096,january-backtest-v1,bc781886f00f59e8ca445d0499e557775f0ddd100dc689290ef2f3ac4fec1e9b,100,assumed,unverified
2026-01-05T12:00:00Z,2026-01-05T00:00:00Z,2026-01-05T12:00:00Z,2026-01-07T10:00:00Z,turbine_1,46,0.21,3.4,0.009171468105241554,january-backtest-v1,d094eb03a52f303931989830f7b4efb0d2e6c3faabb6b6a47793e8f3af157ee1,100,assumed,unverified
2026-01-05T12:00:00Z,2026-01-05T00:00:00Z,2026-01-05T12:00:00Z,2026-01-07T10:00:00Z,turbine_2,46,0.21,3.4,0.007786580961748113,january-backtest-v1,bc781886f00f59e8ca445d0499e557775f0ddd100dc689290ef2f3ac4fec1e9b,100,assumed,unverified
2026-01-05T12:00:00Z,2026-01-05T00:00:00Z,2026-01-05T12:00:00Z,2026-01-07T11:00:00Z,turbine_1,47,0.64,0.9,0.008486271247109267,january-backtest-v1,d094eb03a52f303931989830f7b4efb0d2e6c3faabb6b6a47793e8f3af157ee1,100,assumed,unverified
2026-01-05T12:00:00Z,2026-01-05T00:00:00Z,2026-01-05T12:00:00Z,2026-01-07T11:00:00Z,turbine_2,47,0.64,0.9,0.009154552222259082,january-backtest-v1,bc781886f00f59e8ca445d0499e557775f0ddd100dc689290ef2f3ac4fec1e9b,100,assumed,unverified
2026-01-05T12:00:00Z,2026-01-05T00:00:00Z,2026-01-05T12:00:00Z,2026-01-07T12:00:00Z,turbine_1,48,2.06,-1.0,0.009303232037620901,january-backtest-v1,d094eb03a52f303931989830f7b4efb0d2e6c3faabb6b6a47793e8f3af157ee1,100,assumed,unverified
2026-01-05T12:00:00Z,2026-01-05T00:00:00Z,2026-01-05T12:00:00Z,2026-01-07T12:00:00Z,turbine_2,48,2.06,-1.0,0.011023005778216632,january-backtest-v1,bc781886f00f59e8ca445d0499e557775f0ddd100dc689290ef2f3ac4fec1e9b,100,assumed,unverified
2026-01-06T12:00:00Z,2026-01-06T00:00:00Z,2026-01-06T12:00:00Z,2026-01-06T13:00:00Z,turbine_1,1,8.24,-1.4,0.5603911105936957,january-backtest-v1,d094eb03a52f303931989830f7b4efb0d2e6c3faabb6b6a47793e8f3af157ee1,100,assumed,unverified
2026-01-06T12:00:00Z,2026-01-06T00:00:00Z,2026-01-06T12:00:00Z,2026-01-06T13:00:00Z,turbine_2,1,8.24,-1.4,0.5286792107153347,january-backtest-v1,bc781886f00f59e8ca445d0499e557775f0ddd100dc689290ef2f3ac4fec1e9b,100,assumed,unverified
2026-01-06T12:00:00Z,2026-01-06T00:00:00Z,2026-01-06T12:00:00Z,2026-01-06T14:00:00Z,turbine_1,2,8.03,-1.8,0.5148829878376648,january-backtest-v1,d094eb03a52f303931989830f7b4efb0d2e6c3faabb6b6a47793e8f3af157ee1,100,assumed,unverified
2026-01-06T12:00:00Z,2026-01-06T00:00:00Z,2026-01-06T12:00:00Z,2026-01-06T14:00:00Z,turbine_2,2,8.03,-1.8,0.4940117848656538,january-backtest-v1,bc781886f00f59e8ca445d0499e557775f0ddd100dc689290ef2f3ac4fec1e9b,100,assumed,unverified
2026-01-06T12:00:00Z,2026-01-06T00:00:00Z,2026-01-06T12:00:00Z,2026-01-06T15:00:00Z,turbine_1,3,7.06,-2.2,0.35100741161656834,january-backtest-v1,d094eb03a52f303931989830f7b4efb0d2e6c3faabb6b6a47793e8f3af157ee1,100,assumed,unverified
2026-01-06T12:00:00Z,2026-01-06T00:00:00Z,2026-01-06T12:00:00Z,2026-01-06T15:00:00Z,turbine_2,3,7.06,-2.2,0.3355687766106795,january-backtest-v1,bc781886f00f59e8ca445d0499e557775f0ddd100dc689290ef2f3ac4fec1e9b,100,assumed,unverified
2026-01-06T12:00:00Z,2026-01-06T00:00:00Z,2026-01-06T12:00:00Z,2026-01-06T16:00:00Z,turbine_1,4,4.88,-3.0,0.07101763710648407,january-backtest-v1,d094eb03a52f303931989830f7b4efb0d2e6c3faabb6b6a47793e8f3af157ee1,100,assumed,unverified
2026-01-06T12:00:00Z,2026-01-06T00:00:00Z,2026-01-06T12:00:00Z,2026-01-06T16:00:00Z,turbine_2,4,4.88,-3.0,0.06417061770676563,january-backtest-v1,bc781886f00f59e8ca445d0499e557775f0ddd100dc689290ef2f3ac4fec1e9b,100,assumed,unverified
2026-01-06T12:00:00Z,2026-01-06T00:00:00Z,2026-01-06T12:00:00Z,2026-01-06T17:00:00Z,turbine_1,5,2.69,-3.6,0.006825840731981614,january-backtest-v1,d094eb03a52f303931989830f7b4efb0d2e6c3faabb6b6a47793e8f3af157ee1,100,assumed,unverified
2026-01-06T12:00:00Z,2026-01-06T00:00:00Z,2026-01-06T12:00:00Z,2026-01-06T17:00:00Z,turbine_2,5,2.69,-3.6,0.0035807576550878073,january-backtest-v1,bc781886f00f59e8ca445d0499e557775f0ddd100dc689290ef2f3ac4fec1e9b,100,assumed,unverified
2026-01-06T12:00:00Z,2026-01-06T00:00:00Z,2026-01-06T12:00:00Z,2026-01-06T18:00:00Z,turbine_1,6,1.59,-4.1,0.007570200481686218,january-backtest-v1,d094eb03a52f303931989830f7b4efb0d2e6c3faabb6b6a47793e8f3af157ee1,100,assumed,unverified
2026-01-06T12:00:00Z,2026-01-06T00:00:00Z,2026-01-06T12:00:00Z,2026-01-06T18:00:00Z,turbine_2,6,1.59,-4.1,0.007127963399717385,january-backtest-v1,bc781886f00f59e8ca445d0499e557775f0ddd100dc689290ef2f3ac4fec1e9b,100,assumed,unverified
2026-01-06T12:00:00Z,2026-01-06T00:00:00Z,2026-01-06T12:00:00Z,2026-01-06T19:00:00Z,turbine_1,7,1.5,-3.8,0.007797473462555882,january-backtest-v1,d094eb03a52f303931989830f7b4efb0d2e6c3faabb6b6a47793e8f3af157ee1,100,assumed,unverified
2026-01-06T12:00:00Z,2026-01-06T00:00:00Z,2026-01-06T12:00:00Z,2026-01-06T19:00:00Z,turbine_2,7,1.5,-3.8,0.007127963399717385,january-backtest-v1,bc781886f00f59e8ca445d0499e557775f0ddd100dc689290ef2f3ac4fec1e9b,100,assumed,unverified
2026-01-06T12:00:00Z,2026-01-06T00:00:00Z,2026-01-06T12:00:00Z,2026-01-06T20:00:00Z,turbine_1,8,1.6,-3.5,0.008751156765666568,january-backtest-v1,d094eb03a52f303931989830f7b4efb0d2e6c3faabb6b6a47793e8f3af157ee1,100,assumed,unverified
2026-01-06T12:00:00Z,2026-01-06T00:00:00Z,2026-01-06T12:00:00Z,2026-01-06T20:00:00Z,turbine_2,8,1.6,-3.5,0.008354113381732087,january-backtest-v1,bc781886f00f59e8ca445d0499e557775f0ddd100dc689290ef2f3ac4fec1e9b,100,assumed,unverified
2026-01-06T12:00:00Z,2026-01-06T00:00:00Z,2026-01-06T12:00:00Z,2026-01-06T21:00:00Z,turbine_1,9,1.32,-3.2,0.008911735888353145,january-backtest-v1,d094eb03a52f303931989830f7b4efb0d2e6c3faabb6b6a47793e8f3af157ee1,100,assumed,unverified
2026-01-06T12:00:00Z,2026-01-06T00:00:00Z,2026-01-06T12:00:00Z,2026-01-06T21:00:00Z,turbine_2,9,1.32,-3.2,0.009587232047700067,january-backtest-v1,bc781886f00f59e8ca445d0499e557775f0ddd100dc689290ef2f3ac4fec1e9b,100,assumed,unverified
2026-01-06T12:00:00Z,2026-01-06T00:00:00Z,2026-01-06T12:00:00Z,2026-01-06T22:00:00Z,turbine_1,10,0.29,-2.7,0.008941537098774821,january-backtest-v1,d094eb03a52f303931989830f7b4efb0d2e6c3faabb6b6a47793e8f3af157ee1,100,assumed,unverified
2026-01-06T12:00:00Z,2026-01-06T00:00:00Z,2026-01-06T12:00:00Z,2026-01-06T22:00:00Z,turbine_2,10,0.29,-2.7,0.007983663800381069,january-backtest-v1,bc781886f00f59e8ca445d0499e557775f0ddd100dc689290ef2f3ac4fec1e9b,100,assumed,unverified
2026-01-06T12:00:00Z,2026-01-06T00:00:00Z,2026-01-06T12:00:00Z,2026-01-06T23:00:00Z,turbine_1,11,2.49,-3.0,0.008231563614457094,january-backtest-v1,d094eb03a52f303931989830f7b4efb0d2e6c3faabb6b6a47793e8f3af157ee1,100,assumed,unverified
2026-01-06T12:00:00Z,2026-01-06T00:00:00Z,2026-01-06T12:00:00Z,2026-01-06T23:00:00Z,turbine_2,11,2.49,-3.0,0.008712580804774384,january-backtest-v1,bc781886f00f59e8ca445d0499e557775f0ddd100dc689290ef2f3ac4fec1e9b,100,assumed,unverified
2026-01-06T12:00:00Z,2026-01-06T00:00:00Z,2026-01-06T12:00:00Z,2026-01-07T00:00:00Z,turbine_1,12,3.41,-2.9,0.017692390801126945,january-backtest-v1,d094eb03a52f303931989830f7b4efb0d2e6c3faabb6b6a47793e8f3af157ee1,100,assumed,unverified
2026-01-06T12:00:00Z,2026-01-06T00:00:00Z,2026-01-06T12:00:00Z,2026-01-07T00:00:00Z,turbine_2,12,3.41,-2.9,0.01275322780019933,january-backtest-v1,bc781886f00f59e8ca445d0499e557775f0ddd100dc689290ef2f3ac4fec1e9b,100,assumed,unverified
2026-01-06T12:00:00Z,2026-01-06T00:00:00Z,2026-01-06T12:00:00Z,2026-01-07T01:00:00Z,turbine_1,13,3.25,-2.8,0.01593058819154286,january-backtest-v1,d094eb03a52f303931989830f7b4efb0d2e6c3faabb6b6a47793e8f3af157ee1,100,assumed,unverified
2026-01-06T12:00:00Z,2026-01-06T00:00:00Z,2026-01-06T12:00:00Z,2026-01-07T01:00:00Z,turbine_2,13,3.25,-2.8,0.010874127329160432,january-backtest-v1,bc781886f00f59e8ca445d0499e557775f0ddd100dc689290ef2f3ac4fec1e9b,100,assumed,unverified
2026-01-06T12:00:00Z,2026-01-06T00:00:00Z,2026-01-06T12:00:00Z,2026-01-07T02:00:00Z,turbine_1,14,4.54,-2.9,0.04998316996576635,january-backtest-v1,d094eb03a52f303931989830f7b4efb0d2e6c3faabb6b6a47793e8f3af157ee1,100,assumed,unverified
2026-01-06T12:00:00Z,2026-01-06T00:00:00Z,2026-01-06T12:00:00Z,2026-01-07T02:00:00Z,turbine_2,14,4.54,-2.9,0.04830842989395101,january-backtest-v1,bc781886f00f59e8ca445d0499e557775f0ddd100dc689290ef2f3ac4fec1e9b,100,assumed,unverified
2026-01-06T12:00:00Z,2026-01-06T00:00:00Z,2026-01-06T12:00:00Z,2026-01-07T03:00:00Z,turbine_1,15,2.84,-2.2,0.008247205306637417,january-backtest-v1,d094eb03a52f303931989830f7b4efb0d2e6c3faabb6b6a47793e8f3af157ee1,100,assumed,unverified
2026-01-06T12:00:00Z,2026-01-06T00:00:00Z,2026-01-06T12:00:00Z,2026-01-07T03:00:00Z,turbine_2,15,2.84,-2.2,0.004469824788555121,january-backtest-v1,bc781886f00f59e8ca445d0499e557775f0ddd100dc689290ef2f3ac4fec1e9b,100,assumed,unverified
2026-01-06T12:00:00Z,2026-01-06T00:00:00Z,2026-01-06T12:00:00Z,2026-01-07T04:00:00Z,turbine_1,16,2.15,-0.4,0.01147485500078066,january-backtest-v1,d094eb03a52f303931989830f7b4efb0d2e6c3faabb6b6a47793e8f3af157ee1,100,assumed,unverified
2026-01-06T12:00:00Z,2026-01-06T00:00:00Z,2026-01-06T12:00:00Z,2026-01-07T04:00:00Z,turbine_2,16,2.15,-0.4,0.01150163914343455,january-backtest-v1,bc781886f00f59e8ca445d0499e557775f0ddd100dc689290ef2f3ac4fec1e9b,100,assumed,unverified
2026-01-06T12:00:00Z,2026-01-06T00:00:00Z,2026-01-06T12:00:00Z,2026-01-07T05:00:00Z,turbine_1,17,0.88,0.8,0.007508290557250996,january-backtest-v1,d094eb03a52f303931989830f7b4efb0d2e6c3faabb6b6a47793e8f3af157ee1,100,assumed,unverified
2026-01-06T12:00:00Z,2026-01-06T00:00:00Z,2026-01-06T12:00:00Z,2026-01-07T05:00:00Z,turbine_2,17,0.88,0.8,0.00879645464676404,january-backtest-v1,bc781886f00f59e8ca445d0499e557775f0ddd100dc689290ef2f3ac4fec1e9b,100,assumed,unverified
2026-01-06T12:00:00Z,2026-01-06T00:00:00Z,2026-01-06T12:00:00Z,2026-01-07T06:00:00Z,turbine_1,18,1.54,2.3,0.0078712008085709,january-backtest-v1,d094eb03a52f303931989830f7b4efb0d2e6c3faabb6b6a47793e8f3af157ee1,100,assumed,unverified
2026-01-06T12:00:00Z,2026-01-06T00:00:00Z,2026-01-06T12:00:00Z,2026-01-07T06:00:00Z,turbine_2,18,1.54,2.3,0.00865043323815351,january-backtest-v1,bc781886f00f59e8ca445d0499e557775f0ddd100dc689290ef2f3ac4fec1e9b,100,assumed,unverified
2026-01-06T12:00:00Z,2026-01-06T00:00:00Z,2026-01-06T12:00:00Z,2026-01-07T07:00:00Z,turbine_1,19,2.04,3.1,0.009690070602590306,january-backtest-v1,d094eb03a52f303931989830f7b4efb0d2e6c3faabb6b6a47793e8f3af157ee1,100,assumed,unverified
2026-01-06T12:00:00Z,2026-01-06T00:00:00Z,2026-01-06T12:00:00Z,2026-01-07T07:00:00Z,turbine_2,19,2.04,3.1,0.008046094434228213,january-backtest-v1,bc781886f00f59e8ca445d0499e557775f0ddd100dc689290ef2f3ac4fec1e9b,100,assumed,unverified
2026-01-06T12:00:00Z,2026-01-06T00:00:00Z,2026-01-06T12:00:00Z,2026-01-07T08:00:00Z,turbine_1,20,1.52,3.6,0.008263201201227477,january-backtest-v1,d094eb03a52f303931989830f7b4efb0d2e6c3faabb6b6a47793e8f3af157ee1,100,assumed,unverified
2026-01-06T12:00:00Z,2026-01-06T00:00:00Z,2026-01-06T12:00:00Z,2026-01-07T08:00:00Z,turbine_2,20,1.52,3.6,0.0061054635694431925,january-backtest-v1,bc781886f00f59e8ca445d0499e557775f0ddd100dc689290ef2f3ac4fec1e9b,100,assumed,unverified
2026-01-06T12:00:00Z,2026-01-06T00:00:00Z,2026-01-06T12:00:00Z,2026-01-07T09:00:00Z,turbine_1,21,0.54,3.8,0.009115686257645583,january-backtest-v1,d094eb03a52f303931989830f7b4efb0d2e6c3faabb6b6a47793e8f3af157ee1,100,assumed,unverified
2026-01-06T12:00:00Z,2026-01-06T00:00:00Z,2026-01-06T12:00:00Z,2026-01-07T09:00:00Z,turbine_2,21,0.54,3.8,0.007962872650568609,january-backtest-v1,bc781886f00f59e8ca445d0499e557775f0ddd100dc689290ef2f3ac4fec1e9b,100,assumed,unverified
2026-01-06T12:00:00Z,2026-01-06T00:00:00Z,2026-01-06T12:00:00Z,2026-01-07T10:00:00Z,turbine_1,22,0.5,3.2,0.008784626972125231,january-backtest-v1,d094eb03a52f303931989830f7b4efb0d2e6c3faabb6b6a47793e8f3af157ee1,100,assumed,unverified
2026-01-06T12:00:00Z,2026-01-06T00:00:00Z,2026-01-06T12:00:00Z,2026-01-07T10:00:00Z,turbine_2,22,0.5,3.2,0.007811908390178757,january-backtest-v1,bc781886f00f59e8ca445d0499e557775f0ddd100dc689290ef2f3ac4fec1e9b,100,assumed,unverified
2026-01-06T12:00:00Z,2026-01-06T00:00:00Z,2026-01-06T12:00:00Z,2026-01-07T11:00:00Z,turbine_1,23,1.32,0.2,0.009153091793261514,january-backtest-v1,d094eb03a52f303931989830f7b4efb0d2e6c3faabb6b6a47793e8f3af157ee1,100,assumed,unverified
2026-01-06T12:00:00Z,2026-01-06T00:00:00Z,2026-01-06T12:00:00Z,2026-01-07T11:00:00Z,turbine_2,23,1.32,0.2,0.007752934342077966,january-backtest-v1,bc781886f00f59e8ca445d0499e557775f0ddd100dc689290ef2f3ac4fec1e9b,100,assumed,unverified
2026-01-06T12:00:00Z,2026-01-06T00:00:00Z,2026-01-06T12:00:00Z,2026-01-07T12:00:00Z,turbine_1,24,1.96,-1.3,0.010739180721692387,january-backtest-v1,d094eb03a52f303931989830f7b4efb0d2e6c3faabb6b6a47793e8f3af157ee1,100,assumed,unverified
2026-01-06T12:00:00Z,2026-01-06T00:00:00Z,2026-01-06T12:00:00Z,2026-01-07T12:00:00Z,turbine_2,24,1.96,-1.3,0.008020217571910349,january-backtest-v1,bc781886f00f59e8ca445d0499e557775f0ddd100dc689290ef2f3ac4fec1e9b,100,assumed,unverified
2026-01-06T12:00:00Z,2026-01-06T00:00:00Z,2026-01-06T12:00:00Z,2026-01-07T13:00:00Z,turbine_1,25,2.72,-1.8,0.007412584954286816,january-backtest-v1,d094eb03a52f303931989830f7b4efb0d2e6c3faabb6b6a47793e8f3af157ee1,100,assumed,unverified
2026-01-06T12:00:00Z,2026-01-06T00:00:00Z,2026-01-06T12:00:00Z,2026-01-07T13:00:00Z,turbine_2,25,2.72,-1.8,0.0029865380098185734,january-backtest-v1,bc781886f00f59e8ca445d0499e557775f0ddd100dc689290ef2f3ac4fec1e9b,100,assumed,unverified
2026-01-06T12:00:00Z,2026-01-06T00:00:00Z,2026-01-06T12:00:00Z,2026-01-07T14:00:00Z,turbine_1,26,3.46,-1.8,0.020928651795173003,january-backtest-v1,d094eb03a52f303931989830f7b4efb0d2e6c3faabb6b6a47793e8f3af157ee1,100,assumed,unverified
2026-01-06T12:00:00Z,2026-01-06T00:00:00Z,2026-01-06T12:00:00Z,2026-01-07T14:00:00Z,turbine_2,26,3.46,-1.8,0.010416411110362511,january-backtest-v1,bc781886f00f59e8ca445d0499e557775f0ddd100dc689290ef2f3ac4fec1e9b,100,assumed,unverified
2026-01-06T12:00:00Z,2026-01-06T00:00:00Z,2026-01-06T12:00:00Z,2026-01-07T15:00:00Z,turbine_1,27,4.05,-1.9,0.037426025484878056,january-backtest-v1,d094eb03a52f303931989830f7b4efb0d2e6c3faabb6b6a47793e8f3af157ee1,100,assumed,unverified
2026-01-06T12:00:00Z,2026-01-06T00:00:00Z,2026-01-06T12:00:00Z,2026-01-07T15:00:00Z,turbine_2,27,4.05,-1.9,0.03373348668521514,january-backtest-v1,bc781886f00f59e8ca445d0499e557775f0ddd100dc689290ef2f3ac4fec1e9b,100,assumed,unverified
2026-01-06T12:00:00Z,2026-01-06T00:00:00Z,2026-01-06T12:00:00Z,2026-01-07T16:00:00Z,turbine_1,28,4.33,-2.2,0.04082191406779773,january-backtest-v1,d094eb03a52f303931989830f7b4efb0d2e6c3faabb6b6a47793e8f3af157ee1,100,assumed,unverified
2026-01-06T12:00:00Z,2026-01-06T00:00:00Z,2026-01-06T12:00:00Z,2026-01-07T16:00:00Z,turbine_2,28,4.33,-2.2,0.03563313413374558,january-backtest-v1,bc781886f00f59e8ca445d0499e557775f0ddd100dc689290ef2f3ac4fec1e9b,100,assumed,unverified
2026-01-06T12:00:00Z,2026-01-06T00:00:00Z,2026-01-06T12:00:00Z,2026-01-07T17:00:00Z,turbine_1,29,3.97,-2.5,0.034066070215303,january-backtest-v1,d094eb03a52f303931989830f7b4efb0d2e6c3faabb6b6a47793e8f3af157ee1,100,assumed,unverified
2026-01-06T12:00:00Z,2026-01-06T00:00:00Z,2026-01-06T12:00:00Z,2026-01-07T17:00:00Z,turbine_2,29,3.97,-2.5,0.031367420149386205,january-backtest-v1,bc781886f00f59e8ca445d0499e557775f0ddd100dc689290ef2f3ac4fec1e9b,100,assumed,unverified
2026-01-06T12:00:00Z,2026-01-06T00:00:00Z,2026-01-06T12:00:00Z,2026-01-07T18:00:00Z,turbine_1,30,4.01,-2.9,0.03607653599448013,january-backtest-v1,d094eb03a52f303931989830f7b4efb0d2e6c3faabb6b6a47793e8f3af157ee1,100,assumed,unverified
2026-01-06T12:00:00Z,2026-01-06T00:00:00Z,2026-01-06T12:00:00Z,2026-01-07T18:00:00Z,turbine_2,30,4.01,-2.9,0.033075218799377526,january-backtest-v1,bc781886f00f59e8ca445d0499e557775f0ddd100dc689290ef2f3ac4fec1e9b,100,assumed,unverified
2026-01-06T12:00:00Z,2026-01-06T00:00:00Z,2026-01-06T12:00:00Z,2026-01-07T19:00:00Z,turbine_1,31,3.76,-3.0,0.024832176229083347,january-backtest-v1,d094eb03a52f303931989830f7b4efb0d2e6c3faabb6b6a47793e8f3af157ee1,100,assumed,unverified
2026-01-06T12:00:00Z,2026-01-06T00:00:00Z,2026-01-06T12:00:00Z,2026-01-07T19:00:00Z,turbine_2,31,3.76,-3.0,0.020157542787165306,january-backtest-v1,bc781886f00f59e8ca445d0499e557775f0ddd100dc689290ef2f3ac4fec1e9b,100,assumed,unverified
2026-01-06T12:00:00Z,2026-01-06T00:00:00Z,2026-01-06T12:00:00Z,2026-01-07T20:00:00Z,turbine_1,32,3.17,-3.2,0.014119680657847467,january-backtest-v1,d094eb03a52f303931989830f7b4efb0d2e6c3faabb6b6a47793e8f3af157ee1,100,assumed,unverified
2026-01-06T12:00:00Z,2026-01-06T00:00:00Z,2026-01-06T12:00:00Z,2026-01-07T20:00:00Z,turbine_2,32,3.17,-3.2,0.01052181182691786,january-backtest-v1,bc781886f00f59e8ca445d0499e557775f0ddd100dc689290ef2f3ac4fec1e9b,100,assumed,unverified
2026-01-06T12:00:00Z,2026-01-06T00:00:00Z,2026-01-06T12:00:00Z,2026-01-07T21:00:00Z,turbine_1,33,4.05,-3.1,0.03560672728304454,january-backtest-v1,d094eb03a52f303931989830f7b4efb0d2e6c3faabb6b6a47793e8f3af157ee1,100,assumed,unverified
2026-01-06T12:00:00Z,2026-01-06T00:00:00Z,2026-01-06T12:00:00Z,2026-01-07T21:00:00Z,turbine_2,33,4.05,-3.1,0.03379669861760981,january-backtest-v1,bc781886f00f59e8ca445d0499e557775f0ddd100dc689290ef2f3ac4fec1e9b,100,assumed,unverified
2026-01-06T12:00:00Z,2026-01-06T00:00:00Z,2026-01-06T12:00:00Z,2026-01-07T22:00:00Z,turbine_1,34,4.0,-3.9,0.031070075446334222,january-backtest-v1,d094eb03a52f303931989830f7b4efb0d2e6c3faabb6b6a47793e8f3af157ee1,100,assumed,unverified
2026-01-06T12:00:00Z,2026-01-06T00:00:00Z,2026-01-06T12:00:00Z,2026-01-07T22:00:00Z,turbine_2,34,4.0,-3.9,0.031038989785664828,january-backtest-v1,bc781886f00f59e8ca445d0499e557775f0ddd100dc689290ef2f3ac4fec1e9b,100,assumed,unverified
2026-01-06T12:00:00Z,2026-01-06T00:00:00Z,2026-01-06T12:00:00Z,2026-01-07T23:00:00Z,turbine_1,35,3.07,-4.3,0.011411578347202356,january-backtest-v1,d094eb03a52f303931989830f7b4efb0d2e6c3faabb6b6a47793e8f3af157ee1,100,assumed,unverified
2026-01-06T12:00:00Z,2026-01-06T00:00:00Z,2026-01-06T12:00:00Z,2026-01-07T23:00:00Z,turbine_2,35,3.07,-4.3,0.007848165475204338,january-backtest-v1,bc781886f00f59e8ca445d0499e557775f0ddd100dc689290ef2f3ac4fec1e9b,100,assumed,unverified
2026-01-06T12:00:00Z,2026-01-06T00:00:00Z,2026-01-06T12:00:00Z,2026-01-08T00:00:00Z,turbine_1,36,2.97,-4.5,0.00460165185302519,january-backtest-v1,d094eb03a52f303931989830f7b4efb0d2e6c3faabb6b6a47793e8f3af157ee1,100,assumed,unverified
2026-01-06T12:00:00Z,2026-01-06T00:00:00Z,2026-01-06T12:00:00Z,2026-01-08T00:00:00Z,turbine_2,36,2.97,-4.5,0.004968405081427152,january-backtest-v1,bc781886f00f59e8ca445d0499e557775f0ddd100dc689290ef2f3ac4fec1e9b,100,assumed,unverified
2026-01-06T12:00:00Z,2026-01-06T00:00:00Z,2026-01-06T12:00:00Z,2026-01-08T01:00:00Z,turbine_1,37,3.84,-4.7,0.02566233418022751,january-backtest-v1,d094eb03a52f303931989830f7b4efb0d2e6c3faabb6b6a47793e8f3af157ee1,100,assumed,unverified
2026-01-06T12:00:00Z,2026-01-06T00:00:00Z,2026-01-06T12:00:00Z,2026-01-08T01:00:00Z,turbine_2,37,3.84,-4.7,0.019510269509166955,january-backtest-v1,bc781886f00f59e8ca445d0499e557775f0ddd100dc689290ef2f3ac4fec1e9b,100,assumed,unverified
2026-01-06T12:00:00Z,2026-01-06T00:00:00Z,2026-01-06T12:00:00Z,2026-01-08T02:00:00Z,turbine_1,38,3.81,-4.9,0.025705964365581924,january-backtest-v1,d094eb03a52f303931989830f7b4efb0d2e6c3faabb6b6a47793e8f3af157ee1,100,assumed,unverified
2026-01-06T12:00:00Z,2026-01-06T00:00:00Z,2026-01-06T12:00:00Z,2026-01-08T02:00:00Z,turbine_2,38,3.81,-4.9,0.019510269509166955,january-backtest-v1,bc781886f00f59e8ca445d0499e557775f0ddd100dc689290ef2f3ac4fec1e9b,100,assumed,unverified
2026-01-06T12:00:00Z,2026-01-06T00:00:00Z,2026-01-06T12:00:00Z,2026-01-08T03:00:00Z,turbine_1,39,3.87,-4.1,0.03241618494304527,january-backtest-v1,d094eb03a52f303931989830f7b4efb0d2e6c3faabb6b6a47793e8f3af157ee1,100,assumed,unverified
2026-01-06T12:00:00Z,2026-01-06T00:00:00Z,2026-01-06T12:00:00Z,2026-01-08T03:00:00Z,turbine_2,39,3.87,-4.1,0.024089203060542297,january-backtest-v1,bc781886f00f59e8ca445d0499e557775f0ddd100dc689290ef2f3ac4fec1e9b,100,assumed,unverified
2026-01-06T12:00:00Z,2026-01-06T00:00:00Z,2026-01-06T12:00:00Z,2026-01-08T04:00:00Z,turbine_1,40,4.85,-1.7,0.07381354855584521,january-backtest-v1,d094eb03a52f303931989830f7b4efb0d2e6c3faabb6b6a47793e8f3af157ee1,100,assumed,unverified
2026-01-06T12:00:00Z,2026-01-06T00:00:00Z,2026-01-06T12:00:00Z,2026-01-08T04:00:00Z,turbine_2,40,4.85,-1.7,0.0659827864946464,january-backtest-v1,bc781886f00f59e8ca445d0499e557775f0ddd100dc689290ef2f3ac4fec1e9b,100,assumed,unverified
2026-01-06T12:00:00Z,2026-01-06T00:00:00Z,2026-01-06T12:00:00Z,2026-01-08T05:00:00Z,turbine_1,41,4.34,0.0,0.04989765172332228,january-backtest-v1,d094eb03a52f303931989830f7b4efb0d2e6c3faabb6b6a47793e8f3af157ee1,100,assumed,unverified
2026-01-06T12:00:00Z,2026-01-06T00:00:00Z,2026-01-06T12:00:00Z,2026-01-08T05:00:00Z,turbine_2,41,4.34,0.0,0.05241273056163359,january-backtest-v1,bc781886f00f59e8ca445d0499e557775f0ddd100dc689290ef2f3ac4fec1e9b,100,assumed,unverified
2026-01-06T12:00:00Z,2026-01-06T00:00:00Z,2026-01-06T12:00:00Z,2026-01-08T06:00:00Z,turbine_1,42,4.64,1.5,0.0772604519155835,january-backtest-v1,d094eb03a52f303931989830f7b4efb0d2e6c3faabb6b6a47793e8f3af157ee1,100,assumed,unverified
2026-01-06T12:00:00Z,2026-01-06T00:00:00Z,2026-01-06T12:00:00Z,2026-01-08T06:00:00Z,turbine_2,42,4.64,1.5,0.06506461338424946,january-backtest-v1,bc781886f00f59e8ca445d0499e557775f0ddd100dc689290ef2f3ac4fec1e9b,100,assumed,unverified
2026-01-06T12:00:00Z,2026-01-06T00:00:00Z,2026-01-06T12:00:00Z,2026-01-08T07:00:00Z,turbine_1,43,5.25,2.7,0.12931970693627542,january-backtest-v1,d094eb03a52f303931989830f7b4efb0d2e6c3faabb6b6a47793e8f3af157ee1,100,assumed,unverified
2026-01-06T12:00:00Z,2026-01-06T00:00:00Z,2026-01-06T12:00:00Z,2026-01-08T07:00:00Z,turbine_2,43,5.25,2.7,0.10640390728722748,january-backtest-v1,bc781886f00f59e8ca445d0499e557775f0ddd100dc689290ef2f3ac4fec1e9b,100,assumed,unverified
2026-01-06T12:00:00Z,2026-01-06T00:00:00Z,2026-01-06T12:00:00Z,2026-01-08T08:00:00Z,turbine_1,44,5.51,3.4,0.14274712575539872,january-backtest-v1,d094eb03a52f303931989830f7b4efb0d2e6c3faabb6b6a47793e8f3af157ee1,100,assumed,unverified
2026-01-06T12:00:00Z,2026-01-06T00:00:00Z,2026-01-06T12:00:00Z,2026-01-08T08:00:00Z,turbine_2,44,5.51,3.4,0.13507010640263992,january-backtest-v1,bc781886f00f59e8ca445d0499e557775f0ddd100dc689290ef2f3ac4fec1e9b,100,assumed,unverified
2026-01-06T12:00:00Z,2026-01-06T00:00:00Z,2026-01-06T12:00:00Z,2026-01-08T09:00:00Z,turbine_1,45,5.17,3.6,0.12142597771814623,january-backtest-v1,d094eb03a52f303931989830f7b4efb0d2e6c3faabb6b6a47793e8f3af157ee1,100,assumed,unverified
2026-01-06T12:00:00Z,2026-01-06T00:00:00Z,2026-01-06T12:00:00Z,2026-01-08T09:00:00Z,turbine_2,45,5.17,3.6,0.1043738651629279,january-backtest-v1,bc781886f00f59e8ca445d0499e557775f0ddd100dc689290ef2f3ac4fec1e9b,100,assumed,unverified
2026-01-06T12:00:00Z,2026-01-06T00:00:00Z,2026-01-06T12:00:00Z,2026-01-08T10:00:00Z,turbine_1,46,5.45,2.6,0.1398585562194212,january-backtest-v1,d094eb03a52f303931989830f7b4efb0d2e6c3faabb6b6a47793e8f3af157ee1,100,assumed,unverified
2026-01-06T12:00:00Z,2026-01-06T00:00:00Z,2026-01-06T12:00:00Z,2026-01-08T10:00:00Z,turbine_2,46,5.45,2.6,0.11973360817543263,january-backtest-v1,bc781886f00f59e8ca445d0499e557775f0ddd100dc689290ef2f3ac4fec1e9b,100,assumed,unverified
2026-01-06T12:00:00Z,2026-01-06T00:00:00Z,2026-01-06T12:00:00Z,2026-01-08T11:00:00Z,turbine_1,47,5.85,0.2,0.18298719948423275,january-backtest-v1,d094eb03a52f303931989830f7b4efb0d2e6c3faabb6b6a47793e8f3af157ee1,100,assumed,unverified
2026-01-06T12:00:00Z,2026-01-06T00:00:00Z,2026-01-06T12:00:00Z,2026-01-08T11:00:00Z,turbine_2,47,5.85,0.2,0.16244123576520797,january-backtest-v1,bc781886f00f59e8ca445d0499e557775f0ddd100dc689290ef2f3ac4fec1e9b,100,assumed,unverified
2026-01-06T12:00:00Z,2026-01-06T00:00:00Z,2026-01-06T12:00:00Z,2026-01-08T12:00:00Z,turbine_1,48,5.62,-2.1,0.13179101076658153,january-backtest-v1,d094eb03a52f303931989830f7b4efb0d2e6c3faabb6b6a47793e8f3af157ee1,100,assumed,unverified
2026-01-06T12:00:00Z,2026-01-06T00:00:00Z,2026-01-06T12:00:00Z,2026-01-08T12:00:00Z,turbine_2,48,5.62,-2.1,0.11866332446727221,january-backtest-v1,bc781886f00f59e8ca445d0499e557775f0ddd100dc689290ef2f3ac4fec1e9b,100,assumed,unverified
2026-01-07T12:00:00Z,2026-01-07T00:00:00Z,2026-01-07T12:00:00Z,2026-01-07T13:00:00Z,turbine_1,1,1.99,-1.2,0.010107232145673606,january-backtest-v1,d094eb03a52f303931989830f7b4efb0d2e6c3faabb6b6a47793e8f3af157ee1,100,assumed,unverified
2026-01-07T12:00:00Z,2026-01-07T00:00:00Z,2026-01-07T12:00:00Z,2026-01-07T13:00:00Z,turbine_2,1,1.99,-1.2,0.009436182603520749,january-backtest-v1,bc781886f00f59e8ca445d0499e557775f0ddd100dc689290ef2f3ac4fec1e9b,100,assumed,unverified
2026-01-07T12:00:00Z,2026-01-07T00:00:00Z,2026-01-07T12:00:00Z,2026-01-07T14:00:00Z,turbine_1,2,3.03,-1.4,0.010724510359066464,january-backtest-v1,d094eb03a52f303931989830f7b4efb0d2e6c3faabb6b6a47793e8f3af157ee1,100,assumed,unverified
2026-01-07T12:00:00Z,2026-01-07T00:00:00Z,2026-01-07T12:00:00Z,2026-01-07T14:00:00Z,turbine_2,2,3.03,-1.4,0.00657300055914023,january-backtest-v1,bc781886f00f59e8ca445d0499e557775f0ddd100dc689290ef2f3ac4fec1e9b,100,assumed,unverified
2026-01-07T12:00:00Z,2026-01-07T00:00:00Z,2026-01-07T12:00:00Z,2026-01-07T15:00:00Z,turbine_1,3,3.87,-1.9,0.03454478070801259,january-backtest-v1,d094eb03a52f303931989830f7b4efb0d2e6c3faabb6b6a47793e8f3af157ee1,100,assumed,unverified
2026-01-07T12:00:00Z,2026-01-07T00:00:00Z,2026-01-07T12:00:00Z,2026-01-07T15:00:00Z,turbine_2,3,3.87,-1.9,0.02401753089706926,january-backtest-v1,bc781886f00f59e8ca445d0499e557775f0ddd100dc689290ef2f3ac4fec1e9b,100,assumed,unverified
2026-01-07T12:00:00Z,2026-01-07T00:00:00Z,2026-01-07T12:00:00Z,2026-01-07T16:00:00Z,turbine_1,4,3.98,-2.1,0.03491946981304467,january-backtest-v1,d094eb03a52f303931989830f7b4efb0d2e6c3faabb6b6a47793e8f3af157ee1,100,assumed,unverified
2026-01-07T12:00:00Z,2026-01-07T00:00:00Z,2026-01-07T12:00:00Z,2026-01-07T16:00:00Z,turbine_2,4,3.98,-2.1,0.032166331658356584,january-backtest-v1,bc781886f00f59e8ca445d0499e557775f0ddd100dc689290ef2f3ac4fec1e9b,100,assumed,unverified
2026-01-07T12:00:00Z,2026-01-07T00:00:00Z,2026-01-07T12:00:00Z,2026-01-07T17:00:00Z,turbine_1,5,4.03,-2.5,0.03704243459857198,january-backtest-v1,d094eb03a52f303931989830f7b4efb0d2e6c3faabb6b6a47793e8f3af157ee1,100,assumed,unverified
2026-01-07T12:00:00Z,2026-01-07T00:00:00Z,2026-01-07T12:00:00Z,2026-01-07T17:00:00Z,turbine_2,5,4.03,-2.5,0.03293457517624476,january-backtest-v1,bc781886f00f59e8ca445d0499e557775f0ddd100dc689290ef2f3ac4fec1e9b,100,assumed,unverified
2026-01-07T12:00:00Z,2026-01-07T00:00:00Z,2026-01-07T12:00:00Z,2026-01-07T18:00:00Z,turbine_1,6,3.89,-2.8,0.0340959519333649,january-backtest-v1,d094eb03a52f303931989830f7b4efb0d2e6c3faabb6b6a47793e8f3af157ee1,100,assumed,unverified
2026-01-07T12:00:00Z,2026-01-07T00:00:00Z,2026-01-07T12:00:00Z,2026-01-07T18:00:00Z,turbine_2,6,3.89,-2.8,0.026125432074254995,january-backtest-v1,bc781886f00f59e8ca445d0499e557775f0ddd100dc689290ef2f3ac4fec1e9b,100,assumed,unverified
2026-01-07T12:00:00Z,2026-01-07T00:00:00Z,2026-01-07T12:00:00Z,2026-01-07T19:00:00Z,turbine_1,7,3.18,-3.0,0.013457575934537613,january-backtest-v1,d094eb03a52f303931989830f7b4efb0d2e6c3faabb6b6a47793e8f3af157ee1,100,assumed,unverified
2026-01-07T12:00:00Z,2026-01-07T00:00:00Z,2026-01-07T12:00:00Z,2026-01-07T19:00:00Z,turbine_2,7,3.18,-3.0,0.010644474312504815,january-backtest-v1,bc781886f00f59e8ca445d0499e557775f0ddd100dc689290ef2f3ac4fec1e9b,100,assumed,unverified
2026-01-07T12:00:00Z,2026-01-07T00:00:00Z,2026-01-07T12:00:00Z,2026-01-07T20:00:00Z,turbine_1,8,2.45,-3.0,0.008376016260443042,january-backtest-v1,d094eb03a52f303931989830f7b4efb0d2e6c3faabb6b6a47793e8f3af157ee1,100,assumed,unverified
2026-01-07T12:00:00Z,2026-01-07T00:00:00Z,2026-01-07T12:00:00Z,2026-01-07T20:00:00Z,turbine_2,8,2.45,-3.0,0.009270683498979249,january-backtest-v1,bc781886f00f59e8ca445d0499e557775f0ddd100dc689290ef2f3ac4fec1e9b,100,assumed,unverified
2026-01-07T12:00:00Z,2026-01-07T00:00:00Z,2026-01-07T12:00:00Z,2026-01-07T21:00:00Z,turbine_1,9,2.59,-3.1,0.007859773809990256,january-backtest-v1,d094eb03a52f303931989830f7b4efb0d2e6c3faabb6b6a47793e8f3af157ee1,100,assumed,unverified
2026-01-07T12:00:00Z,2026-01-07T00:00:00Z,2026-01-07T12:00:00Z,2026-01-07T21:00:00Z,turbine_2,9,2.59,-3.1,0.0072701905458896765,january-backtest-v1,bc781886f00f59e8ca445d0499e557775f0ddd100dc689290ef2f3ac4fec1e9b,100,assumed,unverified
2026-01-07T12:00:00Z,2026-01-07T00:00:00Z,2026-01-07T12:00:00Z,2026-01-07T22:00:00Z,turbine_1,10,3.54,-3.2,0.02202584857200396,january-backtest-v1,d094eb03a52f303931989830f7b4efb0d2e6c3faabb6b6a47793e8f3af157ee1,100,assumed,unverified
2026-01-07T12:00:00Z,2026-01-07T00:00:00Z,2026-01-07T12:00:00Z,2026-01-07T22:00:00Z,turbine_2,10,3.54,-3.2,0.013714380279646388,january-backtest-v1,bc781886f00f59e8ca445d0499e557775f0ddd100dc689290ef2f3ac4fec1e9b,100,assumed,unverified
2026-01-07T12:00:00Z,2026-01-07T00:00:00Z,2026-01-07T12:00:00Z,2026-01-07T23:00:00Z,turbine_1,11,3.58,-4.0,0.020594236162792157,january-backtest-v1,d094eb03a52f303931989830f7b4efb0d2e6c3faabb6b6a47793e8f3af157ee1,100,assumed,unverified
2026-01-07T12:00:00Z,2026-01-07T00:00:00Z,2026-01-07T12:00:00Z,2026-01-07T23:00:00Z,turbine_2,11,3.58,-4.0,0.015567217858996563,january-backtest-v1,bc781886f00f59e8ca445d0499e557775f0ddd100dc689290ef2f3ac4fec1e9b,100,assumed,unverified
2026-01-07T12:00:00Z,2026-01-07T00:00:00Z,2026-01-07T12:00:00Z,2026-01-08T00:00:00Z,turbine_1,12,3.66,-4.4,0.024894997100388783,january-backtest-v1,d094eb03a52f303931989830f7b4efb0d2e6c3faabb6b6a47793e8f3af157ee1,100,assumed,unverified
2026-01-07T12:00:00Z,2026-01-07T00:00:00Z,2026-01-07T12:00:00Z,2026-01-08T00:00:00Z,turbine_2,12,3.66,-4.4,0.015520401268454276,january-backtest-v1,bc781886f00f59e8ca445d0499e557775f0ddd100dc689290ef2f3ac4fec1e9b,100,assumed,unverified
2026-01-07T12:00:00Z,2026-01-07T00:00:00Z,2026-01-07T12:00:00Z,2026-01-08T01:00:00Z,turbine_1,13,2.02,-4.4,0.008290677238095845,january-backtest-v1,d094eb03a52f303931989830f7b4efb0d2e6c3faabb6b6a47793e8f3af157ee1,100,assumed,unverified
2026-01-07T12:00:00Z,2026-01-07T00:00:00Z,2026-01-07T12:00:00Z,2026-01-08T01:00:00Z,turbine_2,13,2.02,-4.4,0.007518822078937781,january-backtest-v1,bc781886f00f59e8ca445d0499e557775f0ddd100dc689290ef2f3ac4fec1e9b,100,assumed,unverified
2026-01-07T12:00:00Z,2026-01-07T00:00:00Z,2026-01-07T12:00:00Z,2026-01-08T02:00:00Z,turbine_1,14,0.47,-4.3,0.008521482098653443,january-backtest-v1,d094eb03a52f303931989830f7b4efb0d2e6c3faabb6b6a47793e8f3af157ee1,100,assumed,unverified
2026-01-07T12:00:00Z,2026-01-07T00:00:00Z,2026-01-07T12:00:00Z,2026-01-08T02:00:00Z,turbine_2,14,0.47,-4.3,0.009090202092875421,january-backtest-v1,bc781886f00f59e8ca445d0499e557775f0ddd100dc689290ef2f3ac4fec1e9b,100,assumed,unverified
2026-01-07T12:00:00Z,2026-01-07T00:00:00Z,2026-01-07T12:00:00Z,2026-01-08T03:00:00Z,turbine_1,15,2.95,-4.0,0.0050663124058377695,january-backtest-v1,d094eb03a52f303931989830f7b4efb0d2e6c3faabb6b6a47793e8f3af157ee1,100,assumed,unverified
2026-01-07T12:00:00Z,2026-01-07T00:00:00Z,2026-01-07T12:00:00Z,2026-01-08T03:00:00Z,turbine_2,15,2.95,-4.0,0.005106799834226627,january-backtest-v1,bc781886f00f59e8ca445d0499e557775f0ddd100dc689290ef2f3ac4fec1e9b,100,assumed,unverified
2026-01-07T12:00:00Z,2026-01-07T00:00:00Z,2026-01-07T12:00:00Z,2026-01-08T04:00:00Z,turbine_1,16,2.98,-1.7,0.0052134457207429485,january-backtest-v1,d094eb03a52f303931989830f7b4efb0d2e6c3faabb6b6a47793e8f3af157ee1,100,assumed,unverified
2026-01-07T12:00:00Z,2026-01-07T00:00:00Z,2026-01-07T12:00:00Z,2026-01-08T04:00:00Z,turbine_2,16,2.98,-1.7,0.00454415339276637,january-backtest-v1,bc781886f00f59e8ca445d0499e557775f0ddd100dc689290ef2f3ac4fec1e9b,100,assumed,unverified
2026-01-07T12:00:00Z,2026-01-07T00:00:00Z,2026-01-07T12:00:00Z,2026-01-08T05:00:00Z,turbine_1,17,2.25,-0.2,0.011638897540268534,january-backtest-v1,d094eb03a52f303931989830f7b4efb0d2e6c3faabb6b6a47793e8f3af157ee1,100,assumed,unverified
2026-01-07T12:00:00Z,2026-01-07T00:00:00Z,2026-01-07T12:00:00Z,2026-01-08T05:00:00Z,turbine_2,17,2.25,-0.2,0.01427295246933774,january-backtest-v1,bc781886f00f59e8ca445d0499e557775f0ddd100dc689290ef2f3ac4fec1e9b,100,assumed,unverified
2026-01-07T12:00:00Z,2026-01-07T00:00:00Z,2026-01-07T12:00:00Z,2026-01-08T06:00:00Z,turbine_1,18,2.55,1.1,0.011889993110981267,january-backtest-v1,d094eb03a52f303931989830f7b4efb0d2e6c3faabb6b6a47793e8f3af157ee1,100,assumed,unverified
2026-01-07T12:00:00Z,2026-01-07T00:00:00Z,2026-01-07T12:00:00Z,2026-01-08T06:00:00Z,turbine_2,18,2.55,1.1,0.009245223471987585,january-backtest-v1,bc781886f00f59e8ca445d0499e557775f0ddd100dc689290ef2f3ac4fec1e9b,100,assumed,unverified
2026-01-07T12:00:00Z,2026-01-07T00:00:00Z,2026-01-07T12:00:00Z,2026-01-08T07:00:00Z,turbine_1,19,2.8,1.9,0.012731927764118744,january-backtest-v1,d094eb03a52f303931989830f7b4efb0d2e6c3faabb6b6a47793e8f3af157ee1,100,assumed,unverified
2026-01-07T12:00:00Z,2026-01-07T00:00:00Z,2026-01-07T12:00:00Z,2026-01-08T07:00:00Z,turbine_2,19,2.8,1.9,0.01210728699432806,january-backtest-v1,bc781886f00f59e8ca445d0499e557775f0ddd100dc689290ef2f3ac4fec1e9b,100,assumed,unverified
2026-01-07T12:00:00Z,2026-01-07T00:00:00Z,2026-01-07T12:00:00Z,2026-01-08T08:00:00Z,turbine_1,20,3.16,2.3,0.021886394104764673,january-backtest-v1,d094eb03a52f303931989830f7b4efb0d2e6c3faabb6b6a47793e8f3af157ee1,100,assumed,unverified
2026-01-07T12:00:00Z,2026-01-07T00:00:00Z,2026-01-07T12:00:00Z,2026-01-08T08:00:00Z,turbine_2,20,3.16,2.3,0.016703541742004835,january-backtest-v1,bc781886f00f59e8ca445d0499e557775f0ddd100dc689290ef2f3ac4fec1e9b,100,assumed,unverified
2026-01-07T12:00:00Z,2026-01-07T00:00:00Z,2026-01-07T12:00:00Z,2026-01-08T09:00:00Z,turbine_1,21,2.96,2.5,0.013189274224541858,january-backtest-v1,d094eb03a52f303931989830f7b4efb0d2e6c3faabb6b6a47793e8f3af157ee1,100,assumed,unverified
2026-01-07T12:00:00Z,2026-01-07T00:00:00Z,2026-01-07T12:00:00Z,2026-01-08T09:00:00Z,turbine_2,21,2.96,2.5,0.010625202297210201,january-backtest-v1,bc781886f00f59e8ca445d0499e557775f0ddd100dc689290ef2f3ac4fec1e9b,100,assumed,unverified
2026-01-07T12:00:00Z,2026-01-07T00:00:00Z,2026-01-07T12:00:00Z,2026-01-08T10:00:00Z,turbine_1,22,2.94,1.8,0.012412055594960614,january-backtest-v1,d094eb03a52f303931989830f7b4efb0d2e6c3faabb6b6a47793e8f3af157ee1,100,assumed,unverified
2026-01-07T12:00:00Z,2026-01-07T00:00:00Z,2026-01-07T12:00:00Z,2026-01-08T10:00:00Z,turbine_2,22,2.94,1.8,0.011100339770323653,january-backtest-v1,bc781886f00f59e8ca445d0499e557775f0ddd100dc689290ef2f3ac4fec1e9b,100,assumed,unverified
2026-01-07T12:00:00Z,2026-01-07T00:00:00Z,2026-01-07T12:00:00Z,2026-01-08T11:00:00Z,turbine_1,23,3.79,-1.1,0.026797379327815174,january-backtest-v1,d094eb03a52f303931989830f7b4efb0d2e6c3faabb6b6a47793e8f3af157ee1,100,assumed,unverified
2026-01-07T12:00:00Z,2026-01-07T00:00:00Z,2026-01-07T12:00:00Z,2026-01-08T11:00:00Z,turbine_2,23,3.79,-1.1,0.023115963528602124,january-backtest-v1,bc781886f00f59e8ca445d0499e557775f0ddd100dc689290ef2f3ac4fec1e9b,100,assumed,unverified
2026-01-07T12:00:00Z,2026-01-07T00:00:00Z,2026-01-07T12:00:00Z,2026-01-08T12:00:00Z,turbine_1,24,4.3,-2.3,0.04082191406779773,january-backtest-v1,d094eb03a52f303931989830f7b4efb0d2e6c3faabb6b6a47793e8f3af157ee1,100,assumed,unverified
2026-01-07T12:00:00Z,2026-01-07T00:00:00Z,2026-01-07T12:00:00Z,2026-01-08T12:00:00Z,turbine_2,24,4.3,-2.3,0.03563313413374558,january-backtest-v1,bc781886f00f59e8ca445d0499e557775f0ddd100dc689290ef2f3ac4fec1e9b,100,assumed,unverified
2026-01-07T12:00:00Z,2026-01-07T00:00:00Z,2026-01-07T12:00:00Z,2026-01-08T13:00:00Z,turbine_1,25,4.92,-2.4,0.0800857778943182,january-backtest-v1,d094eb03a52f303931989830f7b4efb0d2e6c3faabb6b6a47793e8f3af157ee1,100,assumed,unverified
2026-01-07T12:00:00Z,2026-01-07T00:00:00Z,2026-01-07T12:00:00Z,2026-01-08T13:00:00Z,turbine_2,25,4.92,-2.4,0.06499611394264027,january-backtest-v1,bc781886f00f59e8ca445d0499e557775f0ddd100dc689290ef2f3ac4fec1e9b,100,assumed,unverified
2026-01-07T12:00:00Z,2026-01-07T00:00:00Z,2026-01-07T12:00:00Z,2026-01-08T14:00:00Z,turbine_1,26,5.32,-2.3,0.1107739306150064,january-backtest-v1,d094eb03a52f303931989830f7b4efb0d2e6c3faabb6b6a47793e8f3af157ee1,100,assumed,unverified
2026-01-07T12:00:00Z,2026-01-07T00:00:00Z,2026-01-07T12:00:00Z,2026-01-08T14:00:00Z,turbine_2,26,5.32,-2.3,0.09484687482841014,january-backtest-v1,bc781886f00f59e8ca445d0499e557775f0ddd100dc689290ef2f3ac4fec1e9b,100,assumed,unverified
2026-01-07T12:00:00Z,2026-01-07T00:00:00Z,2026-01-07T12:00:00Z,2026-01-08T15:00:00Z,turbine_1,27,5.14,-2.3,0.09089678543791824,january-backtest-v1,d094eb03a52f303931989830f7b4efb0d2e6c3faabb6b6a47793e8f3af157ee1,100,assumed,unverified
2026-01-07T12:00:00Z,2026-01-07T00:00:00Z,2026-01-07T12:00:00Z,2026-01-08T15:00:00Z,turbine_2,27,5.14,-2.3,0.08151251880616017,january-backtest-v1,bc781886f00f59e8ca445d0499e557775f0ddd100dc689290ef2f3ac4fec1e9b,100,assumed,unverified
2026-01-07T12:00:00Z,2026-01-07T00:00:00Z,2026-01-07T12:00:00Z,2026-01-08T16:00:00Z,turbine_1,28,4.97,-2.6,0.08058884772340646,january-backtest-v1,d094eb03a52f303931989830f7b4efb0d2e6c3faabb6b6a47793e8f3af157ee1,100,assumed,unverified
2026-01-07T12:00:00Z,2026-01-07T00:00:00Z,2026-01-07T12:00:00Z,2026-01-08T16:00:00Z,turbine_2,28,4.97,-2.6,0.06794239972654942,january-backtest-v1,bc781886f00f59e8ca445d0499e557775f0ddd100dc689290ef2f3ac4fec1e9b,100,assumed,unverified
2026-01-07T12:00:00Z,2026-01-07T00:00:00Z,2026-01-07T12:00:00Z,2026-01-08T17:00:00Z,turbine_1,29,5.32,-2.9,0.10892889111006043,january-backtest-v1,d094eb03a52f303931989830f7b4efb0d2e6c3faabb6b6a47793e8f3af157ee1,100,assumed,unverified
2026-01-07T12:00:00Z,2026-01-07T00:00:00Z,2026-01-07T12:00:00Z,2026-01-08T17:00:00Z,turbine_2,29,5.32,-2.9,0.09430356690610436,january-backtest-v1,bc781886f00f59e8ca445d0499e557775f0ddd100dc689290ef2f3ac4fec1e9b,100,assumed,unverified
2026-01-07T12:00:00Z,2026-01-07T00:00:00Z,2026-01-07T12:00:00Z,2026-01-08T18:00:00Z,turbine_1,30,5.75,-3.1,0.14239554125988343,january-backtest-v1,d094eb03a52f303931989830f7b4efb0d2e6c3faabb6b6a47793e8f3af157ee1,100,assumed,unverified
2026-01-07T12:00:00Z,2026-01-07T00:00:00Z,2026-01-07T12:00:00Z,2026-01-08T18:00:00Z,turbine_2,30,5.75,-3.1,0.1320311249454519,january-backtest-v1,bc781886f00f59e8ca445d0499e557775f0ddd100dc689290ef2f3ac4fec1e9b,100,assumed,unverified
2026-01-07T12:00:00Z,2026-01-07T00:00:00Z,2026-01-07T12:00:00Z,2026-01-08T19:00:00Z,turbine_1,31,6.11,-3.4,0.20431414534035644,january-backtest-v1,d094eb03a52f303931989830f7b4efb0d2e6c3faabb6b6a47793e8f3af157ee1,100,assumed,unverified
2026-01-07T12:00:00Z,2026-01-07T00:00:00Z,2026-01-07T12:00:00Z,2026-01-08T19:00:00Z,turbine_2,31,6.11,-3.4,0.18476943059488946,january-backtest-v1,bc781886f00f59e8ca445d0499e557775f0ddd100dc689290ef2f3ac4fec1e9b,100,assumed,unverified
2026-01-07T12:00:00Z,2026-01-07T00:00:00Z,2026-01-07T12:00:00Z,2026-01-08T20:00:00Z,turbine_1,32,6.5,-3.5,0.25419438491452684,january-backtest-v1,d094eb03a52f303931989830f7b4efb0d2e6c3faabb6b6a47793e8f3af157ee1,100,assumed,unverified
2026-01-07T12:00:00Z,2026-01-07T00:00:00Z,2026-01-07T12:00:00Z,2026-01-08T20:00:00Z,turbine_2,32,6.5,-3.5,0.23992909559799208,january-backtest-v1,bc781886f00f59e8ca445d0499e557775f0ddd100dc689290ef2f3ac4fec1e9b,100,assumed,unverified
2026-01-07T12:00:00Z,2026-01-07T00:00:00Z,2026-01-07T12:00:00Z,2026-01-08T21:00:00Z,turbine_1,33,6.75,-3.6,0.2883998652448019,january-backtest-v1,d094eb03a52f303931989830f7b4efb0d2e6c3faabb6b6a47793e8f3af157ee1,100,assumed,unverified
2026-01-07T12:00:00Z,2026-01-07T00:00:00Z,2026-01-07T12:00:00Z,2026-01-08T21:00:00Z,turbine_2,33,6.75,-3.6,0.2671390512427521,january-backtest-v1,bc781886f00f59e8ca445d0499e557775f0ddd100dc689290ef2f3ac4fec1e9b,100,assumed,unverified
2026-01-07T12:00:00Z,2026-01-07T00:00:00Z,2026-01-07T12:00:00Z,2026-01-08T22:00:00Z,turbine_1,34,6.99,-3.6,0.3334137471068667,january-backtest-v1,d094eb03a52f303931989830f7b4efb0d2e6c3faabb6b6a47793e8f3af157ee1,100,assumed,unverified
2026-01-07T12:00:00Z,2026-01-07T00:00:00Z,2026-01-07T12:00:00Z,2026-01-08T22:00:00Z,turbine_2,34,6.99,-3.6,0.32579512996642035,january-backtest-v1,bc781886f00f59e8ca445d0499e557775f0ddd100dc689290ef2f3ac4fec1e9b,100,assumed,unverified
2026-01-07T12:00:00Z,2026-01-07T00:00:00Z,2026-01-07T12:00:00Z,2026-01-08T23:00:00Z,turbine_1,35,7.1,-3.7,0.3456306395110844,january-backtest-v1,d094eb03a52f303931989830f7b4efb0d2e6c3faabb6b6a47793e8f3af157ee1,100,assumed,unverified
2026-01-07T12:00:00Z,2026-01-07T00:00:00Z,2026-01-07T12:00:00Z,2026-01-08T23:00:00Z,turbine_2,35,7.1,-3.7,0.33707729919022594,january-backtest-v1,bc781886f00f59e8ca445d0499e557775f0ddd100dc689290ef2f3ac4fec1e9b,100,assumed,unverified
2026-01-07T12:00:00Z,2026-01-07T00:00:00Z,2026-01-07T12:00:00Z,2026-01-09T00:00:00Z,turbine_1,36,6.92,-3.9,0.3184296411807433,january-backtest-v1,d094eb03a52f303931989830f7b4efb0d2e6c3faabb6b6a47793e8f3af157ee1,100,assumed,unverified
2026-01-07T12:00:00Z,2026-01-07T00:00:00Z,2026-01-07T12:00:00Z,2026-01-09T00:00:00Z,turbine_2,36,6.92,-3.9,0.29799326789654956,january-backtest-v1,bc781886f00f59e8ca445d0499e557775f0ddd100dc689290ef2f3ac4fec1e9b,100,assumed,unverified
2026-01-07T12:00:00Z,2026-01-07T00:00:00Z,2026-01-07T12:00:00Z,2026-01-09T01:00:00Z,turbine_1,37,6.82,-4.1,0.3047556060161404,january-backtest-v1,d094eb03a52f303931989830f7b4efb0d2e6c3faabb6b6a47793e8f3af157ee1,100,assumed,unverified
2026-01-07T12:00:00Z,2026-01-07T00:00:00Z,2026-01-07T12:00:00Z,2026-01-09T01:00:00Z,turbine_2,37,6.82,-4.1,0.2859488264866754,january-backtest-v1,bc781886f00f59e8ca445d0499e557775f0ddd100dc689290ef2f3ac4fec1e9b,100,assumed,unverified
2026-01-07T12:00:00Z,2026-01-07T00:00:00Z,2026-01-07T12:00:00Z,2026-01-09T02:00:00Z,turbine_1,38,6.8,-4.4,0.2861242490820335,january-backtest-v1,d094eb03a52f303931989830f7b4efb0d2e6c3faabb6b6a47793e8f3af157ee1,100,assumed,unverified
2026-01-07T12:00:00Z,2026-01-07T00:00:00Z,2026-01-07T12:00:00Z,2026-01-09T02:00:00Z,turbine_2,38,6.8,-4.4,0.2790795437003511,january-backtest-v1,bc781886f00f59e8ca445d0499e557775f0ddd100dc689290ef2f3ac4fec1e9b,100,assumed,unverified
2026-01-07T12:00:00Z,2026-01-07T00:00:00Z,2026-01-07T12:00:00Z,2026-01-09T03:00:00Z,turbine_1,39,6.69,-3.8,0.28681910507122443,january-backtest-v1,d094eb03a52f303931989830f7b4efb0d2e6c3faabb6b6a47793e8f3af157ee1,100,assumed,unverified
2026-01-07T12:00:00Z,2026-01-07T00:00:00Z,2026-01-07T12:00:00Z,2026-01-09T03:00:00Z,turbine_2,39,6.69,-3.8,0.26139832651690353,january-backtest-v1,bc781886f00f59e8ca445d0499e557775f0ddd100dc689290ef2f3ac4fec1e9b,100,assumed,unverified
2026-01-07T12:00:00Z,2026-01-07T00:00:00Z,2026-01-07T12:00:00Z,2026-01-09T04:00:00Z,turbine_1,40,7.0,-0.8,0.35117143784266025,january-backtest-v1,d094eb03a52f303931989830f7b4efb0d2e6c3faabb6b6a47793e8f3af157ee1,100,assumed,unverified
2026-01-07T12:00:00Z,2026-01-07T00:00:00Z,2026-01-07T12:00:00Z,2026-01-09T04:00:00Z,turbine_2,40,7.0,-0.8,0.3410205030004189,january-backtest-v1,bc781886f00f59e8ca445d0499e557775f0ddd100dc689290ef2f3ac4fec1e9b,100,assumed,unverified
2026-01-07T12:00:00Z,2026-01-07T00:00:00Z,2026-01-07T12:00:00Z,2026-01-09T05:00:00Z,turbine_1,41,5.77,2.2,0.18336359631434854,january-backtest-v1,d094eb03a52f303931989830f7b4efb0d2e6c3faabb6b6a47793e8f3af157ee1,100,assumed,unverified
2026-01-07T12:00:00Z,2026-01-07T00:00:00Z,2026-01-07T12:00:00Z,2026-01-09T05:00:00Z,turbine_2,41,5.77,2.2,0.16220107194727745,january-backtest-v1,bc781886f00f59e8ca445d0499e557775f0ddd100dc689290ef2f3ac4fec1e9b,100,assumed,unverified
2026-01-07T12:00:00Z,2026-01-07T00:00:00Z,2026-01-07T12:00:00Z,2026-01-09T06:00:00Z,turbine_1,42,6.12,4.2,0.2347247167918715,january-backtest-v1,d094eb03a52f303931989830f7b4efb0d2e6c3faabb6b6a47793e8f3af157ee1,100,assumed,unverified
2026-01-07T12:00:00Z,2026-01-07T00:00:00Z,2026-01-07T12:00:00Z,2026-01-09T06:00:00Z,turbine_2,42,6.12,4.2,0.21119470478808722,january-backtest-v1,bc781886f00f59e8ca445d0499e557775f0ddd100dc689290ef2f3ac4fec1e9b,100,assumed,unverified
2026-01-07T12:00:00Z,2026-01-07T00:00:00Z,2026-01-07T12:00:00Z,2026-01-09T07:00:00Z,turbine_1,43,6.32,5.2,0.2607355814363241,january-backtest-v1,d094eb03a52f303931989830f7b4efb0d2e6c3faabb6b6a47793e8f3af157ee1,100,assumed,unverified
2026-01-07T12:00:00Z,2026-01-07T00:00:00Z,2026-01-07T12:00:00Z,2026-01-09T07:00:00Z,turbine_2,43,6.32,5.2,0.2395876014326643,january-backtest-v1,bc781886f00f59e8ca445d0499e557775f0ddd100dc689290ef2f3ac4fec1e9b,100,assumed,unverified
2026-01-07T12:00:00Z,2026-01-07T00:00:00Z,2026-01-07T12:00:00Z,2026-01-09T08:00:00Z,turbine_1,44,6.44,5.6,0.2793658005881915,january-backtest-v1,d094eb03a52f303931989830f7b4efb0d2e6c3faabb6b6a47793e8f3af157ee1,100,assumed,unverified
2026-01-07T12:00:00Z,2026-01-07T00:00:00Z,2026-01-07T12:00:00Z,2026-01-09T08:00:00Z,turbine_2,44,6.44,5.6,0.2587244706166613,january-backtest-v1,bc781886f00f59e8ca445d0499e557775f0ddd100dc689290ef2f3ac4fec1e9b,100,assumed,unverified
2026-01-07T12:00:00Z,2026-01-07T00:00:00Z,2026-01-07T12:00:00Z,2026-01-09T09:00:00Z,turbine_1,45,5.17,5.3,0.12914365788528795,january-backtest-v1,d094eb03a52f303931989830f7b4efb0d2e6c3faabb6b6a47793e8f3af157ee1,100,assumed,unverified
2026-01-07T12:00:00Z,2026-01-07T00:00:00Z,2026-01-07T12:00:00Z,2026-01-09T09:00:00Z,turbine_2,45,5.17,5.3,0.11467559501837493,january-backtest-v1,bc781886f00f59e8ca445d0499e557775f0ddd100dc689290ef2f3ac4fec1e9b,100,assumed,unverified
2026-01-07T12:00:00Z,2026-01-07T00:00:00Z,2026-01-07T12:00:00Z,2026-01-09T10:00:00Z,turbine_1,46,3.92,4.1,0.050528248723579916,january-backtest-v1,d094eb03a52f303931989830f7b4efb0d2e6c3faabb6b6a47793e8f3af157ee1,100,assumed,unverified
2026-01-07T12:00:00Z,2026-01-07T00:00:00Z,2026-01-07T12:00:00Z,2026-01-09T10:00:00Z,turbine_2,46,3.92,4.1,0.04163300917137214,january-backtest-v1,bc781886f00f59e8ca445d0499e557775f0ddd100dc689290ef2f3ac4fec1e9b,100,assumed,unverified
2026-01-07T12:00:00Z,2026-01-07T00:00:00Z,2026-01-07T12:00:00Z,2026-01-09T11:00:00Z,turbine_1,47,2.45,1.5,0.012155481055628858,january-backtest-v1,d094eb03a52f303931989830f7b4efb0d2e6c3faabb6b6a47793e8f3af157ee1,100,assumed,unverified
2026-01-07T12:00:00Z,2026-01-07T00:00:00Z,2026-01-07T12:00:00Z,2026-01-09T11:00:00Z,turbine_2,47,2.45,1.5,0.010631081452339652,january-backtest-v1,bc781886f00f59e8ca445d0499e557775f0ddd100dc689290ef2f3ac4fec1e9b,100,assumed,unverified
2026-01-07T12:00:00Z,2026-01-07T00:00:00Z,2026-01-07T12:00:00Z,2026-01-09T12:00:00Z,turbine_1,48,1.48,0.2,0.008992512670574937,january-backtest-v1,d094eb03a52f303931989830f7b4efb0d2e6c3faabb6b6a47793e8f3af157ee1,100,assumed,unverified
2026-01-07T12:00:00Z,2026-01-07T00:00:00Z,2026-01-07T12:00:00Z,2026-01-09T12:00:00Z,turbine_2,48,1.48,0.2,0.007573960616503617,january-backtest-v1,bc781886f00f59e8ca445d0499e557775f0ddd100dc689290ef2f3ac4fec1e9b,100,assumed,unverified
2026-01-08T12:00:00Z,2026-01-08T00:00:00Z,2026-01-08T12:00:00Z,2026-01-08T13:00:00Z,turbine_1,1,4.85,-2.5,0.07198353571057592,january-backtest-v1,d094eb03a52f303931989830f7b4efb0d2e6c3faabb6b6a47793e8f3af157ee1,100,assumed,unverified
2026-01-08T12:00:00Z,2026-01-08T00:00:00Z,2026-01-08T12:00:00Z,2026-01-08T13:00:00Z,turbine_2,1,4.85,-2.5,0.06330849426540064,january-backtest-v1,bc781886f00f59e8ca445d0499e557775f0ddd100dc689290ef2f3ac4fec1e9b,100,assumed,unverified
2026-01-08T12:00:00Z,2026-01-08T00:00:00Z,2026-01-08T12:00:00Z,2026-01-08T14:00:00Z,turbine_1,2,5.8,-2.2,0.1614059751477028,january-backtest-v1,d094eb03a52f303931989830f7b4efb0d2e6c3faabb6b6a47793e8f3af157ee1,100,assumed,unverified
2026-01-08T12:00:00Z,2026-01-08T00:00:00Z,2026-01-08T12:00:00Z,2026-01-08T14:00:00Z,turbine_2,2,5.8,-2.2,0.14591403157183552,january-backtest-v1,bc781886f00f59e8ca445d0499e557775f0ddd100dc689290ef2f3ac4fec1e9b,100,assumed,unverified
2026-01-08T12:00:00Z,2026-01-08T00:00:00Z,2026-01-08T12:00:00Z,2026-01-08T15:00:00Z,turbine_1,3,5.64,-2.3,0.1313344220950448,january-backtest-v1,d094eb03a52f303931989830f7b4efb0d2e6c3faabb6b6a47793e8f3af157ee1,100,assumed,unverified
2026-01-08T12:00:00Z,2026-01-08T00:00:00Z,2026-01-08T12:00:00Z,2026-01-08T15:00:00Z,turbine_2,3,5.64,-2.3,0.1185483645037404,january-backtest-v1,bc781886f00f59e8ca445d0499e557775f0ddd100dc689290ef2f3ac4fec1e9b,100,assumed,unverified
2026-01-08T12:00:00Z,2026-01-08T00:00:00Z,2026-01-08T12:00:00Z,2026-01-08T16:00:00Z,turbine_1,4,4.96,-2.7,0.07962294911931461,january-backtest-v1,d094eb03a52f303931989830f7b4efb0d2e6c3faabb6b6a47793e8f3af157ee1,100,assumed,unverified
2026-01-08T12:00:00Z,2026-01-08T00:00:00Z,2026-01-08T12:00:00Z,2026-01-08T16:00:00Z,turbine_2,4,4.96,-2.7,0.06794239972654942,january-backtest-v1,bc781886f00f59e8ca445d0499e557775f0ddd100dc689290ef2f3ac4fec1e9b,100,assumed,unverified
2026-01-08T12:00:00Z,2026-01-08T00:00:00Z,2026-01-08T12:00:00Z,2026-01-08T17:00:00Z,turbine_1,5,4.87,-2.9,0.07101763710648407,january-backtest-v1,d094eb03a52f303931989830f7b4efb0d2e6c3faabb6b6a47793e8f3af157ee1,100,assumed,unverified
2026-01-08T12:00:00Z,2026-01-08T00:00:00Z,2026-01-08T12:00:00Z,2026-01-08T17:00:00Z,turbine_2,5,4.87,-2.9,0.06344913788853335,january-backtest-v1,bc781886f00f59e8ca445d0499e557775f0ddd100dc689290ef2f3ac4fec1e9b,100,assumed,unverified
2026-01-08T12:00:00Z,2026-01-08T00:00:00Z,2026-01-08T12:00:00Z,2026-01-08T18:00:00Z,turbine_1,6,5.42,-3.2,0.11348038098019098,january-backtest-v1,d094eb03a52f303931989830f7b4efb0d2e6c3faabb6b6a47793e8f3af157ee1,100,assumed,unverified
2026-01-08T12:00:00Z,2026-01-08T00:00:00Z,2026-01-08T12:00:00Z,2026-01-08T18:00:00Z,turbine_2,6,5.42,-3.2,0.10087218825161187,january-backtest-v1,bc781886f00f59e8ca445d0499e557775f0ddd100dc689290ef2f3ac4fec1e9b,100,assumed,unverified
2026-01-08T12:00:00Z,2026-01-08T00:00:00Z,2026-01-08T12:00:00Z,2026-01-08T19:00:00Z,turbine_1,7,5.81,-3.5,0.15971006674261115,january-backtest-v1,d094eb03a52f303931989830f7b4efb0d2e6c3faabb6b6a47793e8f3af157ee1,100,assumed,unverified
2026-01-08T12:00:00Z,2026-01-08T00:00:00Z,2026-01-08T12:00:00Z,2026-01-08T19:00:00Z,turbine_2,7,5.81,-3.5,0.1445731905072194,january-backtest-v1,bc781886f00f59e8ca445d0499e557775f0ddd100dc689290ef2f3ac4fec1e9b,100,assumed,unverified
2026-01-08T12:00:00Z,2026-01-08T00:00:00Z,2026-01-08T12:00:00Z,2026-01-08T20:00:00Z,turbine_1,8,5.91,-3.9,0.16023704252452048,january-backtest-v1,d094eb03a52f303931989830f7b4efb0d2e6c3faabb6b6a47793e8f3af157ee1,100,assumed,unverified
2026-01-08T12:00:00Z,2026-01-08T00:00:00Z,2026-01-08T12:00:00Z,2026-01-08T20:00:00Z,turbine_2,8,5.91,-3.9,0.1401577933625453,january-backtest-v1,bc781886f00f59e8ca445d0499e557775f0ddd100dc689290ef2f3ac4fec1e9b,100,assumed,unverified
2026-01-08T12:00:00Z,2026-01-08T00:00:00Z,2026-01-08T12:00:00Z,2026-01-08T21:00:00Z,turbine_1,9,5.97,-4.1,0.17501853937371337,january-backtest-v1,d094eb03a52f303931989830f7b4efb0d2e6c3faabb6b6a47793e8f3af157ee1,100,assumed,unverified
2026-01-08T12:00:00Z,2026-01-08T00:00:00Z,2026-01-08T12:00:00Z,2026-01-08T21:00:00Z,turbine_2,9,5.97,-4.1,0.1576694347233641,january-backtest-v1,bc781886f00f59e8ca445d0499e557775f0ddd100dc689290ef2f3ac4fec1e9b,100,assumed,unverified
2026-01-08T12:00:00Z,2026-01-08T00:00:00Z,2026-01-08T12:00:00Z,2026-01-08T22:00:00Z,turbine_1,10,6.15,-4.2,0.2017393327592955,january-backtest-v1,d094eb03a52f303931989830f7b4efb0d2e6c3faabb6b6a47793e8f3af157ee1,100,assumed,unverified
2026-01-08T12:00:00Z,2026-01-08T00:00:00Z,2026-01-08T12:00:00Z,2026-01-08T22:00:00Z,turbine_2,10,6.15,-4.2,0.18674550631415604,january-backtest-v1,bc781886f00f59e8ca445d0499e557775f0ddd100dc689290ef2f3ac4fec1e9b,100,assumed,unverified
2026-01-08T12:00:00Z,2026-01-08T00:00:00Z,2026-01-08T12:00:00Z,2026-01-08T23:00:00Z,turbine_1,11,6.29,-4.3,0.21589133835878657,january-backtest-v1,d094eb03a52f303931989830f7b4efb0d2e6c3faabb6b6a47793e8f3af157ee1,100,assumed,unverified
2026-01-08T12:00:00Z,2026-01-08T00:00:00Z,2026-01-08T12:00:00Z,2026-01-08T23:00:00Z,turbine_2,11,6.29,-4.3,0.20017655221382738,january-backtest-v1,bc781886f00f59e8ca445d0499e557775f0ddd100dc689290ef2f3ac4fec1e9b,100,assumed,unverified
2026-01-08T12:00:00Z,2026-01-08T00:00:00Z,2026-01-08T12:00:00Z,2026-01-09T00:00:00Z,turbine_1,12,6.28,-4.4,0.21589133835878657,january-backtest-v1,d094eb03a52f303931989830f7b4efb0d2e6c3faabb6b6a47793e8f3af157ee1,100,assumed,unverified
2026-01-08T12:00:00Z,2026-01-08T00:00:00Z,2026-01-08T12:00:00Z,2026-01-09T00:00:00Z,turbine_2,12,6.28,-4.4,0.20017655221382738,january-backtest-v1,bc781886f00f59e8ca445d0499e557775f0ddd100dc689290ef2f3ac4fec1e9b,100,assumed,unverified
2026-01-08T12:00:00Z,2026-01-08T00:00:00Z,2026-01-08T12:00:00Z,2026-01-09T01:00:00Z,turbine_1,13,6.26,-4.5,0.21589133835878657,january-backtest-v1,d094eb03a52f303931989830f7b4efb0d2e6c3faabb6b6a47793e8f3af157ee1,100,assumed,unverified
2026-01-08T12:00:00Z,2026-01-08T00:00:00Z,2026-01-08T12:00:00Z,2026-01-09T01:00:00Z,turbine_2,13,6.26,-4.5,0.19604683741826875,january-backtest-v1,bc781886f00f59e8ca445d0499e557775f0ddd100dc689290ef2f3ac4fec1e9b,100,assumed,unverified
2026-01-08T12:00:00Z,2026-01-08T00:00:00Z,2026-01-08T12:00:00Z,2026-01-09T02:00:00Z,turbine_1,14,5.84,-4.5,0.155658354358044,january-backtest-v1,d094eb03a52f303931989830f7b4efb0d2e6c3faabb6b6a47793e8f3af157ee1,100,assumed,unverified
2026-01-08T12:00:00Z,2026-01-08T00:00:00Z,2026-01-08T12:00:00Z,2026-01-09T02:00:00Z,turbine_2,14,5.84,-4.5,0.13812588970218442,january-backtest-v1,bc781886f00f59e8ca445d0499e557775f0ddd100dc689290ef2f3ac4fec1e9b,100,assumed,unverified
2026-01-08T12:00:00Z,2026-01-08T00:00:00Z,2026-01-08T12:00:00Z,2026-01-09T03:00:00Z,turbine_1,15,4.81,-4.1,0.061455163245009825,january-backtest-v1,d094eb03a52f303931989830f7b4efb0d2e6c3faabb6b6a47793e8f3af157ee1,100,assumed,unverified
2026-01-08T12:00:00Z,2026-01-08T00:00:00Z,2026-01-08T12:00:00Z,2026-01-09T03:00:00Z,turbine_2,15,4.81,-4.1,0.054489064524917696,january-backtest-v1,bc781886f00f59e8ca445d0499e557775f0ddd100dc689290ef2f3ac4fec1e9b,100,assumed,unverified
2026-01-08T12:00:00Z,2026-01-08T00:00:00Z,2026-01-08T12:00:00Z,2026-01-09T04:00:00Z,turbine_1,16,4.61,-1.3,0.056228690233643686,january-backtest-v1,d094eb03a52f303931989830f7b4efb0d2e6c3faabb6b6a47793e8f3af157ee1,100,assumed,unverified
2026-01-08T12:00:00Z,2026-01-08T00:00:00Z,2026-01-08T12:00:00Z,2026-01-09T04:00:00Z,turbine_2,16,4.61,-1.3,0.05351507365899105,january-backtest-v1,bc781886f00f59e8ca445d0499e557775f0ddd100dc689290ef2f3ac4fec1e9b,100,assumed,unverified
2026-01-08T12:00:00Z,2026-01-08T00:00:00Z,2026-01-08T12:00:00Z,2026-01-09T05:00:00Z,turbine_1,17,3.77,1.1,0.03339721190509254,january-backtest-v1,d094eb03a52f303931989830f7b4efb0d2e6c3faabb6b6a47793e8f3af157ee1,100,assumed,unverified
2026-01-08T12:00:00Z,2026-01-08T00:00:00Z,2026-01-08T12:00:00Z,2026-01-09T05:00:00Z,turbine_2,17,3.77,1.1,0.02745775074694934,january-backtest-v1,bc781886f00f59e8ca445d0499e557775f0ddd100dc689290ef2f3ac4fec1e9b,100,assumed,unverified
2026-01-08T12:00:00Z,2026-01-08T00:00:00Z,2026-01-08T12:00:00Z,2026-01-09T06:00:00Z,turbine_1,18,4.64,3.0,0.08033793849303933,january-backtest-v1,d094eb03a52f303931989830f7b4efb0d2e6c3faabb6b6a47793e8f3af157ee1,100,assumed,unverified
2026-01-08T12:00:00Z,2026-01-08T00:00:00Z,2026-01-08T12:00:00Z,2026-01-09T06:00:00Z,turbine_2,18,4.64,3.0,0.06598404386712353,january-backtest-v1,bc781886f00f59e8ca445d0499e557775f0ddd100dc689290ef2f3ac4fec1e9b,100,assumed,unverified
2026-01-08T12:00:00Z,2026-01-08T00:00:00Z,2026-01-08T12:00:00Z,2026-01-09T07:00:00Z,turbine_1,19,5.41,4.5,0.14561553212548953,january-backtest-v1,d094eb03a52f303931989830f7b4efb0d2e6c3faabb6b6a47793e8f3af157ee1,100,assumed,unverified
2026-01-08T12:00:00Z,2026-01-08T00:00:00Z,2026-01-08T12:00:00Z,2026-01-09T07:00:00Z,turbine_2,19,5.41,4.5,0.12606580064785228,january-backtest-v1,bc781886f00f59e8ca445d0499e557775f0ddd100dc689290ef2f3ac4fec1e9b,100,assumed,unverified
2026-01-08T12:00:00Z,2026-01-08T00:00:00Z,2026-01-08T12:00:00Z,2026-01-09T08:00:00Z,turbine_1,20,5.73,5.1,0.17633630846330944,january-backtest-v1,d094eb03a52f303931989830f7b4efb0d2e6c3faabb6b6a47793e8f3af157ee1,100,assumed,unverified
2026-01-08T12:00:00Z,2026-01-08T00:00:00Z,2026-01-08T12:00:00Z,2026-01-09T08:00:00Z,turbine_2,20,5.73,5.1,0.16176159079765692,january-backtest-v1,bc781886f00f59e8ca445d0499e557775f0ddd100dc689290ef2f3ac4fec1e9b,100,assumed,unverified
2026-01-08T12:00:00Z,2026-01-08T00:00:00Z,2026-01-08T12:00:00Z,2026-01-09T09:00:00Z,turbine_1,21,4.97,5.0,0.11052754144224047,january-backtest-v1,d094eb03a52f303931989830f7b4efb0d2e6c3faabb6b6a47793e8f3af157ee1,100,assumed,unverified
2026-01-08T12:00:00Z,2026-01-08T00:00:00Z,2026-01-08T12:00:00Z,2026-01-09T09:00:00Z,turbine_2,21,4.97,5.0,0.09215685110482724,january-backtest-v1,bc781886f00f59e8ca445d0499e557775f0ddd100dc689290ef2f3ac4fec1e9b,100,assumed,unverified
2026-01-08T12:00:00Z,2026-01-08T00:00:00Z,2026-01-08T12:00:00Z,2026-01-09T10:00:00Z,turbine_1,22,3.97,3.9,0.049541669499016505,january-backtest-v1,d094eb03a52f303931989830f7b4efb0d2e6c3faabb6b6a47793e8f3af157ee1,100,assumed,unverified
2026-01-08T12:00:00Z,2026-01-08T00:00:00Z,2026-01-08T12:00:00Z,2026-01-09T10:00:00Z,turbine_2,22,3.97,3.9,0.04586055829076385,january-backtest-v1,bc781886f00f59e8ca445d0499e557775f0ddd100dc689290ef2f3ac4fec1e9b,100,assumed,unverified
2026-01-08T12:00:00Z,2026-01-08T00:00:00Z,2026-01-08T12:00:00Z,2026-01-09T11:00:00Z,turbine_1,23,2.93,1.3,0.011369627901497203,january-backtest-v1,d094eb03a52f303931989830f7b4efb0d2e6c3faabb6b6a47793e8f3af157ee1,100,assumed,unverified
2026-01-08T12:00:00Z,2026-01-08T00:00:00Z,2026-01-08T12:00:00Z,2026-01-09T11:00:00Z,turbine_2,23,2.93,1.3,0.011576594613785685,january-backtest-v1,bc781886f00f59e8ca445d0499e557775f0ddd100dc689290ef2f3ac4fec1e9b,100,assumed,unverified
2026-01-08T12:00:00Z,2026-01-08T00:00:00Z,2026-01-08T12:00:00Z,2026-01-09T12:00:00Z,turbine_1,24,2.18,0.2,0.011667589253452793,january-backtest-v1,d094eb03a52f303931989830f7b4efb0d2e6c3faabb6b6a47793e8f3af157ee1,100,assumed,unverified
2026-01-08T12:00:00Z,2026-01-08T00:00:00Z,2026-01-08T12:00:00Z,2026-01-09T12:00:00Z,turbine_2,24,2.18,0.2,0.010571225789130945,january-backtest-v1,bc781886f00f59e8ca445d0499e557775f0ddd100dc689290ef2f3ac4fec1e9b,100,assumed,unverified
2026-01-08T12:00:00Z,2026-01-08T00:00:00Z,2026-01-08T12:00:00Z,2026-01-09T13:00:00Z,turbine_1,25,2.45,-0.1,0.011709212965666627,january-backtest-v1,d094eb03a52f303931989830f7b4efb0d2e6c3faabb6b6a47793e8f3af157ee1,100,assumed,unverified
2026-01-08T12:00:00Z,2026-01-08T00:00:00Z,2026-01-08T12:00:00Z,2026-01-09T13:00:00Z,turbine_2,25,2.45,-0.1,0.013954139469601001,january-backtest-v1,bc781886f00f59e8ca445d0499e557775f0ddd100dc689290ef2f3ac4fec1e9b,100,assumed,unverified
2026-01-08T12:00:00Z,2026-01-08T00:00:00Z,2026-01-08T12:00:00Z,2026-01-09T14:00:00Z,turbine_1,26,2.95,-0.3,0.009717974915282201,january-backtest-v1,d094eb03a52f303931989830f7b4efb0d2e6c3faabb6b6a47793e8f3af157ee1,100,assumed,unverified
2026-01-08T12:00:00Z,2026-01-08T00:00:00Z,2026-01-08T12:00:00Z,2026-01-09T14:00:00Z,turbine_2,26,2.95,-0.3,0.011691016056064152,january-backtest-v1,bc781886f00f59e8ca445d0499e557775f0ddd100dc689290ef2f3ac4fec1e9b,100,assumed,unverified
2026-01-08T12:00:00Z,2026-01-08T00:00:00Z,2026-01-08T12:00:00Z,2026-01-09T15:00:00Z,turbine_1,27,3.18,-0.7,0.015571141375777087,january-backtest-v1,d094eb03a52f303931989830f7b4efb0d2e6c3faabb6b6a47793e8f3af157ee1,100,assumed,unverified
2026-01-08T12:00:00Z,2026-01-08T00:00:00Z,2026-01-08T12:00:00Z,2026-01-09T15:00:00Z,turbine_2,27,3.18,-0.7,0.014241307506375811,january-backtest-v1,bc781886f00f59e8ca445d0499e557775f0ddd100dc689290ef2f3ac4fec1e9b,100,assumed,unverified
2026-01-08T12:00:00Z,2026-01-08T00:00:00Z,2026-01-08T12:00:00Z,2026-01-09T16:00:00Z,turbine_1,28,3.72,-1.4,0.027143285971916953,january-backtest-v1,d094eb03a52f303931989830f7b4efb0d2e6c3faabb6b6a47793e8f3af157ee1,100,assumed,unverified
2026-01-08T12:00:00Z,2026-01-08T00:00:00Z,2026-01-08T12:00:00Z,2026-01-09T16:00:00Z,turbine_2,28,3.72,-1.4,0.02068237089225161,january-backtest-v1,bc781886f00f59e8ca445d0499e557775f0ddd100dc689290ef2f3ac4fec1e9b,100,assumed,unverified
2026-01-08T12:00:00Z,2026-01-08T00:00:00Z,2026-01-08T12:00:00Z,2026-01-09T17:00:00Z,turbine_1,29,3.81,-1.8,0.028031595447402857,january-backtest-v1,d094eb03a52f303931989830f7b4efb0d2e6c3faabb6b6a47793e8f3af157ee1,100,assumed,unverified
2026-01-08T12:00:00Z,2026-01-08T00:00:00Z,2026-01-08T12:00:00Z,2026-01-09T17:00:00Z,turbine_2,29,3.81,-1.8,0.021398888850564513,january-backtest-v1,bc781886f00f59e8ca445d0499e557775f0ddd100dc689290ef2f3ac4fec1e9b,100,assumed,unverified
2026-01-08T12:00:00Z,2026-01-08T00:00:00Z,2026-01-08T12:00:00Z,2026-01-09T18:00:00Z,turbine_1,30,3.88,-2.3,0.03459664642808702,january-backtest-v1,d094eb03a52f303931989830f7b4efb0d2e6c3faabb6b6a47793e8f3af157ee1,100,assumed,unverified
2026-01-08T12:00:00Z,2026-01-08T00:00:00Z,2026-01-08T12:00:00Z,2026-01-09T18:00:00Z,turbine_2,30,3.88,-2.3,0.023902570933537426,january-backtest-v1,bc781886f00f59e8ca445d0499e557775f0ddd100dc689290ef2f3ac4fec1e9b,100,assumed,unverified
2026-01-08T12:00:00Z,2026-01-08T00:00:00Z,2026-01-08T12:00:00Z,2026-01-09T19:00:00Z,turbine_1,31,4.32,-2.6,0.03991664874998163,january-backtest-v1,d094eb03a52f303931989830f7b4efb0d2e6c3faabb6b6a47793e8f3af157ee1,100,assumed,unverified
2026-01-08T12:00:00Z,2026-01-08T00:00:00Z,2026-01-08T12:00:00Z,2026-01-09T19:00:00Z,turbine_2,31,4.32,-2.6,0.03494918258830704,january-backtest-v1,bc781886f00f59e8ca445d0499e557775f0ddd100dc689290ef2f3ac4fec1e9b,100,assumed,unverified
2026-01-08T12:00:00Z,2026-01-08T00:00:00Z,2026-01-08T12:00:00Z,2026-01-09T20:00:00Z,turbine_1,32,4.81,-3.0,0.06567323307506467,january-backtest-v1,d094eb03a52f303931989830f7b4efb0d2e6c3faabb6b6a47793e8f3af157ee1,100,assumed,unverified
2026-01-08T12:00:00Z,2026-01-08T00:00:00Z,2026-01-08T12:00:00Z,2026-01-09T20:00:00Z,turbine_2,32,4.81,-3.0,0.058739942562735625,january-backtest-v1,bc781886f00f59e8ca445d0499e557775f0ddd100dc689290ef2f3ac4fec1e9b,100,assumed,unverified
2026-01-08T12:00:00Z,2026-01-08T00:00:00Z,2026-01-08T12:00:00Z,2026-01-09T21:00:00Z,turbine_1,33,5.3,-3.3,0.10682309783795974,january-backtest-v1,d094eb03a52f303931989830f7b4efb0d2e6c3faabb6b6a47793e8f3af157ee1,100,assumed,unverified
2026-01-08T12:00:00Z,2026-01-08T00:00:00Z,2026-01-08T12:00:00Z,2026-01-09T21:00:00Z,turbine_2,33,5.3,-3.3,0.09350603376379435,january-backtest-v1,bc781886f00f59e8ca445d0499e557775f0ddd100dc689290ef2f3ac4fec1e9b,100,assumed,unverified
2026-01-08T12:00:00Z,2026-01-08T00:00:00Z,2026-01-08T12:00:00Z,2026-01-09T22:00:00Z,turbine_1,34,5.55,-3.6,0.1263428120102184,january-backtest-v1,d094eb03a52f303931989830f7b4efb0d2e6c3faabb6b6a47793e8f3af157ee1,100,assumed,unverified
2026-01-08T12:00:00Z,2026-01-08T00:00:00Z,2026-01-08T12:00:00Z,2026-01-09T22:00:00Z,turbine_2,34,5.55,-3.6,0.11034639340234503,january-backtest-v1,bc781886f00f59e8ca445d0499e557775f0ddd100dc689290ef2f3ac4fec1e9b,100,assumed,unverified
2026-01-08T12:00:00Z,2026-01-08T00:00:00Z,2026-01-08T12:00:00Z,2026-01-09T23:00:00Z,turbine_1,35,5.46,-3.9,0.11003772876556334,january-backtest-v1,d094eb03a52f303931989830f7b4efb0d2e6c3faabb6b6a47793e8f3af157ee1,100,assumed,unverified
2026-01-08T12:00:00Z,2026-01-08T00:00:00Z,2026-01-08T12:00:00Z,2026-01-09T23:00:00Z,turbine_2,35,5.46,-3.9,0.09697143182603762,january-backtest-v1,bc781886f00f59e8ca445d0499e557775f0ddd100dc689290ef2f3ac4fec1e9b,100,assumed,unverified
2026-01-08T12:00:00Z,2026-01-08T00:00:00Z,2026-01-08T12:00:00Z,2026-01-10T00:00:00Z,turbine_1,36,5.37,-4.1,0.10734051424024199,january-backtest-v1,d094eb03a52f303931989830f7b4efb0d2e6c3faabb6b6a47793e8f3af157ee1,100,assumed,unverified
2026-01-08T12:00:00Z,2026-01-08T00:00:00Z,2026-01-08T12:00:00Z,2026-01-10T00:00:00Z,turbine_2,36,5.37,-4.1,0.0922004189208468,january-backtest-v1,bc781886f00f59e8ca445d0499e557775f0ddd100dc689290ef2f3ac4fec1e9b,100,assumed,unverified
2026-01-08T12:00:00Z,2026-01-08T00:00:00Z,2026-01-08T12:00:00Z,2026-01-10T01:00:00Z,turbine_1,37,5.39,-4.3,0.10378715289176144,january-backtest-v1,d094eb03a52f303931989830f7b4efb0d2e6c3faabb6b6a47793e8f3af157ee1,100,assumed,unverified
2026-01-08T12:00:00Z,2026-01-08T00:00:00Z,2026-01-08T12:00:00Z,2026-01-10T01:00:00Z,turbine_2,37,5.39,-4.3,0.09440693679364986,january-backtest-v1,bc781886f00f59e8ca445d0499e557775f0ddd100dc689290ef2f3ac4fec1e9b,100,assumed,unverified
2026-01-08T12:00:00Z,2026-01-08T00:00:00Z,2026-01-08T12:00:00Z,2026-01-10T02:00:00Z,turbine_1,38,5.46,-4.3,0.10648436741708278,january-backtest-v1,d094eb03a52f303931989830f7b4efb0d2e6c3faabb6b6a47793e8f3af157ee1,100,assumed,unverified
2026-01-08T12:00:00Z,2026-01-08T00:00:00Z,2026-01-08T12:00:00Z,2026-01-10T02:00:00Z,turbine_2,38,5.46,-4.3,0.09506822900794992,january-backtest-v1,bc781886f00f59e8ca445d0499e557775f0ddd100dc689290ef2f3ac4fec1e9b,100,assumed,unverified
2026-01-08T12:00:00Z,2026-01-08T00:00:00Z,2026-01-08T12:00:00Z,2026-01-10T03:00:00Z,turbine_1,39,5.57,-3.4,0.1288883340738132,january-backtest-v1,d094eb03a52f303931989830f7b4efb0d2e6c3faabb6b6a47793e8f3af157ee1,100,assumed,unverified
2026-01-08T12:00:00Z,2026-01-08T00:00:00Z,2026-01-08T12:00:00Z,2026-01-10T03:00:00Z,turbine_2,39,5.57,-3.4,0.11414868674710515,january-backtest-v1,bc781886f00f59e8ca445d0499e557775f0ddd100dc689290ef2f3ac4fec1e9b,100,assumed,unverified
2026-01-08T12:00:00Z,2026-01-08T00:00:00Z,2026-01-08T12:00:00Z,2026-01-10T04:00:00Z,turbine_1,40,6.18,-0.4,0.22727147986773183,january-backtest-v1,d094eb03a52f303931989830f7b4efb0d2e6c3faabb6b6a47793e8f3af157ee1,100,assumed,unverified
2026-01-08T12:00:00Z,2026-01-08T00:00:00Z,2026-01-08T12:00:00Z,2026-01-10T04:00:00Z,turbine_2,40,6.18,-0.4,0.2100758808693916,january-backtest-v1,bc781886f00f59e8ca445d0499e557775f0ddd100dc689290ef2f3ac4fec1e9b,100,assumed,unverified
2026-01-08T12:00:00Z,2026-01-08T00:00:00Z,2026-01-08T12:00:00Z,2026-01-10T05:00:00Z,turbine_1,41,6.05,2.8,0.20974064767471906,january-backtest-v1,d094eb03a52f303931989830f7b4efb0d2e6c3faabb6b6a47793e8f3af157ee1,100,assumed,unverified
2026-01-08T12:00:00Z,2026-01-08T00:00:00Z,2026-01-08T12:00:00Z,2026-01-10T05:00:00Z,turbine_2,41,6.05,2.8,0.2051946682439762,january-backtest-v1,bc781886f00f59e8ca445d0499e557775f0ddd100dc689290ef2f3ac4fec1e9b,100,assumed,unverified
2026-01-08T12:00:00Z,2026-01-08T00:00:00Z,2026-01-08T12:00:00Z,2026-01-10T06:00:00Z,turbine_1,42,5.27,4.5,0.1379212599560587,january-backtest-v1,d094eb03a52f303931989830f7b4efb0d2e6c3faabb6b6a47793e8f3af157ee1,100,assumed,unverified
2026-01-08T12:00:00Z,2026-01-08T00:00:00Z,2026-01-08T12:00:00Z,2026-01-10T06:00:00Z,turbine_2,42,5.27,4.5,0.11299149636236966,january-backtest-v1,bc781886f00f59e8ca445d0499e557775f0ddd100dc689290ef2f3ac4fec1e9b,100,assumed,unverified
2026-01-08T12:00:00Z,2026-01-08T00:00:00Z,2026-01-08T12:00:00Z,2026-01-10T07:00:00Z,turbine_1,43,5.53,5.4,0.15126516599947767,january-backtest-v1,d094eb03a52f303931989830f7b4efb0d2e6c3faabb6b6a47793e8f3af157ee1,100,assumed,unverified
2026-01-08T12:00:00Z,2026-01-08T00:00:00Z,2026-01-08T12:00:00Z,2026-01-10T07:00:00Z,turbine_2,43,5.53,5.4,0.1463656601985541,january-backtest-v1,bc781886f00f59e8ca445d0499e557775f0ddd100dc689290ef2f3ac4fec1e9b,100,assumed,unverified
2026-01-08T12:00:00Z,2026-01-08T00:00:00Z,2026-01-08T12:00:00Z,2026-01-10T08:00:00Z,turbine_1,44,5.51,6.0,0.15162958297717288,january-backtest-v1,d094eb03a52f303931989830f7b4efb0d2e6c3faabb6b6a47793e8f3af157ee1,100,assumed,unverified
2026-01-08T12:00:00Z,2026-01-08T00:00:00Z,2026-01-08T12:00:00Z,2026-01-10T08:00:00Z,turbine_2,44,5.51,6.0,0.14931559171975317,january-backtest-v1,bc781886f00f59e8ca445d0499e557775f0ddd100dc689290ef2f3ac4fec1e9b,100,assumed,unverified
2026-01-08T12:00:00Z,2026-01-08T00:00:00Z,2026-01-08T12:00:00Z,2026-01-10T09:00:00Z,turbine_1,45,5.17,5.9,0.12727906962108892,january-backtest-v1,d094eb03a52f303931989830f7b4efb0d2e6c3faabb6b6a47793e8f3af157ee1,100,assumed,unverified
2026-01-08T12:00:00Z,2026-01-08T00:00:00Z,2026-01-08T12:00:00Z,2026-01-10T09:00:00Z,turbine_2,45,5.17,5.9,0.11872517665383606,january-backtest-v1,bc781886f00f59e8ca445d0499e557775f0ddd100dc689290ef2f3ac4fec1e9b,100,assumed,unverified
2026-01-08T12:00:00Z,2026-01-08T00:00:00Z,2026-01-08T12:00:00Z,2026-01-10T10:00:00Z,turbine_1,46,5.17,4.7,0.12630510166153314,january-backtest-v1,d094eb03a52f303931989830f7b4efb0d2e6c3faabb6b6a47793e8f3af157ee1,100,assumed,unverified
2026-01-08T12:00:00Z,2026-01-08T00:00:00Z,2026-01-08T12:00:00Z,2026-01-10T10:00:00Z,turbine_2,46,5.17,4.7,0.10906357082737611,january-backtest-v1,bc781886f00f59e8ca445d0499e557775f0ddd100dc689290ef2f3ac4fec1e9b,100,assumed,unverified
2026-01-08T12:00:00Z,2026-01-08T00:00:00Z,2026-01-08T12:00:00Z,2026-01-10T11:00:00Z,turbine_1,47,5.48,1.8,0.13878699277981188,january-backtest-v1,d094eb03a52f303931989830f7b4efb0d2e6c3faabb6b6a47793e8f3af157ee1,100,assumed,unverified
2026-01-08T12:00:00Z,2026-01-08T00:00:00Z,2026-01-08T12:00:00Z,2026-01-10T11:00:00Z,turbine_2,47,5.48,1.8,0.11937410933037126,january-backtest-v1,bc781886f00f59e8ca445d0499e557775f0ddd100dc689290ef2f3ac4fec1e9b,100,assumed,unverified
2026-01-08T12:00:00Z,2026-01-08T00:00:00Z,2026-01-08T12:00:00Z,2026-01-10T12:00:00Z,turbine_1,48,6.38,0.6,0.24996297190411815,january-backtest-v1,d094eb03a52f303931989830f7b4efb0d2e6c3faabb6b6a47793e8f3af157ee1,100,assumed,unverified
2026-01-08T12:00:00Z,2026-01-08T00:00:00Z,2026-01-08T12:00:00Z,2026-01-10T12:00:00Z,turbine_2,48,6.38,0.6,0.23018132402420222,january-backtest-v1,bc781886f00f59e8ca445d0499e557775f0ddd100dc689290ef2f3ac4fec1e9b,100,assumed,unverified
2026-01-09T12:00:00Z,2026-01-09T00:00:00Z,2026-01-09T12:00:00Z,2026-01-09T13:00:00Z,turbine_1,1,2.78,-0.9,0.009576404108705194,january-backtest-v1,d094eb03a52f303931989830f7b4efb0d2e6c3faabb6b6a47793e8f3af157ee1,100,assumed,unverified
2026-01-09T12:00:00Z,2026-01-09T00:00:00Z,2026-01-09T12:00:00Z,2026-01-09T13:00:00Z,turbine_2,1,2.78,-0.9,0.009611738953008764,january-backtest-v1,bc781886f00f59e8ca445d0499e557775f0ddd100dc689290ef2f3ac4fec1e9b,100,assumed,unverified
2026-01-09T12:00:00Z,2026-01-09T00:00:00Z,2026-01-09T12:00:00Z,2026-01-09T14:00:00Z,turbine_1,2,3.75,-1.2,0.027087376178129785,january-backtest-v1,d094eb03a52f303931989830f7b4efb0d2e6c3faabb6b6a47793e8f3af157ee1,100,assumed,unverified
2026-01-09T12:00:00Z,2026-01-09T00:00:00Z,2026-01-09T12:00:00Z,2026-01-09T14:00:00Z,turbine_2,2,3.75,-1.2,0.02291050772896741,january-backtest-v1,bc781886f00f59e8ca445d0499e557775f0ddd100dc689290ef2f3ac4fec1e9b,100,assumed,unverified
2026-01-09T12:00:00Z,2026-01-09T00:00:00Z,2026-01-09T12:00:00Z,2026-01-09T15:00:00Z,turbine_1,3,4.11,-1.5,0.04049032650100387,january-backtest-v1,d094eb03a52f303931989830f7b4efb0d2e6c3faabb6b6a47793e8f3af157ee1,100,assumed,unverified
2026-01-09T12:00:00Z,2026-01-09T00:00:00Z,2026-01-09T12:00:00Z,2026-01-09T15:00:00Z,turbine_2,3,4.11,-1.5,0.037690729099107534,january-backtest-v1,bc781886f00f59e8ca445d0499e557775f0ddd100dc689290ef2f3ac4fec1e9b,100,assumed,unverified
2026-01-09T12:00:00Z,2026-01-09T00:00:00Z,2026-01-09T12:00:00Z,2026-01-09T16:00:00Z,turbine_1,4,4.45,-2.0,0.047146817898045756,january-backtest-v1,d094eb03a52f303931989830f7b4efb0d2e6c3faabb6b6a47793e8f3af157ee1,100,assumed,unverified
2026-01-09T12:00:00Z,2026-01-09T00:00:00Z,2026-01-09T12:00:00Z,2026-01-09T16:00:00Z,turbine_2,4,4.45,-2.0,0.04323143579670513,january-backtest-v1,bc781886f00f59e8ca445d0499e557775f0ddd100dc689290ef2f3ac4fec1e9b,100,assumed,unverified
2026-01-09T12:00:00Z,2026-01-09T00:00:00Z,2026-01-09T12:00:00Z,2026-01-09T17:00:00Z,turbine_1,5,4.81,-2.4,0.06754439699697262,january-backtest-v1,d094eb03a52f303931989830f7b4efb0d2e6c3faabb6b6a47793e8f3af157ee1,100,assumed,unverified
2026-01-09T12:00:00Z,2026-01-09T00:00:00Z,2026-01-09T12:00:00Z,2026-01-09T17:00:00Z,turbine_2,5,4.81,-2.4,0.05856177066680912,january-backtest-v1,bc781886f00f59e8ca445d0499e557775f0ddd100dc689290ef2f3ac4fec1e9b,100,assumed,unverified
2026-01-09T12:00:00Z,2026-01-09T00:00:00Z,2026-01-09T12:00:00Z,2026-01-09T18:00:00Z,turbine_1,6,5.05,-2.8,0.08313517493203537,january-backtest-v1,d094eb03a52f303931989830f7b4efb0d2e6c3faabb6b6a47793e8f3af157ee1,100,assumed,unverified
2026-01-09T12:00:00Z,2026-01-09T00:00:00Z,2026-01-09T12:00:00Z,2026-01-09T18:00:00Z,turbine_2,6,5.05,-2.8,0.0706268615693934,january-backtest-v1,bc781886f00f59e8ca445d0499e557775f0ddd100dc689290ef2f3ac4fec1e9b,100,assumed,unverified
2026-01-09T12:00:00Z,2026-01-09T00:00:00Z,2026-01-09T12:00:00Z,2026-01-09T19:00:00Z,turbine_1,7,5.17,-3.1,0.0947471801410022,january-backtest-v1,d094eb03a52f303931989830f7b4efb0d2e6c3faabb6b6a47793e8f3af157ee1,100,assumed,unverified
2026-01-09T12:00:00Z,2026-01-09T00:00:00Z,2026-01-09T12:00:00Z,2026-01-09T19:00:00Z,turbine_2,7,5.17,-3.1,0.0854826923729835,january-backtest-v1,bc781886f00f59e8ca445d0499e557775f0ddd100dc689290ef2f3ac4fec1e9b,100,assumed,unverified
2026-01-09T12:00:00Z,2026-01-09T00:00:00Z,2026-01-09T12:00:00Z,2026-01-09T20:00:00Z,turbine_1,8,5.12,-3.5,0.08968772623932014,january-backtest-v1,d094eb03a52f303931989830f7b4efb0d2e6c3faabb6b6a47793e8f3af157ee1,100,assumed,unverified
2026-01-09T12:00:00Z,2026-01-09T00:00:00Z,2026-01-09T12:00:00Z,2026-01-09T20:00:00Z,turbine_2,8,5.12,-3.5,0.08017167774154438,january-backtest-v1,bc781886f00f59e8ca445d0499e557775f0ddd100dc689290ef2f3ac4fec1e9b,100,assumed,unverified
2026-01-09T12:00:00Z,2026-01-09T00:00:00Z,2026-01-09T12:00:00Z,2026-01-09T21:00:00Z,turbine_1,9,5.14,-3.8,0.08744645124843542,january-backtest-v1,d094eb03a52f303931989830f7b4efb0d2e6c3faabb6b6a47793e8f3af157ee1,100,assumed,unverified
2026-01-09T12:00:00Z,2026-01-09T00:00:00Z,2026-01-09T12:00:00Z,2026-01-09T21:00:00Z,turbine_2,9,5.14,-3.8,0.07738403866493482,january-backtest-v1,bc781886f00f59e8ca445d0499e557775f0ddd100dc689290ef2f3ac4fec1e9b,100,assumed,unverified
2026-01-09T12:00:00Z,2026-01-09T00:00:00Z,2026-01-09T12:00:00Z,2026-01-09T22:00:00Z,turbine_1,10,5.34,-4.0,0.10392700006684774,january-backtest-v1,d094eb03a52f303931989830f7b4efb0d2e6c3faabb6b6a47793e8f3af157ee1,100,assumed,unverified
2026-01-09T12:00:00Z,2026-01-09T00:00:00Z,2026-01-09T12:00:00Z,2026-01-09T22:00:00Z,turbine_2,10,5.34,-4.0,0.0922004189208468,january-backtest-v1,bc781886f00f59e8ca445d0499e557775f0ddd100dc689290ef2f3ac4fec1e9b,100,assumed,unverified
2026-01-09T12:00:00Z,2026-01-09T00:00:00Z,2026-01-09T12:00:00Z,2026-01-09T23:00:00Z,turbine_1,11,5.46,-4.2,0.10648436741708278,january-backtest-v1,d094eb03a52f303931989830f7b4efb0d2e6c3faabb6b6a47793e8f3af157ee1,100,assumed,unverified
2026-01-09T12:00:00Z,2026-01-09T00:00:00Z,2026-01-09T12:00:00Z,2026-01-09T23:00:00Z,turbine_2,11,5.46,-4.2,0.09697143182603762,january-backtest-v1,bc781886f00f59e8ca445d0499e557775f0ddd100dc689290ef2f3ac4fec1e9b,100,assumed,unverified
2026-01-09T12:00:00Z,2026-01-09T00:00:00Z,2026-01-09T12:00:00Z,2026-01-10T00:00:00Z,turbine_1,12,5.43,-4.3,0.10426302386518788,january-backtest-v1,d094eb03a52f303931989830f7b4efb0d2e6c3faabb6b6a47793e8f3af157ee1,100,assumed,unverified
2026-01-09T12:00:00Z,2026-01-09T00:00:00Z,2026-01-09T12:00:00Z,2026-01-10T00:00:00Z,turbine_2,12,5.43,-4.3,0.09466233339637226,january-backtest-v1,bc781886f00f59e8ca445d0499e557775f0ddd100dc689290ef2f3ac4fec1e9b,100,assumed,unverified
2026-01-09T12:00:00Z,2026-01-09T00:00:00Z,2026-01-09T12:00:00Z,2026-01-10T01:00:00Z,turbine_1,13,5.24,-4.5,0.09138382907151488,january-backtest-v1,d094eb03a52f303931989830f7b4efb0d2e6c3faabb6b6a47793e8f3af157ee1,100,assumed,unverified
2026-01-09T12:00:00Z,2026-01-09T00:00:00Z,2026-01-09T12:00:00Z,2026-01-10T01:00:00Z,turbine_2,13,5.24,-4.5,0.08332765680697751,january-backtest-v1,bc781886f00f59e8ca445d0499e557775f0ddd100dc689290ef2f3ac4fec1e9b,100,assumed,unverified
2026-01-09T12:00:00Z,2026-01-09T00:00:00Z,2026-01-09T12:00:00Z,2026-01-10T02:00:00Z,turbine_1,14,5.15,-4.6,0.07943446026355372,january-backtest-v1,d094eb03a52f303931989830f7b4efb0d2e6c3faabb6b6a47793e8f3af157ee1,100,assumed,unverified
2026-01-09T12:00:00Z,2026-01-09T00:00:00Z,2026-01-09T12:00:00Z,2026-01-10T02:00:00Z,turbine_2,14,5.15,-4.6,0.07749340389827147,january-backtest-v1,bc781886f00f59e8ca445d0499e557775f0ddd100dc689290ef2f3ac4fec1e9b,100,assumed,unverified
2026-01-09T12:00:00Z,2026-01-09T00:00:00Z,2026-01-09T12:00:00Z,2026-01-10T03:00:00Z,turbine_1,15,5.06,-3.7,0.0815560046644605,january-backtest-v1,d094eb03a52f303931989830f7b4efb0d2e6c3faabb6b6a47793e8f3af157ee1,100,assumed,unverified
2026-01-09T12:00:00Z,2026-01-09T00:00:00Z,2026-01-09T12:00:00Z,2026-01-10T03:00:00Z,turbine_2,15,5.06,-3.7,0.07294457283526418,january-backtest-v1,bc781886f00f59e8ca445d0499e557775f0ddd100dc689290ef2f3ac4fec1e9b,100,assumed,unverified
2026-01-09T12:00:00Z,2026-01-09T00:00:00Z,2026-01-09T12:00:00Z,2026-01-10T04:00:00Z,turbine_1,16,5.35,-0.7,0.11876259859635607,january-backtest-v1,d094eb03a52f303931989830f7b4efb0d2e6c3faabb6b6a47793e8f3af157ee1,100,assumed,unverified
2026-01-09T12:00:00Z,2026-01-09T00:00:00Z,2026-01-09T12:00:00Z,2026-01-10T04:00:00Z,turbine_2,16,5.35,-0.7,0.10569126194350575,january-backtest-v1,bc781886f00f59e8ca445d0499e557775f0ddd100dc689290ef2f3ac4fec1e9b,100,assumed,unverified
2026-01-09T12:00:00Z,2026-01-09T00:00:00Z,2026-01-09T12:00:00Z,2026-01-10T05:00:00Z,turbine_1,17,4.88,2.5,0.09171227805705173,january-backtest-v1,d094eb03a52f303931989830f7b4efb0d2e6c3faabb6b6a47793e8f3af157ee1,100,assumed,unverified
2026-01-09T12:00:00Z,2026-01-09T00:00:00Z,2026-01-09T12:00:00Z,2026-01-10T05:00:00Z,turbine_2,17,4.88,2.5,0.07847367222985513,january-backtest-v1,bc781886f00f59e8ca445d0499e557775f0ddd100dc689290ef2f3ac4fec1e9b,100,assumed,unverified
2026-01-09T12:00:00Z,2026-01-09T00:00:00Z,2026-01-09T12:00:00Z,2026-01-10T06:00:00Z,turbine_1,18,4.59,4.3,0.07809340643351642,january-backtest-v1,d094eb03a52f303931989830f7b4efb0d2e6c3faabb6b6a47793e8f3af157ee1,100,assumed,unverified
2026-01-09T12:00:00Z,2026-01-09T00:00:00Z,2026-01-09T12:00:00Z,2026-01-10T06:00:00Z,turbine_2,18,4.59,4.3,0.06787568722955106,january-backtest-v1,bc781886f00f59e8ca445d0499e557775f0ddd100dc689290ef2f3ac4fec1e9b,100,assumed,unverified
2026-01-09T12:00:00Z,2026-01-09T00:00:00Z,2026-01-09T12:00:00Z,2026-01-10T07:00:00Z,turbine_1,19,4.85,5.3,0.10379333141189279,january-backtest-v1,d094eb03a52f303931989830f7b4efb0d2e6c3faabb6b6a47793e8f3af157ee1,100,assumed,unverified
2026-01-09T12:00:00Z,2026-01-09T00:00:00Z,2026-01-09T12:00:00Z,2026-01-10T07:00:00Z,turbine_2,19,4.85,5.3,0.09020952244226238,january-backtest-v1,bc781886f00f59e8ca445d0499e557775f0ddd100dc689290ef2f3ac4fec1e9b,100,assumed,unverified
2026-01-09T12:00:00Z,2026-01-09T00:00:00Z,2026-01-09T12:00:00Z,2026-01-10T08:00:00Z,turbine_1,20,4.97,5.8,0.11020872199438692,january-backtest-v1,d094eb03a52f303931989830f7b4efb0d2e6c3faabb6b6a47793e8f3af157ee1,100,assumed,unverified
2026-01-09T12:00:00Z,2026-01-09T00:00:00Z,2026-01-09T12:00:00Z,2026-01-10T08:00:00Z,turbine_2,20,4.97,5.8,0.09696350019818795,january-backtest-v1,bc781886f00f59e8ca445d0499e557775f0ddd100dc689290ef2f3ac4fec1e9b,100,assumed,unverified
2026-01-09T12:00:00Z,2026-01-09T00:00:00Z,2026-01-09T12:00:00Z,2026-01-10T09:00:00Z,turbine_1,21,4.91,5.8,0.10880038684748256,january-backtest-v1,d094eb03a52f303931989830f7b4efb0d2e6c3faabb6b6a47793e8f3af157ee1,100,assumed,unverified
2026-01-09T12:00:00Z,2026-01-09T00:00:00Z,2026-01-09T12:00:00Z,2026-01-10T09:00:00Z,turbine_2,21,4.91,5.8,0.09333326286884025,january-backtest-v1,bc781886f00f59e8ca445d0499e557775f0ddd100dc689290ef2f3ac4fec1e9b,100,assumed,unverified
2026-01-09T12:00:00Z,2026-01-09T00:00:00Z,2026-01-09T12:00:00Z,2026-01-10T10:00:00Z,turbine_1,22,5.19,4.6,0.12630510166153314,january-backtest-v1,d094eb03a52f303931989830f7b4efb0d2e6c3faabb6b6a47793e8f3af157ee1,100,assumed,unverified
2026-01-09T12:00:00Z,2026-01-09T00:00:00Z,2026-01-09T12:00:00Z,2026-01-10T10:00:00Z,turbine_2,22,5.19,4.6,0.10906357082737611,january-backtest-v1,bc781886f00f59e8ca445d0499e557775f0ddd100dc689290ef2f3ac4fec1e9b,100,assumed,unverified
2026-01-09T12:00:00Z,2026-01-09T00:00:00Z,2026-01-09T12:00:00Z,2026-01-10T11:00:00Z,turbine_1,23,5.73,1.8,0.16500825100914582,january-backtest-v1,d094eb03a52f303931989830f7b4efb0d2e6c3faabb6b6a47793e8f3af157ee1,100,assumed,unverified
2026-01-09T12:00:00Z,2026-01-09T00:00:00Z,2026-01-09T12:00:00Z,2026-01-10T11:00:00Z,turbine_2,23,5.73,1.8,0.15119290069068114,january-backtest-v1,bc781886f00f59e8ca445d0499e557775f0ddd100dc689290ef2f3ac4fec1e9b,100,assumed,unverified
2026-01-09T12:00:00Z,2026-01-09T00:00:00Z,2026-01-09T12:00:00Z,2026-01-10T12:00:00Z,turbine_1,24,6.28,0.4,0.2447005472691689,january-backtest-v1,d094eb03a52f303931989830f7b4efb0d2e6c3faabb6b6a47793e8f3af157ee1,100,assumed,unverified
2026-01-09T12:00:00Z,2026-01-09T00:00:00Z,2026-01-09T12:00:00Z,2026-01-10T12:00:00Z,turbine_2,24,6.28,0.4,0.2249306702364712,january-backtest-v1,bc781886f00f59e8ca445d0499e557775f0ddd100dc689290ef2f3ac4fec1e9b,100,assumed,unverified
2026-01-09T12:00:00Z,2026-01-09T00:00:00Z,2026-01-09T12:00:00Z,2026-01-10T13:00:00Z,turbine_1,25,6.52,0.5,0.27147829151642283,january-backtest-v1,d094eb03a52f303931989830f7b4efb0d2e6c3faabb6b6a47793e8f3af157ee1,100,assumed,unverified
2026-01-09T12:00:00Z,2026-01-09T00:00:00Z,2026-01-09T12:00:00Z,2026-01-10T13:00:00Z,turbine_2,25,6.52,0.5,0.25737945903126613,january-backtest-v1,bc781886f00f59e8ca445d0499e557775f0ddd100dc689290ef2f3ac4fec1e9b,100,assumed,unverified
2026-01-09T12:00:00Z,2026-01-09T00:00:00Z,2026-01-09T12:00:00Z,2026-01-10T14:00:00Z,turbine_1,26,6.79,0.6,0.3195309309159377,january-backtest-v1,d094eb03a52f303931989830f7b4efb0d2e6c3faabb6b6a47793e8f3af157ee1,100,assumed,unverified
2026-01-09T12:00:00Z,2026-01-09T00:00:00Z,2026-01-09T12:00:00Z,2026-01-10T14:00:00Z,turbine_2,26,6.79,0.6,0.3023437946192571,january-backtest-v1,bc781886f00f59e8ca445d0499e557775f0ddd100dc689290ef2f3ac4fec1e9b,100,assumed,unverified
2026-01-09T12:00:00Z,2026-01-09T00:00:00Z,2026-01-09T12:00:00Z,2026-01-10T15:00:00Z,turbine_1,27,6.59,0.6,0.2861129970342169,january-backtest-v1,d094eb03a52f303931989830f7b4efb0d2e6c3faabb6b6a47793e8f3af157ee1,100,assumed,unverified
2026-01-09T12:00:00Z,2026-01-09T00:00:00Z,2026-01-09T12:00:00Z,2026-01-10T15:00:00Z,turbine_2,27,6.59,0.6,0.26833813121115235,january-backtest-v1,bc781886f00f59e8ca445d0499e557775f0ddd100dc689290ef2f3ac4fec1e9b,100,assumed,unverified
2026-01-09T12:00:00Z,2026-01-09T00:00:00Z,2026-01-09T12:00:00Z,2026-01-10T16:00:00Z,turbine_1,28,6.45,0.4,0.26859475261987664,january-backtest-v1,d094eb03a52f303931989830f7b4efb0d2e6c3faabb6b6a47793e8f3af157ee1,100,assumed,unverified
2026-01-09T12:00:00Z,2026-01-09T00:00:00Z,2026-01-09T12:00:00Z,2026-01-10T16:00:00Z,turbine_2,28,6.45,0.4,0.246948947269001,january-backtest-v1,bc781886f00f59e8ca445d0499e557775f0ddd100dc689290ef2f3ac4fec1e9b,100,assumed,unverified
2026-01-09T12:00:00Z,2026-01-09T00:00:00Z,2026-01-09T12:00:00Z,2026-01-10T17:00:00Z,turbine_1,29,6.23,0.1,0.24013951993914326,january-backtest-v1,d094eb03a52f303931989830f7b4efb0d2e6c3faabb6b6a47793e8f3af157ee1,100,assumed,unverified
2026-01-09T12:00:00Z,2026-01-09T00:00:00Z,2026-01-09T12:00:00Z,2026-01-10T17:00:00Z,turbine_2,29,6.23,0.1,0.22151733636480442,january-backtest-v1,bc781886f00f59e8ca445d0499e557775f0ddd100dc689290ef2f3ac4fec1e9b,100,assumed,unverified
2026-01-09T12:00:00Z,2026-01-09T00:00:00Z,2026-01-09T12:00:00Z,2026-01-10T18:00:00Z,turbine_1,30,6.35,-0.5,0.2484240059565056,january-backtest-v1,d094eb03a52f303931989830f7b4efb0d2e6c3faabb6b6a47793e8f3af157ee1,100,assumed,unverified
2026-01-09T12:00:00Z,2026-01-09T00:00:00Z,2026-01-09T12:00:00Z,2026-01-10T18:00:00Z,turbine_2,30,6.35,-0.5,0.224581840353616,january-backtest-v1,bc781886f00f59e8ca445d0499e557775f0ddd100dc689290ef2f3ac4fec1e9b,100,assumed,unverified
2026-01-09T12:00:00Z,2026-01-09T00:00:00Z,2026-01-09T12:00:00Z,2026-01-10T19:00:00Z,turbine_1,31,7.07,-0.9,0.3589889924757353,january-backtest-v1,d094eb03a52f303931989830f7b4efb0d2e6c3faabb6b6a47793e8f3af157ee1,100,assumed,unverified
2026-01-09T12:00:00Z,2026-01-09T00:00:00Z,2026-01-09T12:00:00Z,2026-01-10T19:00:00Z,turbine_2,31,7.07,-0.9,0.3461452737327514,january-backtest-v1,bc781886f00f59e8ca445d0499e557775f0ddd100dc689290ef2f3ac4fec1e9b,100,assumed,unverified
2026-01-09T12:00:00Z,2026-01-09T00:00:00Z,2026-01-09T12:00:00Z,2026-01-10T20:00:00Z,turbine_1,32,7.09,-1.3,0.35977524434208547,january-backtest-v1,d094eb03a52f303931989830f7b4efb0d2e6c3faabb6b6a47793e8f3af157ee1,100,assumed,unverified
2026-01-09T12:00:00Z,2026-01-09T00:00:00Z,2026-01-09T12:00:00Z,2026-01-10T20:00:00Z,turbine_2,32,7.09,-1.3,0.3478227281154617,january-backtest-v1,bc781886f00f59e8ca445d0499e557775f0ddd100dc689290ef2f3ac4fec1e9b,100,assumed,unverified
2026-01-09T12:00:00Z,2026-01-09T00:00:00Z,2026-01-09T12:00:00Z,2026-01-10T21:00:00Z,turbine_1,33,7.25,-1.5,0.38681717369764856,january-backtest-v1,d094eb03a52f303931989830f7b4efb0d2e6c3faabb6b6a47793e8f3af157ee1,100,assumed,unverified
2026-01-09T12:00:00Z,2026-01-09T00:00:00Z,2026-01-09T12:00:00Z,2026-01-10T21:00:00Z,turbine_2,33,7.25,-1.5,0.3549177653973644,january-backtest-v1,bc781886f00f59e8ca445d0499e557775f0ddd100dc689290ef2f3ac4fec1e9b,100,assumed,unverified
2026-01-09T12:00:00Z,2026-01-09T00:00:00Z,2026-01-09T12:00:00Z,2026-01-10T22:00:00Z,turbine_1,34,7.54,-1.5,0.45020942405360775,january-backtest-v1,d094eb03a52f303931989830f7b4efb0d2e6c3faabb6b6a47793e8f3af157ee1,100,assumed,unverified
2026-01-09T12:00:00Z,2026-01-09T00:00:00Z,2026-01-09T12:00:00Z,2026-01-10T22:00:00Z,turbine_2,34,7.54,-1.5,0.41659983418033253,january-backtest-v1,bc781886f00f59e8ca445d0499e557775f0ddd100dc689290ef2f3ac4fec1e9b,100,assumed,unverified
2026-01-09T12:00:00Z,2026-01-09T00:00:00Z,2026-01-09T12:00:00Z,2026-01-10T23:00:00Z,turbine_1,35,7.33,-1.6,0.4151629687537769,january-backtest-v1,d094eb03a52f303931989830f7b4efb0d2e6c3faabb6b6a47793e8f3af157ee1,100,assumed,unverified
2026-01-09T12:00:00Z,2026-01-09T00:00:00Z,2026-01-09T12:00:00Z,2026-01-10T23:00:00Z,turbine_2,35,7.33,-1.6,0.3802334740526965,january-backtest-v1,bc781886f00f59e8ca445d0499e557775f0ddd100dc689290ef2f3ac4fec1e9b,100,assumed,unverified
2026-01-09T12:00:00Z,2026-01-09T00:00:00Z,2026-01-09T12:00:00Z,2026-01-11T00:00:00Z,turbine_1,36,7.16,-1.6,0.36981607475336786,january-backtest-v1,d094eb03a52f303931989830f7b4efb0d2e6c3faabb6b6a47793e8f3af157ee1,100,assumed,unverified
2026-01-09T12:00:00Z,2026-01-09T00:00:00Z,2026-01-09T12:00:00Z,2026-01-11T00:00:00Z,turbine_2,36,7.16,-1.6,0.3482539077612017,january-backtest-v1,bc781886f00f59e8ca445d0499e557775f0ddd100dc689290ef2f3ac4fec1e9b,100,assumed,unverified
2026-01-09T12:00:00Z,2026-01-09T00:00:00Z,2026-01-09T12:00:00Z,2026-01-11T01:00:00Z,turbine_1,37,7.07,-1.6,0.35483160427239846,january-backtest-v1,d094eb03a52f303931989830f7b4efb0d2e6c3faabb6b6a47793e8f3af157ee1,100,assumed,unverified
2026-01-09T12:00:00Z,2026-01-09T00:00:00Z,2026-01-09T12:00:00Z,2026-01-11T01:00:00Z,turbine_2,37,7.07,-1.6,0.33762329190187235,january-backtest-v1,bc781886f00f59e8ca445d0499e557775f0ddd100dc689290ef2f3ac4fec1e9b,100,assumed,unverified
2026-01-09T12:00:00Z,2026-01-09T00:00:00Z,2026-01-09T12:00:00Z,2026-01-11T02:00:00Z,turbine_1,38,6.86,-2.1,0.3237951527731911,january-backtest-v1,d094eb03a52f303931989830f7b4efb0d2e6c3faabb6b6a47793e8f3af157ee1,100,assumed,unverified
2026-01-09T12:00:00Z,2026-01-09T00:00:00Z,2026-01-09T12:00:00Z,2026-01-11T02:00:00Z,turbine_2,38,6.86,-2.1,0.2912800810649877,january-backtest-v1,bc781886f00f59e8ca445d0499e557775f0ddd100dc689290ef2f3ac4fec1e9b,100,assumed,unverified
2026-01-09T12:00:00Z,2026-01-09T00:00:00Z,2026-01-09T12:00:00Z,2026-01-11T03:00:00Z,turbine_1,39,6.46,-1.3,0.2586697344696988,january-backtest-v1,d094eb03a52f303931989830f7b4efb0d2e6c3faabb6b6a47793e8f3af157ee1,100,assumed,unverified
2026-01-09T12:00:00Z,2026-01-09T00:00:00Z,2026-01-09T12:00:00Z,2026-01-11T03:00:00Z,turbine_2,39,6.46,-1.3,0.2371796022362468,january-backtest-v1,bc781886f00f59e8ca445d0499e557775f0ddd100dc689290ef2f3ac4fec1e9b,100,assumed,unverified
2026-01-09T12:00:00Z,2026-01-09T00:00:00Z,2026-01-09T12:00:00Z,2026-01-11T04:00:00Z,turbine_1,40,6.93,1.6,0.3507416930308618,january-backtest-v1,d094eb03a52f303931989830f7b4efb0d2e6c3faabb6b6a47793e8f3af157ee1,100,assumed,unverified
2026-01-09T12:00:00Z,2026-01-09T00:00:00Z,2026-01-09T12:00:00Z,2026-01-11T04:00:00Z,turbine_2,40,6.93,1.6,0.31834890112786,january-backtest-v1,bc781886f00f59e8ca445d0499e557775f0ddd100dc689290ef2f3ac4fec1e9b,100,assumed,unverified
2026-01-09T12:00:00Z,2026-01-09T00:00:00Z,2026-01-09T12:00:00Z,2026-01-11T05:00:00Z,turbine_1,41,8.21,4.7,0.5726933987215936,january-backtest-v1,d094eb03a52f303931989830f7b4efb0d2e6c3faabb6b6a47793e8f3af157ee1,100,assumed,unverified
2026-01-09T12:00:00Z,2026-01-09T00:00:00Z,2026-01-09T12:00:00Z,2026-01-11T05:00:00Z,turbine_2,41,8.21,4.7,0.5329560400564047,january-backtest-v1,bc781886f00f59e8ca445d0499e557775f0ddd100dc689290ef2f3ac4fec1e9b,100,assumed,unverified
2026-01-09T12:00:00Z,2026-01-09T00:00:00Z,2026-01-09T12:00:00Z,2026-01-11T06:00:00Z,turbine_1,42,7.46,6.5,0.43982585346894365,january-backtest-v1,d094eb03a52f303931989830f7b4efb0d2e6c3faabb6b6a47793e8f3af157ee1,100,assumed,unverified
2026-01-09T12:00:00Z,2026-01-09T00:00:00Z,2026-01-09T12:00:00Z,2026-01-11T06:00:00Z,turbine_2,42,7.46,6.5,0.4156431476808724,january-backtest-v1,bc781886f00f59e8ca445d0499e557775f0ddd100dc689290ef2f3ac4fec1e9b,100,assumed,unverified
2026-01-09T12:00:00Z,2026-01-09T00:00:00Z,2026-01-09T12:00:00Z,2026-01-11T07:00:00Z,turbine_1,43,7.98,7.4,0.501451918060027,january-backtest-v1,d094eb03a52f303931989830f7b4efb0d2e6c3faabb6b6a47793e8f3af157ee1,100,assumed,unverified
2026-01-09T12:00:00Z,2026-01-09T00:00:00Z,2026-01-09T12:00:00Z,2026-01-11T07:00:00Z,turbine_2,43,7.98,7.4,0.5034264255619361,january-backtest-v1,bc781886f00f59e8ca445d0499e557775f0ddd100dc689290ef2f3ac4fec1e9b,100,assumed,unverified
2026-01-09T12:00:00Z,2026-01-09T00:00:00Z,2026-01-09T12:00:00Z,2026-01-11T08:00:00Z,turbine_1,44,8.31,7.9,0.5641260721795333,january-backtest-v1,d094eb03a52f303931989830f7b4efb0d2e6c3faabb6b6a47793e8f3af157ee1,100,assumed,unverified
2026-01-09T12:00:00Z,2026-01-09T00:00:00Z,2026-01-09T12:00:00Z,2026-01-11T08:00:00Z,turbine_2,44,8.31,7.9,0.5726187963820983,january-backtest-v1,bc781886f00f59e8ca445d0499e557775f0ddd100dc689290ef2f3ac4fec1e9b,100,assumed,unverified
2026-01-09T12:00:00Z,2026-01-09T00:00:00Z,2026-01-09T12:00:00Z,2026-01-11T09:00:00Z,turbine_1,45,9.1,7.3,0.6942266855394548,january-backtest-v1,d094eb03a52f303931989830f7b4efb0d2e6c3faabb6b6a47793e8f3af157ee1,100,assumed,unverified
2026-01-09T12:00:00Z,2026-01-09T00:00:00Z,2026-01-09T12:00:00Z,2026-01-11T09:00:00Z,turbine_2,45,9.1,7.3,0.6517685477281496,january-backtest-v1,bc781886f00f59e8ca445d0499e557775f0ddd100dc689290ef2f3ac4fec1e9b,100,assumed,unverified
2026-01-09T12:00:00Z,2026-01-09T00:00:00Z,2026-01-09T12:00:00Z,2026-01-11T10:00:00Z,turbine_1,46,7.65,6.1,0.47496313595507056,january-backtest-v1,d094eb03a52f303931989830f7b4efb0d2e6c3faabb6b6a47793e8f3af157ee1,100,assumed,unverified
2026-01-09T12:00:00Z,2026-01-09T00:00:00Z,2026-01-09T12:00:00Z,2026-01-11T10:00:00Z,turbine_2,46,7.65,6.1,0.4455746255612434,january-backtest-v1,bc781886f00f59e8ca445d0499e557775f0ddd100dc689290ef2f3ac4fec1e9b,100,assumed,unverified
2026-01-09T12:00:00Z,2026-01-09T00:00:00Z,2026-01-09T12:00:00Z,2026-01-11T11:00:00Z,turbine_1,47,6.42,4.5,0.27111760598285195,january-backtest-v1,d094eb03a52f303931989830f7b4efb0d2e6c3faabb6b6a47793e8f3af157ee1,100,assumed,unverified
2026-01-09T12:00:00Z,2026-01-09T00:00:00Z,2026-01-09T12:00:00Z,2026-01-11T11:00:00Z,turbine_2,47,6.42,4.5,0.2516546858876558,january-backtest-v1,bc781886f00f59e8ca445d0499e557775f0ddd100dc689290ef2f3ac4fec1e9b,100,assumed,unverified
2026-01-09T12:00:00Z,2026-01-09T00:00:00Z,2026-01-09T12:00:00Z,2026-01-11T12:00:00Z,turbine_1,48,6.31,3.0,0.2533770370937798,january-backtest-v1,d094eb03a52f303931989830f7b4efb0d2e6c3faabb6b6a47793e8f3af157ee1,100,assumed,unverified
2026-01-09T12:00:00Z,2026-01-09T00:00:00Z,2026-01-09T12:00:00Z,2026-01-11T12:00:00Z,turbine_2,48,6.31,3.0,0.22814688293058707,january-backtest-v1,bc781886f00f59e8ca445d0499e557775f0ddd100dc689290ef2f3ac4fec1e9b,100,assumed,unverified
2026-01-10T12:00:00Z,2026-01-10T00:00:00Z,2026-01-10T12:00:00Z,2026-01-10T13:00:00Z,turbine_1,1,7.21,0.5,0.39275724127178985,january-backtest-v1,d094eb03a52f303931989830f7b4efb0d2e6c3faabb6b6a47793e8f3af157ee1,100,assumed,unverified
2026-01-10T12:00:00Z,2026-01-10T00:00:00Z,2026-01-10T12:00:00Z,2026-01-10T13:00:00Z,turbine_2,1,7.21,0.5,0.36114491867644394,january-backtest-v1,bc781886f00f59e8ca445d0499e557775f0ddd100dc689290ef2f3ac4fec1e9b,100,assumed,unverified
2026-01-10T12:00:00Z,2026-01-10T00:00:00Z,2026-01-10T12:00:00Z,2026-01-10T14:00:00Z,turbine_1,2,7.3,0.7,0.4101493367213768,january-backtest-v1,d094eb03a52f303931989830f7b4efb0d2e6c3faabb6b6a47793e8f3af157ee1,100,assumed,unverified
2026-01-10T12:00:00Z,2026-01-10T00:00:00Z,2026-01-10T12:00:00Z,2026-01-10T14:00:00Z,turbine_2,2,7.3,0.7,0.3758617296140811,january-backtest-v1,bc781886f00f59e8ca445d0499e557775f0ddd100dc689290ef2f3ac4fec1e9b,100,assumed,unverified
2026-01-10T12:00:00Z,2026-01-10T00:00:00Z,2026-01-10T12:00:00Z,2026-01-10T15:00:00Z,turbine_1,3,7.51,0.7,0.4534825360758916,january-backtest-v1,d094eb03a52f303931989830f7b4efb0d2e6c3faabb6b6a47793e8f3af157ee1,100,assumed,unverified
2026-01-10T12:00:00Z,2026-01-10T00:00:00Z,2026-01-10T12:00:00Z,2026-01-10T15:00:00Z,turbine_2,3,7.51,0.7,0.4205535555513144,january-backtest-v1,bc781886f00f59e8ca445d0499e557775f0ddd100dc689290ef2f3ac4fec1e9b,100,assumed,unverified
2026-01-10T12:00:00Z,2026-01-10T00:00:00Z,2026-01-10T12:00:00Z,2026-01-10T16:00:00Z,turbine_1,4,7.4,0.5,0.4301586145168349,january-backtest-v1,d094eb03a52f303931989830f7b4efb0d2e6c3faabb6b6a47793e8f3af157ee1,100,assumed,unverified
2026-01-10T12:00:00Z,2026-01-10T00:00:00Z,2026-01-10T12:00:00Z,2026-01-10T16:00:00Z,turbine_2,4,7.4,0.5,0.40378907114575646,january-backtest-v1,bc781886f00f59e8ca445d0499e557775f0ddd100dc689290ef2f3ac4fec1e9b,100,assumed,unverified
2026-01-10T12:00:00Z,2026-01-10T00:00:00Z,2026-01-10T12:00:00Z,2026-01-10T17:00:00Z,turbine_1,5,6.95,-0.1,0.3467795186648303,january-backtest-v1,d094eb03a52f303931989830f7b4efb0d2e6c3faabb6b6a47793e8f3af157ee1,100,assumed,unverified
2026-01-10T12:00:00Z,2026-01-10T00:00:00Z,2026-01-10T12:00:00Z,2026-01-10T17:00:00Z,turbine_2,5,6.95,-0.1,0.33126660656413925,january-backtest-v1,bc781886f00f59e8ca445d0499e557775f0ddd100dc689290ef2f3ac4fec1e9b,100,assumed,unverified
2026-01-10T12:00:00Z,2026-01-10T00:00:00Z,2026-01-10T12:00:00Z,2026-01-10T18:00:00Z,turbine_1,6,7.14,-0.9,0.3739734629567047,january-backtest-v1,d094eb03a52f303931989830f7b4efb0d2e6c3faabb6b6a47793e8f3af157ee1,100,assumed,unverified
2026-01-10T12:00:00Z,2026-01-10T00:00:00Z,2026-01-10T12:00:00Z,2026-01-10T18:00:00Z,turbine_2,6,7.14,-0.9,0.3567758895920808,january-backtest-v1,bc781886f00f59e8ca445d0499e557775f0ddd100dc689290ef2f3ac4fec1e9b,100,assumed,unverified
2026-01-10T12:00:00Z,2026-01-10T00:00:00Z,2026-01-10T12:00:00Z,2026-01-10T19:00:00Z,turbine_1,7,7.43,-1.4,0.42034397434064913,january-backtest-v1,d094eb03a52f303931989830f7b4efb0d2e6c3faabb6b6a47793e8f3af157ee1,100,assumed,unverified
2026-01-10T12:00:00Z,2026-01-10T00:00:00Z,2026-01-10T12:00:00Z,2026-01-10T19:00:00Z,turbine_2,7,7.43,-1.4,0.3967437875881015,january-backtest-v1,bc781886f00f59e8ca445d0499e557775f0ddd100dc689290ef2f3ac4fec1e9b,100,assumed,unverified
2026-01-10T12:00:00Z,2026-01-10T00:00:00Z,2026-01-10T12:00:00Z,2026-01-10T20:00:00Z,turbine_1,8,7.2,-1.7,0.3758296444698898,january-backtest-v1,d094eb03a52f303931989830f7b4efb0d2e6c3faabb6b6a47793e8f3af157ee1,100,assumed,unverified
2026-01-10T12:00:00Z,2026-01-10T00:00:00Z,2026-01-10T12:00:00Z,2026-01-10T20:00:00Z,turbine_2,8,7.2,-1.7,0.34795808291054336,january-backtest-v1,bc781886f00f59e8ca445d0499e557775f0ddd100dc689290ef2f3ac4fec1e9b,100,assumed,unverified
2026-01-10T12:00:00Z,2026-01-10T00:00:00Z,2026-01-10T12:00:00Z,2026-01-10T21:00:00Z,turbine_1,9,7.02,-1.8,0.3497736243299822,january-backtest-v1,d094eb03a52f303931989830f7b4efb0d2e6c3faabb6b6a47793e8f3af157ee1,100,assumed,unverified
2026-01-10T12:00:00Z,2026-01-10T00:00:00Z,2026-01-10T12:00:00Z,2026-01-10T21:00:00Z,turbine_2,9,7.02,-1.8,0.3309874602773927,january-backtest-v1,bc781886f00f59e8ca445d0499e557775f0ddd100dc689290ef2f3ac4fec1e9b,100,assumed,unverified
2026-01-10T12:00:00Z,2026-01-10T00:00:00Z,2026-01-10T12:00:00Z,2026-01-10T22:00:00Z,turbine_1,10,7.13,-1.8,0.36611444366748425,january-backtest-v1,d094eb03a52f303931989830f7b4efb0d2e6c3faabb6b6a47793e8f3af157ee1,100,assumed,unverified
2026-01-10T12:00:00Z,2026-01-10T00:00:00Z,2026-01-10T12:00:00Z,2026-01-10T22:00:00Z,turbine_2,10,7.13,-1.8,0.34631435243354075,january-backtest-v1,bc781886f00f59e8ca445d0499e557775f0ddd100dc689290ef2f3ac4fec1e9b,100,assumed,unverified
2026-01-10T12:00:00Z,2026-01-10T00:00:00Z,2026-01-10T12:00:00Z,2026-01-10T23:00:00Z,turbine_1,11,7.0,-2.1,0.34378365699112634,january-backtest-v1,d094eb03a52f303931989830f7b4efb0d2e6c3faabb6b6a47793e8f3af157ee1,100,assumed,unverified
2026-01-10T12:00:00Z,2026-01-10T00:00:00Z,2026-01-10T12:00:00Z,2026-01-10T23:00:00Z,turbine_2,11,7.0,-2.1,0.3309874602773927,january-backtest-v1,bc781886f00f59e8ca445d0499e557775f0ddd100dc689290ef2f3ac4fec1e9b,100,assumed,unverified
2026-01-10T12:00:00Z,2026-01-10T00:00:00Z,2026-01-10T12:00:00Z,2026-01-11T00:00:00Z,turbine_1,12,7.2,-1.6,0.3795312755557734,january-backtest-v1,d094eb03a52f303931989830f7b4efb0d2e6c3faabb6b6a47793e8f3af157ee1,100,assumed,unverified
2026-01-10T12:00:00Z,2026-01-10T00:00:00Z,2026-01-10T12:00:00Z,2026-01-11T00:00:00Z,turbine_2,12,7.2,-1.6,0.34795808291054336,january-backtest-v1,bc781886f00f59e8ca445d0499e557775f0ddd100dc689290ef2f3ac4fec1e9b,100,assumed,unverified
2026-01-10T12:00:00Z,2026-01-10T00:00:00Z,2026-01-10T12:00:00Z,2026-01-11T01:00:00Z,turbine_1,13,7.29,-1.3,0.39937707124692245,january-backtest-v1,d094eb03a52f303931989830f7b4efb0d2e6c3faabb6b6a47793e8f3af157ee1,100,assumed,unverified
2026-01-10T12:00:00Z,2026-01-10T00:00:00Z,2026-01-10T12:00:00Z,2026-01-11T01:00:00Z,turbine_2,13,7.29,-1.3,0.36632493449516673,january-backtest-v1,bc781886f00f59e8ca445d0499e557775f0ddd100dc689290ef2f3ac4fec1e9b,100,assumed,unverified
2026-01-10T12:00:00Z,2026-01-10T00:00:00Z,2026-01-10T12:00:00Z,2026-01-11T02:00:00Z,turbine_1,14,7.16,-1.4,0.3721283858817627,january-backtest-v1,d094eb03a52f303931989830f7b4efb0d2e6c3faabb6b6a47793e8f3af157ee1,100,assumed,unverified
2026-01-10T12:00:00Z,2026-01-10T00:00:00Z,2026-01-10T12:00:00Z,2026-01-11T02:00:00Z,turbine_2,14,7.16,-1.4,0.3523920557578074,january-backtest-v1,bc781886f00f59e8ca445d0499e557775f0ddd100dc689290ef2f3ac4fec1e9b,100,assumed,unverified
2026-01-10T12:00:00Z,2026-01-10T00:00:00Z,2026-01-10T12:00:00Z,2026-01-11T03:00:00Z,turbine_1,15,6.69,-1.1,0.30201338902828395,january-backtest-v1,d094eb03a52f303931989830f7b4efb0d2e6c3faabb6b6a47793e8f3af157ee1,100,assumed,unverified
2026-01-10T12:00:00Z,2026-01-10T00:00:00Z,2026-01-10T12:00:00Z,2026-01-11T03:00:00Z,turbine_2,15,6.69,-1.1,0.2766270902778938,january-backtest-v1,bc781886f00f59e8ca445d0499e557775f0ddd100dc689290ef2f3ac4fec1e9b,100,assumed,unverified
2026-01-10T12:00:00Z,2026-01-10T00:00:00Z,2026-01-10T12:00:00Z,2026-01-11T04:00:00Z,turbine_1,16,6.55,1.6,0.2844738385895569,january-backtest-v1,d094eb03a52f303931989830f7b4efb0d2e6c3faabb6b6a47793e8f3af157ee1,100,assumed,unverified
2026-01-10T12:00:00Z,2026-01-10T00:00:00Z,2026-01-10T12:00:00Z,2026-01-11T04:00:00Z,turbine_2,16,6.55,1.6,0.2642896557371024,january-backtest-v1,bc781886f00f59e8ca445d0499e557775f0ddd100dc689290ef2f3ac4fec1e9b,100,assumed,unverified
2026-01-10T12:00:00Z,2026-01-10T00:00:00Z,2026-01-10T12:00:00Z,2026-01-11T05:00:00Z,turbine_1,17,7.85,4.9,0.5097988427567072,january-backtest-v1,d094eb03a52f303931989830f7b4efb0d2e6c3faabb6b6a47793e8f3af157ee1,100,assumed,unverified
2026-01-10T12:00:00Z,2026-01-10T00:00:00Z,2026-01-10T12:00:00Z,2026-01-11T05:00:00Z,turbine_2,17,7.85,4.9,0.4759977992092833,january-backtest-v1,bc781886f00f59e8ca445d0499e557775f0ddd100dc689290ef2f3ac4fec1e9b,100,assumed,unverified
2026-01-10T12:00:00Z,2026-01-10T00:00:00Z,2026-01-10T12:00:00Z,2026-01-11T06:00:00Z,turbine_1,18,7.36,6.3,0.4312691321020323,january-backtest-v1,d094eb03a52f303931989830f7b4efb0d2e6c3faabb6b6a47793e8f3af157ee1,100,assumed,unverified
2026-01-10T12:00:00Z,2026-01-10T00:00:00Z,2026-01-10T12:00:00Z,2026-01-11T06:00:00Z,turbine_2,18,7.36,6.3,0.4077579755272379,january-backtest-v1,bc781886f00f59e8ca445d0499e557775f0ddd100dc689290ef2f3ac4fec1e9b,100,assumed,unverified
2026-01-10T12:00:00Z,2026-01-10T00:00:00Z,2026-01-10T12:00:00Z,2026-01-11T07:00:00Z,turbine_1,19,7.72,7.3,0.462742547833832,january-backtest-v1,d094eb03a52f303931989830f7b4efb0d2e6c3faabb6b6a47793e8f3af157ee1,100,assumed,unverified
2026-01-10T12:00:00Z,2026-01-10T00:00:00Z,2026-01-10T12:00:00Z,2026-01-11T07:00:00Z,turbine_2,19,7.72,7.3,0.4688062578046686,january-backtest-v1,bc781886f00f59e8ca445d0499e557775f0ddd100dc689290ef2f3ac4fec1e9b,100,assumed,unverified
2026-01-10T12:00:00Z,2026-01-10T00:00:00Z,2026-01-10T12:00:00Z,2026-01-11T08:00:00Z,turbine_1,20,8.28,7.5,0.5640698354794528,january-backtest-v1,d094eb03a52f303931989830f7b4efb0d2e6c3faabb6b6a47793e8f3af157ee1,100,assumed,unverified
2026-01-10T12:00:00Z,2026-01-10T00:00:00Z,2026-01-10T12:00:00Z,2026-01-11T08:00:00Z,turbine_2,20,8.28,7.5,0.5762331056510581,january-backtest-v1,bc781886f00f59e8ca445d0499e557775f0ddd100dc689290ef2f3ac4fec1e9b,100,assumed,unverified
2026-01-10T12:00:00Z,2026-01-10T00:00:00Z,2026-01-10T12:00:00Z,2026-01-11T09:00:00Z,turbine_1,21,8.82,6.8,0.6684306291290547,january-backtest-v1,d094eb03a52f303931989830f7b4efb0d2e6c3faabb6b6a47793e8f3af157ee1,100,assumed,unverified
2026-01-10T12:00:00Z,2026-01-10T00:00:00Z,2026-01-10T12:00:00Z,2026-01-11T09:00:00Z,turbine_2,21,8.82,6.8,0.6336431834169869,january-backtest-v1,bc781886f00f59e8ca445d0499e557775f0ddd100dc689290ef2f3ac4fec1e9b,100,assumed,unverified
2026-01-10T12:00:00Z,2026-01-10T00:00:00Z,2026-01-10T12:00:00Z,2026-01-11T10:00:00Z,turbine_1,22,7.11,5.8,0.3740422058542307,january-backtest-v1,d094eb03a52f303931989830f7b4efb0d2e6c3faabb6b6a47793e8f3af157ee1,100,assumed,unverified
2026-01-10T12:00:00Z,2026-01-10T00:00:00Z,2026-01-10T12:00:00Z,2026-01-11T10:00:00Z,turbine_2,22,7.11,5.8,0.3658091136799923,january-backtest-v1,bc781886f00f59e8ca445d0499e557775f0ddd100dc689290ef2f3ac4fec1e9b,100,assumed,unverified
2026-01-10T12:00:00Z,2026-01-10T00:00:00Z,2026-01-10T12:00:00Z,2026-01-11T11:00:00Z,turbine_1,23,5.99,3.9,0.209769496196836,january-backtest-v1,d094eb03a52f303931989830f7b4efb0d2e6c3faabb6b6a47793e8f3af157ee1,100,assumed,unverified
2026-01-10T12:00:00Z,2026-01-10T00:00:00Z,2026-01-10T12:00:00Z,2026-01-11T11:00:00Z,turbine_2,23,5.99,3.9,0.1884425891572588,january-backtest-v1,bc781886f00f59e8ca445d0499e557775f0ddd100dc689290ef2f3ac4fec1e9b,100,assumed,unverified
2026-01-10T12:00:00Z,2026-01-10T00:00:00Z,2026-01-10T12:00:00Z,2026-01-11T12:00:00Z,turbine_1,24,6.04,2.5,0.2094908444526233,january-backtest-v1,d094eb03a52f303931989830f7b4efb0d2e6c3faabb6b6a47793e8f3af157ee1,100,assumed,unverified
2026-01-10T12:00:00Z,2026-01-10T00:00:00Z,2026-01-10T12:00:00Z,2026-01-11T12:00:00Z,turbine_2,24,6.04,2.5,0.18599023506131498,january-backtest-v1,bc781886f00f59e8ca445d0499e557775f0ddd100dc689290ef2f3ac4fec1e9b,100,assumed,unverified
2026-01-10T12:00:00Z,2026-01-10T00:00:00Z,2026-01-10T12:00:00Z,2026-01-11T13:00:00Z,turbine_1,25,5.63,2.2,0.1521020923393614,january-backtest-v1,d094eb03a52f303931989830f7b4efb0d2e6c3faabb6b6a47793e8f3af157ee1,100,assumed,unverified
2026-01-10T12:00:00Z,2026-01-10T00:00:00Z,2026-01-10T12:00:00Z,2026-01-11T13:00:00Z,turbine_2,25,5.63,2.2,0.1392293819739533,january-backtest-v1,bc781886f00f59e8ca445d0499e557775f0ddd100dc689290ef2f3ac4fec1e9b,100,assumed,unverified
2026-01-10T12:00:00Z,2026-01-10T00:00:00Z,2026-01-10T12:00:00Z,2026-01-11T14:00:00Z,turbine_1,26,5.6,2.1,0.1513765139152554,january-backtest-v1,d094eb03a52f303931989830f7b4efb0d2e6c3faabb6b6a47793e8f3af157ee1,100,assumed,unverified
2026-01-10T12:00:00Z,2026-01-10T00:00:00Z,2026-01-10T12:00:00Z,2026-01-11T14:00:00Z,turbine_2,26,5.6,2.1,0.1361705452819344,january-backtest-v1,bc781886f00f59e8ca445d0499e557775f0ddd100dc689290ef2f3ac4fec1e9b,100,assumed,unverified
2026-01-10T12:00:00Z,2026-01-10T00:00:00Z,2026-01-10T12:00:00Z,2026-01-11T15:00:00Z,turbine_1,27,5.35,1.7,0.130758447802625,january-backtest-v1,d094eb03a52f303931989830f7b4efb0d2e6c3faabb6b6a47793e8f3af157ee1,100,assumed,unverified
2026-01-10T12:00:00Z,2026-01-10T00:00:00Z,2026-01-10T12:00:00Z,2026-01-11T15:00:00Z,turbine_2,27,5.35,1.7,0.11351446066507614,january-backtest-v1,bc781886f00f59e8ca445d0499e557775f0ddd100dc689290ef2f3ac4fec1e9b,100,assumed,unverified
2026-01-10T12:00:00Z,2026-01-10T00:00:00Z,2026-01-10T12:00:00Z,2026-01-11T16:00:00Z,turbine_1,28,5.66,1.7,0.15045634263713634,january-backtest-v1,d094eb03a52f303931989830f7b4efb0d2e6c3faabb6b6a47793e8f3af157ee1,100,assumed,unverified
2026-01-10T12:00:00Z,2026-01-10T00:00:00Z,2026-01-10T12:00:00Z,2026-01-11T16:00:00Z,turbine_2,28,5.66,1.7,0.14368430936824358,january-backtest-v1,bc781886f00f59e8ca445d0499e557775f0ddd100dc689290ef2f3ac4fec1e9b,100,assumed,unverified
2026-01-10T12:00:00Z,2026-01-10T00:00:00Z,2026-01-10T12:00:00Z,2026-01-11T17:00:00Z,turbine_1,29,6.45,2.2,0.27294477925058497,january-backtest-v1,d094eb03a52f303931989830f7b4efb0d2e6c3faabb6b6a47793e8f3af157ee1,100,assumed,unverified
2026-01-10T12:00:00Z,2026-01-10T00:00:00Z,2026-01-10T12:00:00Z,2026-01-11T17:00:00Z,turbine_2,29,6.45,2.2,0.2506007263788088,january-backtest-v1,bc781886f00f59e8ca445d0499e557775f0ddd100dc689290ef2f3ac4fec1e9b,100,assumed,unverified
2026-01-10T12:00:00Z,2026-01-10T00:00:00Z,2026-01-10T12:00:00Z,2026-01-11T18:00:00Z,turbine_1,30,6.93,2.2,0.35154665872024604,january-backtest-v1,d094eb03a52f303931989830f7b4efb0d2e6c3faabb6b6a47793e8f3af157ee1,100,assumed,unverified
2026-01-10T12:00:00Z,2026-01-10T00:00:00Z,2026-01-10T12:00:00Z,2026-01-11T18:00:00Z,turbine_2,30,6.93,2.2,0.3208917457482153,january-backtest-v1,bc781886f00f59e8ca445d0499e557775f0ddd100dc689290ef2f3ac4fec1e9b,100,assumed,unverified
2026-01-10T12:00:00Z,2026-01-10T00:00:00Z,2026-01-10T12:00:00Z,2026-01-11T19:00:00Z,turbine_1,31,6.96,1.7,0.3628482329106367,january-backtest-v1,d094eb03a52f303931989830f7b4efb0d2e6c3faabb6b6a47793e8f3af157ee1,100,assumed,unverified
2026-01-10T12:00:00Z,2026-01-10T00:00:00Z,2026-01-10T12:00:00Z,2026-01-11T19:00:00Z,turbine_2,31,6.96,1.7,0.33127468792835213,january-backtest-v1,bc781886f00f59e8ca445d0499e557775f0ddd100dc689290ef2f3ac4fec1e9b,100,assumed,unverified
2026-01-10T12:00:00Z,2026-01-10T00:00:00Z,2026-01-10T12:00:00Z,2026-01-11T20:00:00Z,turbine_1,32,7.25,1.4,0.40381974497706813,january-backtest-v1,d094eb03a52f303931989830f7b4efb0d2e6c3faabb6b6a47793e8f3af157ee1,100,assumed,unverified
2026-01-10T12:00:00Z,2026-01-10T00:00:00Z,2026-01-10T12:00:00Z,2026-01-11T20:00:00Z,turbine_2,32,7.25,1.4,0.36668306630754227,january-backtest-v1,bc781886f00f59e8ca445d0499e557775f0ddd100dc689290ef2f3ac4fec1e9b,100,assumed,unverified
2026-01-10T12:00:00Z,2026-01-10T00:00:00Z,2026-01-10T12:00:00Z,2026-01-11T21:00:00Z,turbine_1,33,6.74,1.2,0.3151959225270326,january-backtest-v1,d094eb03a52f303931989830f7b4efb0d2e6c3faabb6b6a47793e8f3af157ee1,100,assumed,unverified
2026-01-10T12:00:00Z,2026-01-10T00:00:00Z,2026-01-10T12:00:00Z,2026-01-11T21:00:00Z,turbine_2,33,6.74,1.2,0.2896115538636313,january-backtest-v1,bc781886f00f59e8ca445d0499e557775f0ddd100dc689290ef2f3ac4fec1e9b,100,assumed,unverified
2026-01-10T12:00:00Z,2026-01-10T00:00:00Z,2026-01-10T12:00:00Z,2026-01-11T22:00:00Z,turbine_1,34,5.51,0.6,0.1326414856776753,january-backtest-v1,d094eb03a52f303931989830f7b4efb0d2e6c3faabb6b6a47793e8f3af157ee1,100,assumed,unverified
2026-01-10T12:00:00Z,2026-01-10T00:00:00Z,2026-01-10T12:00:00Z,2026-01-11T22:00:00Z,turbine_2,34,5.51,0.6,0.1305926569786405,january-backtest-v1,bc781886f00f59e8ca445d0499e557775f0ddd100dc689290ef2f3ac4fec1e9b,100,assumed,unverified
2026-01-10T12:00:00Z,2026-01-10T00:00:00Z,2026-01-10T12:00:00Z,2026-01-11T23:00:00Z,turbine_1,35,4.31,0.6,0.050596121067565836,january-backtest-v1,d094eb03a52f303931989830f7b4efb0d2e6c3faabb6b6a47793e8f3af157ee1,100,assumed,unverified
2026-01-10T12:00:00Z,2026-01-10T00:00:00Z,2026-01-10T12:00:00Z,2026-01-11T23:00:00Z,turbine_2,35,4.31,0.6,0.04795988748582847,january-backtest-v1,bc781886f00f59e8ca445d0499e557775f0ddd100dc689290ef2f3ac4fec1e9b,100,assumed,unverified
2026-01-10T12:00:00Z,2026-01-10T00:00:00Z,2026-01-10T12:00:00Z,2026-01-12T00:00:00Z,turbine_1,36,2.57,1.5,0.011639238605176072,january-backtest-v1,d094eb03a52f303931989830f7b4efb0d2e6c3faabb6b6a47793e8f3af157ee1,100,assumed,unverified
2026-01-10T12:00:00Z,2026-01-10T00:00:00Z,2026-01-10T12:00:00Z,2026-01-12T00:00:00Z,turbine_2,36,2.57,1.5,0.00898950849916691,january-backtest-v1,bc781886f00f59e8ca445d0499e557775f0ddd100dc689290ef2f3ac4fec1e9b,100,assumed,unverified
2026-01-10T12:00:00Z,2026-01-10T00:00:00Z,2026-01-10T12:00:00Z,2026-01-12T01:00:00Z,turbine_1,37,2.41,2.3,0.012085120608353705,january-backtest-v1,d094eb03a52f303931989830f7b4efb0d2e6c3faabb6b6a47793e8f3af157ee1,100,assumed,unverified
2026-01-10T12:00:00Z,2026-01-10T00:00:00Z,2026-01-10T12:00:00Z,2026-01-12T01:00:00Z,turbine_2,37,2.41,2.3,0.012004694718839526,january-backtest-v1,bc781886f00f59e8ca445d0499e557775f0ddd100dc689290ef2f3ac4fec1e9b,100,assumed,unverified
2026-01-10T12:00:00Z,2026-01-10T00:00:00Z,2026-01-10T12:00:00Z,2026-01-12T02:00:00Z,turbine_1,38,2.05,2.4,0.009689949569172296,january-backtest-v1,d094eb03a52f303931989830f7b4efb0d2e6c3faabb6b6a47793e8f3af157ee1,100,assumed,unverified
2026-01-10T12:00:00Z,2026-01-10T00:00:00Z,2026-01-10T12:00:00Z,2026-01-12T02:00:00Z,turbine_2,38,2.05,2.4,0.010459910500713376,january-backtest-v1,bc781886f00f59e8ca445d0499e557775f0ddd100dc689290ef2f3ac4fec1e9b,100,assumed,unverified
2026-01-10T12:00:00Z,2026-01-10T00:00:00Z,2026-01-10T12:00:00Z,2026-01-12T03:00:00Z,turbine_1,39,3.43,2.1,0.02536822702031588,january-backtest-v1,d094eb03a52f303931989830f7b4efb0d2e6c3faabb6b6a47793e8f3af157ee1,100,assumed,unverified
2026-01-10T12:00:00Z,2026-01-10T00:00:00Z,2026-01-10T12:00:00Z,2026-01-12T03:00:00Z,turbine_2,39,3.43,2.1,0.021519394656532242,january-backtest-v1,bc781886f00f59e8ca445d0499e557775f0ddd100dc689290ef2f3ac4fec1e9b,100,assumed,unverified
2026-01-10T12:00:00Z,2026-01-10T00:00:00Z,2026-01-10T12:00:00Z,2026-01-12T04:00:00Z,turbine_1,40,5.16,4.6,0.12630510166153314,january-backtest-v1,d094eb03a52f303931989830f7b4efb0d2e6c3faabb6b6a47793e8f3af157ee1,100,assumed,unverified
2026-01-10T12:00:00Z,2026-01-10T00:00:00Z,2026-01-10T12:00:00Z,2026-01-12T04:00:00Z,turbine_2,40,5.16,4.6,0.10906357082737611,january-backtest-v1,bc781886f00f59e8ca445d0499e557775f0ddd100dc689290ef2f3ac4fec1e9b,100,assumed,unverified
2026-01-10T12:00:00Z,2026-01-10T00:00:00Z,2026-01-10T12:00:00Z,2026-01-12T05:00:00Z,turbine_1,41,5.47,6.1,0.1518158222514318,january-backtest-v1,d094eb03a52f303931989830f7b4efb0d2e6c3faabb6b6a47793e8f3af157ee1,100,assumed,unverified
2026-01-10T12:00:00Z,2026-01-10T00:00:00Z,2026-01-10T12:00:00Z,2026-01-12T05:00:00Z,turbine_2,41,5.47,6.1,0.1359853769967349,january-backtest-v1,bc781886f00f59e8ca445d0499e557775f0ddd100dc689290ef2f3ac4fec1e9b,100,assumed,unverified
2026-01-10T12:00:00Z,2026-01-10T00:00:00Z,2026-01-10T12:00:00Z,2026-01-12T06:00:00Z,turbine_1,42,4.22,7.3,0.06382243669048959,january-backtest-v1,d094eb03a52f303931989830f7b4efb0d2e6c3faabb6b6a47793e8f3af157ee1,100,assumed,unverified
2026-01-10T12:00:00Z,2026-01-10T00:00:00Z,2026-01-10T12:00:00Z,2026-01-12T06:00:00Z,turbine_2,42,4.22,7.3,0.06159793784956086,january-backtest-v1,bc781886f00f59e8ca445d0499e557775f0ddd100dc689290ef2f3ac4fec1e9b,100,assumed,unverified
2026-01-10T12:00:00Z,2026-01-10T00:00:00Z,2026-01-10T12:00:00Z,2026-01-12T07:00:00Z,turbine_1,43,5.65,8.1,0.16691729574239347,january-backtest-v1,d094eb03a52f303931989830f7b4efb0d2e6c3faabb6b6a47793e8f3af157ee1,100,assumed,unverified
2026-01-10T12:00:00Z,2026-01-10T00:00:00Z,2026-01-10T12:00:00Z,2026-01-12T07:00:00Z,turbine_2,43,5.65,8.1,0.17201825679551302,january-backtest-v1,bc781886f00f59e8ca445d0499e557775f0ddd100dc689290ef2f3ac4fec1e9b,100,assumed,unverified
2026-01-10T12:00:00Z,2026-01-10T00:00:00Z,2026-01-10T12:00:00Z,2026-01-12T08:00:00Z,turbine_1,44,7.0,8.9,0.35797714317354834,january-backtest-v1,d094eb03a52f303931989830f7b4efb0d2e6c3faabb6b6a47793e8f3af157ee1,100,assumed,unverified
2026-01-10T12:00:00Z,2026-01-10T00:00:00Z,2026-01-10T12:00:00Z,2026-01-12T08:00:00Z,turbine_2,44,7.0,8.9,0.3654689390842605,january-backtest-v1,bc781886f00f59e8ca445d0499e557775f0ddd100dc689290ef2f3ac4fec1e9b,100,assumed,unverified
2026-01-10T12:00:00Z,2026-01-10T00:00:00Z,2026-01-10T12:00:00Z,2026-01-12T09:00:00Z,turbine_1,45,9.66,9.0,0.7877934822814041,january-backtest-v1,d094eb03a52f303931989830f7b4efb0d2e6c3faabb6b6a47793e8f3af157ee1,100,assumed,unverified
2026-01-10T12:00:00Z,2026-01-10T00:00:00Z,2026-01-10T12:00:00Z,2026-01-12T09:00:00Z,turbine_2,45,9.66,9.0,0.7722546795773158,january-backtest-v1,bc781886f00f59e8ca445d0499e557775f0ddd100dc689290ef2f3ac4fec1e9b,100,assumed,unverified
2026-01-10T12:00:00Z,2026-01-10T00:00:00Z,2026-01-10T12:00:00Z,2026-01-12T10:00:00Z,turbine_1,46,9.74,8.3,0.7910792491553045,january-backtest-v1,d094eb03a52f303931989830f7b4efb0d2e6c3faabb6b6a47793e8f3af157ee1,100,assumed,unverified
2026-01-10T12:00:00Z,2026-01-10T00:00:00Z,2026-01-10T12:00:00Z,2026-01-12T10:00:00Z,turbine_2,46,9.74,8.3,0.7720771937883504,january-backtest-v1,bc781886f00f59e8ca445d0499e557775f0ddd100dc689290ef2f3ac4fec1e9b,100,assumed,unverified
2026-01-10T12:00:00Z,2026-01-10T00:00:00Z,2026-01-10T12:00:00Z,2026-01-12T11:00:00Z,turbine_1,47,9.03,7.0,0.6675600314785892,january-backtest-v1,d094eb03a52f303931989830f7b4efb0d2e6c3faabb6b6a47793e8f3af157ee1,100,assumed,unverified
2026-01-10T12:00:00Z,2026-01-10T00:00:00Z,2026-01-10T12:00:00Z,2026-01-12T11:00:00Z,turbine_2,47,9.03,7.0,0.6572466530698575,january-backtest-v1,bc781886f00f59e8ca445d0499e557775f0ddd100dc689290ef2f3ac4fec1e9b,100,assumed,unverified
2026-01-10T12:00:00Z,2026-01-10T00:00:00Z,2026-01-10T12:00:00Z,2026-01-12T12:00:00Z,turbine_1,48,6.88,5.6,0.34603199275495666,january-backtest-v1,d094eb03a52f303931989830f7b4efb0d2e6c3faabb6b6a47793e8f3af157ee1,100,assumed,unverified
2026-01-10T12:00:00Z,2026-01-10T00:00:00Z,2026-01-10T12:00:00Z,2026-01-12T12:00:00Z,turbine_2,48,6.88,5.6,0.32462656803372075,january-backtest-v1,bc781886f00f59e8ca445d0499e557775f0ddd100dc689290ef2f3ac4fec1e9b,100,assumed,unverified
2026-01-11T12:00:00Z,2026-01-11T00:00:00Z,2026-01-11T12:00:00Z,2026-01-11T13:00:00Z,turbine_1,1,6.11,2.5,0.23048888948027677,january-backtest-v1,d094eb03a52f303931989830f7b4efb0d2e6c3faabb6b6a47793e8f3af157ee1,100,assumed,unverified
2026-01-11T12:00:00Z,2026-01-11T00:00:00Z,2026-01-11T12:00:00Z,2026-01-11T13:00:00Z,turbine_2,1,6.11,2.5,0.2059666194484468,january-backtest-v1,bc781886f00f59e8ca445d0499e557775f0ddd100dc689290ef2f3ac4fec1e9b,100,assumed,unverified
2026-01-11T12:00:00Z,2026-01-11T00:00:00Z,2026-01-11T12:00:00Z,2026-01-11T14:00:00Z,turbine_1,2,5.68,2.1,0.1515636282471352,january-backtest-v1,d094eb03a52f303931989830f7b4efb0d2e6c3faabb6b6a47793e8f3af157ee1,100,assumed,unverified
2026-01-11T12:00:00Z,2026-01-11T00:00:00Z,2026-01-11T12:00:00Z,2026-01-11T14:00:00Z,turbine_2,2,5.68,2.1,0.1462271539885988,january-backtest-v1,bc781886f00f59e8ca445d0499e557775f0ddd100dc689290ef2f3ac4fec1e9b,100,assumed,unverified
2026-01-11T12:00:00Z,2026-01-11T00:00:00Z,2026-01-11T12:00:00Z,2026-01-11T15:00:00Z,turbine_1,3,5.46,1.9,0.13878699277981188,january-backtest-v1,d094eb03a52f303931989830f7b4efb0d2e6c3faabb6b6a47793e8f3af157ee1,100,assumed,unverified
2026-01-11T12:00:00Z,2026-01-11T00:00:00Z,2026-01-11T12:00:00Z,2026-01-11T15:00:00Z,turbine_2,3,5.46,1.9,0.11937410933037126,january-backtest-v1,bc781886f00f59e8ca445d0499e557775f0ddd100dc689290ef2f3ac4fec1e9b,100,assumed,unverified
2026-01-11T12:00:00Z,2026-01-11T00:00:00Z,2026-01-11T12:00:00Z,2026-01-11T16:00:00Z,turbine_1,4,5.19,1.9,0.1163284643461579,january-backtest-v1,d094eb03a52f303931989830f7b4efb0d2e6c3faabb6b6a47793e8f3af157ee1,100,assumed,unverified
2026-01-11T12:00:00Z,2026-01-11T00:00:00Z,2026-01-11T12:00:00Z,2026-01-11T16:00:00Z,turbine_2,4,5.19,1.9,0.10184615614362125,january-backtest-v1,bc781886f00f59e8ca445d0499e557775f0ddd100dc689290ef2f3ac4fec1e9b,100,assumed,unverified
2026-01-11T12:00:00Z,2026-01-11T00:00:00Z,2026-01-11T12:00:00Z,2026-01-11T17:00:00Z,turbine_1,5,5.44,2.1,0.1360526756044612,january-backtest-v1,d094eb03a52f303931989830f7b4efb0d2e6c3faabb6b6a47793e8f3af157ee1,100,assumed,unverified
2026-01-11T12:00:00Z,2026-01-11T00:00:00Z,2026-01-11T12:00:00Z,2026-01-11T17:00:00Z,turbine_2,5,5.44,2.1,0.12130307311108227,january-backtest-v1,bc781886f00f59e8ca445d0499e557775f0ddd100dc689290ef2f3ac4fec1e9b,100,assumed,unverified
2026-01-11T12:00:00Z,2026-01-11T00:00:00Z,2026-01-11T12:00:00Z,2026-01-11T18:00:00Z,turbine_1,6,6.26,2.5,0.25067773558622863,january-backtest-v1,d094eb03a52f303931989830f7b4efb0d2e6c3faabb6b6a47793e8f3af157ee1,100,assumed,unverified
2026-01-11T12:00:00Z,2026-01-11T00:00:00Z,2026-01-11T12:00:00Z,2026-01-11T18:00:00Z,turbine_2,6,6.26,2.5,0.22316611953500787,january-backtest-v1,bc781886f00f59e8ca445d0499e557775f0ddd100dc689290ef2f3ac4fec1e9b,100,assumed,unverified
2026-01-11T12:00:00Z,2026-01-11T00:00:00Z,2026-01-11T12:00:00Z,2026-01-11T19:00:00Z,turbine_1,7,5.93,1.7,0.18855107272441315,january-backtest-v1,d094eb03a52f303931989830f7b4efb0d2e6c3faabb6b6a47793e8f3af157ee1,100,assumed,unverified
2026-01-11T12:00:00Z,2026-01-11T00:00:00Z,2026-01-11T12:00:00Z,2026-01-11T19:00:00Z,turbine_2,7,5.93,1.7,0.18310050021736607,january-backtest-v1,bc781886f00f59e8ca445d0499e557775f0ddd100dc689290ef2f3ac4fec1e9b,100,assumed,unverified
2026-01-11T12:00:00Z,2026-01-11T00:00:00Z,2026-01-11T12:00:00Z,2026-01-11T20:00:00Z,turbine_1,8,4.98,1.1,0.09998673281522014,january-backtest-v1,d094eb03a52f303931989830f7b4efb0d2e6c3faabb6b6a47793e8f3af157ee1,100,assumed,unverified
2026-01-11T12:00:00Z,2026-01-11T00:00:00Z,2026-01-11T12:00:00Z,2026-01-11T20:00:00Z,turbine_2,8,4.98,1.1,0.08469844440231811,january-backtest-v1,bc781886f00f59e8ca445d0499e557775f0ddd100dc689290ef2f3ac4fec1e9b,100,assumed,unverified
2026-01-11T12:00:00Z,2026-01-11T00:00:00Z,2026-01-11T12:00:00Z,2026-01-11T21:00:00Z,turbine_1,9,5.22,1.1,0.11716224954373711,january-backtest-v1,d094eb03a52f303931989830f7b4efb0d2e6c3faabb6b6a47793e8f3af157ee1,100,assumed,unverified
2026-01-11T12:00:00Z,2026-01-11T00:00:00Z,2026-01-11T12:00:00Z,2026-01-11T21:00:00Z,turbine_2,9,5.22,1.1,0.10594347227052897,january-backtest-v1,bc781886f00f59e8ca445d0499e557775f0ddd100dc689290ef2f3ac4fec1e9b,100,assumed,unverified
2026-01-11T12:00:00Z,2026-01-11T00:00:00Z,2026-01-11T12:00:00Z,2026-01-11T22:00:00Z,turbine_1,10,4.45,1.2,0.06161590866050415,january-backtest-v1,d094eb03a52f303931989830f7b4efb0d2e6c3faabb6b6a47793e8f3af157ee1,100,assumed,unverified
2026-01-11T12:00:00Z,2026-01-11T00:00:00Z,2026-01-11T12:00:00Z,2026-01-11T22:00:00Z,turbine_2,10,4.45,1.2,0.05697100887137041,january-backtest-v1,bc781886f00f59e8ca445d0499e557775f0ddd100dc689290ef2f3ac4fec1e9b,100,assumed,unverified
2026-01-11T12:00:00Z,2026-01-11T00:00:00Z,2026-01-11T12:00:00Z,2026-01-11T23:00:00Z,turbine_1,11,2.78,1.7,0.012603192524460627,january-backtest-v1,d094eb03a52f303931989830f7b4efb0d2e6c3faabb6b6a47793e8f3af157ee1,100,assumed,unverified
2026-01-11T12:00:00Z,2026-01-11T00:00:00Z,2026-01-11T12:00:00Z,2026-01-11T23:00:00Z,turbine_2,11,2.78,1.7,0.009739076929153212,january-backtest-v1,bc781886f00f59e8ca445d0499e557775f0ddd100dc689290ef2f3ac4fec1e9b,100,assumed,unverified
2026-01-11T12:00:00Z,2026-01-11T00:00:00Z,2026-01-11T12:00:00Z,2026-01-12T00:00:00Z,turbine_1,12,1.63,2.0,0.008133622051263445,january-backtest-v1,d094eb03a52f303931989830f7b4efb0d2e6c3faabb6b6a47793e8f3af157ee1,100,assumed,unverified
2026-01-11T12:00:00Z,2026-01-11T00:00:00Z,2026-01-11T12:00:00Z,2026-01-12T00:00:00Z,turbine_2,12,1.63,2.0,0.007644473810827557,january-backtest-v1,bc781886f00f59e8ca445d0499e557775f0ddd100dc689290ef2f3ac4fec1e9b,100,assumed,unverified
2026-01-11T12:00:00Z,2026-01-11T00:00:00Z,2026-01-11T12:00:00Z,2026-01-12T01:00:00Z,turbine_1,13,1.8,2.5,0.0078712008085709,january-backtest-v1,d094eb03a52f303931989830f7b4efb0d2e6c3faabb6b6a47793e8f3af157ee1,100,assumed,unverified
2026-01-11T12:00:00Z,2026-01-11T00:00:00Z,2026-01-11T12:00:00Z,2026-01-12T01:00:00Z,turbine_2,13,1.8,2.5,0.009256758590378944,january-backtest-v1,bc781886f00f59e8ca445d0499e557775f0ddd100dc689290ef2f3ac4fec1e9b,100,assumed,unverified
2026-01-11T12:00:00Z,2026-01-11T00:00:00Z,2026-01-11T12:00:00Z,2026-01-12T02:00:00Z,turbine_1,14,3.48,1.4,0.028765917792837326,january-backtest-v1,d094eb03a52f303931989830f7b4efb0d2e6c3faabb6b6a47793e8f3af157ee1,100,assumed,unverified
2026-01-11T12:00:00Z,2026-01-11T00:00:00Z,2026-01-11T12:00:00Z,2026-01-12T02:00:00Z,turbine_2,14,3.48,1.4,0.019579410911879813,january-backtest-v1,bc781886f00f59e8ca445d0499e557775f0ddd100dc689290ef2f3ac4fec1e9b,100,assumed,unverified
2026-01-11T12:00:00Z,2026-01-11T00:00:00Z,2026-01-11T12:00:00Z,2026-01-12T03:00:00Z,turbine_1,15,4.18,1.3,0.050730656217247094,january-backtest-v1,d094eb03a52f303931989830f7b4efb0d2e6c3faabb6b6a47793e8f3af157ee1,100,assumed,unverified
2026-01-11T12:00:00Z,2026-01-11T00:00:00Z,2026-01-11T12:00:00Z,2026-01-12T03:00:00Z,turbine_2,15,4.18,1.3,0.04664428253839359,january-backtest-v1,bc781886f00f59e8ca445d0499e557775f0ddd100dc689290ef2f3ac4fec1e9b,100,assumed,unverified
2026-01-11T12:00:00Z,2026-01-11T00:00:00Z,2026-01-11T12:00:00Z,2026-01-12T04:00:00Z,turbine_1,16,4.64,3.6,0.08392524609671115,january-backtest-v1,d094eb03a52f303931989830f7b4efb0d2e6c3faabb6b6a47793e8f3af157ee1,100,assumed,unverified
2026-01-11T12:00:00Z,2026-01-11T00:00:00Z,2026-01-11T12:00:00Z,2026-01-12T04:00:00Z,turbine_2,16,4.64,3.6,0.06647104135069254,january-backtest-v1,bc781886f00f59e8ca445d0499e557775f0ddd100dc689290ef2f3ac4fec1e9b,100,assumed,unverified
2026-01-11T12:00:00Z,2026-01-11T00:00:00Z,2026-01-11T12:00:00Z,2026-01-12T05:00:00Z,turbine_1,17,5.39,6.5,0.14846622102209778,january-backtest-v1,d094eb03a52f303931989830f7b4efb0d2e6c3faabb6b6a47793e8f3af157ee1,100,assumed,unverified
2026-01-11T12:00:00Z,2026-01-11T00:00:00Z,2026-01-11T12:00:00Z,2026-01-12T05:00:00Z,turbine_2,17,5.39,6.5,0.13911762008226516,january-backtest-v1,bc781886f00f59e8ca445d0499e557775f0ddd100dc689290ef2f3ac4fec1e9b,100,assumed,unverified
2026-01-11T12:00:00Z,2026-01-11T00:00:00Z,2026-01-11T12:00:00Z,2026-01-12T06:00:00Z,turbine_1,18,4.18,8.6,0.06718805743175577,january-backtest-v1,d094eb03a52f303931989830f7b4efb0d2e6c3faabb6b6a47793e8f3af157ee1,100,assumed,unverified
2026-01-11T12:00:00Z,2026-01-11T00:00:00Z,2026-01-11T12:00:00Z,2026-01-12T06:00:00Z,turbine_2,18,4.18,8.6,0.06278293418394992,january-backtest-v1,bc781886f00f59e8ca445d0499e557775f0ddd100dc689290ef2f3ac4fec1e9b,100,assumed,unverified
2026-01-11T12:00:00Z,2026-01-11T00:00:00Z,2026-01-11T12:00:00Z,2026-01-12T07:00:00Z,turbine_1,19,5.62,9.7,0.17599544632341982,january-backtest-v1,d094eb03a52f303931989830f7b4efb0d2e6c3faabb6b6a47793e8f3af157ee1,100,assumed,unverified
2026-01-11T12:00:00Z,2026-01-11T00:00:00Z,2026-01-11T12:00:00Z,2026-01-12T07:00:00Z,turbine_2,19,5.62,9.7,0.1678665378780559,january-backtest-v1,bc781886f00f59e8ca445d0499e557775f0ddd100dc689290ef2f3ac4fec1e9b,100,assumed,unverified
2026-01-11T12:00:00Z,2026-01-11T00:00:00Z,2026-01-11T12:00:00Z,2026-01-12T08:00:00Z,turbine_1,20,6.66,9.3,0.31083259113956424,january-backtest-v1,d094eb03a52f303931989830f7b4efb0d2e6c3faabb6b6a47793e8f3af157ee1,100,assumed,unverified
2026-01-11T12:00:00Z,2026-01-11T00:00:00Z,2026-01-11T12:00:00Z,2026-01-12T08:00:00Z,turbine_2,20,6.66,9.3,0.3077495169222716,january-backtest-v1,bc781886f00f59e8ca445d0499e557775f0ddd100dc689290ef2f3ac4fec1e9b,100,assumed,unverified
2026-01-11T12:00:00Z,2026-01-11T00:00:00Z,2026-01-11T12:00:00Z,2026-01-12T09:00:00Z,turbine_1,21,7.46,8.6,0.4331494567212381,january-backtest-v1,d094eb03a52f303931989830f7b4efb0d2e6c3faabb6b6a47793e8f3af157ee1,100,assumed,unverified
2026-01-11T12:00:00Z,2026-01-11T00:00:00Z,2026-01-11T12:00:00Z,2026-01-12T09:00:00Z,turbine_2,21,7.46,8.6,0.42884738216283,january-backtest-v1,bc781886f00f59e8ca445d0499e557775f0ddd100dc689290ef2f3ac4fec1e9b,100,assumed,unverified
2026-01-11T12:00:00Z,2026-01-11T00:00:00Z,2026-01-11T12:00:00Z,2026-01-12T10:00:00Z,turbine_1,22,7.32,7.9,0.41656074949119737,january-backtest-v1,d094eb03a52f303931989830f7b4efb0d2e6c3faabb6b6a47793e8f3af157ee1,100,assumed,unverified
2026-01-11T12:00:00Z,2026-01-11T00:00:00Z,2026-01-11T12:00:00Z,2026-01-12T10:00:00Z,turbine_2,22,7.32,7.9,0.4081892836907259,january-backtest-v1,bc781886f00f59e8ca445d0499e557775f0ddd100dc689290ef2f3ac4fec1e9b,100,assumed,unverified
2026-01-11T12:00:00Z,2026-01-11T00:00:00Z,2026-01-11T12:00:00Z,2026-01-12T11:00:00Z,turbine_1,23,6.43,6.4,0.2793047123662544,january-backtest-v1,d094eb03a52f303931989830f7b4efb0d2e6c3faabb6b6a47793e8f3af157ee1,100,assumed,unverified
2026-01-11T12:00:00Z,2026-01-11T00:00:00Z,2026-01-11T12:00:00Z,2026-01-12T11:00:00Z,turbine_2,23,6.43,6.4,0.25937390919632997,january-backtest-v1,bc781886f00f59e8ca445d0499e557775f0ddd100dc689290ef2f3ac4fec1e9b,100,assumed,unverified
2026-01-11T12:00:00Z,2026-01-11T00:00:00Z,2026-01-11T12:00:00Z,2026-01-12T12:00:00Z,turbine_1,24,6.19,5.4,0.24905666890322292,january-backtest-v1,d094eb03a52f303931989830f7b4efb0d2e6c3faabb6b6a47793e8f3af157ee1,100,assumed,unverified
2026-01-11T12:00:00Z,2026-01-11T00:00:00Z,2026-01-11T12:00:00Z,2026-01-12T12:00:00Z,turbine_2,24,6.19,5.4,0.22697976648485987,january-backtest-v1,bc781886f00f59e8ca445d0499e557775f0ddd100dc689290ef2f3ac4fec1e9b,100,assumed,unverified
2026-01-11T12:00:00Z,2026-01-11T00:00:00Z,2026-01-11T12:00:00Z,2026-01-12T13:00:00Z,turbine_1,25,6.88,5.4,0.3483079566774861,january-backtest-v1,d094eb03a52f303931989830f7b4efb0d2e6c3faabb6b6a47793e8f3af157ee1,100,assumed,unverified
2026-01-11T12:00:00Z,2026-01-11T00:00:00Z,2026-01-11T12:00:00Z,2026-01-12T13:00:00Z,turbine_2,25,6.88,5.4,0.3244814452054148,january-backtest-v1,bc781886f00f59e8ca445d0499e557775f0ddd100dc689290ef2f3ac4fec1e9b,100,assumed,unverified
2026-01-11T12:00:00Z,2026-01-11T00:00:00Z,2026-01-11T12:00:00Z,2026-01-12T14:00:00Z,turbine_1,26,5.91,5.3,0.2013151524332399,january-backtest-v1,d094eb03a52f303931989830f7b4efb0d2e6c3faabb6b6a47793e8f3af157ee1,100,assumed,unverified
2026-01-11T12:00:00Z,2026-01-11T00:00:00Z,2026-01-11T12:00:00Z,2026-01-12T14:00:00Z,turbine_2,26,5.91,5.3,0.1789644429935348,january-backtest-v1,bc781886f00f59e8ca445d0499e557775f0ddd100dc689290ef2f3ac4fec1e9b,100,assumed,unverified
2026-01-11T12:00:00Z,2026-01-11T00:00:00Z,2026-01-11T12:00:00Z,2026-01-12T15:00:00Z,turbine_1,27,7.04,5.0,0.37331187643151514,january-backtest-v1,d094eb03a52f303931989830f7b4efb0d2e6c3faabb6b6a47793e8f3af157ee1,100,assumed,unverified
2026-01-11T12:00:00Z,2026-01-11T00:00:00Z,2026-01-11T12:00:00Z,2026-01-12T15:00:00Z,turbine_2,27,7.04,5.0,0.35724435703524,january-backtest-v1,bc781886f00f59e8ca445d0499e557775f0ddd100dc689290ef2f3ac4fec1e9b,100,assumed,unverified
2026-01-11T12:00:00Z,2026-01-11T00:00:00Z,2026-01-11T12:00:00Z,2026-01-12T16:00:00Z,turbine_1,28,8.86,4.4,0.6777159108403741,january-backtest-v1,d094eb03a52f303931989830f7b4efb0d2e6c3faabb6b6a47793e8f3af157ee1,100,assumed,unverified
2026-01-11T12:00:00Z,2026-01-11T00:00:00Z,2026-01-11T12:00:00Z,2026-01-12T16:00:00Z,turbine_2,28,8.86,4.4,0.6348857722520455,january-backtest-v1,bc781886f00f59e8ca445d0499e557775f0ddd100dc689290ef2f3ac4fec1e9b,100,assumed,unverified
2026-01-11T12:00:00Z,2026-01-11T00:00:00Z,2026-01-11T12:00:00Z,2026-01-12T17:00:00Z,turbine_1,29,8.14,3.9,0.5428851715383143,january-backtest-v1,d094eb03a52f303931989830f7b4efb0d2e6c3faabb6b6a47793e8f3af157ee1,100,assumed,unverified
2026-01-11T12:00:00Z,2026-01-11T00:00:00Z,2026-01-11T12:00:00Z,2026-01-12T17:00:00Z,turbine_2,29,8.14,3.9,0.5133694181548112,january-backtest-v1,bc781886f00f59e8ca445d0499e557775f0ddd100dc689290ef2f3ac4fec1e9b,100,assumed,unverified
2026-01-11T12:00:00Z,2026-01-11T00:00:00Z,2026-01-11T12:00:00Z,2026-01-12T18:00:00Z,turbine_1,30,4.37,2.5,0.05932583915285927,january-backtest-v1,d094eb03a52f303931989830f7b4efb0d2e6c3faabb6b6a47793e8f3af157ee1,100,assumed,unverified
2026-01-11T12:00:00Z,2026-01-11T00:00:00Z,2026-01-11T12:00:00Z,2026-01-12T18:00:00Z,turbine_2,30,4.37,2.5,0.05285807979949814,january-backtest-v1,bc781886f00f59e8ca445d0499e557775f0ddd100dc689290ef2f3ac4fec1e9b,100,assumed,unverified
2026-01-11T12:00:00Z,2026-01-11T00:00:00Z,2026-01-11T12:00:00Z,2026-01-12T19:00:00Z,turbine_1,31,2.73,0.7,0.009600416120795596,january-backtest-v1,d094eb03a52f303931989830f7b4efb0d2e6c3faabb6b6a47793e8f3af157ee1,100,assumed,unverified
2026-01-11T12:00:00Z,2026-01-11T00:00:00Z,2026-01-11T12:00:00Z,2026-01-12T19:00:00Z,turbine_2,31,2.73,0.7,0.010085126541121536,january-backtest-v1,bc781886f00f59e8ca445d0499e557775f0ddd100dc689290ef2f3ac4fec1e9b,100,assumed,unverified
2026-01-11T12:00:00Z,2026-01-11T00:00:00Z,2026-01-11T12:00:00Z,2026-01-12T20:00:00Z,turbine_1,32,3.5,0.6,0.02571770260059525,january-backtest-v1,d094eb03a52f303931989830f7b4efb0d2e6c3faabb6b6a47793e8f3af157ee1,100,assumed,unverified
2026-01-11T12:00:00Z,2026-01-11T00:00:00Z,2026-01-11T12:00:00Z,2026-01-12T20:00:00Z,turbine_2,32,3.5,0.6,0.02016916750271941,january-backtest-v1,bc781886f00f59e8ca445d0499e557775f0ddd100dc689290ef2f3ac4fec1e9b,100,assumed,unverified
2026-01-11T12:00:00Z,2026-01-11T00:00:00Z,2026-01-11T12:00:00Z,2026-01-12T21:00:00Z,turbine_1,33,2.33,-0.8,0.010094569726278202,january-backtest-v1,d094eb03a52f303931989830f7b4efb0d2e6c3faabb6b6a47793e8f3af157ee1,100,assumed,unverified
2026-01-11T12:00:00Z,2026-01-11T00:00:00Z,2026-01-11T12:00:00Z,2026-01-12T21:00:00Z,turbine_2,33,2.33,-0.8,0.011108741047457016,january-backtest-v1,bc781886f00f59e8ca445d0499e557775f0ddd100dc689290ef2f3ac4fec1e9b,100,assumed,unverified
2026-01-11T12:00:00Z,2026-01-11T00:00:00Z,2026-01-11T12:00:00Z,2026-01-12T22:00:00Z,turbine_1,34,2.3,-0.9,0.010187783427957398,january-backtest-v1,d094eb03a52f303931989830f7b4efb0d2e6c3faabb6b6a47793e8f3af157ee1,100,assumed,unverified
2026-01-11T12:00:00Z,2026-01-11T00:00:00Z,2026-01-11T12:00:00Z,2026-01-12T22:00:00Z,turbine_2,34,2.3,-0.9,0.012008770308512606,january-backtest-v1,bc781886f00f59e8ca445d0499e557775f0ddd100dc689290ef2f3ac4fec1e9b,100,assumed,unverified
2026-01-11T12:00:00Z,2026-01-11T00:00:00Z,2026-01-11T12:00:00Z,2026-01-12T23:00:00Z,turbine_1,35,3.47,0.3,0.027136460476717528,january-backtest-v1,d094eb03a52f303931989830f7b4efb0d2e6c3faabb6b6a47793e8f3af157ee1,100,assumed,unverified
2026-01-11T12:00:00Z,2026-01-11T00:00:00Z,2026-01-11T12:00:00Z,2026-01-12T23:00:00Z,turbine_2,35,3.47,0.3,0.019699990174759152,january-backtest-v1,bc781886f00f59e8ca445d0499e557775f0ddd100dc689290ef2f3ac4fec1e9b,100,assumed,unverified
2026-01-11T12:00:00Z,2026-01-11T00:00:00Z,2026-01-11T12:00:00Z,2026-01-13T00:00:00Z,turbine_1,36,3.39,0.1,0.020811962434292508,january-backtest-v1,d094eb03a52f303931989830f7b4efb0d2e6c3faabb6b6a47793e8f3af157ee1,100,assumed,unverified
2026-01-11T12:00:00Z,2026-01-11T00:00:00Z,2026-01-11T12:00:00Z,2026-01-13T00:00:00Z,turbine_2,36,3.39,0.1,0.02223931294100806,january-backtest-v1,bc781886f00f59e8ca445d0499e557775f0ddd100dc689290ef2f3ac4fec1e9b,100,assumed,unverified
2026-01-11T12:00:00Z,2026-01-11T00:00:00Z,2026-01-11T12:00:00Z,2026-01-13T01:00:00Z,turbine_1,37,2.67,-0.4,0.010862465921897713,january-backtest-v1,d094eb03a52f303931989830f7b4efb0d2e6c3faabb6b6a47793e8f3af157ee1,100,assumed,unverified
2026-01-11T12:00:00Z,2026-01-11T00:00:00Z,2026-01-11T12:00:00Z,2026-01-13T01:00:00Z,turbine_2,37,2.67,-0.4,0.00957044826930925,january-backtest-v1,bc781886f00f59e8ca445d0499e557775f0ddd100dc689290ef2f3ac4fec1e9b,100,assumed,unverified
2026-01-11T12:00:00Z,2026-01-11T00:00:00Z,2026-01-11T12:00:00Z,2026-01-13T02:00:00Z,turbine_1,38,1.49,-0.6,0.006826353918816475,january-backtest-v1,d094eb03a52f303931989830f7b4efb0d2e6c3faabb6b6a47793e8f3af157ee1,100,assumed,unverified
2026-01-11T12:00:00Z,2026-01-11T00:00:00Z,2026-01-11T12:00:00Z,2026-01-13T02:00:00Z,turbine_2,38,1.49,-0.6,0.00784780788652617,january-backtest-v1,bc781886f00f59e8ca445d0499e557775f0ddd100dc689290ef2f3ac4fec1e9b,100,assumed,unverified
2026-01-11T12:00:00Z,2026-01-11T00:00:00Z,2026-01-11T12:00:00Z,2026-01-13T03:00:00Z,turbine_1,39,0.29,-0.2,0.009401287016140847,january-backtest-v1,d094eb03a52f303931989830f7b4efb0d2e6c3faabb6b6a47793e8f3af157ee1,100,assumed,unverified
2026-01-11T12:00:00Z,2026-01-11T00:00:00Z,2026-01-11T12:00:00Z,2026-01-13T03:00:00Z,turbine_2,39,0.29,-0.2,0.012351730589396037,january-backtest-v1,bc781886f00f59e8ca445d0499e557775f0ddd100dc689290ef2f3ac4fec1e9b,100,assumed,unverified
2026-01-11T12:00:00Z,2026-01-11T00:00:00Z,2026-01-11T12:00:00Z,2026-01-13T04:00:00Z,turbine_1,40,0.92,2.0,0.008455977143826343,january-backtest-v1,d094eb03a52f303931989830f7b4efb0d2e6c3faabb6b6a47793e8f3af157ee1,100,assumed,unverified
2026-01-11T12:00:00Z,2026-01-11T00:00:00Z,2026-01-11T12:00:00Z,2026-01-13T04:00:00Z,turbine_2,40,0.92,2.0,0.008920540413437594,january-backtest-v1,bc781886f00f59e8ca445d0499e557775f0ddd100dc689290ef2f3ac4fec1e9b,100,assumed,unverified
2026-01-11T12:00:00Z,2026-01-11T00:00:00Z,2026-01-11T12:00:00Z,2026-01-13T05:00:00Z,turbine_1,41,2.37,3.5,0.011506306020054757,january-backtest-v1,d094eb03a52f303931989830f7b4efb0d2e6c3faabb6b6a47793e8f3af157ee1,100,assumed,unverified
2026-01-11T12:00:00Z,2026-01-11T00:00:00Z,2026-01-11T12:00:00Z,2026-01-13T05:00:00Z,turbine_2,41,2.37,3.5,0.009627808737246779,january-backtest-v1,bc781886f00f59e8ca445d0499e557775f0ddd100dc689290ef2f3ac4fec1e9b,100,assumed,unverified
2026-01-11T12:00:00Z,2026-01-11T00:00:00Z,2026-01-11T12:00:00Z,2026-01-13T06:00:00Z,turbine_1,42,3.68,4.7,0.040378439937749755,january-backtest-v1,d094eb03a52f303931989830f7b4efb0d2e6c3faabb6b6a47793e8f3af157ee1,100,assumed,unverified
2026-01-11T12:00:00Z,2026-01-11T00:00:00Z,2026-01-11T12:00:00Z,2026-01-13T06:00:00Z,turbine_2,42,3.68,4.7,0.029737889506987858,january-backtest-v1,bc781886f00f59e8ca445d0499e557775f0ddd100dc689290ef2f3ac4fec1e9b,100,assumed,unverified
2026-01-11T12:00:00Z,2026-01-11T00:00:00Z,2026-01-11T12:00:00Z,2026-01-13T07:00:00Z,turbine_1,43,5.1,5.5,0.11439846406750515,january-backtest-v1,d094eb03a52f303931989830f7b4efb0d2e6c3faabb6b6a47793e8f3af157ee1,100,assumed,unverified
2026-01-11T12:00:00Z,2026-01-11T00:00:00Z,2026-01-11T12:00:00Z,2026-01-13T07:00:00Z,turbine_2,43,5.1,5.5,0.11310991800722908,january-backtest-v1,bc781886f00f59e8ca445d0499e557775f0ddd100dc689290ef2f3ac4fec1e9b,100,assumed,unverified
2026-01-11T12:00:00Z,2026-01-11T00:00:00Z,2026-01-11T12:00:00Z,2026-01-13T08:00:00Z,turbine_1,44,5.59,5.8,0.16152642228451655,january-backtest-v1,d094eb03a52f303931989830f7b4efb0d2e6c3faabb6b6a47793e8f3af157ee1,100,assumed,unverified
2026-01-11T12:00:00Z,2026-01-11T00:00:00Z,2026-01-11T12:00:00Z,2026-01-13T08:00:00Z,turbine_2,44,5.59,5.8,0.14960725979513692,january-backtest-v1,bc781886f00f59e8ca445d0499e557775f0ddd100dc689290ef2f3ac4fec1e9b,100,assumed,unverified
2026-01-11T12:00:00Z,2026-01-11T00:00:00Z,2026-01-11T12:00:00Z,2026-01-13T09:00:00Z,turbine_1,45,5.78,5.8,0.1935135046836097,january-backtest-v1,d094eb03a52f303931989830f7b4efb0d2e6c3faabb6b6a47793e8f3af157ee1,100,assumed,unverified
2026-01-11T12:00:00Z,2026-01-11T00:00:00Z,2026-01-11T12:00:00Z,2026-01-13T09:00:00Z,turbine_2,45,5.78,5.8,0.1754892416305085,january-backtest-v1,bc781886f00f59e8ca445d0499e557775f0ddd100dc689290ef2f3ac4fec1e9b,100,assumed,unverified
2026-01-11T12:00:00Z,2026-01-11T00:00:00Z,2026-01-11T12:00:00Z,2026-01-13T10:00:00Z,turbine_1,46,6.95,5.0,0.3553638370937513,january-backtest-v1,d094eb03a52f303931989830f7b4efb0d2e6c3faabb6b6a47793e8f3af157ee1,100,assumed,unverified
2026-01-11T12:00:00Z,2026-01-11T00:00:00Z,2026-01-11T12:00:00Z,2026-01-13T10:00:00Z,turbine_2,46,6.95,5.0,0.33912835633836963,january-backtest-v1,bc781886f00f59e8ca445d0499e557775f0ddd100dc689290ef2f3ac4fec1e9b,100,assumed,unverified
2026-01-11T12:00:00Z,2026-01-11T00:00:00Z,2026-01-11T12:00:00Z,2026-01-13T11:00:00Z,turbine_1,47,7.79,3.2,0.5069513597104138,january-backtest-v1,d094eb03a52f303931989830f7b4efb0d2e6c3faabb6b6a47793e8f3af157ee1,100,assumed,unverified
2026-01-11T12:00:00Z,2026-01-11T00:00:00Z,2026-01-11T12:00:00Z,2026-01-13T11:00:00Z,turbine_2,47,7.79,3.2,0.4675442161850584,january-backtest-v1,bc781886f00f59e8ca445d0499e557775f0ddd100dc689290ef2f3ac4fec1e9b,100,assumed,unverified
2026-01-11T12:00:00Z,2026-01-11T00:00:00Z,2026-01-11T12:00:00Z,2026-01-13T12:00:00Z,turbine_1,48,8.23,1.9,0.5721610986481803,january-backtest-v1,d094eb03a52f303931989830f7b4efb0d2e6c3faabb6b6a47793e8f3af157ee1,100,assumed,unverified
2026-01-11T12:00:00Z,2026-01-11T00:00:00Z,2026-01-11T12:00:00Z,2026-01-13T12:00:00Z,turbine_2,48,8.23,1.9,0.5365467461868209,january-backtest-v1,bc781886f00f59e8ca445d0499e557775f0ddd100dc689290ef2f3ac4fec1e9b,100,assumed,unverified
2026-01-12T12:00:00Z,2026-01-12T00:00:00Z,2026-01-12T12:00:00Z,2026-01-12T13:00:00Z,turbine_1,1,7.33,5.0,0.4298947767942603,january-backtest-v1,d094eb03a52f303931989830f7b4efb0d2e6c3faabb6b6a47793e8f3af157ee1,100,assumed,unverified
2026-01-12T12:00:00Z,2026-01-12T00:00:00Z,2026-01-12T12:00:00Z,2026-01-12T13:00:00Z,turbine_2,1,7.33,5.0,0.3982595260485984,january-backtest-v1,bc781886f00f59e8ca445d0499e557775f0ddd100dc689290ef2f3ac4fec1e9b,100,assumed,unverified
2026-01-12T12:00:00Z,2026-01-12T00:00:00Z,2026-01-12T12:00:00Z,2026-01-12T14:00:00Z,turbine_1,2,7.75,4.5,0.501101646276989,january-backtest-v1,d094eb03a52f303931989830f7b4efb0d2e6c3faabb6b6a47793e8f3af157ee1,100,assumed,unverified
2026-01-12T12:00:00Z,2026-01-12T00:00:00Z,2026-01-12T12:00:00Z,2026-01-12T14:00:00Z,turbine_2,2,7.75,4.5,0.4657557072893203,january-backtest-v1,bc781886f00f59e8ca445d0499e557775f0ddd100dc689290ef2f3ac4fec1e9b,100,assumed,unverified
2026-01-12T12:00:00Z,2026-01-12T00:00:00Z,2026-01-12T12:00:00Z,2026-01-12T15:00:00Z,turbine_1,3,7.68,4.1,0.4841726868254258,january-backtest-v1,d094eb03a52f303931989830f7b4efb0d2e6c3faabb6b6a47793e8f3af157ee1,100,assumed,unverified
2026-01-12T12:00:00Z,2026-01-12T00:00:00Z,2026-01-12T12:00:00Z,2026-01-12T15:00:00Z,turbine_2,3,7.68,4.1,0.4512622612794134,january-backtest-v1,bc781886f00f59e8ca445d0499e557775f0ddd100dc689290ef2f3ac4fec1e9b,100,assumed,unverified
2026-01-12T12:00:00Z,2026-01-12T00:00:00Z,2026-01-12T12:00:00Z,2026-01-12T16:00:00Z,turbine_1,4,5.19,3.6,0.12142597771814623,january-backtest-v1,d094eb03a52f303931989830f7b4efb0d2e6c3faabb6b6a47793e8f3af157ee1,100,assumed,unverified
2026-01-12T12:00:00Z,2026-01-12T00:00:00Z,2026-01-12T12:00:00Z,2026-01-12T16:00:00Z,turbine_2,4,5.19,3.6,0.1043738651629279,january-backtest-v1,bc781886f00f59e8ca445d0499e557775f0ddd100dc689290ef2f3ac4fec1e9b,100,assumed,unverified
2026-01-12T12:00:00Z,2026-01-12T00:00:00Z,2026-01-12T12:00:00Z,2026-01-12T17:00:00Z,turbine_1,5,4.95,1.9,0.09924602663027304,january-backtest-v1,d094eb03a52f303931989830f7b4efb0d2e6c3faabb6b6a47793e8f3af157ee1,100,assumed,unverified
2026-01-12T12:00:00Z,2026-01-12T00:00:00Z,2026-01-12T12:00:00Z,2026-01-12T17:00:00Z,turbine_2,5,4.95,1.9,0.08305737293667032,january-backtest-v1,bc781886f00f59e8ca445d0499e557775f0ddd100dc689290ef2f3ac4fec1e9b,100,assumed,unverified
2026-01-12T12:00:00Z,2026-01-12T00:00:00Z,2026-01-12T12:00:00Z,2026-01-12T18:00:00Z,turbine_1,6,4.23,2.1,0.05300673597030031,january-backtest-v1,d094eb03a52f303931989830f7b4efb0d2e6c3faabb6b6a47793e8f3af157ee1,100,assumed,unverified
2026-01-12T12:00:00Z,2026-01-12T00:00:00Z,2026-01-12T12:00:00Z,2026-01-12T18:00:00Z,turbine_2,6,4.23,2.1,0.04827653354255329,january-backtest-v1,bc781886f00f59e8ca445d0499e557775f0ddd100dc689290ef2f3ac4fec1e9b,100,assumed,unverified
2026-01-12T12:00:00Z,2026-01-12T00:00:00Z,2026-01-12T12:00:00Z,2026-01-12T19:00:00Z,turbine_1,7,4.42,1.9,0.06241947432203182,january-backtest-v1,d094eb03a52f303931989830f7b4efb0d2e6c3faabb6b6a47793e8f3af157ee1,100,assumed,unverified
2026-01-12T12:00:00Z,2026-01-12T00:00:00Z,2026-01-12T12:00:00Z,2026-01-12T19:00:00Z,turbine_2,7,4.42,1.9,0.05265581458403551,january-backtest-v1,bc781886f00f59e8ca445d0499e557775f0ddd100dc689290ef2f3ac4fec1e9b,100,assumed,unverified
2026-01-12T12:00:00Z,2026-01-12T00:00:00Z,2026-01-12T12:00:00Z,2026-01-12T20:00:00Z,turbine_1,8,3.97,1.6,0.044693586826020926,january-backtest-v1,d094eb03a52f303931989830f7b4efb0d2e6c3faabb6b6a47793e8f3af157ee1,100,assumed,unverified
2026-01-12T12:00:00Z,2026-01-12T00:00:00Z,2026-01-12T12:00:00Z,2026-01-12T20:00:00Z,turbine_2,8,3.97,1.6,0.04284550087619937,january-backtest-v1,bc781886f00f59e8ca445d0499e557775f0ddd100dc689290ef2f3ac4fec1e9b,100,assumed,unverified
2026-01-12T12:00:00Z,2026-01-12T00:00:00Z,2026-01-12T12:00:00Z,2026-01-12T21:00:00Z,turbine_1,9,3.58,1.1,0.02771303062521685,january-backtest-v1,d094eb03a52f303931989830f7b4efb0d2e6c3faabb6b6a47793e8f3af157ee1,100,assumed,unverified
2026-01-12T12:00:00Z,2026-01-12T00:00:00Z,2026-01-12T12:00:00Z,2026-01-12T21:00:00Z,turbine_2,9,3.58,1.1,0.024436846560324854,january-backtest-v1,bc781886f00f59e8ca445d0499e557775f0ddd100dc689290ef2f3ac4fec1e9b,100,assumed,unverified
2026-01-12T12:00:00Z,2026-01-12T00:00:00Z,2026-01-12T12:00:00Z,2026-01-12T22:00:00Z,turbine_1,10,3.11,0.9,0.016937854293401333,january-backtest-v1,d094eb03a52f303931989830f7b4efb0d2e6c3faabb6b6a47793e8f3af157ee1,100,assumed,unverified
2026-01-12T12:00:00Z,2026-01-12T00:00:00Z,2026-01-12T12:00:00Z,2026-01-12T22:00:00Z,turbine_2,10,3.11,0.9,0.013591208488691275,january-backtest-v1,bc781886f00f59e8ca445d0499e557775f0ddd100dc689290ef2f3ac4fec1e9b,100,assumed,unverified
2026-01-12T12:00:00Z,2026-01-12T00:00:00Z,2026-01-12T12:00:00Z,2026-01-12T23:00:00Z,turbine_1,11,1.99,-0.8,0.009588244510101485,january-backtest-v1,d094eb03a52f303931989830f7b4efb0d2e6c3faabb6b6a47793e8f3af157ee1,100,assumed,unverified
2026-01-12T12:00:00Z,2026-01-12T00:00:00Z,2026-01-12T12:00:00Z,2026-01-12T23:00:00Z,turbine_2,11,1.99,-0.8,0.010074595055954871,january-backtest-v1,bc781886f00f59e8ca445d0499e557775f0ddd100dc689290ef2f3ac4fec1e9b,100,assumed,unverified
2026-01-12T12:00:00Z,2026-01-12T00:00:00Z,2026-01-12T12:00:00Z,2026-01-13T00:00:00Z,turbine_1,12,0.6,-1.8,0.007643765118860724,january-backtest-v1,d094eb03a52f303931989830f7b4efb0d2e6c3faabb6b6a47793e8f3af157ee1,100,assumed,unverified
2026-01-12T12:00:00Z,2026-01-12T00:00:00Z,2026-01-12T12:00:00Z,2026-01-13T00:00:00Z,turbine_2,12,0.6,-1.8,0.007442510551410431,january-backtest-v1,bc781886f00f59e8ca445d0499e557775f0ddd100dc689290ef2f3ac4fec1e9b,100,assumed,unverified
2026-01-12T12:00:00Z,2026-01-12T00:00:00Z,2026-01-12T12:00:00Z,2026-01-13T01:00:00Z,turbine_1,13,1.0,-2.0,0.00792196865067285,january-backtest-v1,d094eb03a52f303931989830f7b4efb0d2e6c3faabb6b6a47793e8f3af157ee1,100,assumed,unverified
2026-01-12T12:00:00Z,2026-01-12T00:00:00Z,2026-01-12T12:00:00Z,2026-01-13T01:00:00Z,turbine_2,13,1.0,-2.0,0.006841511019632096,january-backtest-v1,bc781886f00f59e8ca445d0499e557775f0ddd100dc689290ef2f3ac4fec1e9b,100,assumed,unverified
2026-01-12T12:00:00Z,2026-01-12T00:00:00Z,2026-01-12T12:00:00Z,2026-01-13T02:00:00Z,turbine_1,14,0.79,-2.6,0.008532521367106971,january-backtest-v1,d094eb03a52f303931989830f7b4efb0d2e6c3faabb6b6a47793e8f3af157ee1,100,assumed,unverified
2026-01-12T12:00:00Z,2026-01-12T00:00:00Z,2026-01-12T12:00:00Z,2026-01-13T02:00:00Z,turbine_2,14,0.79,-2.6,0.007983663800381069,january-backtest-v1,bc781886f00f59e8ca445d0499e557775f0ddd100dc689290ef2f3ac4fec1e9b,100,assumed,unverified
2026-01-12T12:00:00Z,2026-01-12T00:00:00Z,2026-01-12T12:00:00Z,2026-01-13T03:00:00Z,turbine_1,15,2.16,-1.7,0.007681214902285127,january-backtest-v1,d094eb03a52f303931989830f7b4efb0d2e6c3faabb6b6a47793e8f3af157ee1,100,assumed,unverified
2026-01-12T12:00:00Z,2026-01-12T00:00:00Z,2026-01-12T12:00:00Z,2026-01-13T03:00:00Z,turbine_2,15,2.16,-1.7,0.005961361345567573,january-backtest-v1,bc781886f00f59e8ca445d0499e557775f0ddd100dc689290ef2f3ac4fec1e9b,100,assumed,unverified
2026-01-12T12:00:00Z,2026-01-12T00:00:00Z,2026-01-12T12:00:00Z,2026-01-13T04:00:00Z,turbine_1,16,3.86,1.9,0.04412486403113325,january-backtest-v1,d094eb03a52f303931989830f7b4efb0d2e6c3faabb6b6a47793e8f3af157ee1,100,assumed,unverified
2026-01-12T12:00:00Z,2026-01-12T00:00:00Z,2026-01-12T12:00:00Z,2026-01-13T04:00:00Z,turbine_2,16,3.86,1.9,0.03357374316041972,january-backtest-v1,bc781886f00f59e8ca445d0499e557775f0ddd100dc689290ef2f3ac4fec1e9b,100,assumed,unverified
2026-01-12T12:00:00Z,2026-01-12T00:00:00Z,2026-01-12T12:00:00Z,2026-01-13T05:00:00Z,turbine_1,17,5.82,5.2,0.19882774973197598,january-backtest-v1,d094eb03a52f303931989830f7b4efb0d2e6c3faabb6b6a47793e8f3af157ee1,100,assumed,unverified
2026-01-12T12:00:00Z,2026-01-12T00:00:00Z,2026-01-12T12:00:00Z,2026-01-13T05:00:00Z,turbine_2,17,5.82,5.2,0.17567412448999567,january-backtest-v1,bc781886f00f59e8ca445d0499e557775f0ddd100dc689290ef2f3ac4fec1e9b,100,assumed,unverified
2026-01-12T12:00:00Z,2026-01-12T00:00:00Z,2026-01-12T12:00:00Z,2026-01-13T06:00:00Z,turbine_1,18,6.16,5.1,0.24518744898968936,january-backtest-v1,d094eb03a52f303931989830f7b4efb0d2e6c3faabb6b6a47793e8f3af157ee1,100,assumed,unverified
2026-01-12T12:00:00Z,2026-01-12T00:00:00Z,2026-01-12T12:00:00Z,2026-01-13T06:00:00Z,turbine_2,18,6.16,5.1,0.22079196404049997,january-backtest-v1,bc781886f00f59e8ca445d0499e557775f0ddd100dc689290ef2f3ac4fec1e9b,100,assumed,unverified
2026-01-12T12:00:00Z,2026-01-12T00:00:00Z,2026-01-12T12:00:00Z,2026-01-13T07:00:00Z,turbine_1,19,5.88,5.7,0.19912523100290352,january-backtest-v1,d094eb03a52f303931989830f7b4efb0d2e6c3faabb6b6a47793e8f3af157ee1,100,assumed,unverified
2026-01-12T12:00:00Z,2026-01-12T00:00:00Z,2026-01-12T12:00:00Z,2026-01-13T07:00:00Z,turbine_2,19,5.88,5.7,0.18108451528831176,january-backtest-v1,bc781886f00f59e8ca445d0499e557775f0ddd100dc689290ef2f3ac4fec1e9b,100,assumed,unverified
2026-01-12T12:00:00Z,2026-01-12T00:00:00Z,2026-01-12T12:00:00Z,2026-01-13T08:00:00Z,turbine_1,20,6.25,6.1,0.2535729171583364,january-backtest-v1,d094eb03a52f303931989830f7b4efb0d2e6c3faabb6b6a47793e8f3af157ee1,100,assumed,unverified
2026-01-12T12:00:00Z,2026-01-12T00:00:00Z,2026-01-12T12:00:00Z,2026-01-13T08:00:00Z,turbine_2,20,6.25,6.1,0.23642566854588412,january-backtest-v1,bc781886f00f59e8ca445d0499e557775f0ddd100dc689290ef2f3ac4fec1e9b,100,assumed,unverified
2026-01-12T12:00:00Z,2026-01-12T00:00:00Z,2026-01-12T12:00:00Z,2026-01-13T09:00:00Z,turbine_1,21,6.34,6.1,0.2596902612565939,january-backtest-v1,d094eb03a52f303931989830f7b4efb0d2e6c3faabb6b6a47793e8f3af157ee1,100,assumed,unverified
2026-01-12T12:00:00Z,2026-01-12T00:00:00Z,2026-01-12T12:00:00Z,2026-01-13T09:00:00Z,turbine_2,21,6.34,6.1,0.2438696724054551,january-backtest-v1,bc781886f00f59e8ca445d0499e557775f0ddd100dc689290ef2f3ac4fec1e9b,100,assumed,unverified
2026-01-12T12:00:00Z,2026-01-12T00:00:00Z,2026-01-12T12:00:00Z,2026-01-13T10:00:00Z,turbine_1,22,7.18,5.1,0.3986647232531056,january-backtest-v1,d094eb03a52f303931989830f7b4efb0d2e6c3faabb6b6a47793e8f3af157ee1,100,assumed,unverified
2026-01-12T12:00:00Z,2026-01-12T00:00:00Z,2026-01-12T12:00:00Z,2026-01-13T10:00:00Z,turbine_2,22,7.18,5.1,0.3676308819678402,january-backtest-v1,bc781886f00f59e8ca445d0499e557775f0ddd100dc689290ef2f3ac4fec1e9b,100,assumed,unverified
2026-01-12T12:00:00Z,2026-01-12T00:00:00Z,2026-01-12T12:00:00Z,2026-01-13T11:00:00Z,turbine_1,23,7.73,3.4,0.5006449068481359,january-backtest-v1,d094eb03a52f303931989830f7b4efb0d2e6c3faabb6b6a47793e8f3af157ee1,100,assumed,unverified
2026-01-12T12:00:00Z,2026-01-12T00:00:00Z,2026-01-12T12:00:00Z,2026-01-13T11:00:00Z,turbine_2,23,7.73,3.4,0.4547019607384248,january-backtest-v1,bc781886f00f59e8ca445d0499e557775f0ddd100dc689290ef2f3ac4fec1e9b,100,assumed,unverified
2026-01-12T12:00:00Z,2026-01-12T00:00:00Z,2026-01-12T12:00:00Z,2026-01-13T12:00:00Z,turbine_1,24,7.96,1.9,0.5174292295319456,january-backtest-v1,d094eb03a52f303931989830f7b4efb0d2e6c3faabb6b6a47793e8f3af157ee1,100,assumed,unverified
2026-01-12T12:00:00Z,2026-01-12T00:00:00Z,2026-01-12T12:00:00Z,2026-01-13T12:00:00Z,turbine_2,24,7.96,1.9,0.4886319454334687,january-backtest-v1,bc781886f00f59e8ca445d0499e557775f0ddd100dc689290ef2f3ac4fec1e9b,100,assumed,unverified
2026-01-12T12:00:00Z,2026-01-12T00:00:00Z,2026-01-12T12:00:00Z,2026-01-13T13:00:00Z,turbine_1,25,8.19,1.0,0.5629000444043817,january-backtest-v1,d094eb03a52f303931989830f7b4efb0d2e6c3faabb6b6a47793e8f3af157ee1,100,assumed,unverified
2026-01-12T12:00:00Z,2026-01-12T00:00:00Z,2026-01-12T12:00:00Z,2026-01-13T13:00:00Z,turbine_2,25,8.19,1.0,0.5305543187458233,january-backtest-v1,bc781886f00f59e8ca445d0499e557775f0ddd100dc689290ef2f3ac4fec1e9b,100,assumed,unverified
2026-01-12T12:00:00Z,2026-01-12T00:00:00Z,2026-01-12T12:00:00Z,2026-01-13T14:00:00Z,turbine_1,26,7.96,-0.1,0.5133671609101949,january-backtest-v1,d094eb03a52f303931989830f7b4efb0d2e6c3faabb6b6a47793e8f3af157ee1,100,assumed,unverified
2026-01-12T12:00:00Z,2026-01-12T00:00:00Z,2026-01-12T12:00:00Z,2026-01-13T14:00:00Z,turbine_2,26,7.96,-0.1,0.48841587884118937,january-backtest-v1,bc781886f00f59e8ca445d0499e557775f0ddd100dc689290ef2f3ac4fec1e9b,100,assumed,unverified
2026-01-12T12:00:00Z,2026-01-12T00:00:00Z,2026-01-12T12:00:00Z,2026-01-13T15:00:00Z,turbine_1,27,7.38,-0.7,0.422994384679451,january-backtest-v1,d094eb03a52f303931989830f7b4efb0d2e6c3faabb6b6a47793e8f3af157ee1,100,assumed,unverified
2026-01-12T12:00:00Z,2026-01-12T00:00:00Z,2026-01-12T12:00:00Z,2026-01-13T15:00:00Z,turbine_2,27,7.38,-0.7,0.39869572277522114,january-backtest-v1,bc781886f00f59e8ca445d0499e557775f0ddd100dc689290ef2f3ac4fec1e9b,100,assumed,unverified
2026-01-12T12:00:00Z,2026-01-12T00:00:00Z,2026-01-12T12:00:00Z,2026-01-13T16:00:00Z,turbine_1,28,6.71,-1.0,0.30201338902828395,january-backtest-v1,d094eb03a52f303931989830f7b4efb0d2e6c3faabb6b6a47793e8f3af157ee1,100,assumed,unverified
2026-01-12T12:00:00Z,2026-01-12T00:00:00Z,2026-01-12T12:00:00Z,2026-01-13T16:00:00Z,turbine_2,28,6.71,-1.0,0.2777889977122198,january-backtest-v1,bc781886f00f59e8ca445d0499e557775f0ddd100dc689290ef2f3ac4fec1e9b,100,assumed,unverified
2026-01-12T12:00:00Z,2026-01-12T00:00:00Z,2026-01-12T12:00:00Z,2026-01-13T17:00:00Z,turbine_1,29,6.05,-1.0,0.19384481158235375,january-backtest-v1,d094eb03a52f303931989830f7b4efb0d2e6c3faabb6b6a47793e8f3af157ee1,100,assumed,unverified
2026-01-12T12:00:00Z,2026-01-12T00:00:00Z,2026-01-12T12:00:00Z,2026-01-13T17:00:00Z,turbine_2,29,6.05,-1.0,0.19193010068449526,january-backtest-v1,bc781886f00f59e8ca445d0499e557775f0ddd100dc689290ef2f3ac4fec1e9b,100,assumed,unverified
2026-01-12T12:00:00Z,2026-01-12T00:00:00Z,2026-01-12T12:00:00Z,2026-01-13T18:00:00Z,turbine_1,30,4.99,-0.9,0.0892676780344338,january-backtest-v1,d094eb03a52f303931989830f7b4efb0d2e6c3faabb6b6a47793e8f3af157ee1,100,assumed,unverified
2026-01-12T12:00:00Z,2026-01-12T00:00:00Z,2026-01-12T12:00:00Z,2026-01-13T18:00:00Z,turbine_2,30,4.99,-0.9,0.0781623107360992,january-backtest-v1,bc781886f00f59e8ca445d0499e557775f0ddd100dc689290ef2f3ac4fec1e9b,100,assumed,unverified
2026-01-12T12:00:00Z,2026-01-12T00:00:00Z,2026-01-12T12:00:00Z,2026-01-13T19:00:00Z,turbine_1,31,4.15,-1.0,0.04273703022225023,january-backtest-v1,d094eb03a52f303931989830f7b4efb0d2e6c3faabb6b6a47793e8f3af157ee1,100,assumed,unverified
2026-01-12T12:00:00Z,2026-01-12T00:00:00Z,2026-01-12T12:00:00Z,2026-01-13T19:00:00Z,turbine_2,31,4.15,-1.0,0.04182647775799331,january-backtest-v1,bc781886f00f59e8ca445d0499e557775f0ddd100dc689290ef2f3ac4fec1e9b,100,assumed,unverified
2026-01-12T12:00:00Z,2026-01-12T00:00:00Z,2026-01-12T12:00:00Z,2026-01-13T20:00:00Z,turbine_1,32,4.0,-0.9,0.03732017612308375,january-backtest-v1,d094eb03a52f303931989830f7b4efb0d2e6c3faabb6b6a47793e8f3af157ee1,100,assumed,unverified
2026-01-12T12:00:00Z,2026-01-12T00:00:00Z,2026-01-12T12:00:00Z,2026-01-13T20:00:00Z,turbine_2,32,4.0,-0.9,0.040588195310018005,january-backtest-v1,bc781886f00f59e8ca445d0499e557775f0ddd100dc689290ef2f3ac4fec1e9b,100,assumed,unverified
2026-01-12T12:00:00Z,2026-01-12T00:00:00Z,2026-01-12T12:00:00Z,2026-01-13T21:00:00Z,turbine_1,33,3.61,-1.2,0.028192328830878743,january-backtest-v1,d094eb03a52f303931989830f7b4efb0d2e6c3faabb6b6a47793e8f3af157ee1,100,assumed,unverified
2026-01-12T12:00:00Z,2026-01-12T00:00:00Z,2026-01-12T12:00:00Z,2026-01-13T21:00:00Z,turbine_2,33,3.61,-1.2,0.023523794989871394,january-backtest-v1,bc781886f00f59e8ca445d0499e557775f0ddd100dc689290ef2f3ac4fec1e9b,100,assumed,unverified
2026-01-12T12:00:00Z,2026-01-12T00:00:00Z,2026-01-12T12:00:00Z,2026-01-13T22:00:00Z,turbine_1,34,3.05,-1.7,0.00797432867790876,january-backtest-v1,d094eb03a52f303931989830f7b4efb0d2e6c3faabb6b6a47793e8f3af157ee1,100,assumed,unverified
2026-01-12T12:00:00Z,2026-01-12T00:00:00Z,2026-01-12T12:00:00Z,2026-01-13T22:00:00Z,turbine_2,34,3.05,-1.7,0.007423913786543557,january-backtest-v1,bc781886f00f59e8ca445d0499e557775f0ddd100dc689290ef2f3ac4fec1e9b,100,assumed,unverified
2026-01-12T12:00:00Z,2026-01-12T00:00:00Z,2026-01-12T12:00:00Z,2026-01-13T23:00:00Z,turbine_1,35,1.94,-2.3,0.008890994284052545,january-backtest-v1,d094eb03a52f303931989830f7b4efb0d2e6c3faabb6b6a47793e8f3af157ee1,100,assumed,unverified
2026-01-12T12:00:00Z,2026-01-12T00:00:00Z,2026-01-12T12:00:00Z,2026-01-13T23:00:00Z,turbine_2,35,1.94,-2.3,0.006156462872041302,january-backtest-v1,bc781886f00f59e8ca445d0499e557775f0ddd100dc689290ef2f3ac4fec1e9b,100,assumed,unverified
2026-01-12T12:00:00Z,2026-01-12T00:00:00Z,2026-01-12T12:00:00Z,2026-01-14T00:00:00Z,turbine_1,36,1.69,-2.8,0.008089052042356715,january-backtest-v1,d094eb03a52f303931989830f7b4efb0d2e6c3faabb6b6a47793e8f3af157ee1,100,assumed,unverified
2026-01-12T12:00:00Z,2026-01-12T00:00:00Z,2026-01-12T12:00:00Z,2026-01-14T00:00:00Z,turbine_2,36,1.69,-2.8,0.00851932750789236,january-backtest-v1,bc781886f00f59e8ca445d0499e557775f0ddd100dc689290ef2f3ac4fec1e9b,100,assumed,unverified
2026-01-12T12:00:00Z,2026-01-12T00:00:00Z,2026-01-12T12:00:00Z,2026-01-14T01:00:00Z,turbine_1,37,1.43,-2.7,0.008249631165043292,january-backtest-v1,d094eb03a52f303931989830f7b4efb0d2e6c3faabb6b6a47793e8f3af157ee1,100,assumed,unverified
2026-01-12T12:00:00Z,2026-01-12T00:00:00Z,2026-01-12T12:00:00Z,2026-01-14T01:00:00Z,turbine_2,37,1.43,-2.7,0.006408372581870658,january-backtest-v1,bc781886f00f59e8ca445d0499e557775f0ddd100dc689290ef2f3ac4fec1e9b,100,assumed,unverified
2026-01-12T12:00:00Z,2026-01-12T00:00:00Z,2026-01-12T12:00:00Z,2026-01-14T02:00:00Z,turbine_1,38,1.78,-2.6,0.007680036310688865,january-backtest-v1,d094eb03a52f303931989830f7b4efb0d2e6c3faabb6b6a47793e8f3af157ee1,100,assumed,unverified
2026-01-12T12:00:00Z,2026-01-12T00:00:00Z,2026-01-12T12:00:00Z,2026-01-14T02:00:00Z,turbine_2,38,1.78,-2.6,0.006446071612032256,january-backtest-v1,bc781886f00f59e8ca445d0499e557775f0ddd100dc689290ef2f3ac4fec1e9b,100,assumed,unverified
2026-01-12T12:00:00Z,2026-01-12T00:00:00Z,2026-01-12T12:00:00Z,2026-01-14T03:00:00Z,turbine_1,39,2.19,-1.8,0.007681214902285127,january-backtest-v1,d094eb03a52f303931989830f7b4efb0d2e6c3faabb6b6a47793e8f3af157ee1,100,assumed,unverified
2026-01-12T12:00:00Z,2026-01-12T00:00:00Z,2026-01-12T12:00:00Z,2026-01-14T03:00:00Z,turbine_2,39,2.19,-1.8,0.007058918447540308,january-backtest-v1,bc781886f00f59e8ca445d0499e557775f0ddd100dc689290ef2f3ac4fec1e9b,100,assumed,unverified
2026-01-12T12:00:00Z,2026-01-12T00:00:00Z,2026-01-12T12:00:00Z,2026-01-14T04:00:00Z,turbine_1,40,2.73,-0.3,0.011252046061230536,january-backtest-v1,d094eb03a52f303931989830f7b4efb0d2e6c3faabb6b6a47793e8f3af157ee1,100,assumed,unverified
2026-01-12T12:00:00Z,2026-01-12T00:00:00Z,2026-01-12T12:00:00Z,2026-01-14T04:00:00Z,turbine_2,40,2.73,-0.3,0.010236972690857327,january-backtest-v1,bc781886f00f59e8ca445d0499e557775f0ddd100dc689290ef2f3ac4fec1e9b,100,assumed,unverified
2026-01-12T12:00:00Z,2026-01-12T00:00:00Z,2026-01-12T12:00:00Z,2026-01-14T05:00:00Z,turbine_1,41,2.5,1.3,0.011630246095549579,january-backtest-v1,d094eb03a52f303931989830f7b4efb0d2e6c3faabb6b6a47793e8f3af157ee1,100,assumed,unverified
2026-01-12T12:00:00Z,2026-01-12T00:00:00Z,2026-01-12T12:00:00Z,2026-01-14T05:00:00Z,turbine_2,41,2.5,1.3,0.010231571882565849,january-backtest-v1,bc781886f00f59e8ca445d0499e557775f0ddd100dc689290ef2f3ac4fec1e9b,100,assumed,unverified
2026-01-12T12:00:00Z,2026-01-12T00:00:00Z,2026-01-12T12:00:00Z,2026-01-14T06:00:00Z,turbine_1,42,2.65,2.5,0.011338005246637028,january-backtest-v1,d094eb03a52f303931989830f7b4efb0d2e6c3faabb6b6a47793e8f3af157ee1,100,assumed,unverified
2026-01-12T12:00:00Z,2026-01-12T00:00:00Z,2026-01-12T12:00:00Z,2026-01-14T06:00:00Z,turbine_2,42,2.65,2.5,0.007828748101317284,january-backtest-v1,bc781886f00f59e8ca445d0499e557775f0ddd100dc689290ef2f3ac4fec1e9b,100,assumed,unverified
2026-01-12T12:00:00Z,2026-01-12T00:00:00Z,2026-01-12T12:00:00Z,2026-01-14T07:00:00Z,turbine_1,43,2.85,3.3,0.012905666852866149,january-backtest-v1,d094eb03a52f303931989830f7b4efb0d2e6c3faabb6b6a47793e8f3af157ee1,100,assumed,unverified
2026-01-12T12:00:00Z,2026-01-12T00:00:00Z,2026-01-12T12:00:00Z,2026-01-14T07:00:00Z,turbine_2,43,2.85,3.3,0.012627559032559077,january-backtest-v1,bc781886f00f59e8ca445d0499e557775f0ddd100dc689290ef2f3ac4fec1e9b,100,assumed,unverified
2026-01-12T12:00:00Z,2026-01-12T00:00:00Z,2026-01-12T12:00:00Z,2026-01-14T08:00:00Z,turbine_1,44,3.45,3.7,0.03229508068097148,january-backtest-v1,d094eb03a52f303931989830f7b4efb0d2e6c3faabb6b6a47793e8f3af157ee1,100,assumed,unverified
2026-01-12T12:00:00Z,2026-01-12T00:00:00Z,2026-01-12T12:00:00Z,2026-01-14T08:00:00Z,turbine_2,44,3.45,3.7,0.020813519873275232,january-backtest-v1,bc781886f00f59e8ca445d0499e557775f0ddd100dc689290ef2f3ac4fec1e9b,100,assumed,unverified
2026-01-12T12:00:00Z,2026-01-12T00:00:00Z,2026-01-12T12:00:00Z,2026-01-14T09:00:00Z,turbine_1,45,3.98,3.7,0.049541669499016505,january-backtest-v1,d094eb03a52f303931989830f7b4efb0d2e6c3faabb6b6a47793e8f3af157ee1,100,assumed,unverified
2026-01-12T12:00:00Z,2026-01-12T00:00:00Z,2026-01-12T12:00:00Z,2026-01-14T09:00:00Z,turbine_2,45,3.98,3.7,0.04586055829076385,january-backtest-v1,bc781886f00f59e8ca445d0499e557775f0ddd100dc689290ef2f3ac4fec1e9b,100,assumed,unverified
2026-01-12T12:00:00Z,2026-01-12T00:00:00Z,2026-01-12T12:00:00Z,2026-01-14T10:00:00Z,turbine_1,46,4.07,3.1,0.050887506044816344,january-backtest-v1,d094eb03a52f303931989830f7b4efb0d2e6c3faabb6b6a47793e8f3af157ee1,100,assumed,unverified
2026-01-12T12:00:00Z,2026-01-12T00:00:00Z,2026-01-12T12:00:00Z,2026-01-14T10:00:00Z,turbine_2,46,4.07,3.1,0.045497431327289284,january-backtest-v1,bc781886f00f59e8ca445d0499e557775f0ddd100dc689290ef2f3ac4fec1e9b,100,assumed,unverified
2026-01-12T12:00:00Z,2026-01-12T00:00:00Z,2026-01-12T12:00:00Z,2026-01-14T11:00:00Z,turbine_1,47,5.03,1.1,0.10019990148485403,january-backtest-v1,d094eb03a52f303931989830f7b4efb0d2e6c3faabb6b6a47793e8f3af157ee1,100,assumed,unverified
2026-01-12T12:00:00Z,2026-01-12T00:00:00Z,2026-01-12T12:00:00Z,2026-01-14T11:00:00Z,turbine_2,47,5.03,1.1,0.08542291316010192,january-backtest-v1,bc781886f00f59e8ca445d0499e557775f0ddd100dc689290ef2f3ac4fec1e9b,100,assumed,unverified
2026-01-12T12:00:00Z,2026-01-12T00:00:00Z,2026-01-12T12:00:00Z,2026-01-14T12:00:00Z,turbine_1,48,5.77,-1.2,0.1689225540336,january-backtest-v1,d094eb03a52f303931989830f7b4efb0d2e6c3faabb6b6a47793e8f3af157ee1,100,assumed,unverified
2026-01-12T12:00:00Z,2026-01-12T00:00:00Z,2026-01-12T12:00:00Z,2026-01-14T12:00:00Z,turbine_2,48,5.77,-1.2,0.15102965489172337,january-backtest-v1,bc781886f00f59e8ca445d0499e557775f0ddd100dc689290ef2f3ac4fec1e9b,100,assumed,unverified
2026-01-13T12:00:00Z,2026-01-13T00:00:00Z,2026-01-13T12:00:00Z,2026-01-13T13:00:00Z,turbine_1,1,8.72,1.3,0.6532045620392117,january-backtest-v1,d094eb03a52f303931989830f7b4efb0d2e6c3faabb6b6a47793e8f3af157ee1,100,assumed,unverified
2026-01-13T12:00:00Z,2026-01-13T00:00:00Z,2026-01-13T12:00:00Z,2026-01-13T13:00:00Z,turbine_2,1,8.72,1.3,0.6117050860349665,january-backtest-v1,bc781886f00f59e8ca445d0499e557775f0ddd100dc689290ef2f3ac4fec1e9b,100,assumed,unverified
2026-01-13T12:00:00Z,2026-01-13T00:00:00Z,2026-01-13T12:00:00Z,2026-01-13T14:00:00Z,turbine_1,2,8.07,0.3,0.5345799214356514,january-backtest-v1,d094eb03a52f303931989830f7b4efb0d2e6c3faabb6b6a47793e8f3af157ee1,100,assumed,unverified
2026-01-13T12:00:00Z,2026-01-13T00:00:00Z,2026-01-13T12:00:00Z,2026-01-13T14:00:00Z,turbine_2,2,8.07,0.3,0.5090122364715282,january-backtest-v1,bc781886f00f59e8ca445d0499e557775f0ddd100dc689290ef2f3ac4fec1e9b,100,assumed,unverified
2026-01-13T12:00:00Z,2026-01-13T00:00:00Z,2026-01-13T12:00:00Z,2026-01-13T15:00:00Z,turbine_1,3,7.58,-0.3,0.458911613199401,january-backtest-v1,d094eb03a52f303931989830f7b4efb0d2e6c3faabb6b6a47793e8f3af157ee1,100,assumed,unverified
2026-01-13T12:00:00Z,2026-01-13T00:00:00Z,2026-01-13T12:00:00Z,2026-01-13T15:00:00Z,turbine_2,3,7.58,-0.3,0.42413065228693236,january-backtest-v1,bc781886f00f59e8ca445d0499e557775f0ddd100dc689290ef2f3ac4fec1e9b,100,assumed,unverified
2026-01-13T12:00:00Z,2026-01-13T00:00:00Z,2026-01-13T12:00:00Z,2026-01-13T16:00:00Z,turbine_1,4,7.03,-0.6,0.358485437633426,january-backtest-v1,d094eb03a52f303931989830f7b4efb0d2e6c3faabb6b6a47793e8f3af157ee1,100,assumed,unverified
2026-01-13T12:00:00Z,2026-01-13T00:00:00Z,2026-01-13T12:00:00Z,2026-01-13T16:00:00Z,turbine_2,4,7.03,-0.6,0.3469916924759392,january-backtest-v1,bc781886f00f59e8ca445d0499e557775f0ddd100dc689290ef2f3ac4fec1e9b,100,assumed,unverified
2026-01-13T12:00:00Z,2026-01-13T00:00:00Z,2026-01-13T12:00:00Z,2026-01-13T17:00:00Z,turbine_1,5,6.21,-0.3,0.231320539943332,january-backtest-v1,d094eb03a52f303931989830f7b4efb0d2e6c3faabb6b6a47793e8f3af157ee1,100,assumed,unverified
2026-01-13T12:00:00Z,2026-01-13T00:00:00Z,2026-01-13T12:00:00Z,2026-01-13T17:00:00Z,turbine_2,5,6.21,-0.3,0.21817542385097055,january-backtest-v1,bc781886f00f59e8ca445d0499e557775f0ddd100dc689290ef2f3ac4fec1e9b,100,assumed,unverified
2026-01-13T12:00:00Z,2026-01-13T00:00:00Z,2026-01-13T12:00:00Z,2026-01-13T18:00:00Z,turbine_1,6,5.49,-0.3,0.13119434075591563,january-backtest-v1,d094eb03a52f303931989830f7b4efb0d2e6c3faabb6b6a47793e8f3af157ee1,100,assumed,unverified
2026-01-13T12:00:00Z,2026-01-13T00:00:00Z,2026-01-13T12:00:00Z,2026-01-13T18:00:00Z,turbine_2,6,5.49,-0.3,0.12731537942384688,january-backtest-v1,bc781886f00f59e8ca445d0499e557775f0ddd100dc689290ef2f3ac4fec1e9b,100,assumed,unverified
2026-01-13T12:00:00Z,2026-01-13T00:00:00Z,2026-01-13T12:00:00Z,2026-01-13T19:00:00Z,turbine_1,7,5.14,-0.2,0.10123991160354401,january-backtest-v1,d094eb03a52f303931989830f7b4efb0d2e6c3faabb6b6a47793e8f3af157ee1,100,assumed,unverified
2026-01-13T12:00:00Z,2026-01-13T00:00:00Z,2026-01-13T12:00:00Z,2026-01-13T19:00:00Z,turbine_2,7,5.14,-0.2,0.09627018360847178,january-backtest-v1,bc781886f00f59e8ca445d0499e557775f0ddd100dc689290ef2f3ac4fec1e9b,100,assumed,unverified
2026-01-13T12:00:00Z,2026-01-13T00:00:00Z,2026-01-13T12:00:00Z,2026-01-13T20:00:00Z,turbine_1,8,4.9,-0.6,0.08536683732692363,january-backtest-v1,d094eb03a52f303931989830f7b4efb0d2e6c3faabb6b6a47793e8f3af157ee1,100,assumed,unverified
2026-01-13T12:00:00Z,2026-01-13T00:00:00Z,2026-01-13T12:00:00Z,2026-01-13T20:00:00Z,turbine_2,8,4.9,-0.6,0.07383226577579077,january-backtest-v1,bc781886f00f59e8ca445d0499e557775f0ddd100dc689290ef2f3ac4fec1e9b,100,assumed,unverified
2026-01-13T12:00:00Z,2026-01-13T00:00:00Z,2026-01-13T12:00:00Z,2026-01-13T21:00:00Z,turbine_1,9,4.75,-1.4,0.07022011455400651,january-backtest-v1,d094eb03a52f303931989830f7b4efb0d2e6c3faabb6b6a47793e8f3af157ee1,100,assumed,unverified
2026-01-13T12:00:00Z,2026-01-13T00:00:00Z,2026-01-13T12:00:00Z,2026-01-13T21:00:00Z,turbine_2,9,4.75,-1.4,0.058932043788144095,january-backtest-v1,bc781886f00f59e8ca445d0499e557775f0ddd100dc689290ef2f3ac4fec1e9b,100,assumed,unverified
2026-01-13T12:00:00Z,2026-01-13T00:00:00Z,2026-01-13T12:00:00Z,2026-01-13T22:00:00Z,turbine_1,10,4.28,-1.7,0.04031305614575337,january-backtest-v1,d094eb03a52f303931989830f7b4efb0d2e6c3faabb6b6a47793e8f3af157ee1,100,assumed,unverified
2026-01-13T12:00:00Z,2026-01-13T00:00:00Z,2026-01-13T12:00:00Z,2026-01-13T22:00:00Z,turbine_2,10,4.28,-1.7,0.036825206486654716,january-backtest-v1,bc781886f00f59e8ca445d0499e557775f0ddd100dc689290ef2f3ac4fec1e9b,100,assumed,unverified
2026-01-13T12:00:00Z,2026-01-13T00:00:00Z,2026-01-13T12:00:00Z,2026-01-13T23:00:00Z,turbine_1,11,3.82,-1.9,0.028993566080930955,january-backtest-v1,d094eb03a52f303931989830f7b4efb0d2e6c3faabb6b6a47793e8f3af157ee1,100,assumed,unverified
2026-01-13T12:00:00Z,2026-01-13T00:00:00Z,2026-01-13T12:00:00Z,2026-01-13T23:00:00Z,turbine_2,11,3.82,-1.9,0.021398888850564513,january-backtest-v1,bc781886f00f59e8ca445d0499e557775f0ddd100dc689290ef2f3ac4fec1e9b,100,assumed,unverified
2026-01-13T12:00:00Z,2026-01-13T00:00:00Z,2026-01-13T12:00:00Z,2026-01-14T00:00:00Z,turbine_1,12,3.86,-1.9,0.03454478070801259,january-backtest-v1,d094eb03a52f303931989830f7b4efb0d2e6c3faabb6b6a47793e8f3af157ee1,100,assumed,unverified
2026-01-13T12:00:00Z,2026-01-13T00:00:00Z,2026-01-13T12:00:00Z,2026-01-14T00:00:00Z,turbine_2,12,3.86,-1.9,0.02401753089706926,january-backtest-v1,bc781886f00f59e8ca445d0499e557775f0ddd100dc689290ef2f3ac4fec1e9b,100,assumed,unverified
2026-01-13T12:00:00Z,2026-01-13T00:00:00Z,2026-01-13T12:00:00Z,2026-01-14T01:00:00Z,turbine_1,13,3.27,-2.7,0.01593058819154286,january-backtest-v1,d094eb03a52f303931989830f7b4efb0d2e6c3faabb6b6a47793e8f3af157ee1,100,assumed,unverified
2026-01-13T12:00:00Z,2026-01-13T00:00:00Z,2026-01-13T12:00:00Z,2026-01-14T01:00:00Z,turbine_2,13,3.27,-2.7,0.008398882832335308,january-backtest-v1,bc781886f00f59e8ca445d0499e557775f0ddd100dc689290ef2f3ac4fec1e9b,100,assumed,unverified
2026-01-13T12:00:00Z,2026-01-13T00:00:00Z,2026-01-13T12:00:00Z,2026-01-14T02:00:00Z,turbine_1,14,1.85,-2.6,0.008933665082568154,january-backtest-v1,d094eb03a52f303931989830f7b4efb0d2e6c3faabb6b6a47793e8f3af157ee1,100,assumed,unverified
2026-01-13T12:00:00Z,2026-01-13T00:00:00Z,2026-01-13T12:00:00Z,2026-01-14T02:00:00Z,turbine_2,14,1.85,-2.6,0.0068125760845437755,january-backtest-v1,bc781886f00f59e8ca445d0499e557775f0ddd100dc689290ef2f3ac4fec1e9b,100,assumed,unverified
2026-01-13T12:00:00Z,2026-01-13T00:00:00Z,2026-01-13T12:00:00Z,2026-01-14T03:00:00Z,turbine_1,15,1.03,-2.4,0.00797383437074728,january-backtest-v1,d094eb03a52f303931989830f7b4efb0d2e6c3faabb6b6a47793e8f3af157ee1,100,assumed,unverified
2026-01-13T12:00:00Z,2026-01-13T00:00:00Z,2026-01-13T12:00:00Z,2026-01-14T03:00:00Z,turbine_2,15,1.03,-2.4,0.006670125578224939,january-backtest-v1,bc781886f00f59e8ca445d0499e557775f0ddd100dc689290ef2f3ac4fec1e9b,100,assumed,unverified
2026-01-13T12:00:00Z,2026-01-13T00:00:00Z,2026-01-13T12:00:00Z,2026-01-14T04:00:00Z,turbine_1,16,0.45,0.2,0.009844997726993043,january-backtest-v1,d094eb03a52f303931989830f7b4efb0d2e6c3faabb6b6a47793e8f3af157ee1,100,assumed,unverified
2026-01-13T12:00:00Z,2026-01-13T00:00:00Z,2026-01-13T12:00:00Z,2026-01-14T04:00:00Z,turbine_2,16,0.45,0.2,0.009149251835014027,january-backtest-v1,bc781886f00f59e8ca445d0499e557775f0ddd100dc689290ef2f3ac4fec1e9b,100,assumed,unverified
2026-01-13T12:00:00Z,2026-01-13T00:00:00Z,2026-01-13T12:00:00Z,2026-01-14T05:00:00Z,turbine_1,17,0.75,2.0,0.008986107107681551,january-backtest-v1,d094eb03a52f303931989830f7b4efb0d2e6c3faabb6b6a47793e8f3af157ee1,100,assumed,unverified
2026-01-13T12:00:00Z,2026-01-13T00:00:00Z,2026-01-13T12:00:00Z,2026-01-14T05:00:00Z,turbine_2,17,0.75,2.0,0.009278637988932636,january-backtest-v1,bc781886f00f59e8ca445d0499e557775f0ddd100dc689290ef2f3ac4fec1e9b,100,assumed,unverified
2026-01-13T12:00:00Z,2026-01-13T00:00:00Z,2026-01-13T12:00:00Z,2026-01-14T06:00:00Z,turbine_1,18,1.52,3.2,0.007932141915707125,january-backtest-v1,d094eb03a52f303931989830f7b4efb0d2e6c3faabb6b6a47793e8f3af157ee1,100,assumed,unverified
2026-01-13T12:00:00Z,2026-01-13T00:00:00Z,2026-01-13T12:00:00Z,2026-01-14T06:00:00Z,turbine_2,18,1.52,3.2,0.006236617171668346,january-backtest-v1,bc781886f00f59e8ca445d0499e557775f0ddd100dc689290ef2f3ac4fec1e9b,100,assumed,unverified
2026-01-13T12:00:00Z,2026-01-13T00:00:00Z,2026-01-13T12:00:00Z,2026-01-14T07:00:00Z,turbine_1,19,2.06,4.1,0.01152710292695125,january-backtest-v1,d094eb03a52f303931989830f7b4efb0d2e6c3faabb6b6a47793e8f3af157ee1,100,assumed,unverified
2026-01-13T12:00:00Z,2026-01-13T00:00:00Z,2026-01-13T12:00:00Z,2026-01-14T07:00:00Z,turbine_2,19,2.06,4.1,0.00872861884661752,january-backtest-v1,bc781886f00f59e8ca445d0499e557775f0ddd100dc689290ef2f3ac4fec1e9b,100,assumed,unverified
2026-01-13T12:00:00Z,2026-01-13T00:00:00Z,2026-01-13T12:00:00Z,2026-01-14T08:00:00Z,turbine_1,20,3.05,4.5,0.019051050166358274,january-backtest-v1,d094eb03a52f303931989830f7b4efb0d2e6c3faabb6b6a47793e8f3af157ee1,100,assumed,unverified
2026-01-13T12:00:00Z,2026-01-13T00:00:00Z,2026-01-13T12:00:00Z,2026-01-14T08:00:00Z,turbine_2,20,3.05,4.5,0.014628951514783772,january-backtest-v1,bc781886f00f59e8ca445d0499e557775f0ddd100dc689290ef2f3ac4fec1e9b,100,assumed,unverified
2026-01-13T12:00:00Z,2026-01-13T00:00:00Z,2026-01-13T12:00:00Z,2026-01-14T09:00:00Z,turbine_1,21,4.04,4.2,0.05501203606714594,january-backtest-v1,d094eb03a52f303931989830f7b4efb0d2e6c3faabb6b6a47793e8f3af157ee1,100,assumed,unverified
2026-01-13T12:00:00Z,2026-01-13T00:00:00Z,2026-01-13T12:00:00Z,2026-01-14T09:00:00Z,turbine_2,21,4.04,4.2,0.04862900431253381,january-backtest-v1,bc781886f00f59e8ca445d0499e557775f0ddd100dc689290ef2f3ac4fec1e9b,100,assumed,unverified
2026-01-13T12:00:00Z,2026-01-13T00:00:00Z,2026-01-13T12:00:00Z,2026-01-14T10:00:00Z,turbine_1,22,4.01,3.4,0.052967315148504,january-backtest-v1,d094eb03a52f303931989830f7b4efb0d2e6c3faabb6b6a47793e8f3af157ee1,100,assumed,unverified
2026-01-13T12:00:00Z,2026-01-13T00:00:00Z,2026-01-13T12:00:00Z,2026-01-14T10:00:00Z,turbine_2,22,4.01,3.4,0.04559500437776076,january-backtest-v1,bc781886f00f59e8ca445d0499e557775f0ddd100dc689290ef2f3ac4fec1e9b,100,assumed,unverified
2026-01-13T12:00:00Z,2026-01-13T00:00:00Z,2026-01-13T12:00:00Z,2026-01-14T11:00:00Z,turbine_1,23,4.2,1.2,0.05126272488188682,january-backtest-v1,d094eb03a52f303931989830f7b4efb0d2e6c3faabb6b6a47793e8f3af157ee1,100,assumed,unverified
2026-01-13T12:00:00Z,2026-01-13T00:00:00Z,2026-01-13T12:00:00Z,2026-01-14T11:00:00Z,turbine_2,23,4.2,1.2,0.04664428253839359,january-backtest-v1,bc781886f00f59e8ca445d0499e557775f0ddd100dc689290ef2f3ac4fec1e9b,100,assumed,unverified
2026-01-13T12:00:00Z,2026-01-13T00:00:00Z,2026-01-13T12:00:00Z,2026-01-14T12:00:00Z,turbine_1,24,4.79,-0.9,0.07184556266801995,january-backtest-v1,d094eb03a52f303931989830f7b4efb0d2e6c3faabb6b6a47793e8f3af157ee1,100,assumed,unverified
2026-01-13T12:00:00Z,2026-01-13T00:00:00Z,2026-01-13T12:00:00Z,2026-01-14T12:00:00Z,turbine_2,24,4.79,-0.9,0.06298168198285525,january-backtest-v1,bc781886f00f59e8ca445d0499e557775f0ddd100dc689290ef2f3ac4fec1e9b,100,assumed,unverified
2026-01-13T12:00:00Z,2026-01-13T00:00:00Z,2026-01-13T12:00:00Z,2026-01-14T13:00:00Z,turbine_1,25,5.56,-1.8,0.1315089900063581,january-backtest-v1,d094eb03a52f303931989830f7b4efb0d2e6c3faabb6b6a47793e8f3af157ee1,100,assumed,unverified
2026-01-13T12:00:00Z,2026-01-13T00:00:00Z,2026-01-13T12:00:00Z,2026-01-14T13:00:00Z,turbine_2,25,5.56,-1.8,0.11458983350710233,january-backtest-v1,bc781886f00f59e8ca445d0499e557775f0ddd100dc689290ef2f3ac4fec1e9b,100,assumed,unverified
2026-01-13T12:00:00Z,2026-01-13T00:00:00Z,2026-01-13T12:00:00Z,2026-01-14T14:00:00Z,turbine_1,26,5.37,-2.5,0.1132821794705845,january-backtest-v1,d094eb03a52f303931989830f7b4efb0d2e6c3faabb6b6a47793e8f3af157ee1,100,assumed,unverified
2026-01-13T12:00:00Z,2026-01-13T00:00:00Z,2026-01-13T12:00:00Z,2026-01-14T14:00:00Z,turbine_2,26,5.37,-2.5,0.0956449475166336,january-backtest-v1,bc781886f00f59e8ca445d0499e557775f0ddd100dc689290ef2f3ac4fec1e9b,100,assumed,unverified
2026-01-13T12:00:00Z,2026-01-13T00:00:00Z,2026-01-13T12:00:00Z,2026-01-14T15:00:00Z,turbine_1,27,5.81,-2.9,0.15956093564275695,january-backtest-v1,d094eb03a52f303931989830f7b4efb0d2e6c3faabb6b6a47793e8f3af157ee1,100,assumed,unverified
2026-01-13T12:00:00Z,2026-01-13T00:00:00Z,2026-01-13T12:00:00Z,2026-01-14T15:00:00Z,turbine_2,27,5.81,-2.9,0.14537072364952972,january-backtest-v1,bc781886f00f59e8ca445d0499e557775f0ddd100dc689290ef2f3ac4fec1e9b,100,assumed,unverified
2026-01-13T12:00:00Z,2026-01-13T00:00:00Z,2026-01-13T12:00:00Z,2026-01-14T16:00:00Z,turbine_1,28,5.76,-3.2,0.14254467235973764,january-backtest-v1,d094eb03a52f303931989830f7b4efb0d2e6c3faabb6b6a47793e8f3af157ee1,100,assumed,unverified
2026-01-13T12:00:00Z,2026-01-13T00:00:00Z,2026-01-13T12:00:00Z,2026-01-14T16:00:00Z,turbine_2,28,5.76,-3.2,0.14070443680975953,january-backtest-v1,bc781886f00f59e8ca445d0499e557775f0ddd100dc689290ef2f3ac4fec1e9b,100,assumed,unverified
2026-01-13T12:00:00Z,2026-01-13T00:00:00Z,2026-01-13T12:00:00Z,2026-01-14T17:00:00Z,turbine_1,29,5.61,-3.4,0.12891293526584716,january-backtest-v1,d094eb03a52f303931989830f7b4efb0d2e6c3faabb6b6a47793e8f3af157ee1,100,assumed,unverified
2026-01-13T12:00:00Z,2026-01-13T00:00:00Z,2026-01-13T12:00:00Z,2026-01-14T17:00:00Z,turbine_2,29,5.61,-3.4,0.1172075234391241,january-backtest-v1,bc781886f00f59e8ca445d0499e557775f0ddd100dc689290ef2f3ac4fec1e9b,100,assumed,unverified
2026-01-13T12:00:00Z,2026-01-13T00:00:00Z,2026-01-13T12:00:00Z,2026-01-14T18:00:00Z,turbine_1,30,4.99,-4.0,0.07839159576928512,january-backtest-v1,d094eb03a52f303931989830f7b4efb0d2e6c3faabb6b6a47793e8f3af157ee1,100,assumed,unverified
2026-01-13T12:00:00Z,2026-01-13T00:00:00Z,2026-01-13T12:00:00Z,2026-01-14T18:00:00Z,turbine_2,30,4.99,-4.0,0.066372994592024,january-backtest-v1,bc781886f00f59e8ca445d0499e557775f0ddd100dc689290ef2f3ac4fec1e9b,100,assumed,unverified
2026-01-13T12:00:00Z,2026-01-13T00:00:00Z,2026-01-13T12:00:00Z,2026-01-14T19:00:00Z,turbine_1,31,4.43,-4.7,0.03937215977698699,january-backtest-v1,d094eb03a52f303931989830f7b4efb0d2e6c3faabb6b6a47793e8f3af157ee1,100,assumed,unverified
2026-01-13T12:00:00Z,2026-01-13T00:00:00Z,2026-01-13T12:00:00Z,2026-01-14T19:00:00Z,turbine_2,31,4.43,-4.7,0.032071741026830636,january-backtest-v1,bc781886f00f59e8ca445d0499e557775f0ddd100dc689290ef2f3ac4fec1e9b,100,assumed,unverified
2026-01-13T12:00:00Z,2026-01-13T00:00:00Z,2026-01-13T12:00:00Z,2026-01-14T20:00:00Z,turbine_1,32,3.78,-5.6,0.020217868839838338,january-backtest-v1,d094eb03a52f303931989830f7b4efb0d2e6c3faabb6b6a47793e8f3af157ee1,100,assumed,unverified
2026-01-13T12:00:00Z,2026-01-13T00:00:00Z,2026-01-13T12:00:00Z,2026-01-14T20:00:00Z,turbine_2,32,3.78,-5.6,0.016176550147022628,january-backtest-v1,bc781886f00f59e8ca445d0499e557775f0ddd100dc689290ef2f3ac4fec1e9b,100,assumed,unverified
2026-01-13T12:00:00Z,2026-01-13T00:00:00Z,2026-01-13T12:00:00Z,2026-01-14T21:00:00Z,turbine_1,33,2.84,-6.4,0.00622161359516854,january-backtest-v1,d094eb03a52f303931989830f7b4efb0d2e6c3faabb6b6a47793e8f3af157ee1,100,assumed,unverified
2026-01-13T12:00:00Z,2026-01-13T00:00:00Z,2026-01-13T12:00:00Z,2026-01-14T21:00:00Z,turbine_2,33,2.84,-6.4,0.00821404629312017,january-backtest-v1,bc781886f00f59e8ca445d0499e557775f0ddd100dc689290ef2f3ac4fec1e9b,100,assumed,unverified
2026-01-13T12:00:00Z,2026-01-13T00:00:00Z,2026-01-13T12:00:00Z,2026-01-14T22:00:00Z,turbine_1,34,2.2,-7.0,0.0077736552828049366,january-backtest-v1,d094eb03a52f303931989830f7b4efb0d2e6c3faabb6b6a47793e8f3af157ee1,100,assumed,unverified
2026-01-13T12:00:00Z,2026-01-13T00:00:00Z,2026-01-13T12:00:00Z,2026-01-14T22:00:00Z,turbine_2,34,2.2,-7.0,0.010737720754372404,january-backtest-v1,bc781886f00f59e8ca445d0499e557775f0ddd100dc689290ef2f3ac4fec1e9b,100,assumed,unverified
2026-01-13T12:00:00Z,2026-01-13T00:00:00Z,2026-01-13T12:00:00Z,2026-01-14T23:00:00Z,turbine_1,35,1.87,-7.2,0.010330112957193882,january-backtest-v1,d094eb03a52f303931989830f7b4efb0d2e6c3faabb6b6a47793e8f3af157ee1,100,assumed,unverified
2026-01-13T12:00:00Z,2026-01-13T00:00:00Z,2026-01-13T12:00:00Z,2026-01-14T23:00:00Z,turbine_2,35,1.87,-7.2,0.009409224323341236,january-backtest-v1,bc781886f00f59e8ca445d0499e557775f0ddd100dc689290ef2f3ac4fec1e9b,100,assumed,unverified
2026-01-13T12:00:00Z,2026-01-13T00:00:00Z,2026-01-13T12:00:00Z,2026-01-15T00:00:00Z,turbine_1,36,2.2,-7.4,0.006112777600546626,january-backtest-v1,d094eb03a52f303931989830f7b4efb0d2e6c3faabb6b6a47793e8f3af157ee1,100,assumed,unverified
2026-01-13T12:00:00Z,2026-01-13T00:00:00Z,2026-01-13T12:00:00Z,2026-01-15T00:00:00Z,turbine_2,36,2.2,-7.4,0.010196719935308352,january-backtest-v1,bc781886f00f59e8ca445d0499e557775f0ddd100dc689290ef2f3ac4fec1e9b,100,assumed,unverified
2026-01-13T12:00:00Z,2026-01-13T00:00:00Z,2026-01-13T12:00:00Z,2026-01-15T01:00:00Z,turbine_1,37,2.05,-7.6,0.007449213520622333,january-backtest-v1,d094eb03a52f303931989830f7b4efb0d2e6c3faabb6b6a47793e8f3af157ee1,100,assumed,unverified
2026-01-13T12:00:00Z,2026-01-13T00:00:00Z,2026-01-13T12:00:00Z,2026-01-15T01:00:00Z,turbine_2,37,2.05,-7.6,0.00900893202524089,january-backtest-v1,bc781886f00f59e8ca445d0499e557775f0ddd100dc689290ef2f3ac4fec1e9b,100,assumed,unverified
2026-01-13T12:00:00Z,2026-01-13T00:00:00Z,2026-01-13T12:00:00Z,2026-01-15T02:00:00Z,turbine_1,38,3.55,-7.7,0.016327007448787623,january-backtest-v1,d094eb03a52f303931989830f7b4efb0d2e6c3faabb6b6a47793e8f3af157ee1,100,assumed,unverified
2026-01-13T12:00:00Z,2026-01-13T00:00:00Z,2026-01-13T12:00:00Z,2026-01-15T02:00:00Z,turbine_2,38,3.55,-7.7,0.009835977329433032,january-backtest-v1,bc781886f00f59e8ca445d0499e557775f0ddd100dc689290ef2f3ac4fec1e9b,100,assumed,unverified
2026-01-13T12:00:00Z,2026-01-13T00:00:00Z,2026-01-13T12:00:00Z,2026-01-15T03:00:00Z,turbine_1,39,2.33,-6.8,0.008081282658456146,january-backtest-v1,d094eb03a52f303931989830f7b4efb0d2e6c3faabb6b6a47793e8f3af157ee1,100,assumed,unverified
2026-01-13T12:00:00Z,2026-01-13T00:00:00Z,2026-01-13T12:00:00Z,2026-01-15T03:00:00Z,turbine_2,39,2.33,-6.8,0.010584078835807087,january-backtest-v1,bc781886f00f59e8ca445d0499e557775f0ddd100dc689290ef2f3ac4fec1e9b,100,assumed,unverified
2026-01-13T12:00:00Z,2026-01-13T00:00:00Z,2026-01-13T12:00:00Z,2026-01-15T04:00:00Z,turbine_1,40,1.86,-5.7,0.009693389749621695,january-backtest-v1,d094eb03a52f303931989830f7b4efb0d2e6c3faabb6b6a47793e8f3af157ee1,100,assumed,unverified
2026-01-13T12:00:00Z,2026-01-13T00:00:00Z,2026-01-13T12:00:00Z,2026-01-15T04:00:00Z,turbine_2,40,1.86,-5.7,0.01006474261951179,january-backtest-v1,bc781886f00f59e8ca445d0499e557775f0ddd100dc689290ef2f3ac4fec1e9b,100,assumed,unverified
2026-01-13T12:00:00Z,2026-01-13T00:00:00Z,2026-01-13T12:00:00Z,2026-01-15T05:00:00Z,turbine_1,41,1.53,-4.4,0.007668997042235337,january-backtest-v1,d094eb03a52f303931989830f7b4efb0d2e6c3faabb6b6a47793e8f3af157ee1,100,assumed,unverified
2026-01-13T12:00:00Z,2026-01-13T00:00:00Z,2026-01-13T12:00:00Z,2026-01-15T05:00:00Z,turbine_2,41,1.53,-4.4,0.007514910874365011,january-backtest-v1,bc781886f00f59e8ca445d0499e557775f0ddd100dc689290ef2f3ac4fec1e9b,100,assumed,unverified
2026-01-13T12:00:00Z,2026-01-13T00:00:00Z,2026-01-13T12:00:00Z,2026-01-15T06:00:00Z,turbine_1,42,3.07,-3.3,0.013057195183995285,january-backtest-v1,d094eb03a52f303931989830f7b4efb0d2e6c3faabb6b6a47793e8f3af157ee1,100,assumed,unverified
2026-01-13T12:00:00Z,2026-01-13T00:00:00Z,2026-01-13T12:00:00Z,2026-01-15T06:00:00Z,turbine_2,42,3.07,-3.3,0.008746240942166139,january-backtest-v1,bc781886f00f59e8ca445d0499e557775f0ddd100dc689290ef2f3ac4fec1e9b,100,assumed,unverified
2026-01-13T12:00:00Z,2026-01-13T00:00:00Z,2026-01-13T12:00:00Z,2026-01-15T07:00:00Z,turbine_1,43,1.09,-3.5,0.00905347544286872,january-backtest-v1,d094eb03a52f303931989830f7b4efb0d2e6c3faabb6b6a47793e8f3af157ee1,100,assumed,unverified
2026-01-13T12:00:00Z,2026-01-13T00:00:00Z,2026-01-13T12:00:00Z,2026-01-15T07:00:00Z,turbine_2,43,1.09,-3.5,0.009073252275645927,january-backtest-v1,bc781886f00f59e8ca445d0499e557775f0ddd100dc689290ef2f3ac4fec1e9b,100,assumed,unverified
2026-01-13T12:00:00Z,2026-01-13T00:00:00Z,2026-01-13T12:00:00Z,2026-01-15T08:00:00Z,turbine_1,44,0.69,-1.7,0.007643765118860724,january-backtest-v1,d094eb03a52f303931989830f7b4efb0d2e6c3faabb6b6a47793e8f3af157ee1,100,assumed,unverified
2026-01-13T12:00:00Z,2026-01-13T00:00:00Z,2026-01-13T12:00:00Z,2026-01-15T08:00:00Z,turbine_2,44,0.69,-1.7,0.007213153441809728,january-backtest-v1,bc781886f00f59e8ca445d0499e557775f0ddd100dc689290ef2f3ac4fec1e9b,100,assumed,unverified
2026-01-13T12:00:00Z,2026-01-13T00:00:00Z,2026-01-13T12:00:00Z,2026-01-15T09:00:00Z,turbine_1,45,1.22,-1.1,0.00766923129736663,january-backtest-v1,d094eb03a52f303931989830f7b4efb0d2e6c3faabb6b6a47793e8f3af157ee1,100,assumed,unverified
2026-01-13T12:00:00Z,2026-01-13T00:00:00Z,2026-01-13T12:00:00Z,2026-01-15T09:00:00Z,turbine_2,45,1.22,-1.1,0.007985946909405794,january-backtest-v1,bc781886f00f59e8ca445d0499e557775f0ddd100dc689290ef2f3ac4fec1e9b,100,assumed,unverified
2026-01-13T12:00:00Z,2026-01-13T00:00:00Z,2026-01-13T12:00:00Z,2026-01-15T10:00:00Z,turbine_1,46,1.21,-1.5,0.008361501438393704,january-backtest-v1,d094eb03a52f303931989830f7b4efb0d2e6c3faabb6b6a47793e8f3af157ee1,100,assumed,unverified
2026-01-13T12:00:00Z,2026-01-13T00:00:00Z,2026-01-13T12:00:00Z,2026-01-15T10:00:00Z,turbine_2,46,1.21,-1.5,0.0071975528676559986,january-backtest-v1,bc781886f00f59e8ca445d0499e557775f0ddd100dc689290ef2f3ac4fec1e9b,100,assumed,unverified
2026-01-13T12:00:00Z,2026-01-13T00:00:00Z,2026-01-13T12:00:00Z,2026-01-15T11:00:00Z,turbine_1,47,2.08,-2.3,0.008509262301908627,january-backtest-v1,d094eb03a52f303931989830f7b4efb0d2e6c3faabb6b6a47793e8f3af157ee1,100,assumed,unverified
2026-01-13T12:00:00Z,2026-01-13T00:00:00Z,2026-01-13T12:00:00Z,2026-01-15T11:00:00Z,turbine_2,47,2.08,-2.3,0.006276086860688923,january-backtest-v1,bc781886f00f59e8ca445d0499e557775f0ddd100dc689290ef2f3ac4fec1e9b,100,assumed,unverified
2026-01-13T12:00:00Z,2026-01-13T00:00:00Z,2026-01-13T12:00:00Z,2026-01-15T12:00:00Z,turbine_1,48,1.55,-2.9,0.008089052042356715,january-backtest-v1,d094eb03a52f303931989830f7b4efb0d2e6c3faabb6b6a47793e8f3af157ee1,100,assumed,unverified
2026-01-13T12:00:00Z,2026-01-13T00:00:00Z,2026-01-13T12:00:00Z,2026-01-15T12:00:00Z,turbine_2,48,1.55,-2.9,0.008686778503893433,january-backtest-v1,bc781886f00f59e8ca445d0499e557775f0ddd100dc689290ef2f3ac4fec1e9b,100,assumed,unverified
2026-01-14T12:00:00Z,2026-01-14T00:00:00Z,2026-01-14T12:00:00Z,2026-01-14T13:00:00Z,turbine_1,1,4.99,-1.5,0.08698582041051162,january-backtest-v1,d094eb03a52f303931989830f7b4efb0d2e6c3faabb6b6a47793e8f3af157ee1,100,assumed,unverified
2026-01-14T12:00:00Z,2026-01-14T00:00:00Z,2026-01-14T12:00:00Z,2026-01-14T13:00:00Z,turbine_2,1,4.99,-1.5,0.07393156153083558,january-backtest-v1,bc781886f00f59e8ca445d0499e557775f0ddd100dc689290ef2f3ac4fec1e9b,100,assumed,unverified
2026-01-14T12:00:00Z,2026-01-14T00:00:00Z,2026-01-14T12:00:00Z,2026-01-14T14:00:00Z,turbine_1,2,5.19,-2.1,0.0970749327344469,january-backtest-v1,d094eb03a52f303931989830f7b4efb0d2e6c3faabb6b6a47793e8f3af157ee1,100,assumed,unverified
2026-01-14T12:00:00Z,2026-01-14T00:00:00Z,2026-01-14T12:00:00Z,2026-01-14T14:00:00Z,turbine_2,2,5.19,-2.1,0.08541948044058884,january-backtest-v1,bc781886f00f59e8ca445d0499e557775f0ddd100dc689290ef2f3ac4fec1e9b,100,assumed,unverified
2026-01-14T12:00:00Z,2026-01-14T00:00:00Z,2026-01-14T12:00:00Z,2026-01-14T15:00:00Z,turbine_1,3,6.07,-2.9,0.2005213063912748,january-backtest-v1,d094eb03a52f303931989830f7b4efb0d2e6c3faabb6b6a47793e8f3af157ee1,100,assumed,unverified
2026-01-14T12:00:00Z,2026-01-14T00:00:00Z,2026-01-14T12:00:00Z,2026-01-14T15:00:00Z,turbine_2,3,6.07,-2.9,0.1796426891924454,january-backtest-v1,bc781886f00f59e8ca445d0499e557775f0ddd100dc689290ef2f3ac4fec1e9b,100,assumed,unverified
2026-01-14T12:00:00Z,2026-01-14T00:00:00Z,2026-01-14T12:00:00Z,2026-01-14T16:00:00Z,turbine_1,4,5.81,-2.9,0.15956093564275695,january-backtest-v1,d094eb03a52f303931989830f7b4efb0d2e6c3faabb6b6a47793e8f3af157ee1,100,assumed,unverified
2026-01-14T12:00:00Z,2026-01-14T00:00:00Z,2026-01-14T12:00:00Z,2026-01-14T16:00:00Z,turbine_2,4,5.81,-2.9,0.14537072364952972,january-backtest-v1,bc781886f00f59e8ca445d0499e557775f0ddd100dc689290ef2f3ac4fec1e9b,100,assumed,unverified
2026-01-14T12:00:00Z,2026-01-14T00:00:00Z,2026-01-14T12:00:00Z,2026-01-14T17:00:00Z,turbine_1,5,5.62,-3.1,0.12948938259009896,january-backtest-v1,d094eb03a52f303931989830f7b4efb0d2e6c3faabb6b6a47793e8f3af157ee1,100,assumed,unverified
2026-01-14T12:00:00Z,2026-01-14T00:00:00Z,2026-01-14T12:00:00Z,2026-01-14T17:00:00Z,turbine_2,5,5.62,-3.1,0.1187265363996666,january-backtest-v1,bc781886f00f59e8ca445d0499e557775f0ddd100dc689290ef2f3ac4fec1e9b,100,assumed,unverified
2026-01-14T12:00:00Z,2026-01-14T00:00:00Z,2026-01-14T12:00:00Z,2026-01-14T18:00:00Z,turbine_1,6,4.88,-3.6,0.06975080750197066,january-backtest-v1,d094eb03a52f303931989830f7b4efb0d2e6c3faabb6b6a47793e8f3af157ee1,100,assumed,unverified
2026-01-14T12:00:00Z,2026-01-14T00:00:00Z,2026-01-14T12:00:00Z,2026-01-14T18:00:00Z,turbine_2,6,4.88,-3.6,0.0599197396689477,january-backtest-v1,bc781886f00f59e8ca445d0499e557775f0ddd100dc689290ef2f3ac4fec1e9b,100,assumed,unverified
2026-01-14T12:00:00Z,2026-01-14T00:00:00Z,2026-01-14T12:00:00Z,2026-01-14T19:00:00Z,turbine_1,7,4.22,-4.0,0.0358482788564955,january-backtest-v1,d094eb03a52f303931989830f7b4efb0d2e6c3faabb6b6a47793e8f3af157ee1,100,assumed,unverified
2026-01-14T12:00:00Z,2026-01-14T00:00:00Z,2026-01-14T12:00:00Z,2026-01-14T19:00:00Z,turbine_2,7,4.22,-4.0,0.032258898022566984,january-backtest-v1,bc781886f00f59e8ca445d0499e557775f0ddd100dc689290ef2f3ac4fec1e9b,100,assumed,unverified
2026-01-14T12:00:00Z,2026-01-14T00:00:00Z,2026-01-14T12:00:00Z,2026-01-14T20:00:00Z,turbine_1,8,4.33,-4.6,0.033419798770517595,january-backtest-v1,d094eb03a52f303931989830f7b4efb0d2e6c3faabb6b6a47793e8f3af157ee1,100,assumed,unverified
2026-01-14T12:00:00Z,2026-01-14T00:00:00Z,2026-01-14T12:00:00Z,2026-01-14T20:00:00Z,turbine_2,8,4.33,-4.6,0.02857815752256737,january-backtest-v1,bc781886f00f59e8ca445d0499e557775f0ddd100dc689290ef2f3ac4fec1e9b,100,assumed,unverified
2026-01-14T12:00:00Z,2026-01-14T00:00:00Z,2026-01-14T12:00:00Z,2026-01-14T21:00:00Z,turbine_1,9,3.54,-5.4,0.018076256004677216,january-backtest-v1,d094eb03a52f303931989830f7b4efb0d2e6c3faabb6b6a47793e8f3af157ee1,100,assumed,unverified
2026-01-14T12:00:00Z,2026-01-14T00:00:00Z,2026-01-14T12:00:00Z,2026-01-14T21:00:00Z,turbine_2,9,3.54,-5.4,0.010666718936400144,january-backtest-v1,bc781886f00f59e8ca445d0499e557775f0ddd100dc689290ef2f3ac4fec1e9b,100,assumed,unverified
2026-01-14T12:00:00Z,2026-01-14T00:00:00Z,2026-01-14T12:00:00Z,2026-01-14T22:00:00Z,turbine_1,10,2.86,-5.6,0.005059775275140399,january-backtest-v1,d094eb03a52f303931989830f7b4efb0d2e6c3faabb6b6a47793e8f3af157ee1,100,assumed,unverified
2026-01-14T12:00:00Z,2026-01-14T00:00:00Z,2026-01-14T12:00:00Z,2026-01-14T22:00:00Z,turbine_2,10,2.86,-5.6,0.008328563770226671,january-backtest-v1,bc781886f00f59e8ca445d0499e557775f0ddd100dc689290ef2f3ac4fec1e9b,100,assumed,unverified
2026-01-14T12:00:00Z,2026-01-14T00:00:00Z,2026-01-14T12:00:00Z,2026-01-14T23:00:00Z,turbine_1,11,2.75,-5.7,0.006362936719949197,january-backtest-v1,d094eb03a52f303931989830f7b4efb0d2e6c3faabb6b6a47793e8f3af157ee1,100,assumed,unverified
2026-01-14T12:00:00Z,2026-01-14T00:00:00Z,2026-01-14T12:00:00Z,2026-01-14T23:00:00Z,turbine_2,11,2.75,-5.7,0.006858882547742695,january-backtest-v1,bc781886f00f59e8ca445d0499e557775f0ddd100dc689290ef2f3ac4fec1e9b,100,assumed,unverified
2026-01-14T12:00:00Z,2026-01-14T00:00:00Z,2026-01-14T12:00:00Z,2026-01-15T00:00:00Z,turbine_1,12,2.11,-6.0,0.00698153989430611,january-backtest-v1,d094eb03a52f303931989830f7b4efb0d2e6c3faabb6b6a47793e8f3af157ee1,100,assumed,unverified
2026-01-14T12:00:00Z,2026-01-14T00:00:00Z,2026-01-14T12:00:00Z,2026-01-15T00:00:00Z,turbine_2,12,2.11,-6.0,0.00948173335650937,january-backtest-v1,bc781886f00f59e8ca445d0499e557775f0ddd100dc689290ef2f3ac4fec1e9b,100,assumed,unverified
2026-01-14T12:00:00Z,2026-01-14T00:00:00Z,2026-01-14T12:00:00Z,2026-01-15T01:00:00Z,turbine_1,13,1.81,-5.8,0.008439760977742405,january-backtest-v1,d094eb03a52f303931989830f7b4efb0d2e6c3faabb6b6a47793e8f3af157ee1,100,assumed,unverified
2026-01-14T12:00:00Z,2026-01-14T00:00:00Z,2026-01-14T12:00:00Z,2026-01-15T01:00:00Z,turbine_2,13,1.81,-5.8,0.01016792056433391,january-backtest-v1,bc781886f00f59e8ca445d0499e557775f0ddd100dc689290ef2f3ac4fec1e9b,100,assumed,unverified
2026-01-14T12:00:00Z,2026-01-14T00:00:00Z,2026-01-14T12:00:00Z,2026-01-15T02:00:00Z,turbine_1,14,1.4,-5.6,0.008600340100428983,january-backtest-v1,d094eb03a52f303931989830f7b4efb0d2e6c3faabb6b6a47793e8f3af157ee1,100,assumed,unverified
2026-01-14T12:00:00Z,2026-01-14T00:00:00Z,2026-01-14T12:00:00Z,2026-01-15T02:00:00Z,turbine_2,14,1.4,-5.6,0.009839512842413023,january-backtest-v1,bc781886f00f59e8ca445d0499e557775f0ddd100dc689290ef2f3ac4fec1e9b,100,assumed,unverified
2026-01-14T12:00:00Z,2026-01-14T00:00:00Z,2026-01-14T12:00:00Z,2026-01-15T03:00:00Z,turbine_1,15,0.83,-5.2,0.008726730566793961,january-backtest-v1,d094eb03a52f303931989830f7b4efb0d2e6c3faabb6b6a47793e8f3af157ee1,100,assumed,unverified
2026-01-14T12:00:00Z,2026-01-14T00:00:00Z,2026-01-14T12:00:00Z,2026-01-15T03:00:00Z,turbine_2,15,0.83,-5.2,0.00971508269014898,january-backtest-v1,bc781886f00f59e8ca445d0499e557775f0ddd100dc689290ef2f3ac4fec1e9b,100,assumed,unverified
2026-01-14T12:00:00Z,2026-01-14T00:00:00Z,2026-01-14T12:00:00Z,2026-01-15T04:00:00Z,turbine_1,16,2.09,-5.0,0.007812543610460687,january-backtest-v1,d094eb03a52f303931989830f7b4efb0d2e6c3faabb6b6a47793e8f3af157ee1,100,assumed,unverified
2026-01-14T12:00:00Z,2026-01-14T00:00:00Z,2026-01-14T12:00:00Z,2026-01-15T04:00:00Z,turbine_2,16,2.09,-5.0,0.009169335090885189,january-backtest-v1,bc781886f00f59e8ca445d0499e557775f0ddd100dc689290ef2f3ac4fec1e9b,100,assumed,unverified
2026-01-14T12:00:00Z,2026-01-14T00:00:00Z,2026-01-14T12:00:00Z,2026-01-15T05:00:00Z,turbine_1,17,1.35,-4.3,0.007829576164921914,january-backtest-v1,d094eb03a52f303931989830f7b4efb0d2e6c3faabb6b6a47793e8f3af157ee1,100,assumed,unverified
2026-01-14T12:00:00Z,2026-01-14T00:00:00Z,2026-01-14T12:00:00Z,2026-01-15T05:00:00Z,turbine_2,17,1.35,-4.3,0.00769388459993936,january-backtest-v1,bc781886f00f59e8ca445d0499e557775f0ddd100dc689290ef2f3ac4fec1e9b,100,assumed,unverified
2026-01-14T12:00:00Z,2026-01-14T00:00:00Z,2026-01-14T12:00:00Z,2026-01-15T06:00:00Z,turbine_1,18,1.9,-3.3,0.010004785537545857,january-backtest-v1,d094eb03a52f303931989830f7b4efb0d2e6c3faabb6b6a47793e8f3af157ee1,100,assumed,unverified
2026-01-14T12:00:00Z,2026-01-14T00:00:00Z,2026-01-14T12:00:00Z,2026-01-15T06:00:00Z,turbine_2,18,1.9,-3.3,0.008817189843999873,january-backtest-v1,bc781886f00f59e8ca445d0499e557775f0ddd100dc689290ef2f3ac4fec1e9b,100,assumed,unverified
2026-01-14T12:00:00Z,2026-01-14T00:00:00Z,2026-01-14T12:00:00Z,2026-01-15T07:00:00Z,turbine_1,19,3.5,-2.5,0.021907109141931835,january-backtest-v1,d094eb03a52f303931989830f7b4efb0d2e6c3faabb6b6a47793e8f3af157ee1,100,assumed,unverified
2026-01-14T12:00:00Z,2026-01-14T00:00:00Z,2026-01-14T12:00:00Z,2026-01-15T07:00:00Z,turbine_2,19,3.5,-2.5,0.010714494539391328,january-backtest-v1,bc781886f00f59e8ca445d0499e557775f0ddd100dc689290ef2f3ac4fec1e9b,100,assumed,unverified
2026-01-14T12:00:00Z,2026-01-14T00:00:00Z,2026-01-14T12:00:00Z,2026-01-15T08:00:00Z,turbine_1,20,3.62,-1.8,0.025498056943508263,january-backtest-v1,d094eb03a52f303931989830f7b4efb0d2e6c3faabb6b6a47793e8f3af157ee1,100,assumed,unverified
2026-01-14T12:00:00Z,2026-01-14T00:00:00Z,2026-01-14T12:00:00Z,2026-01-15T08:00:00Z,turbine_2,20,3.62,-1.8,0.017735993253016558,january-backtest-v1,bc781886f00f59e8ca445d0499e557775f0ddd100dc689290ef2f3ac4fec1e9b,100,assumed,unverified
2026-01-14T12:00:00Z,2026-01-14T00:00:00Z,2026-01-14T12:00:00Z,2026-01-15T09:00:00Z,turbine_1,21,3.93,-1.7,0.03417508130190777,january-backtest-v1,d094eb03a52f303931989830f7b4efb0d2e6c3faabb6b6a47793e8f3af157ee1,100,assumed,unverified
2026-01-14T12:00:00Z,2026-01-14T00:00:00Z,2026-01-14T12:00:00Z,2026-01-15T09:00:00Z,turbine_2,21,3.93,-1.7,0.029119673347098085,january-backtest-v1,bc781886f00f59e8ca445d0499e557775f0ddd100dc689290ef2f3ac4fec1e9b,100,assumed,unverified
2026-01-14T12:00:00Z,2026-01-14T00:00:00Z,2026-01-14T12:00:00Z,2026-01-15T10:00:00Z,turbine_1,22,2.87,-0.8,0.008911983460735129,january-backtest-v1,d094eb03a52f303931989830f7b4efb0d2e6c3faabb6b6a47793e8f3af157ee1,100,assumed,unverified
2026-01-14T12:00:00Z,2026-01-14T00:00:00Z,2026-01-14T12:00:00Z,2026-01-15T10:00:00Z,turbine_2,22,2.87,-0.8,0.010652925739978836,january-backtest-v1,bc781886f00f59e8ca445d0499e557775f0ddd100dc689290ef2f3ac4fec1e9b,100,assumed,unverified
2026-01-14T12:00:00Z,2026-01-14T00:00:00Z,2026-01-14T12:00:00Z,2026-01-15T11:00:00Z,turbine_1,23,4.05,-1.3,0.04058845622816498,january-backtest-v1,d094eb03a52f303931989830f7b4efb0d2e6c3faabb6b6a47793e8f3af157ee1,100,assumed,unverified
2026-01-14T12:00:00Z,2026-01-14T00:00:00Z,2026-01-14T12:00:00Z,2026-01-15T11:00:00Z,turbine_2,23,4.05,-1.3,0.037293151585354234,january-backtest-v1,bc781886f00f59e8ca445d0499e557775f0ddd100dc689290ef2f3ac4fec1e9b,100,assumed,unverified
2026-01-14T12:00:00Z,2026-01-14T00:00:00Z,2026-01-14T12:00:00Z,2026-01-15T12:00:00Z,turbine_1,24,4.77,-1.6,0.06956370504409776,january-backtest-v1,d094eb03a52f303931989830f7b4efb0d2e6c3faabb6b6a47793e8f3af157ee1,100,assumed,unverified
2026-01-14T12:00:00Z,2026-01-14T00:00:00Z,2026-01-14T12:00:00Z,2026-01-15T12:00:00Z,turbine_2,24,4.77,-1.6,0.0572554126644787,january-backtest-v1,bc781886f00f59e8ca445d0499e557775f0ddd100dc689290ef2f3ac4fec1e9b,100,assumed,unverified
2026-01-14T12:00:00Z,2026-01-14T00:00:00Z,2026-01-14T12:00:00Z,2026-01-15T13:00:00Z,turbine_1,25,1.35,-1.2,0.00786098932946433,january-backtest-v1,d094eb03a52f303931989830f7b4efb0d2e6c3faabb6b6a47793e8f3af157ee1,100,assumed,unverified
2026-01-14T12:00:00Z,2026-01-14T00:00:00Z,2026-01-14T12:00:00Z,2026-01-15T13:00:00Z,turbine_2,25,1.35,-1.2,0.007742676902339374,january-backtest-v1,bc781886f00f59e8ca445d0499e557775f0ddd100dc689290ef2f3ac4fec1e9b,100,assumed,unverified
2026-01-14T12:00:00Z,2026-01-14T00:00:00Z,2026-01-14T12:00:00Z,2026-01-15T14:00:00Z,turbine_1,26,2.25,-1.7,0.008096233899953065,january-backtest-v1,d094eb03a52f303931989830f7b4efb0d2e6c3faabb6b6a47793e8f3af157ee1,100,assumed,unverified
2026-01-14T12:00:00Z,2026-01-14T00:00:00Z,2026-01-14T12:00:00Z,2026-01-15T14:00:00Z,turbine_2,26,2.25,-1.7,0.007328809263764391,january-backtest-v1,bc781886f00f59e8ca445d0499e557775f0ddd100dc689290ef2f3ac4fec1e9b,100,assumed,unverified
2026-01-14T12:00:00Z,2026-01-14T00:00:00Z,2026-01-14T12:00:00Z,2026-01-15T15:00:00Z,turbine_1,27,0.97,-1.8,0.0071136351550055155,january-backtest-v1,d094eb03a52f303931989830f7b4efb0d2e6c3faabb6b6a47793e8f3af157ee1,100,assumed,unverified
2026-01-14T12:00:00Z,2026-01-14T00:00:00Z,2026-01-14T12:00:00Z,2026-01-15T15:00:00Z,turbine_2,27,0.97,-1.8,0.007084412975915388,january-backtest-v1,bc781886f00f59e8ca445d0499e557775f0ddd100dc689290ef2f3ac4fec1e9b,100,assumed,unverified
2026-01-14T12:00:00Z,2026-01-14T00:00:00Z,2026-01-14T12:00:00Z,2026-01-15T16:00:00Z,turbine_1,28,0.74,-2.0,0.008437984848516933,january-backtest-v1,d094eb03a52f303931989830f7b4efb0d2e6c3faabb6b6a47793e8f3af157ee1,100,assumed,unverified
2026-01-14T12:00:00Z,2026-01-14T00:00:00Z,2026-01-14T12:00:00Z,2026-01-15T16:00:00Z,turbine_2,28,0.74,-2.0,0.007442510551410431,january-backtest-v1,bc781886f00f59e8ca445d0499e557775f0ddd100dc689290ef2f3ac4fec1e9b,100,assumed,unverified
2026-01-14T12:00:00Z,2026-01-14T00:00:00Z,2026-01-14T12:00:00Z,2026-01-15T17:00:00Z,turbine_1,29,0.29,-2.2,0.008489850568591362,january-backtest-v1,d094eb03a52f303931989830f7b4efb0d2e6c3faabb6b6a47793e8f3af157ee1,100,assumed,unverified
2026-01-14T12:00:00Z,2026-01-14T00:00:00Z,2026-01-14T12:00:00Z,2026-01-15T17:00:00Z,turbine_2,29,0.29,-2.2,0.007327550587878595,january-backtest-v1,bc781886f00f59e8ca445d0499e557775f0ddd100dc689290ef2f3ac4fec1e9b,100,assumed,unverified
2026-01-14T12:00:00Z,2026-01-14T00:00:00Z,2026-01-14T12:00:00Z,2026-01-15T18:00:00Z,turbine_1,30,2.04,-2.4,0.007670972529739306,january-backtest-v1,d094eb03a52f303931989830f7b4efb0d2e6c3faabb6b6a47793e8f3af157ee1,100,assumed,unverified
2026-01-14T12:00:00Z,2026-01-14T00:00:00Z,2026-01-14T12:00:00Z,2026-01-15T18:00:00Z,turbine_2,30,2.04,-2.4,0.005756170573940955,january-backtest-v1,bc781886f00f59e8ca445d0499e557775f0ddd100dc689290ef2f3ac4fec1e9b,100,assumed,unverified
2026-01-14T12:00:00Z,2026-01-14T00:00:00Z,2026-01-14T12:00:00Z,2026-01-15T19:00:00Z,turbine_1,31,2.67,-2.8,0.007117419311782447,january-backtest-v1,d094eb03a52f303931989830f7b4efb0d2e6c3faabb6b6a47793e8f3af157ee1,100,assumed,unverified
2026-01-14T12:00:00Z,2026-01-14T00:00:00Z,2026-01-14T12:00:00Z,2026-01-15T19:00:00Z,turbine_2,31,2.67,-2.8,0.005139572759263911,january-backtest-v1,bc781886f00f59e8ca445d0499e557775f0ddd100dc689290ef2f3ac4fec1e9b,100,assumed,unverified
2026-01-14T12:00:00Z,2026-01-14T00:00:00Z,2026-01-14T12:00:00Z,2026-01-15T20:00:00Z,turbine_1,32,2.93,-2.6,0.006128529259745996,january-backtest-v1,d094eb03a52f303931989830f7b4efb0d2e6c3faabb6b6a47793e8f3af157ee1,100,assumed,unverified
2026-01-14T12:00:00Z,2026-01-14T00:00:00Z,2026-01-14T12:00:00Z,2026-01-15T20:00:00Z,turbine_2,32,2.93,-2.6,0.004387209016379956,january-backtest-v1,bc781886f00f59e8ca445d0499e557775f0ddd100dc689290ef2f3ac4fec1e9b,100,assumed,unverified
2026-01-14T12:00:00Z,2026-01-14T00:00:00Z,2026-01-14T12:00:00Z,2026-01-15T21:00:00Z,turbine_1,33,3.49,-2.8,0.021363743848694106,january-backtest-v1,d094eb03a52f303931989830f7b4efb0d2e6c3faabb6b6a47793e8f3af157ee1,100,assumed,unverified
2026-01-14T12:00:00Z,2026-01-14T00:00:00Z,2026-01-14T12:00:00Z,2026-01-15T21:00:00Z,turbine_2,33,3.49,-2.8,0.012524312287548245,january-backtest-v1,bc781886f00f59e8ca445d0499e557775f0ddd100dc689290ef2f3ac4fec1e9b,100,assumed,unverified
2026-01-14T12:00:00Z,2026-01-14T00:00:00Z,2026-01-14T12:00:00Z,2026-01-15T22:00:00Z,turbine_1,34,2.26,-2.5,0.008984990148199312,january-backtest-v1,d094eb03a52f303931989830f7b4efb0d2e6c3faabb6b6a47793e8f3af157ee1,100,assumed,unverified
2026-01-14T12:00:00Z,2026-01-14T00:00:00Z,2026-01-14T12:00:00Z,2026-01-15T22:00:00Z,turbine_2,34,2.26,-2.5,0.008099319622335732,january-backtest-v1,bc781886f00f59e8ca445d0499e557775f0ddd100dc689290ef2f3ac4fec1e9b,100,assumed,unverified
2026-01-14T12:00:00Z,2026-01-14T00:00:00Z,2026-01-14T12:00:00Z,2026-01-15T23:00:00Z,turbine_1,35,2.17,-2.4,0.008527300352015765,january-backtest-v1,d094eb03a52f303931989830f7b4efb0d2e6c3faabb6b6a47793e8f3af157ee1,100,assumed,unverified
2026-01-14T12:00:00Z,2026-01-14T00:00:00Z,2026-01-14T12:00:00Z,2026-01-15T23:00:00Z,turbine_2,35,2.17,-2.4,0.0060757584916364404,january-backtest-v1,bc781886f00f59e8ca445d0499e557775f0ddd100dc689290ef2f3ac4fec1e9b,100,assumed,unverified
2026-01-14T12:00:00Z,2026-01-14T00:00:00Z,2026-01-14T12:00:00Z,2026-01-16T00:00:00Z,turbine_1,36,3.49,-2.7,0.021363743848694106,january-backtest-v1,d094eb03a52f303931989830f7b4efb0d2e6c3faabb6b6a47793e8f3af157ee1,100,assumed,unverified
2026-01-14T12:00:00Z,2026-01-14T00:00:00Z,2026-01-14T12:00:00Z,2026-01-16T00:00:00Z,turbine_2,36,3.49,-2.7,0.01024590636552547,january-backtest-v1,bc781886f00f59e8ca445d0499e557775f0ddd100dc689290ef2f3ac4fec1e9b,100,assumed,unverified
2026-01-14T12:00:00Z,2026-01-14T00:00:00Z,2026-01-14T12:00:00Z,2026-01-16T01:00:00Z,turbine_1,37,4.85,-2.7,0.07101763710648407,january-backtest-v1,d094eb03a52f303931989830f7b4efb0d2e6c3faabb6b6a47793e8f3af157ee1,100,assumed,unverified
2026-01-14T12:00:00Z,2026-01-14T00:00:00Z,2026-01-14T12:00:00Z,2026-01-16T01:00:00Z,turbine_2,37,4.85,-2.7,0.06330849426540064,january-backtest-v1,bc781886f00f59e8ca445d0499e557775f0ddd100dc689290ef2f3ac4fec1e9b,100,assumed,unverified
2026-01-14T12:00:00Z,2026-01-14T00:00:00Z,2026-01-14T12:00:00Z,2026-01-16T02:00:00Z,turbine_1,38,5.02,-3.1,0.08313517493203537,january-backtest-v1,d094eb03a52f303931989830f7b4efb0d2e6c3faabb6b6a47793e8f3af157ee1,100,assumed,unverified
2026-01-14T12:00:00Z,2026-01-14T00:00:00Z,2026-01-14T12:00:00Z,2026-01-16T02:00:00Z,turbine_2,38,5.02,-3.1,0.07134834138762569,january-backtest-v1,bc781886f00f59e8ca445d0499e557775f0ddd100dc689290ef2f3ac4fec1e9b,100,assumed,unverified
2026-01-14T12:00:00Z,2026-01-14T00:00:00Z,2026-01-14T12:00:00Z,2026-01-16T03:00:00Z,turbine_1,39,4.45,-3.2,0.04598962441952209,january-backtest-v1,d094eb03a52f303931989830f7b4efb0d2e6c3faabb6b6a47793e8f3af157ee1,100,assumed,unverified
2026-01-14T12:00:00Z,2026-01-14T00:00:00Z,2026-01-14T12:00:00Z,2026-01-16T03:00:00Z,turbine_2,39,4.45,-3.2,0.043294647729099744,january-backtest-v1,bc781886f00f59e8ca445d0499e557775f0ddd100dc689290ef2f3ac4fec1e9b,100,assumed,unverified
2026-01-14T12:00:00Z,2026-01-14T00:00:00Z,2026-01-14T12:00:00Z,2026-01-16T04:00:00Z,turbine_1,40,4.55,-3.3,0.0506452746890762,january-backtest-v1,d094eb03a52f303931989830f7b4efb0d2e6c3faabb6b6a47793e8f3af157ee1,100,assumed,unverified
2026-01-14T12:00:00Z,2026-01-14T00:00:00Z,2026-01-14T12:00:00Z,2026-01-16T04:00:00Z,turbine_2,40,4.55,-3.3,0.04756667075097498,january-backtest-v1,bc781886f00f59e8ca445d0499e557775f0ddd100dc689290ef2f3ac4fec1e9b,100,assumed,unverified
2026-01-14T12:00:00Z,2026-01-14T00:00:00Z,2026-01-14T12:00:00Z,2026-01-16T05:00:00Z,turbine_1,41,3.94,-3.3,0.03535032788409803,january-backtest-v1,d094eb03a52f303931989830f7b4efb0d2e6c3faabb6b6a47793e8f3af157ee1,100,assumed,unverified
2026-01-14T12:00:00Z,2026-01-14T00:00:00Z,2026-01-14T12:00:00Z,2026-01-16T05:00:00Z,turbine_2,41,3.94,-3.3,0.028624521835243,january-backtest-v1,bc781886f00f59e8ca445d0499e557775f0ddd100dc689290ef2f3ac4fec1e9b,100,assumed,unverified
2026-01-14T12:00:00Z,2026-01-14T00:00:00Z,2026-01-14T12:00:00Z,2026-01-16T06:00:00Z,turbine_1,42,4.6,-2.9,0.050738506896912006,january-backtest-v1,d094eb03a52f303931989830f7b4efb0d2e6c3faabb6b6a47793e8f3af157ee1,100,assumed,unverified
2026-01-14T12:00:00Z,2026-01-14T00:00:00Z,2026-01-14T12:00:00Z,2026-01-16T06:00:00Z,turbine_2,42,4.6,-2.9,0.04864520000554312,january-backtest-v1,bc781886f00f59e8ca445d0499e557775f0ddd100dc689290ef2f3ac4fec1e9b,100,assumed,unverified
2026-01-14T12:00:00Z,2026-01-14T00:00:00Z,2026-01-14T12:00:00Z,2026-01-16T07:00:00Z,turbine_1,43,5.04,-3.2,0.08379727965534522,january-backtest-v1,d094eb03a52f303931989830f7b4efb0d2e6c3faabb6b6a47793e8f3af157ee1,100,assumed,unverified
2026-01-14T12:00:00Z,2026-01-14T00:00:00Z,2026-01-14T12:00:00Z,2026-01-16T07:00:00Z,turbine_2,43,5.04,-3.2,0.07134834138762569,january-backtest-v1,bc781886f00f59e8ca445d0499e557775f0ddd100dc689290ef2f3ac4fec1e9b,100,assumed,unverified
2026-01-14T12:00:00Z,2026-01-14T00:00:00Z,2026-01-14T12:00:00Z,2026-01-16T08:00:00Z,turbine_1,44,4.77,-3.2,0.06616199561929753,january-backtest-v1,d094eb03a52f303931989830f7b4efb0d2e6c3faabb6b6a47793e8f3af157ee1,100,assumed,unverified
2026-01-14T12:00:00Z,2026-01-14T00:00:00Z,2026-01-14T12:00:00Z,2026-01-16T08:00:00Z,turbine_2,44,4.77,-3.2,0.055443243876597936,january-backtest-v1,bc781886f00f59e8ca445d0499e557775f0ddd100dc689290ef2f3ac4fec1e9b,100,assumed,unverified
2026-01-14T12:00:00Z,2026-01-14T00:00:00Z,2026-01-14T12:00:00Z,2026-01-16T09:00:00Z,turbine_1,45,4.97,-3.0,0.07962294911931461,january-backtest-v1,d094eb03a52f303931989830f7b4efb0d2e6c3faabb6b6a47793e8f3af157ee1,100,assumed,unverified
2026-01-14T12:00:00Z,2026-01-14T00:00:00Z,2026-01-14T12:00:00Z,2026-01-16T09:00:00Z,turbine_2,45,4.97,-3.0,0.06880452316791447,january-backtest-v1,bc781886f00f59e8ca445d0499e557775f0ddd100dc689290ef2f3ac4fec1e9b,100,assumed,unverified
2026-01-14T12:00:00Z,2026-01-14T00:00:00Z,2026-01-14T12:00:00Z,2026-01-16T10:00:00Z,turbine_1,46,5.39,-3.6,0.11029175446578349,january-backtest-v1,d094eb03a52f303931989830f7b4efb0d2e6c3faabb6b6a47793e8f3af157ee1,100,assumed,unverified
2026-01-14T12:00:00Z,2026-01-14T00:00:00Z,2026-01-14T12:00:00Z,2026-01-16T10:00:00Z,turbine_2,46,5.39,-3.6,0.09631013961173757,january-backtest-v1,bc781886f00f59e8ca445d0499e557775f0ddd100dc689290ef2f3ac4fec1e9b,100,assumed,unverified
2026-01-14T12:00:00Z,2026-01-14T00:00:00Z,2026-01-14T12:00:00Z,2026-01-16T11:00:00Z,turbine_1,47,6.68,-4.4,0.27671865477328417,january-backtest-v1,d094eb03a52f303931989830f7b4efb0d2e6c3faabb6b6a47793e8f3af157ee1,100,assumed,unverified
2026-01-14T12:00:00Z,2026-01-14T00:00:00Z,2026-01-14T12:00:00Z,2026-01-16T11:00:00Z,turbine_2,47,6.68,-4.4,0.2571936414516936,january-backtest-v1,bc781886f00f59e8ca445d0499e557775f0ddd100dc689290ef2f3ac4fec1e9b,100,assumed,unverified
2026-01-14T12:00:00Z,2026-01-14T00:00:00Z,2026-01-14T12:00:00Z,2026-01-16T12:00:00Z,turbine_1,48,7.02,-5.4,0.32496758044286667,january-backtest-v1,d094eb03a52f303931989830f7b4efb0d2e6c3faabb6b6a47793e8f3af157ee1,100,assumed,unverified
2026-01-14T12:00:00Z,2026-01-14T00:00:00Z,2026-01-14T12:00:00Z,2026-01-16T12:00:00Z,turbine_2,48,7.02,-5.4,0.3093567302548217,january-backtest-v1,bc781886f00f59e8ca445d0499e557775f0ddd100dc689290ef2f3ac4fec1e9b,100,assumed,unverified
2026-01-15T12:00:00Z,2026-01-15T00:00:00Z,2026-01-15T12:00:00Z,2026-01-15T13:00:00Z,turbine_1,1,3.01,-4.3,0.00457532456226839,january-backtest-v1,d094eb03a52f303931989830f7b4efb0d2e6c3faabb6b6a47793e8f3af157ee1,100,assumed,unverified
2026-01-15T12:00:00Z,2026-01-15T00:00:00Z,2026-01-15T12:00:00Z,2026-01-15T13:00:00Z,turbine_2,1,3.01,-4.3,0.004661027200466128,january-backtest-v1,bc781886f00f59e8ca445d0499e557775f0ddd100dc689290ef2f3ac4fec1e9b,100,assumed,unverified
2026-01-15T12:00:00Z,2026-01-15T00:00:00Z,2026-01-15T12:00:00Z,2026-01-15T14:00:00Z,turbine_1,2,2.94,-4.1,0.0050663124058377695,january-backtest-v1,d094eb03a52f303931989830f7b4efb0d2e6c3faabb6b6a47793e8f3af157ee1,100,assumed,unverified
2026-01-15T12:00:00Z,2026-01-15T00:00:00Z,2026-01-15T12:00:00Z,2026-01-15T14:00:00Z,turbine_2,2,2.94,-4.1,0.005106799834226627,january-backtest-v1,bc781886f00f59e8ca445d0499e557775f0ddd100dc689290ef2f3ac4fec1e9b,100,assumed,unverified
2026-01-15T12:00:00Z,2026-01-15T00:00:00Z,2026-01-15T12:00:00Z,2026-01-15T15:00:00Z,turbine_1,3,3.67,-3.7,0.025586930634071026,january-backtest-v1,d094eb03a52f303931989830f7b4efb0d2e6c3faabb6b6a47793e8f3af157ee1,100,assumed,unverified
2026-01-15T12:00:00Z,2026-01-15T00:00:00Z,2026-01-15T12:00:00Z,2026-01-15T15:00:00Z,turbine_2,3,3.67,-3.7,0.017423604086541977,january-backtest-v1,bc781886f00f59e8ca445d0499e557775f0ddd100dc689290ef2f3ac4fec1e9b,100,assumed,unverified
2026-01-15T12:00:00Z,2026-01-15T00:00:00Z,2026-01-15T12:00:00Z,2026-01-15T16:00:00Z,turbine_1,4,3.47,-2.5,0.021907109141931835,january-backtest-v1,d094eb03a52f303931989830f7b4efb0d2e6c3faabb6b6a47793e8f3af157ee1,100,assumed,unverified
2026-01-15T12:00:00Z,2026-01-15T00:00:00Z,2026-01-15T12:00:00Z,2026-01-15T16:00:00Z,turbine_2,4,3.47,-2.5,0.01024590636552547,january-backtest-v1,bc781886f00f59e8ca445d0499e557775f0ddd100dc689290ef2f3ac4fec1e9b,100,assumed,unverified
2026-01-15T12:00:00Z,2026-01-15T00:00:00Z,2026-01-15T12:00:00Z,2026-01-15T17:00:00Z,turbine_1,5,4.35,-2.5,0.04189089452677314,january-backtest-v1,d094eb03a52f303931989830f7b4efb0d2e6c3faabb6b6a47793e8f3af157ee1,100,assumed,unverified
2026-01-15T12:00:00Z,2026-01-15T00:00:00Z,2026-01-15T12:00:00Z,2026-01-15T17:00:00Z,turbine_2,5,4.35,-2.5,0.03874564530499086,january-backtest-v1,bc781886f00f59e8ca445d0499e557775f0ddd100dc689290ef2f3ac4fec1e9b,100,assumed,unverified
2026-01-15T12:00:00Z,2026-01-15T00:00:00Z,2026-01-15T12:00:00Z,2026-01-15T18:00:00Z,turbine_1,6,2.27,-2.7,0.008441624854961582,january-backtest-v1,d094eb03a52f303931989830f7b4efb0d2e6c3faabb6b6a47793e8f3af157ee1,100,assumed,unverified
2026-01-15T12:00:00Z,2026-01-15T00:00:00Z,2026-01-15T12:00:00Z,2026-01-15T18:00:00Z,turbine_2,6,2.27,-2.7,0.00791796460348737,january-backtest-v1,bc781886f00f59e8ca445d0499e557775f0ddd100dc689290ef2f3ac4fec1e9b,100,assumed,unverified
2026-01-15T12:00:00Z,2026-01-15T00:00:00Z,2026-01-15T12:00:00Z,2026-01-15T19:00:00Z,turbine_1,7,3.51,-3.2,0.02202584857200396,january-backtest-v1,d094eb03a52f303931989830f7b4efb0d2e6c3faabb6b6a47793e8f3af157ee1,100,assumed,unverified
2026-01-15T12:00:00Z,2026-01-15T00:00:00Z,2026-01-15T12:00:00Z,2026-01-15T19:00:00Z,turbine_2,7,3.51,-3.2,0.013714380279646388,january-backtest-v1,bc781886f00f59e8ca445d0499e557775f0ddd100dc689290ef2f3ac4fec1e9b,100,assumed,unverified
2026-01-15T12:00:00Z,2026-01-15T00:00:00Z,2026-01-15T12:00:00Z,2026-01-15T20:00:00Z,turbine_1,8,4.38,-3.9,0.036706926092626435,january-backtest-v1,d094eb03a52f303931989830f7b4efb0d2e6c3faabb6b6a47793e8f3af157ee1,100,assumed,unverified
2026-01-15T12:00:00Z,2026-01-15T00:00:00Z,2026-01-15T12:00:00Z,2026-01-15T20:00:00Z,turbine_2,8,4.38,-3.9,0.035356890708537925,january-backtest-v1,bc781886f00f59e8ca445d0499e557775f0ddd100dc689290ef2f3ac4fec1e9b,100,assumed,unverified
2026-01-15T12:00:00Z,2026-01-15T00:00:00Z,2026-01-15T12:00:00Z,2026-01-15T21:00:00Z,turbine_1,9,2.84,-3.8,0.007454932232114464,january-backtest-v1,d094eb03a52f303931989830f7b4efb0d2e6c3faabb6b6a47793e8f3af157ee1,100,assumed,unverified
2026-01-15T12:00:00Z,2026-01-15T00:00:00Z,2026-01-15T12:00:00Z,2026-01-15T21:00:00Z,turbine_2,9,2.84,-3.8,0.0058455288189042665,january-backtest-v1,bc781886f00f59e8ca445d0499e557775f0ddd100dc689290ef2f3ac4fec1e9b,100,assumed,unverified
2026-01-15T12:00:00Z,2026-01-15T00:00:00Z,2026-01-15T12:00:00Z,2026-01-15T22:00:00Z,turbine_1,10,3.22,-3.4,0.01569128261005487,january-backtest-v1,d094eb03a52f303931989830f7b4efb0d2e6c3faabb6b6a47793e8f3af157ee1,100,assumed,unverified
2026-01-15T12:00:00Z,2026-01-15T00:00:00Z,2026-01-15T12:00:00Z,2026-01-15T22:00:00Z,turbine_2,10,3.22,-3.4,0.009649202331705853,january-backtest-v1,bc781886f00f59e8ca445d0499e557775f0ddd100dc689290ef2f3ac4fec1e9b,100,assumed,unverified
2026-01-15T12:00:00Z,2026-01-15T00:00:00Z,2026-01-15T12:00:00Z,2026-01-15T23:00:00Z,turbine_1,11,3.85,-3.9,0.03241618494304527,january-backtest-v1,d094eb03a52f303931989830f7b4efb0d2e6c3faabb6b6a47793e8f3af157ee1,100,assumed,unverified
2026-01-15T12:00:00Z,2026-01-15T00:00:00Z,2026-01-15T12:00:00Z,2026-01-15T23:00:00Z,turbine_2,11,3.85,-3.9,0.0219479749235742,january-backtest-v1,bc781886f00f59e8ca445d0499e557775f0ddd100dc689290ef2f3ac4fec1e9b,100,assumed,unverified
2026-01-15T12:00:00Z,2026-01-15T00:00:00Z,2026-01-15T12:00:00Z,2026-01-16T00:00:00Z,turbine_1,12,3.23,-4.1,0.014510326326074519,january-backtest-v1,d094eb03a52f303931989830f7b4efb0d2e6c3faabb6b6a47793e8f3af157ee1,100,assumed,unverified
2026-01-15T12:00:00Z,2026-01-15T00:00:00Z,2026-01-15T12:00:00Z,2026-01-16T00:00:00Z,turbine_2,12,3.23,-4.1,0.009315312224984384,january-backtest-v1,bc781886f00f59e8ca445d0499e557775f0ddd100dc689290ef2f3ac4fec1e9b,100,assumed,unverified
2026-01-15T12:00:00Z,2026-01-15T00:00:00Z,2026-01-15T12:00:00Z,2026-01-16T01:00:00Z,turbine_1,13,3.51,-3.9,0.02084489228802361,january-backtest-v1,d094eb03a52f303931989830f7b4efb0d2e6c3faabb6b6a47793e8f3af157ee1,100,assumed,unverified
2026-01-15T12:00:00Z,2026-01-15T00:00:00Z,2026-01-15T12:00:00Z,2026-01-16T01:00:00Z,turbine_2,13,3.51,-3.9,0.011434085357238055,january-backtest-v1,bc781886f00f59e8ca445d0499e557775f0ddd100dc689290ef2f3ac4fec1e9b,100,assumed,unverified
2026-01-15T12:00:00Z,2026-01-15T00:00:00Z,2026-01-15T12:00:00Z,2026-01-16T02:00:00Z,turbine_1,14,4.02,-3.9,0.0340464398296032,january-backtest-v1,d094eb03a52f303931989830f7b4efb0d2e6c3faabb6b6a47793e8f3af157ee1,100,assumed,unverified
2026-01-15T12:00:00Z,2026-01-15T00:00:00Z,2026-01-15T12:00:00Z,2026-01-16T02:00:00Z,turbine_2,14,4.02,-3.9,0.031038989785664828,january-backtest-v1,bc781886f00f59e8ca445d0499e557775f0ddd100dc689290ef2f3ac4fec1e9b,100,assumed,unverified
2026-01-15T12:00:00Z,2026-01-15T00:00:00Z,2026-01-15T12:00:00Z,2026-01-16T03:00:00Z,turbine_1,15,3.86,-3.5,0.03475805665667475,january-backtest-v1,d094eb03a52f303931989830f7b4efb0d2e6c3faabb6b6a47793e8f3af157ee1,100,assumed,unverified
2026-01-15T12:00:00Z,2026-01-15T00:00:00Z,2026-01-15T12:00:00Z,2026-01-16T03:00:00Z,turbine_2,15,3.86,-3.5,0.025374226002151667,january-backtest-v1,bc781886f00f59e8ca445d0499e557775f0ddd100dc689290ef2f3ac4fec1e9b,100,assumed,unverified
2026-01-15T12:00:00Z,2026-01-15T00:00:00Z,2026-01-15T12:00:00Z,2026-01-16T04:00:00Z,turbine_1,16,2.82,-3.1,0.007746510811915297,january-backtest-v1,d094eb03a52f303931989830f7b4efb0d2e6c3faabb6b6a47793e8f3af157ee1,100,assumed,unverified
2026-01-15T12:00:00Z,2026-01-15T00:00:00Z,2026-01-15T12:00:00Z,2026-01-16T04:00:00Z,turbine_2,16,2.82,-3.1,0.008988567588255558,january-backtest-v1,bc781886f00f59e8ca445d0499e557775f0ddd100dc689290ef2f3ac4fec1e9b,100,assumed,unverified
2026-01-15T12:00:00Z,2026-01-15T00:00:00Z,2026-01-15T12:00:00Z,2026-01-16T05:00:00Z,turbine_1,17,3.25,-2.5,0.01647395348478059,january-backtest-v1,d094eb03a52f303931989830f7b4efb0d2e6c3faabb6b6a47793e8f3af157ee1,100,assumed,unverified
2026-01-15T12:00:00Z,2026-01-15T00:00:00Z,2026-01-15T12:00:00Z,2026-01-16T05:00:00Z,turbine_2,17,3.25,-2.5,0.008595721407137658,january-backtest-v1,bc781886f00f59e8ca445d0499e557775f0ddd100dc689290ef2f3ac4fec1e9b,100,assumed,unverified
2026-01-15T12:00:00Z,2026-01-15T00:00:00Z,2026-01-15T12:00:00Z,2026-01-16T06:00:00Z,turbine_1,18,3.53,-2.4,0.021864438343416226,january-backtest-v1,d094eb03a52f303931989830f7b4efb0d2e6c3faabb6b6a47793e8f3af157ee1,100,assumed,unverified
2026-01-15T12:00:00Z,2026-01-15T00:00:00Z,2026-01-15T12:00:00Z,2026-01-16T06:00:00Z,turbine_2,18,3.53,-2.4,0.010770039320696534,january-backtest-v1,bc781886f00f59e8ca445d0499e557775f0ddd100dc689290ef2f3ac4fec1e9b,100,assumed,unverified
2026-01-15T12:00:00Z,2026-01-15T00:00:00Z,2026-01-15T12:00:00Z,2026-01-16T07:00:00Z,turbine_1,19,3.39,-2.0,0.01583532495857748,january-backtest-v1,d094eb03a52f303931989830f7b4efb0d2e6c3faabb6b6a47793e8f3af157ee1,100,assumed,unverified
2026-01-15T12:00:00Z,2026-01-15T00:00:00Z,2026-01-15T12:00:00Z,2026-01-16T07:00:00Z,turbine_2,19,3.39,-2.0,0.010524148778669029,january-backtest-v1,bc781886f00f59e8ca445d0499e557775f0ddd100dc689290ef2f3ac4fec1e9b,100,assumed,unverified
2026-01-15T12:00:00Z,2026-01-15T00:00:00Z,2026-01-15T12:00:00Z,2026-01-16T08:00:00Z,turbine_1,20,3.86,-2.0,0.03454478070801259,january-backtest-v1,d094eb03a52f303931989830f7b4efb0d2e6c3faabb6b6a47793e8f3af157ee1,100,assumed,unverified
2026-01-15T12:00:00Z,2026-01-15T00:00:00Z,2026-01-15T12:00:00Z,2026-01-16T08:00:00Z,turbine_2,20,3.86,-2.0,0.02401753089706926,january-backtest-v1,bc781886f00f59e8ca445d0499e557775f0ddd100dc689290ef2f3ac4fec1e9b,100,assumed,unverified
2026-01-15T12:00:00Z,2026-01-15T00:00:00Z,2026-01-15T12:00:00Z,2026-01-16T09:00:00Z,turbine_1,21,5.15,-2.6,0.08999152012010214,january-backtest-v1,d094eb03a52f303931989830f7b4efb0d2e6c3faabb6b6a47793e8f3af157ee1,100,assumed,unverified
2026-01-15T12:00:00Z,2026-01-15T00:00:00Z,2026-01-15T12:00:00Z,2026-01-16T09:00:00Z,turbine_2,21,5.15,-2.6,0.08462056893161846,january-backtest-v1,bc781886f00f59e8ca445d0499e557775f0ddd100dc689290ef2f3ac4fec1e9b,100,assumed,unverified
2026-01-15T12:00:00Z,2026-01-15T00:00:00Z,2026-01-15T12:00:00Z,2026-01-16T10:00:00Z,turbine_1,22,5.23,-3.2,0.10012970563642165,january-backtest-v1,d094eb03a52f303931989830f7b4efb0d2e6c3faabb6b6a47793e8f3af157ee1,100,assumed,unverified
2026-01-15T12:00:00Z,2026-01-15T00:00:00Z,2026-01-15T12:00:00Z,2026-01-16T10:00:00Z,turbine_2,22,5.23,-3.2,0.08930555939613183,january-backtest-v1,bc781886f00f59e8ca445d0499e557775f0ddd100dc689290ef2f3ac4fec1e9b,100,assumed,unverified
2026-01-15T12:00:00Z,2026-01-15T00:00:00Z,2026-01-15T12:00:00Z,2026-01-16T11:00:00Z,turbine_1,23,5.3,-4.2,0.09737384049386005,january-backtest-v1,d094eb03a52f303931989830f7b4efb0d2e6c3faabb6b6a47793e8f3af157ee1,100,assumed,unverified
2026-01-15T12:00:00Z,2026-01-15T00:00:00Z,2026-01-15T12:00:00Z,2026-01-16T11:00:00Z,turbine_2,23,5.3,-4.2,0.09071839468718479,january-backtest-v1,bc781886f00f59e8ca445d0499e557775f0ddd100dc689290ef2f3ac4fec1e9b,100,assumed,unverified
2026-01-15T12:00:00Z,2026-01-15T00:00:00Z,2026-01-15T12:00:00Z,2026-01-16T12:00:00Z,turbine_1,24,5.57,-5.2,0.11527225244647377,january-backtest-v1,d094eb03a52f303931989830f7b4efb0d2e6c3faabb6b6a47793e8f3af157ee1,100,assumed,unverified
2026-01-15T12:00:00Z,2026-01-15T00:00:00Z,2026-01-15T12:00:00Z,2026-01-16T12:00:00Z,turbine_2,24,5.57,-5.2,0.10514868229224339,january-backtest-v1,bc781886f00f59e8ca445d0499e557775f0ddd100dc689290ef2f3ac4fec1e9b,100,assumed,unverified
2026-01-15T12:00:00Z,2026-01-15T00:00:00Z,2026-01-15T12:00:00Z,2026-01-16T13:00:00Z,turbine_1,25,6.01,-6.2,0.16545301944361385,january-backtest-v1,d094eb03a52f303931989830f7b4efb0d2e6c3faabb6b6a47793e8f3af157ee1,100,assumed,unverified
2026-01-15T12:00:00Z,2026-01-15T00:00:00Z,2026-01-15T12:00:00Z,2026-01-16T13:00:00Z,turbine_2,25,6.01,-6.2,0.14833944566834503,january-backtest-v1,bc781886f00f59e8ca445d0499e557775f0ddd100dc689290ef2f3ac4fec1e9b,100,assumed,unverified
2026-01-15T12:00:00Z,2026-01-15T00:00:00Z,2026-01-15T12:00:00Z,2026-01-16T14:00:00Z,turbine_1,26,6.3,-7.1,0.20941409440517197,january-backtest-v1,d094eb03a52f303931989830f7b4efb0d2e6c3faabb6b6a47793e8f3af157ee1,100,assumed,unverified
2026-01-15T12:00:00Z,2026-01-15T00:00:00Z,2026-01-15T12:00:00Z,2026-01-16T14:00:00Z,turbine_2,26,6.3,-7.1,0.19364953985048602,january-backtest-v1,bc781886f00f59e8ca445d0499e557775f0ddd100dc689290ef2f3ac4fec1e9b,100,assumed,unverified
2026-01-15T12:00:00Z,2026-01-15T00:00:00Z,2026-01-15T12:00:00Z,2026-01-16T15:00:00Z,turbine_1,27,7.05,-8.1,0.3359169570184102,january-backtest-v1,d094eb03a52f303931989830f7b4efb0d2e6c3faabb6b6a47793e8f3af157ee1,100,assumed,unverified
2026-01-15T12:00:00Z,2026-01-15T00:00:00Z,2026-01-15T12:00:00Z,2026-01-16T15:00:00Z,turbine_2,27,7.05,-8.1,0.3318013134275818,january-backtest-v1,bc781886f00f59e8ca445d0499e557775f0ddd100dc689290ef2f3ac4fec1e9b,100,assumed,unverified
2026-01-15T12:00:00Z,2026-01-15T00:00:00Z,2026-01-15T12:00:00Z,2026-01-16T16:00:00Z,turbine_1,28,7.95,-8.8,0.5008582501263975,january-backtest-v1,d094eb03a52f303931989830f7b4efb0d2e6c3faabb6b6a47793e8f3af157ee1,100,assumed,unverified
2026-01-15T12:00:00Z,2026-01-15T00:00:00Z,2026-01-15T12:00:00Z,2026-01-16T16:00:00Z,turbine_2,28,7.95,-8.8,0.4734674025530433,january-backtest-v1,bc781886f00f59e8ca445d0499e557775f0ddd100dc689290ef2f3ac4fec1e9b,100,assumed,unverified
2026-01-15T12:00:00Z,2026-01-15T00:00:00Z,2026-01-15T12:00:00Z,2026-01-16T17:00:00Z,turbine_1,29,8.29,-9.6,0.5612901092825924,january-backtest-v1,d094eb03a52f303931989830f7b4efb0d2e6c3faabb6b6a47793e8f3af157ee1,100,assumed,unverified
2026-01-15T12:00:00Z,2026-01-15T00:00:00Z,2026-01-15T12:00:00Z,2026-01-16T17:00:00Z,turbine_2,29,8.29,-9.6,0.5582658094040663,january-backtest-v1,bc781886f00f59e8ca445d0499e557775f0ddd100dc689290ef2f3ac4fec1e9b,100,assumed,unverified
2026-01-15T12:00:00Z,2026-01-15T00:00:00Z,2026-01-15T12:00:00Z,2026-01-16T18:00:00Z,turbine_1,30,9.39,-10.8,0.7397775062061097,january-backtest-v1,d094eb03a52f303931989830f7b4efb0d2e6c3faabb6b6a47793e8f3af157ee1,100,assumed,unverified
2026-01-15T12:00:00Z,2026-01-15T00:00:00Z,2026-01-15T12:00:00Z,2026-01-16T18:00:00Z,turbine_2,30,9.39,-10.8,0.7166936731764888,january-backtest-v1,bc781886f00f59e8ca445d0499e557775f0ddd100dc689290ef2f3ac4fec1e9b,100,assumed,unverified
2026-01-15T12:00:00Z,2026-01-15T00:00:00Z,2026-01-15T12:00:00Z,2026-01-16T19:00:00Z,turbine_1,31,9.57,-11.6,0.789719189197069,january-backtest-v1,d094eb03a52f303931989830f7b4efb0d2e6c3faabb6b6a47793e8f3af157ee1,100,assumed,unverified
2026-01-15T12:00:00Z,2026-01-15T00:00:00Z,2026-01-15T12:00:00Z,2026-01-16T19:00:00Z,turbine_2,31,9.57,-11.6,0.7397318709899945,january-backtest-v1,bc781886f00f59e8ca445d0499e557775f0ddd100dc689290ef2f3ac4fec1e9b,100,assumed,unverified
2026-01-15T12:00:00Z,2026-01-15T00:00:00Z,2026-01-15T12:00:00Z,2026-01-16T20:00:00Z,turbine_1,32,10.31,-12.8,0.8980310908109536,january-backtest-v1,d094eb03a52f303931989830f7b4efb0d2e6c3faabb6b6a47793e8f3af157ee1,100,assumed,unverified
2026-01-15T12:00:00Z,2026-01-15T00:00:00Z,2026-01-15T12:00:00Z,2026-01-16T20:00:00Z,turbine_2,32,10.31,-12.8,0.883525600415606,january-backtest-v1,bc781886f00f59e8ca445d0499e557775f0ddd100dc689290ef2f3ac4fec1e9b,100,assumed,unverified
2026-01-15T12:00:00Z,2026-01-15T00:00:00Z,2026-01-15T12:00:00Z,2026-01-16T21:00:00Z,turbine_1,33,10.32,-13.7,0.9078686097160451,january-backtest-v1,d094eb03a52f303931989830f7b4efb0d2e6c3faabb6b6a47793e8f3af157ee1,100,assumed,unverified
2026-01-15T12:00:00Z,2026-01-15T00:00:00Z,2026-01-15T12:00:00Z,2026-01-16T21:00:00Z,turbine_2,33,10.32,-13.7,0.883525600415606,january-backtest-v1,bc781886f00f59e8ca445d0499e557775f0ddd100dc689290ef2f3ac4fec1e9b,100,assumed,unverified
2026-01-15T12:00:00Z,2026-01-15T00:00:00Z,2026-01-15T12:00:00Z,2026-01-16T22:00:00Z,turbine_1,34,11.93,-14.6,0.9942843550614546,january-backtest-v1,d094eb03a52f303931989830f7b4efb0d2e6c3faabb6b6a47793e8f3af157ee1,100,assumed,unverified
2026-01-15T12:00:00Z,2026-01-15T00:00:00Z,2026-01-15T12:00:00Z,2026-01-16T22:00:00Z,turbine_2,34,11.93,-14.6,0.9821498184005015,january-backtest-v1,bc781886f00f59e8ca445d0499e557775f0ddd100dc689290ef2f3ac4fec1e9b,100,assumed,unverified
2026-01-15T12:00:00Z,2026-01-15T00:00:00Z,2026-01-15T12:00:00Z,2026-01-16T23:00:00Z,turbine_1,35,11.51,-15.1,0.9888324997155756,january-backtest-v1,d094eb03a52f303931989830f7b4efb0d2e6c3faabb6b6a47793e8f3af157ee1,100,assumed,unverified
2026-01-15T12:00:00Z,2026-01-15T00:00:00Z,2026-01-15T12:00:00Z,2026-01-16T23:00:00Z,turbine_2,35,11.51,-15.1,0.9780240368269844,january-backtest-v1,bc781886f00f59e8ca445d0499e557775f0ddd100dc689290ef2f3ac4fec1e9b,100,assumed,unverified
2026-01-15T12:00:00Z,2026-01-15T00:00:00Z,2026-01-15T12:00:00Z,2026-01-17T00:00:00Z,turbine_1,36,11.67,-15.7,0.9924724662916605,january-backtest-v1,d094eb03a52f303931989830f7b4efb0d2e6c3faabb6b6a47793e8f3af157ee1,100,assumed,unverified
2026-01-15T12:00:00Z,2026-01-15T00:00:00Z,2026-01-15T12:00:00Z,2026-01-17T00:00:00Z,turbine_2,36,11.67,-15.7,0.9795265517769622,january-backtest-v1,bc781886f00f59e8ca445d0499e557775f0ddd100dc689290ef2f3ac4fec1e9b,100,assumed,unverified
2026-01-15T12:00:00Z,2026-01-15T00:00:00Z,2026-01-15T12:00:00Z,2026-01-17T01:00:00Z,turbine_1,37,11.33,-15.6,0.9861905446903267,january-backtest-v1,d094eb03a52f303931989830f7b4efb0d2e6c3faabb6b6a47793e8f3af157ee1,100,assumed,unverified
2026-01-15T12:00:00Z,2026-01-15T00:00:00Z,2026-01-15T12:00:00Z,2026-01-17T01:00:00Z,turbine_2,37,11.33,-15.6,0.9678128513341434,january-backtest-v1,bc781886f00f59e8ca445d0499e557775f0ddd100dc689290ef2f3ac4fec1e9b,100,assumed,unverified
2026-01-15T12:00:00Z,2026-01-15T00:00:00Z,2026-01-15T12:00:00Z,2026-01-17T02:00:00Z,turbine_1,38,10.93,-16.0,0.9638631250089404,january-backtest-v1,d094eb03a52f303931989830f7b4efb0d2e6c3faabb6b6a47793e8f3af157ee1,100,assumed,unverified
2026-01-15T12:00:00Z,2026-01-15T00:00:00Z,2026-01-15T12:00:00Z,2026-01-17T02:00:00Z,turbine_2,38,10.93,-16.0,0.9487297459805089,january-backtest-v1,bc781886f00f59e8ca445d0499e557775f0ddd100dc689290ef2f3ac4fec1e9b,100,assumed,unverified
2026-01-15T12:00:00Z,2026-01-15T00:00:00Z,2026-01-15T12:00:00Z,2026-01-17T03:00:00Z,turbine_1,39,10.43,-16.2,0.9137418663169715,january-backtest-v1,d094eb03a52f303931989830f7b4efb0d2e6c3faabb6b6a47793e8f3af157ee1,100,assumed,unverified
2026-01-15T12:00:00Z,2026-01-15T00:00:00Z,2026-01-15T12:00:00Z,2026-01-17T03:00:00Z,turbine_2,39,10.43,-16.2,0.898652577819066,january-backtest-v1,bc781886f00f59e8ca445d0499e557775f0ddd100dc689290ef2f3ac4fec1e9b,100,assumed,unverified
2026-01-15T12:00:00Z,2026-01-15T00:00:00Z,2026-01-15T12:00:00Z,2026-01-17T04:00:00Z,turbine_1,40,9.39,-15.6,0.7496150251112015,january-backtest-v1,d094eb03a52f303931989830f7b4efb0d2e6c3faabb6b6a47793e8f3af157ee1,100,assumed,unverified
2026-01-15T12:00:00Z,2026-01-15T00:00:00Z,2026-01-15T12:00:00Z,2026-01-17T04:00:00Z,turbine_2,40,9.39,-15.6,0.7193487559681657,january-backtest-v1,bc781886f00f59e8ca445d0499e557775f0ddd100dc689290ef2f3ac4fec1e9b,100,assumed,unverified
2026-01-15T12:00:00Z,2026-01-15T00:00:00Z,2026-01-15T12:00:00Z,2026-01-17T05:00:00Z,turbine_1,41,8.19,-15.2,0.519962339292811,january-backtest-v1,d094eb03a52f303931989830f7b4efb0d2e6c3faabb6b6a47793e8f3af157ee1,100,assumed,unverified
2026-01-15T12:00:00Z,2026-01-15T00:00:00Z,2026-01-15T12:00:00Z,2026-01-17T05:00:00Z,turbine_2,41,8.19,-15.2,0.5042396041724235,january-backtest-v1,bc781886f00f59e8ca445d0499e557775f0ddd100dc689290ef2f3ac4fec1e9b,100,assumed,unverified
2026-01-15T12:00:00Z,2026-01-15T00:00:00Z,2026-01-15T12:00:00Z,2026-01-17T06:00:00Z,turbine_1,42,7.36,-14.4,0.3759249957763616,january-backtest-v1,d094eb03a52f303931989830f7b4efb0d2e6c3faabb6b6a47793e8f3af157ee1,100,assumed,unverified
2026-01-15T12:00:00Z,2026-01-15T00:00:00Z,2026-01-15T12:00:00Z,2026-01-17T06:00:00Z,turbine_2,42,7.36,-14.4,0.3341936366721118,january-backtest-v1,bc781886f00f59e8ca445d0499e557775f0ddd100dc689290ef2f3ac4fec1e9b,100,assumed,unverified
2026-01-15T12:00:00Z,2026-01-15T00:00:00Z,2026-01-15T12:00:00Z,2026-01-17T07:00:00Z,turbine_1,43,5.68,-13.4,0.062191078387259735,january-backtest-v1,d094eb03a52f303931989830f7b4efb0d2e6c3faabb6b6a47793e8f3af157ee1,100,assumed,unverified
2026-01-15T12:00:00Z,2026-01-15T00:00:00Z,2026-01-15T12:00:00Z,2026-01-17T07:00:00Z,turbine_2,43,5.68,-13.4,0.061507859634927664,january-backtest-v1,bc781886f00f59e8ca445d0499e557775f0ddd100dc689290ef2f3ac4fec1e9b,100,assumed,unverified
2026-01-15T12:00:00Z,2026-01-15T00:00:00Z,2026-01-15T12:00:00Z,2026-01-17T08:00:00Z,turbine_1,44,4.73,-13.1,0.034020673003318735,january-backtest-v1,d094eb03a52f303931989830f7b4efb0d2e6c3faabb6b6a47793e8f3af157ee1,100,assumed,unverified
2026-01-15T12:00:00Z,2026-01-15T00:00:00Z,2026-01-15T12:00:00Z,2026-01-17T08:00:00Z,turbine_2,44,4.73,-13.1,0.026212372304688425,january-backtest-v1,bc781886f00f59e8ca445d0499e557775f0ddd100dc689290ef2f3ac4fec1e9b,100,assumed,unverified
2026-01-15T12:00:00Z,2026-01-15T00:00:00Z,2026-01-15T12:00:00Z,2026-01-17T09:00:00Z,turbine_1,45,3.63,-12.7,0.015463043594092951,january-backtest-v1,d094eb03a52f303931989830f7b4efb0d2e6c3faabb6b6a47793e8f3af157ee1,100,assumed,unverified
2026-01-15T12:00:00Z,2026-01-15T00:00:00Z,2026-01-15T12:00:00Z,2026-01-17T09:00:00Z,turbine_2,45,3.63,-12.7,0.011964863828852756,january-backtest-v1,bc781886f00f59e8ca445d0499e557775f0ddd100dc689290ef2f3ac4fec1e9b,100,assumed,unverified
2026-01-15T12:00:00Z,2026-01-15T00:00:00Z,2026-01-15T12:00:00Z,2026-01-17T10:00:00Z,turbine_1,46,3.26,-12.9,0.004937164568357688,january-backtest-v1,d094eb03a52f303931989830f7b4efb0d2e6c3faabb6b6a47793e8f3af157ee1,100,assumed,unverified
2026-01-15T12:00:00Z,2026-01-15T00:00:00Z,2026-01-15T12:00:00Z,2026-01-17T10:00:00Z,turbine_2,46,3.26,-12.9,0.005794237429312343,january-backtest-v1,bc781886f00f59e8ca445d0499e557775f0ddd100dc689290ef2f3ac4fec1e9b,100,assumed,unverified
2026-01-15T12:00:00Z,2026-01-15T00:00:00Z,2026-01-15T12:00:00Z,2026-01-17T11:00:00Z,turbine_1,47,3.0,-13.2,0.0,january-backtest-v1,d094eb03a52f303931989830f7b4efb0d2e6c3faabb6b6a47793e8f3af157ee1,100,assumed,unverified
2026-01-15T12:00:00Z,2026-01-15T00:00:00Z,2026-01-15T12:00:00Z,2026-01-17T11:00:00Z,turbine_2,47,3.0,-13.2,0.002069415635191696,january-backtest-v1,bc781886f00f59e8ca445d0499e557775f0ddd100dc689290ef2f3ac4fec1e9b,100,assumed,unverified
2026-01-15T12:00:00Z,2026-01-15T00:00:00Z,2026-01-15T12:00:00Z,2026-01-17T12:00:00Z,turbine_1,48,2.6,-13.7,0.0,january-backtest-v1,d094eb03a52f303931989830f7b4efb0d2e6c3faabb6b6a47793e8f3af157ee1,100,assumed,unverified
2026-01-15T12:00:00Z,2026-01-15T00:00:00Z,2026-01-15T12:00:00Z,2026-01-17T12:00:00Z,turbine_2,48,2.6,-13.7,0.0030099956094499225,january-backtest-v1,bc781886f00f59e8ca445d0499e557775f0ddd100dc689290ef2f3ac4fec1e9b,100,assumed,unverified
2026-01-16T12:00:00Z,2026-01-16T00:00:00Z,2026-01-16T12:00:00Z,2026-01-16T13:00:00Z,turbine_1,1,7.77,-6.7,0.4716616315410153,january-backtest-v1,d094eb03a52f303931989830f7b4efb0d2e6c3faabb6b6a47793e8f3af157ee1,100,assumed,unverified
2026-01-16T12:00:00Z,2026-01-16T00:00:00Z,2026-01-16T12:00:00Z,2026-01-16T13:00:00Z,turbine_2,1,7.77,-6.7,0.4334172008213957,january-backtest-v1,bc781886f00f59e8ca445d0499e557775f0ddd100dc689290ef2f3ac4fec1e9b,100,assumed,unverified
2026-01-16T12:00:00Z,2026-01-16T00:00:00Z,2026-01-16T12:00:00Z,2026-01-16T14:00:00Z,turbine_1,2,7.45,-7.7,0.4218374883804889,january-backtest-v1,d094eb03a52f303931989830f7b4efb0d2e6c3faabb6b6a47793e8f3af157ee1,100,assumed,unverified
2026-01-16T12:00:00Z,2026-01-16T00:00:00Z,2026-01-16T12:00:00Z,2026-01-16T14:00:00Z,turbine_2,2,7.45,-7.7,0.3723426237448347,january-backtest-v1,bc781886f00f59e8ca445d0499e557775f0ddd100dc689290ef2f3ac4fec1e9b,100,assumed,unverified
2026-01-16T12:00:00Z,2026-01-16T00:00:00Z,2026-01-16T12:00:00Z,2026-01-16T15:00:00Z,turbine_1,3,8.54,-9.0,0.6219262293099462,january-backtest-v1,d094eb03a52f303931989830f7b4efb0d2e6c3faabb6b6a47793e8f3af157ee1,100,assumed,unverified
2026-01-16T12:00:00Z,2026-01-16T00:00:00Z,2026-01-16T12:00:00Z,2026-01-16T15:00:00Z,turbine_2,3,8.54,-9.0,0.5858847612405153,january-backtest-v1,bc781886f00f59e8ca445d0499e557775f0ddd100dc689290ef2f3ac4fec1e9b,100,assumed,unverified
2026-01-16T12:00:00Z,2026-01-16T00:00:00Z,2026-01-16T12:00:00Z,2026-01-16T16:00:00Z,turbine_1,4,8.59,-9.3,0.6219262293099462,january-backtest-v1,d094eb03a52f303931989830f7b4efb0d2e6c3faabb6b6a47793e8f3af157ee1,100,assumed,unverified
2026-01-16T12:00:00Z,2026-01-16T00:00:00Z,2026-01-16T12:00:00Z,2026-01-16T16:00:00Z,turbine_2,4,8.59,-9.3,0.5991703638928249,january-backtest-v1,bc781886f00f59e8ca445d0499e557775f0ddd100dc689290ef2f3ac4fec1e9b,100,assumed,unverified
2026-01-16T12:00:00Z,2026-01-16T00:00:00Z,2026-01-16T12:00:00Z,2026-01-16T17:00:00Z,turbine_1,5,9.32,-10.4,0.7397775062061097,january-backtest-v1,d094eb03a52f303931989830f7b4efb0d2e6c3faabb6b6a47793e8f3af157ee1,100,assumed,unverified
2026-01-16T12:00:00Z,2026-01-16T00:00:00Z,2026-01-16T12:00:00Z,2026-01-16T17:00:00Z,turbine_2,5,9.32,-10.4,0.7148405371196821,january-backtest-v1,bc781886f00f59e8ca445d0499e557775f0ddd100dc689290ef2f3ac4fec1e9b,100,assumed,unverified
2026-01-16T12:00:00Z,2026-01-16T00:00:00Z,2026-01-16T12:00:00Z,2026-01-16T18:00:00Z,turbine_1,6,9.72,-11.1,0.8092951016233783,january-backtest-v1,d094eb03a52f303931989830f7b4efb0d2e6c3faabb6b6a47793e8f3af157ee1,100,assumed,unverified
2026-01-16T12:00:00Z,2026-01-16T00:00:00Z,2026-01-16T12:00:00Z,2026-01-16T18:00:00Z,turbine_2,6,9.72,-11.1,0.7971571598654504,january-backtest-v1,bc781886f00f59e8ca445d0499e557775f0ddd100dc689290ef2f3ac4fec1e9b,100,assumed,unverified
2026-01-16T12:00:00Z,2026-01-16T00:00:00Z,2026-01-16T12:00:00Z,2026-01-16T19:00:00Z,turbine_1,7,10.63,-11.2,0.9226070433704137,january-backtest-v1,d094eb03a52f303931989830f7b4efb0d2e6c3faabb6b6a47793e8f3af157ee1,100,assumed,unverified
2026-01-16T12:00:00Z,2026-01-16T00:00:00Z,2026-01-16T12:00:00Z,2026-01-16T19:00:00Z,turbine_2,7,10.63,-11.2,0.9171612350269933,january-backtest-v1,bc781886f00f59e8ca445d0499e557775f0ddd100dc689290ef2f3ac4fec1e9b,100,assumed,unverified
2026-01-16T12:00:00Z,2026-01-16T00:00:00Z,2026-01-16T12:00:00Z,2026-01-16T20:00:00Z,turbine_1,8,9.72,-12.3,0.8092951016233783,january-backtest-v1,d094eb03a52f303931989830f7b4efb0d2e6c3faabb6b6a47793e8f3af157ee1,100,assumed,unverified
2026-01-16T12:00:00Z,2026-01-16T00:00:00Z,2026-01-16T12:00:00Z,2026-01-16T20:00:00Z,turbine_2,8,9.72,-12.3,0.7971571598654504,january-backtest-v1,bc781886f00f59e8ca445d0499e557775f0ddd100dc689290ef2f3ac4fec1e9b,100,assumed,unverified
2026-01-16T12:00:00Z,2026-01-16T00:00:00Z,2026-01-16T12:00:00Z,2026-01-16T21:00:00Z,turbine_1,9,9.9,-12.9,0.8513575296734723,january-backtest-v1,d094eb03a52f303931989830f7b4efb0d2e6c3faabb6b6a47793e8f3af157ee1,100,assumed,unverified
2026-01-16T12:00:00Z,2026-01-16T00:00:00Z,2026-01-16T12:00:00Z,2026-01-16T21:00:00Z,turbine_2,9,9.9,-12.9,0.8223513800419165,january-backtest-v1,bc781886f00f59e8ca445d0499e557775f0ddd100dc689290ef2f3ac4fec1e9b,100,assumed,unverified
2026-01-16T12:00:00Z,2026-01-16T00:00:00Z,2026-01-16T12:00:00Z,2026-01-16T22:00:00Z,turbine_1,10,10.08,-13.9,0.871383204322832,january-backtest-v1,d094eb03a52f303931989830f7b4efb0d2e6c3faabb6b6a47793e8f3af157ee1,100,assumed,unverified
2026-01-16T12:00:00Z,2026-01-16T00:00:00Z,2026-01-16T12:00:00Z,2026-01-16T22:00:00Z,turbine_2,10,10.08,-13.9,0.8507351101749856,january-backtest-v1,bc781886f00f59e8ca445d0499e557775f0ddd100dc689290ef2f3ac4fec1e9b,100,assumed,unverified
2026-01-16T12:00:00Z,2026-01-16T00:00:00Z,2026-01-16T12:00:00Z,2026-01-16T23:00:00Z,turbine_1,11,10.85,-14.9,0.9580287011634344,january-backtest-v1,d094eb03a52f303931989830f7b4efb0d2e6c3faabb6b6a47793e8f3af157ee1,100,assumed,unverified
2026-01-16T12:00:00Z,2026-01-16T00:00:00Z,2026-01-16T12:00:00Z,2026-01-16T23:00:00Z,turbine_2,11,10.85,-14.9,0.9453958647264625,january-backtest-v1,bc781886f00f59e8ca445d0499e557775f0ddd100dc689290ef2f3ac4fec1e9b,100,assumed,unverified
2026-01-16T12:00:00Z,2026-01-16T00:00:00Z,2026-01-16T12:00:00Z,2026-01-17T00:00:00Z,turbine_1,12,10.6,-15.5,0.9293499029389373,january-backtest-v1,d094eb03a52f303931989830f7b4efb0d2e6c3faabb6b6a47793e8f3af157ee1,100,assumed,unverified
2026-01-16T12:00:00Z,2026-01-16T00:00:00Z,2026-01-16T12:00:00Z,2026-01-17T00:00:00Z,turbine_2,12,10.6,-15.5,0.9123760256713678,january-backtest-v1,bc781886f00f59e8ca445d0499e557775f0ddd100dc689290ef2f3ac4fec1e9b,100,assumed,unverified
2026-01-16T12:00:00Z,2026-01-16T00:00:00Z,2026-01-16T12:00:00Z,2026-01-17T01:00:00Z,turbine_1,13,10.34,-15.6,0.9078686097160451,january-backtest-v1,d094eb03a52f303931989830f7b4efb0d2e6c3faabb6b6a47793e8f3af157ee1,100,assumed,unverified
2026-01-16T12:00:00Z,2026-01-16T00:00:00Z,2026-01-16T12:00:00Z,2026-01-17T01:00:00Z,turbine_2,13,10.34,-15.6,0.883525600415606,january-backtest-v1,bc781886f00f59e8ca445d0499e557775f0ddd100dc689290ef2f3ac4fec1e9b,100,assumed,unverified
2026-01-16T12:00:00Z,2026-01-16T00:00:00Z,2026-01-16T12:00:00Z,2026-01-17T02:00:00Z,turbine_1,14,10.22,-16.0,0.895185747826366,january-backtest-v1,d094eb03a52f303931989830f7b4efb0d2e6c3faabb6b6a47793e8f3af157ee1,100,assumed,unverified
2026-01-16T12:00:00Z,2026-01-16T00:00:00Z,2026-01-16T12:00:00Z,2026-01-17T02:00:00Z,turbine_2,14,10.22,-16.0,0.8682754531748668,january-backtest-v1,bc781886f00f59e8ca445d0499e557775f0ddd100dc689290ef2f3ac4fec1e9b,100,assumed,unverified
2026-01-16T12:00:00Z,2026-01-16T00:00:00Z,2026-01-16T12:00:00Z,2026-01-17T03:00:00Z,turbine_1,15,9.99,-16.3,0.8603008152650853,january-backtest-v1,d094eb03a52f303931989830f7b4efb0d2e6c3faabb6b6a47793e8f3af157ee1,100,assumed,unverified
2026-01-16T12:00:00Z,2026-01-16T00:00:00Z,2026-01-16T12:00:00Z,2026-01-17T03:00:00Z,turbine_2,15,9.99,-16.3,0.8427375613115613,january-backtest-v1,bc781886f00f59e8ca445d0499e557775f0ddd100dc689290ef2f3ac4fec1e9b,100,assumed,unverified
2026-01-16T12:00:00Z,2026-01-16T00:00:00Z,2026-01-16T12:00:00Z,2026-01-17T04:00:00Z,turbine_1,16,8.92,-16.1,0.6774645217818648,january-backtest-v1,d094eb03a52f303931989830f7b4efb0d2e6c3faabb6b6a47793e8f3af157ee1,100,assumed,unverified
2026-01-16T12:00:00Z,2026-01-16T00:00:00Z,2026-01-16T12:00:00Z,2026-01-17T04:00:00Z,turbine_2,16,8.92,-16.1,0.6338786176463437,january-backtest-v1,bc781886f00f59e8ca445d0499e557775f0ddd100dc689290ef2f3ac4fec1e9b,100,assumed,unverified
2026-01-16T12:00:00Z,2026-01-16T00:00:00Z,2026-01-16T12:00:00Z,2026-01-17T05:00:00Z,turbine_1,17,7.19,-15.3,0.3286349648968725,january-backtest-v1,d094eb03a52f303931989830f7b4efb0d2e6c3faabb6b6a47793e8f3af157ee1,100,assumed,unverified
2026-01-16T12:00:00Z,2026-01-16T00:00:00Z,2026-01-16T12:00:00Z,2026-01-17T05:00:00Z,turbine_2,17,7.19,-15.3,0.2921543201294909,january-backtest-v1,bc781886f00f59e8ca445d0499e557775f0ddd100dc689290ef2f3ac4fec1e9b,100,assumed,unverified
2026-01-16T12:00:00Z,2026-01-16T00:00:00Z,2026-01-16T12:00:00Z,2026-01-17T06:00:00Z,turbine_1,18,6.02,-14.8,0.11735652118173451,january-backtest-v1,d094eb03a52f303931989830f7b4efb0d2e6c3faabb6b6a47793e8f3af157ee1,100,assumed,unverified
2026-01-16T12:00:00Z,2026-01-16T00:00:00Z,2026-01-16T12:00:00Z,2026-01-17T06:00:00Z,turbine_2,18,6.02,-14.8,0.10188059179432546,january-backtest-v1,bc781886f00f59e8ca445d0499e557775f0ddd100dc689290ef2f3ac4fec1e9b,100,assumed,unverified
2026-01-16T12:00:00Z,2026-01-16T00:00:00Z,2026-01-16T12:00:00Z,2026-01-17T07:00:00Z,turbine_1,19,5.03,-14.2,0.045797824476239535,january-backtest-v1,d094eb03a52f303931989830f7b4efb0d2e6c3faabb6b6a47793e8f3af157ee1,100,assumed,unverified
2026-01-16T12:00:00Z,2026-01-16T00:00:00Z,2026-01-16T12:00:00Z,2026-01-17T07:00:00Z,turbine_2,19,5.03,-14.2,0.03951127759857748,january-backtest-v1,bc781886f00f59e8ca445d0499e557775f0ddd100dc689290ef2f3ac4fec1e9b,100,assumed,unverified
2026-01-16T12:00:00Z,2026-01-16T00:00:00Z,2026-01-16T12:00:00Z,2026-01-17T08:00:00Z,turbine_1,20,4.58,-13.5,0.019684903301013412,january-backtest-v1,d094eb03a52f303931989830f7b4efb0d2e6c3faabb6b6a47793e8f3af157ee1,100,assumed,unverified
2026-01-16T12:00:00Z,2026-01-16T00:00:00Z,2026-01-16T12:00:00Z,2026-01-17T08:00:00Z,turbine_2,20,4.58,-13.5,0.02359819424522036,january-backtest-v1,bc781886f00f59e8ca445d0499e557775f0ddd100dc689290ef2f3ac4fec1e9b,100,assumed,unverified
2026-01-16T12:00:00Z,2026-01-16T00:00:00Z,2026-01-16T12:00:00Z,2026-01-17T09:00:00Z,turbine_1,21,3.49,-13.3,0.008376407420639442,january-backtest-v1,d094eb03a52f303931989830f7b4efb0d2e6c3faabb6b6a47793e8f3af157ee1,100,assumed,unverified
2026-01-16T12:00:00Z,2026-01-16T00:00:00Z,2026-01-16T12:00:00Z,2026-01-17T09:00:00Z,turbine_2,21,3.49,-13.3,0.006484171308275166,january-backtest-v1,bc781886f00f59e8ca445d0499e557775f0ddd100dc689290ef2f3ac4fec1e9b,100,assumed,unverified
2026-01-16T12:00:00Z,2026-01-16T00:00:00Z,2026-01-16T12:00:00Z,2026-01-17T10:00:00Z,turbine_1,22,3.18,-13.6,0.002464152311352441,january-backtest-v1,d094eb03a52f303931989830f7b4efb0d2e6c3faabb6b6a47793e8f3af157ee1,100,assumed,unverified
2026-01-16T12:00:00Z,2026-01-16T00:00:00Z,2026-01-16T12:00:00Z,2026-01-17T10:00:00Z,turbine_2,22,3.18,-13.6,0.004843104594424441,january-backtest-v1,bc781886f00f59e8ca445d0499e557775f0ddd100dc689290ef2f3ac4fec1e9b,100,assumed,unverified
2026-01-16T12:00:00Z,2026-01-16T00:00:00Z,2026-01-16T12:00:00Z,2026-01-17T11:00:00Z,turbine_1,23,2.88,-14.0,0.0,january-backtest-v1,d094eb03a52f303931989830f7b4efb0d2e6c3faabb6b6a47793e8f3af157ee1,100,assumed,unverified
2026-01-16T12:00:00Z,2026-01-16T00:00:00Z,2026-01-16T12:00:00Z,2026-01-17T11:00:00Z,turbine_2,23,2.88,-14.0,0.003816088039074017,january-backtest-v1,bc781886f00f59e8ca445d0499e557775f0ddd100dc689290ef2f3ac4fec1e9b,100,assumed,unverified
2026-01-16T12:00:00Z,2026-01-16T00:00:00Z,2026-01-16T12:00:00Z,2026-01-17T12:00:00Z,turbine_1,24,2.05,-14.1,0.0004385857164396212,january-backtest-v1,d094eb03a52f303931989830f7b4efb0d2e6c3faabb6b6a47793e8f3af157ee1,100,assumed,unverified
2026-01-16T12:00:00Z,2026-01-16T00:00:00Z,2026-01-16T12:00:00Z,2026-01-17T12:00:00Z,turbine_2,24,2.05,-14.1,0.00515197459025879,january-backtest-v1,bc781886f00f59e8ca445d0499e557775f0ddd100dc689290ef2f3ac4fec1e9b,100,assumed,unverified
2026-01-16T12:00:00Z,2026-01-16T00:00:00Z,2026-01-16T12:00:00Z,2026-01-17T13:00:00Z,turbine_1,25,1.87,-14.2,0.003157427000440416,january-backtest-v1,d094eb03a52f303931989830f7b4efb0d2e6c3faabb6b6a47793e8f3af157ee1,100,assumed,unverified
2026-01-16T12:00:00Z,2026-01-16T00:00:00Z,2026-01-16T12:00:00Z,2026-01-17T13:00:00Z,turbine_2,25,1.87,-14.2,0.005552266888359136,january-backtest-v1,bc781886f00f59e8ca445d0499e557775f0ddd100dc689290ef2f3ac4fec1e9b,100,assumed,unverified
2026-01-16T12:00:00Z,2026-01-16T00:00:00Z,2026-01-16T12:00:00Z,2026-01-17T14:00:00Z,turbine_1,26,1.95,-14.4,0.003157427000440416,january-backtest-v1,d094eb03a52f303931989830f7b4efb0d2e6c3faabb6b6a47793e8f3af157ee1,100,assumed,unverified
2026-01-16T12:00:00Z,2026-01-16T00:00:00Z,2026-01-16T12:00:00Z,2026-01-17T14:00:00Z,turbine_2,26,1.95,-14.4,0.005552266888359136,january-backtest-v1,bc781886f00f59e8ca445d0499e557775f0ddd100dc689290ef2f3ac4fec1e9b,100,assumed,unverified
2026-01-16T12:00:00Z,2026-01-16T00:00:00Z,2026-01-16T12:00:00Z,2026-01-17T15:00:00Z,turbine_1,27,1.95,-14.6,0.003157427000440416,january-backtest-v1,d094eb03a52f303931989830f7b4efb0d2e6c3faabb6b6a47793e8f3af157ee1,100,assumed,unverified
2026-01-16T12:00:00Z,2026-01-16T00:00:00Z,2026-01-16T12:00:00Z,2026-01-17T15:00:00Z,turbine_2,27,1.95,-14.6,0.005552266888359136,january-backtest-v1,bc781886f00f59e8ca445d0499e557775f0ddd100dc689290ef2f3ac4fec1e9b,100,assumed,unverified
2026-01-16T12:00:00Z,2026-01-16T00:00:00Z,2026-01-16T12:00:00Z,2026-01-17T16:00:00Z,turbine_1,28,1.5,-14.7,0.0019037982285611266,january-backtest-v1,d094eb03a52f303931989830f7b4efb0d2e6c3faabb6b6a47793e8f3af157ee1,100,assumed,unverified
2026-01-16T12:00:00Z,2026-01-16T00:00:00Z,2026-01-16T12:00:00Z,2026-01-17T16:00:00Z,turbine_2,28,1.5,-14.7,0.005216641351564744,january-backtest-v1,bc781886f00f59e8ca445d0499e557775f0ddd100dc689290ef2f3ac4fec1e9b,100,assumed,unverified
2026-01-16T12:00:00Z,2026-01-16T00:00:00Z,2026-01-16T12:00:00Z,2026-01-17T17:00:00Z,turbine_1,29,1.14,-14.7,0.002206116905763278,january-backtest-v1,d094eb03a52f303931989830f7b4efb0d2e6c3faabb6b6a47793e8f3af157ee1,100,assumed,unverified
2026-01-16T12:00:00Z,2026-01-16T00:00:00Z,2026-01-16T12:00:00Z,2026-01-17T17:00:00Z,turbine_2,29,1.14,-14.7,0.00575390807631132,january-backtest-v1,bc781886f00f59e8ca445d0499e557775f0ddd100dc689290ef2f3ac4fec1e9b,100,assumed,unverified
2026-01-16T12:00:00Z,2026-01-16T00:00:00Z,2026-01-16T12:00:00Z,2026-01-17T18:00:00Z,turbine_1,30,1.46,-15.1,0.0020643773512477037,january-backtest-v1,d094eb03a52f303931989830f7b4efb0d2e6c3faabb6b6a47793e8f3af157ee1,100,assumed,unverified
2026-01-16T12:00:00Z,2026-01-16T00:00:00Z,2026-01-16T12:00:00Z,2026-01-17T18:00:00Z,turbine_2,30,1.46,-15.1,0.005216641351564744,january-backtest-v1,bc781886f00f59e8ca445d0499e557775f0ddd100dc689290ef2f3ac4fec1e9b,100,assumed,unverified
2026-01-16T12:00:00Z,2026-01-16T00:00:00Z,2026-01-16T12:00:00Z,2026-01-17T19:00:00Z,turbine_1,31,1.0,-15.3,0.0021142241032351405,january-backtest-v1,d094eb03a52f303931989830f7b4efb0d2e6c3faabb6b6a47793e8f3af157ee1,100,assumed,unverified
2026-01-16T12:00:00Z,2026-01-16T00:00:00Z,2026-01-16T12:00:00Z,2026-01-17T19:00:00Z,turbine_2,31,1.0,-15.3,0.0065620589105475635,january-backtest-v1,bc781886f00f59e8ca445d0499e557775f0ddd100dc689290ef2f3ac4fec1e9b,100,assumed,unverified
2026-01-16T12:00:00Z,2026-01-16T00:00:00Z,2026-01-16T12:00:00Z,2026-01-17T20:00:00Z,turbine_1,32,1.1,-15.4,0.002206116905763278,january-backtest-v1,d094eb03a52f303931989830f7b4efb0d2e6c3faabb6b6a47793e8f3af157ee1,100,assumed,unverified
2026-01-16T12:00:00Z,2026-01-16T00:00:00Z,2026-01-16T12:00:00Z,2026-01-17T20:00:00Z,turbine_2,32,1.1,-15.4,0.00575390807631132,january-backtest-v1,bc781886f00f59e8ca445d0499e557775f0ddd100dc689290ef2f3ac4fec1e9b,100,assumed,unverified
2026-01-16T12:00:00Z,2026-01-16T00:00:00Z,2026-01-16T12:00:00Z,2026-01-17T21:00:00Z,turbine_1,33,0.83,-15.7,0.003476153867003229,january-backtest-v1,d094eb03a52f303931989830f7b4efb0d2e6c3faabb6b6a47793e8f3af157ee1,100,assumed,unverified
2026-01-16T12:00:00Z,2026-01-16T00:00:00Z,2026-01-16T12:00:00Z,2026-01-17T21:00:00Z,turbine_2,33,0.83,-15.7,0.006804960866830856,january-backtest-v1,bc781886f00f59e8ca445d0499e557775f0ddd100dc689290ef2f3ac4fec1e9b,100,assumed,unverified
2026-01-16T12:00:00Z,2026-01-16T00:00:00Z,2026-01-16T12:00:00Z,2026-01-17T22:00:00Z,turbine_1,34,0.97,-15.9,0.002100110337224015,january-backtest-v1,d094eb03a52f303931989830f7b4efb0d2e6c3faabb6b6a47793e8f3af157ee1,100,assumed,unverified
2026-01-16T12:00:00Z,2026-01-16T00:00:00Z,2026-01-16T12:00:00Z,2026-01-17T22:00:00Z,turbine_2,34,0.97,-15.9,0.006804960866830856,january-backtest-v1,bc781886f00f59e8ca445d0499e557775f0ddd100dc689290ef2f3ac4fec1e9b,100,assumed,unverified
2026-01-16T12:00:00Z,2026-01-16T00:00:00Z,2026-01-16T12:00:00Z,2026-01-17T23:00:00Z,turbine_1,35,0.95,-16.2,0.002100110337224015,january-backtest-v1,d094eb03a52f303931989830f7b4efb0d2e6c3faabb6b6a47793e8f3af157ee1,100,assumed,unverified
2026-01-16T12:00:00Z,2026-01-16T00:00:00Z,2026-01-16T12:00:00Z,2026-01-17T23:00:00Z,turbine_2,35,0.95,-16.2,0.006804960866830856,january-backtest-v1,bc781886f00f59e8ca445d0499e557775f0ddd100dc689290ef2f3ac4fec1e9b,100,assumed,unverified
2026-01-16T12:00:00Z,2026-01-16T00:00:00Z,2026-01-16T12:00:00Z,2026-01-18T00:00:00Z,turbine_1,36,1.15,-15.8,0.002206116905763278,january-backtest-v1,d094eb03a52f303931989830f7b4efb0d2e6c3faabb6b6a47793e8f3af157ee1,100,assumed,unverified
2026-01-16T12:00:00Z,2026-01-16T00:00:00Z,2026-01-16T12:00:00Z,2026-01-18T00:00:00Z,turbine_2,36,1.15,-15.8,0.00575390807631132,january-backtest-v1,bc781886f00f59e8ca445d0499e557775f0ddd100dc689290ef2f3ac4fec1e9b,100,assumed,unverified
2026-01-16T12:00:00Z,2026-01-16T00:00:00Z,2026-01-16T12:00:00Z,2026-01-18T01:00:00Z,turbine_1,37,1.35,-15.5,0.0020643773512477037,january-backtest-v1,d094eb03a52f303931989830f7b4efb0d2e6c3faabb6b6a47793e8f3af157ee1,100,assumed,unverified
2026-01-16T12:00:00Z,2026-01-16T00:00:00Z,2026-01-16T12:00:00Z,2026-01-18T01:00:00Z,turbine_2,37,1.35,-15.5,0.005395615077139093,january-backtest-v1,bc781886f00f59e8ca445d0499e557775f0ddd100dc689290ef2f3ac4fec1e9b,100,assumed,unverified
2026-01-16T12:00:00Z,2026-01-16T00:00:00Z,2026-01-16T12:00:00Z,2026-01-18T02:00:00Z,turbine_1,38,1.0,-15.1,0.0021142241032351405,january-backtest-v1,d094eb03a52f303931989830f7b4efb0d2e6c3faabb6b6a47793e8f3af157ee1,100,assumed,unverified
2026-01-16T12:00:00Z,2026-01-16T00:00:00Z,2026-01-16T12:00:00Z,2026-01-18T02:00:00Z,turbine_2,38,1.0,-15.1,0.0065620589105475635,january-backtest-v1,bc781886f00f59e8ca445d0499e557775f0ddd100dc689290ef2f3ac4fec1e9b,100,assumed,unverified
2026-01-16T12:00:00Z,2026-01-16T00:00:00Z,2026-01-16T12:00:00Z,2026-01-18T03:00:00Z,turbine_1,39,1.36,-14.5,0.0020643773512477037,january-backtest-v1,d094eb03a52f303931989830f7b4efb0d2e6c3faabb6b6a47793e8f3af157ee1,100,assumed,unverified
2026-01-16T12:00:00Z,2026-01-16T00:00:00Z,2026-01-16T12:00:00Z,2026-01-18T03:00:00Z,turbine_2,39,1.36,-14.5,0.005395615077139093,january-backtest-v1,bc781886f00f59e8ca445d0499e557775f0ddd100dc689290ef2f3ac4fec1e9b,100,assumed,unverified
2026-01-16T12:00:00Z,2026-01-16T00:00:00Z,2026-01-16T12:00:00Z,2026-01-18T04:00:00Z,turbine_1,40,2.02,-13.8,0.0010266588947340782,january-backtest-v1,d094eb03a52f303931989830f7b4efb0d2e6c3faabb6b6a47793e8f3af157ee1,100,assumed,unverified
2026-01-16T12:00:00Z,2026-01-16T00:00:00Z,2026-01-16T12:00:00Z,2026-01-18T04:00:00Z,turbine_2,40,2.02,-13.8,0.00515197459025879,january-backtest-v1,bc781886f00f59e8ca445d0499e557775f0ddd100dc689290ef2f3ac4fec1e9b,100,assumed,unverified
2026-01-16T12:00:00Z,2026-01-16T00:00:00Z,2026-01-16T12:00:00Z,2026-01-18T05:00:00Z,turbine_1,41,2.65,-12.9,0.0,january-backtest-v1,d094eb03a52f303931989830f7b4efb0d2e6c3faabb6b6a47793e8f3af157ee1,100,assumed,unverified
2026-01-16T12:00:00Z,2026-01-16T00:00:00Z,2026-01-16T12:00:00Z,2026-01-18T05:00:00Z,turbine_2,41,2.65,-12.9,0.001875096760597439,january-backtest-v1,bc781886f00f59e8ca445d0499e557775f0ddd100dc689290ef2f3ac4fec1e9b,100,assumed,unverified
2026-01-16T12:00:00Z,2026-01-16T00:00:00Z,2026-01-16T12:00:00Z,2026-01-18T06:00:00Z,turbine_1,42,3.32,-11.6,0.006312417337626497,january-backtest-v1,d094eb03a52f303931989830f7b4efb0d2e6c3faabb6b6a47793e8f3af157ee1,100,assumed,unverified
2026-01-16T12:00:00Z,2026-01-16T00:00:00Z,2026-01-16T12:00:00Z,2026-01-18T06:00:00Z,turbine_2,42,3.32,-11.6,0.004666384403929136,january-backtest-v1,bc781886f00f59e8ca445d0499e557775f0ddd100dc689290ef2f3ac4fec1e9b,100,assumed,unverified
2026-01-16T12:00:00Z,2026-01-16T00:00:00Z,2026-01-16T12:00:00Z,2026-01-18T07:00:00Z,turbine_1,43,4.07,-9.8,0.025863689367174314,january-backtest-v1,d094eb03a52f303931989830f7b4efb0d2e6c3faabb6b6a47793e8f3af157ee1,100,assumed,unverified
2026-01-16T12:00:00Z,2026-01-16T00:00:00Z,2026-01-16T12:00:00Z,2026-01-18T07:00:00Z,turbine_2,43,4.07,-9.8,0.02090103210074834,january-backtest-v1,bc781886f00f59e8ca445d0499e557775f0ddd100dc689290ef2f3ac4fec1e9b,100,assumed,unverified
2026-01-16T12:00:00Z,2026-01-16T00:00:00Z,2026-01-16T12:00:00Z,2026-01-18T08:00:00Z,turbine_1,44,4.26,-8.7,0.02754739391239669,january-backtest-v1,d094eb03a52f303931989830f7b4efb0d2e6c3faabb6b6a47793e8f3af157ee1,100,assumed,unverified
2026-01-16T12:00:00Z,2026-01-16T00:00:00Z,2026-01-16T12:00:00Z,2026-01-18T08:00:00Z,turbine_2,44,4.26,-8.7,0.023158896736842516,january-backtest-v1,bc781886f00f59e8ca445d0499e557775f0ddd100dc689290ef2f3ac4fec1e9b,100,assumed,unverified
2026-01-16T12:00:00Z,2026-01-16T00:00:00Z,2026-01-16T12:00:00Z,2026-01-18T09:00:00Z,turbine_1,45,4.19,-8.0,0.028849582323183742,january-backtest-v1,d094eb03a52f303931989830f7b4efb0d2e6c3faabb6b6a47793e8f3af157ee1,100,assumed,unverified
2026-01-16T12:00:00Z,2026-01-16T00:00:00Z,2026-01-16T12:00:00Z,2026-01-18T09:00:00Z,turbine_2,45,4.19,-8.0,0.02447793031839962,january-backtest-v1,bc781886f00f59e8ca445d0499e557775f0ddd100dc689290ef2f3ac4fec1e9b,100,assumed,unverified
2026-01-16T12:00:00Z,2026-01-16T00:00:00Z,2026-01-16T12:00:00Z,2026-01-18T10:00:00Z,turbine_1,46,3.64,-8.5,0.019080660600408084,january-backtest-v1,d094eb03a52f303931989830f7b4efb0d2e6c3faabb6b6a47793e8f3af157ee1,100,assumed,unverified
2026-01-16T12:00:00Z,2026-01-16T00:00:00Z,2026-01-16T12:00:00Z,2026-01-18T10:00:00Z,turbine_2,46,3.64,-8.5,0.015206057202313328,january-backtest-v1,bc781886f00f59e8ca445d0499e557775f0ddd100dc689290ef2f3ac4fec1e9b,100,assumed,unverified
2026-01-16T12:00:00Z,2026-01-16T00:00:00Z,2026-01-16T12:00:00Z,2026-01-18T11:00:00Z,turbine_1,47,3.44,-9.3,0.012235928961138787,january-backtest-v1,d094eb03a52f303931989830f7b4efb0d2e6c3faabb6b6a47793e8f3af157ee1,100,assumed,unverified
2026-01-16T12:00:00Z,2026-01-16T00:00:00Z,2026-01-16T12:00:00Z,2026-01-18T11:00:00Z,turbine_2,47,3.44,-9.3,0.009954280194386822,january-backtest-v1,bc781886f00f59e8ca445d0499e557775f0ddd100dc689290ef2f3ac4fec1e9b,100,assumed,unverified
2026-01-16T12:00:00Z,2026-01-16T00:00:00Z,2026-01-16T12:00:00Z,2026-01-18T12:00:00Z,turbine_1,48,3.47,-10.5,0.012289665002390815,january-backtest-v1,d094eb03a52f303931989830f7b4efb0d2e6c3faabb6b6a47793e8f3af157ee1,100,assumed,unverified
2026-01-16T12:00:00Z,2026-01-16T00:00:00Z,2026-01-16T12:00:00Z,2026-01-18T12:00:00Z,turbine_2,48,3.47,-10.5,0.006513407937119298,january-backtest-v1,bc781886f00f59e8ca445d0499e557775f0ddd100dc689290ef2f3ac4fec1e9b,100,assumed,unverified
2026-01-17T12:00:00Z,2026-01-17T00:00:00Z,2026-01-17T12:00:00Z,2026-01-17T13:00:00Z,turbine_1,1,3.09,-14.4,0.002369032571612084,january-backtest-v1,d094eb03a52f303931989830f7b4efb0d2e6c3faabb6b6a47793e8f3af157ee1,100,assumed,unverified
2026-01-17T12:00:00Z,2026-01-17T00:00:00Z,2026-01-17T12:00:00Z,2026-01-17T13:00:00Z,turbine_2,1,3.09,-14.4,0.005256553909929906,january-backtest-v1,bc781886f00f59e8ca445d0499e557775f0ddd100dc689290ef2f3ac4fec1e9b,100,assumed,unverified
2026-01-17T12:00:00Z,2026-01-17T00:00:00Z,2026-01-17T12:00:00Z,2026-01-17T14:00:00Z,turbine_1,2,2.8,-14.8,0.0,january-backtest-v1,d094eb03a52f303931989830f7b4efb0d2e6c3faabb6b6a47793e8f3af157ee1,100,assumed,unverified
2026-01-17T12:00:00Z,2026-01-17T00:00:00Z,2026-01-17T12:00:00Z,2026-01-17T14:00:00Z,turbine_2,2,2.8,-14.8,0.004678831886016921,january-backtest-v1,bc781886f00f59e8ca445d0499e557775f0ddd100dc689290ef2f3ac4fec1e9b,100,assumed,unverified
2026-01-17T12:00:00Z,2026-01-17T00:00:00Z,2026-01-17T12:00:00Z,2026-01-17T15:00:00Z,turbine_1,3,1.69,-14.9,0.0019037982285611266,january-backtest-v1,d094eb03a52f303931989830f7b4efb0d2e6c3faabb6b6a47793e8f3af157ee1,100,assumed,unverified
2026-01-17T12:00:00Z,2026-01-17T00:00:00Z,2026-01-17T12:00:00Z,2026-01-17T15:00:00Z,turbine_2,3,1.69,-14.9,0.004980612389684946,january-backtest-v1,bc781886f00f59e8ca445d0499e557775f0ddd100dc689290ef2f3ac4fec1e9b,100,assumed,unverified
2026-01-17T12:00:00Z,2026-01-17T00:00:00Z,2026-01-17T12:00:00Z,2026-01-17T16:00:00Z,turbine_1,4,2.53,-15.4,0.0,january-backtest-v1,d094eb03a52f303931989830f7b4efb0d2e6c3faabb6b6a47793e8f3af157ee1,100,assumed,unverified
2026-01-17T12:00:00Z,2026-01-17T00:00:00Z,2026-01-17T12:00:00Z,2026-01-17T16:00:00Z,turbine_2,4,2.53,-15.4,0.0030099956094499225,january-backtest-v1,bc781886f00f59e8ca445d0499e557775f0ddd100dc689290ef2f3ac4fec1e9b,100,assumed,unverified
2026-01-17T12:00:00Z,2026-01-17T00:00:00Z,2026-01-17T12:00:00Z,2026-01-17T17:00:00Z,turbine_1,5,2.34,-15.3,0.0,january-backtest-v1,d094eb03a52f303931989830f7b4efb0d2e6c3faabb6b6a47793e8f3af157ee1,100,assumed,unverified
2026-01-17T12:00:00Z,2026-01-17T00:00:00Z,2026-01-17T12:00:00Z,2026-01-17T17:00:00Z,turbine_2,5,2.34,-15.3,0.006186120581760934,january-backtest-v1,bc781886f00f59e8ca445d0499e557775f0ddd100dc689290ef2f3ac4fec1e9b,100,assumed,unverified
2026-01-17T12:00:00Z,2026-01-17T00:00:00Z,2026-01-17T12:00:00Z,2026-01-17T18:00:00Z,turbine_1,6,1.71,-15.0,0.0019037982285611266,january-backtest-v1,d094eb03a52f303931989830f7b4efb0d2e6c3faabb6b6a47793e8f3af157ee1,100,assumed,unverified
2026-01-17T12:00:00Z,2026-01-17T00:00:00Z,2026-01-17T12:00:00Z,2026-01-17T18:00:00Z,turbine_2,6,1.71,-15.0,0.004980612389684946,january-backtest-v1,bc781886f00f59e8ca445d0499e557775f0ddd100dc689290ef2f3ac4fec1e9b,100,assumed,unverified
2026-01-17T12:00:00Z,2026-01-17T00:00:00Z,2026-01-17T12:00:00Z,2026-01-17T19:00:00Z,turbine_1,7,1.61,-15.4,0.0019037982285611266,january-backtest-v1,d094eb03a52f303931989830f7b4efb0d2e6c3faabb6b6a47793e8f3af157ee1,100,assumed,unverified
2026-01-17T12:00:00Z,2026-01-17T00:00:00Z,2026-01-17T12:00:00Z,2026-01-17T19:00:00Z,turbine_2,7,1.61,-15.4,0.00508919042609135,january-backtest-v1,bc781886f00f59e8ca445d0499e557775f0ddd100dc689290ef2f3ac4fec1e9b,100,assumed,unverified
2026-01-17T12:00:00Z,2026-01-17T00:00:00Z,2026-01-17T12:00:00Z,2026-01-17T20:00:00Z,turbine_1,8,1.5,-15.9,0.0019037982285611266,january-backtest-v1,d094eb03a52f303931989830f7b4efb0d2e6c3faabb6b6a47793e8f3af157ee1,100,assumed,unverified
2026-01-17T12:00:00Z,2026-01-17T00:00:00Z,2026-01-17T12:00:00Z,2026-01-17T20:00:00Z,turbine_2,8,1.5,-15.9,0.005216641351564744,january-backtest-v1,bc781886f00f59e8ca445d0499e557775f0ddd100dc689290ef2f3ac4fec1e9b,100,assumed,unverified
2026-01-17T12:00:00Z,2026-01-17T00:00:00Z,2026-01-17T12:00:00Z,2026-01-17T21:00:00Z,turbine_1,9,0.69,-16.4,0.0037175203854581396,january-backtest-v1,d094eb03a52f303931989830f7b4efb0d2e6c3faabb6b6a47793e8f3af157ee1,100,assumed,unverified
2026-01-17T12:00:00Z,2026-01-17T00:00:00Z,2026-01-17T12:00:00Z,2026-01-17T21:00:00Z,turbine_2,9,0.69,-16.4,0.007163058442325898,january-backtest-v1,bc781886f00f59e8ca445d0499e557775f0ddd100dc689290ef2f3ac4fec1e9b,100,assumed,unverified
2026-01-17T12:00:00Z,2026-01-17T00:00:00Z,2026-01-17T12:00:00Z,2026-01-17T22:00:00Z,turbine_1,10,0.76,-16.2,0.0037175203854581396,january-backtest-v1,d094eb03a52f303931989830f7b4efb0d2e6c3faabb6b6a47793e8f3af157ee1,100,assumed,unverified
2026-01-17T12:00:00Z,2026-01-17T00:00:00Z,2026-01-17T12:00:00Z,2026-01-17T22:00:00Z,turbine_2,10,0.76,-16.2,0.007163058442325898,january-backtest-v1,bc781886f00f59e8ca445d0499e557775f0ddd100dc689290ef2f3ac4fec1e9b,100,assumed,unverified
2026-01-17T12:00:00Z,2026-01-17T00:00:00Z,2026-01-17T12:00:00Z,2026-01-17T23:00:00Z,turbine_1,11,0.62,-16.5,0.0037175203854581396,january-backtest-v1,d094eb03a52f303931989830f7b4efb0d2e6c3faabb6b6a47793e8f3af157ee1,100,assumed,unverified
2026-01-17T12:00:00Z,2026-01-17T00:00:00Z,2026-01-17T12:00:00Z,2026-01-17T23:00:00Z,turbine_2,11,0.62,-16.5,0.007163058442325898,january-backtest-v1,bc781886f00f59e8ca445d0499e557775f0ddd100dc689290ef2f3ac4fec1e9b,100,assumed,unverified
2026-01-17T12:00:00Z,2026-01-17T00:00:00Z,2026-01-17T12:00:00Z,2026-01-18T00:00:00Z,turbine_1,12,0.99,-16.5,0.002100110337224015,january-backtest-v1,d094eb03a52f303931989830f7b4efb0d2e6c3faabb6b6a47793e8f3af157ee1,100,assumed,unverified
2026-01-17T12:00:00Z,2026-01-17T00:00:00Z,2026-01-17T12:00:00Z,2026-01-18T00:00:00Z,turbine_2,12,0.99,-16.5,0.0065620589105475635,january-backtest-v1,bc781886f00f59e8ca445d0499e557775f0ddd100dc689290ef2f3ac4fec1e9b,100,assumed,unverified
2026-01-17T12:00:00Z,2026-01-17T00:00:00Z,2026-01-17T12:00:00Z,2026-01-18T01:00:00Z,turbine_1,13,1.67,-15.7,0.0019037982285611266,january-backtest-v1,d094eb03a52f303931989830f7b4efb0d2e6c3faabb6b6a47793e8f3af157ee1,100,assumed,unverified
2026-01-17T12:00:00Z,2026-01-17T00:00:00Z,2026-01-17T12:00:00Z,2026-01-18T01:00:00Z,turbine_2,13,1.67,-15.7,0.004980612389684946,january-backtest-v1,bc781886f00f59e8ca445d0499e557775f0ddd100dc689290ef2f3ac4fec1e9b,100,assumed,unverified
2026-01-17T12:00:00Z,2026-01-17T00:00:00Z,2026-01-17T12:00:00Z,2026-01-18T02:00:00Z,turbine_1,14,1.3,-15.4,0.0020643773512477037,january-backtest-v1,d094eb03a52f303931989830f7b4efb0d2e6c3faabb6b6a47793e8f3af157ee1,100,assumed,unverified
2026-01-17T12:00:00Z,2026-01-17T00:00:00Z,2026-01-17T12:00:00Z,2026-01-18T02:00:00Z,turbine_2,14,1.3,-15.4,0.005380062433108845,january-backtest-v1,bc781886f00f59e8ca445d0499e557775f0ddd100dc689290ef2f3ac4fec1e9b,100,assumed,unverified
2026-01-17T12:00:00Z,2026-01-17T00:00:00Z,2026-01-17T12:00:00Z,2026-01-18T03:00:00Z,turbine_1,15,1.17,-14.9,0.002206116905763278,january-backtest-v1,d094eb03a52f303931989830f7b4efb0d2e6c3faabb6b6a47793e8f3af157ee1,100,assumed,unverified
2026-01-17T12:00:00Z,2026-01-17T00:00:00Z,2026-01-17T12:00:00Z,2026-01-18T03:00:00Z,turbine_2,15,1.17,-14.9,0.00575390807631132,january-backtest-v1,bc781886f00f59e8ca445d0499e557775f0ddd100dc689290ef2f3ac4fec1e9b,100,assumed,unverified
2026-01-17T12:00:00Z,2026-01-17T00:00:00Z,2026-01-17T12:00:00Z,2026-01-18T04:00:00Z,turbine_1,16,1.78,-13.9,0.0019037982285611266,january-backtest-v1,d094eb03a52f303931989830f7b4efb0d2e6c3faabb6b6a47793e8f3af157ee1,100,assumed,unverified
2026-01-17T12:00:00Z,2026-01-17T00:00:00Z,2026-01-17T12:00:00Z,2026-01-18T04:00:00Z,turbine_2,16,1.78,-13.9,0.005185762415847561,january-backtest-v1,bc781886f00f59e8ca445d0499e557775f0ddd100dc689290ef2f3ac4fec1e9b,100,assumed,unverified
2026-01-17T12:00:00Z,2026-01-17T00:00:00Z,2026-01-17T12:00:00Z,2026-01-18T05:00:00Z,turbine_1,17,1.96,-13.0,0.003157427000440416,january-backtest-v1,d094eb03a52f303931989830f7b4efb0d2e6c3faabb6b6a47793e8f3af157ee1,100,assumed,unverified
2026-01-17T12:00:00Z,2026-01-17T00:00:00Z,2026-01-17T12:00:00Z,2026-01-18T05:00:00Z,turbine_2,17,1.96,-13.0,0.005552266888359136,january-backtest-v1,bc781886f00f59e8ca445d0499e557775f0ddd100dc689290ef2f3ac4fec1e9b,100,assumed,unverified
2026-01-17T12:00:00Z,2026-01-17T00:00:00Z,2026-01-17T12:00:00Z,2026-01-18T06:00:00Z,turbine_1,18,2.87,-11.8,0.000330549059784524,january-backtest-v1,d094eb03a52f303931989830f7b4efb0d2e6c3faabb6b6a47793e8f3af157ee1,100,assumed,unverified
2026-01-17T12:00:00Z,2026-01-17T00:00:00Z,2026-01-17T12:00:00Z,2026-01-18T06:00:00Z,turbine_2,18,2.87,-11.8,0.0038453246679181485,january-backtest-v1,bc781886f00f59e8ca445d0499e557775f0ddd100dc689290ef2f3ac4fec1e9b,100,assumed,unverified
2026-01-17T12:00:00Z,2026-01-17T00:00:00Z,2026-01-17T12:00:00Z,2026-01-18T07:00:00Z,turbine_1,19,3.82,-9.6,0.019152028564970336,january-backtest-v1,d094eb03a52f303931989830f7b4efb0d2e6c3faabb6b6a47793e8f3af157ee1,100,assumed,unverified
2026-01-17T12:00:00Z,2026-01-17T00:00:00Z,2026-01-17T12:00:00Z,2026-01-18T07:00:00Z,turbine_2,19,3.82,-9.6,0.014858089808844066,january-backtest-v1,bc781886f00f59e8ca445d0499e557775f0ddd100dc689290ef2f3ac4fec1e9b,100,assumed,unverified
2026-01-17T12:00:00Z,2026-01-17T00:00:00Z,2026-01-17T12:00:00Z,2026-01-18T08:00:00Z,turbine_1,20,4.42,-8.5,0.032338205192618985,january-backtest-v1,d094eb03a52f303931989830f7b4efb0d2e6c3faabb6b6a47793e8f3af157ee1,100,assumed,unverified
2026-01-17T12:00:00Z,2026-01-17T00:00:00Z,2026-01-17T12:00:00Z,2026-01-18T08:00:00Z,turbine_2,20,4.42,-8.5,0.02656150025367343,january-backtest-v1,bc781886f00f59e8ca445d0499e557775f0ddd100dc689290ef2f3ac4fec1e9b,100,assumed,unverified
2026-01-17T12:00:00Z,2026-01-17T00:00:00Z,2026-01-17T12:00:00Z,2026-01-18T09:00:00Z,turbine_1,21,4.28,-7.2,0.030138197467214023,january-backtest-v1,d094eb03a52f303931989830f7b4efb0d2e6c3faabb6b6a47793e8f3af157ee1,100,assumed,unverified
2026-01-17T12:00:00Z,2026-01-17T00:00:00Z,2026-01-17T12:00:00Z,2026-01-18T09:00:00Z,turbine_2,21,4.28,-7.2,0.026538151451328262,january-backtest-v1,bc781886f00f59e8ca445d0499e557775f0ddd100dc689290ef2f3ac4fec1e9b,100,assumed,unverified
2026-01-17T12:00:00Z,2026-01-17T00:00:00Z,2026-01-17T12:00:00Z,2026-01-18T10:00:00Z,turbine_1,22,3.97,-7.6,0.023978525727506916,january-backtest-v1,d094eb03a52f303931989830f7b4efb0d2e6c3faabb6b6a47793e8f3af157ee1,100,assumed,unverified
2026-01-17T12:00:00Z,2026-01-17T00:00:00Z,2026-01-17T12:00:00Z,2026-01-18T10:00:00Z,turbine_2,22,3.97,-7.6,0.027287659964604027,january-backtest-v1,bc781886f00f59e8ca445d0499e557775f0ddd100dc689290ef2f3ac4fec1e9b,100,assumed,unverified
2026-01-17T12:00:00Z,2026-01-17T00:00:00Z,2026-01-17T12:00:00Z,2026-01-18T11:00:00Z,turbine_1,23,3.61,-7.6,0.019702052632574074,january-backtest-v1,d094eb03a52f303931989830f7b4efb0d2e6c3faabb6b6a47793e8f3af157ee1,100,assumed,unverified
2026-01-17T12:00:00Z,2026-01-17T00:00:00Z,2026-01-17T12:00:00Z,2026-01-18T11:00:00Z,turbine_2,23,3.61,-7.6,0.016352443307791675,january-backtest-v1,bc781886f00f59e8ca445d0499e557775f0ddd100dc689290ef2f3ac4fec1e9b,100,assumed,unverified
2026-01-17T12:00:00Z,2026-01-17T00:00:00Z,2026-01-17T12:00:00Z,2026-01-18T12:00:00Z,turbine_1,24,3.93,-8.7,0.02529551441947525,january-backtest-v1,d094eb03a52f303931989830f7b4efb0d2e6c3faabb6b6a47793e8f3af157ee1,100,assumed,unverified
2026-01-17T12:00:00Z,2026-01-17T00:00:00Z,2026-01-17T12:00:00Z,2026-01-18T12:00:00Z,turbine_2,24,3.93,-8.7,0.01963830708605563,january-backtest-v1,bc781886f00f59e8ca445d0499e557775f0ddd100dc689290ef2f3ac4fec1e9b,100,assumed,unverified
2026-01-17T12:00:00Z,2026-01-17T00:00:00Z,2026-01-17T12:00:00Z,2026-01-18T13:00:00Z,turbine_1,25,4.12,-9.8,0.027191928828634748,january-backtest-v1,d094eb03a52f303931989830f7b4efb0d2e6c3faabb6b6a47793e8f3af157ee1,100,assumed,unverified
2026-01-17T12:00:00Z,2026-01-17T00:00:00Z,2026-01-17T12:00:00Z,2026-01-18T13:00:00Z,turbine_2,25,4.12,-9.8,0.021364123681445746,january-backtest-v1,bc781886f00f59e8ca445d0499e557775f0ddd100dc689290ef2f3ac4fec1e9b,100,assumed,unverified
2026-01-17T12:00:00Z,2026-01-17T00:00:00Z,2026-01-17T12:00:00Z,2026-01-18T14:00:00Z,turbine_1,26,4.64,-11.5,0.03629850033902127,january-backtest-v1,d094eb03a52f303931989830f7b4efb0d2e6c3faabb6b6a47793e8f3af157ee1,100,assumed,unverified
2026-01-17T12:00:00Z,2026-01-17T00:00:00Z,2026-01-17T12:00:00Z,2026-01-18T14:00:00Z,turbine_2,26,4.64,-11.5,0.025088904123985956,january-backtest-v1,bc781886f00f59e8ca445d0499e557775f0ddd100dc689290ef2f3ac4fec1e9b,100,assumed,unverified
2026-01-17T12:00:00Z,2026-01-17T00:00:00Z,2026-01-17T12:00:00Z,2026-01-18T15:00:00Z,turbine_1,27,5.47,-10.9,0.057595750166283544,january-backtest-v1,d094eb03a52f303931989830f7b4efb0d2e6c3faabb6b6a47793e8f3af157ee1,100,assumed,unverified
2026-01-17T12:00:00Z,2026-01-17T00:00:00Z,2026-01-17T12:00:00Z,2026-01-18T15:00:00Z,turbine_2,27,5.47,-10.9,0.04517425983285339,january-backtest-v1,bc781886f00f59e8ca445d0499e557775f0ddd100dc689290ef2f3ac4fec1e9b,100,assumed,unverified
2026-01-17T12:00:00Z,2026-01-17T00:00:00Z,2026-01-17T12:00:00Z,2026-01-18T16:00:00Z,turbine_1,28,5.76,-10.8,0.07850996140619615,january-backtest-v1,d094eb03a52f303931989830f7b4efb0d2e6c3faabb6b6a47793e8f3af157ee1,100,assumed,unverified
2026-01-17T12:00:00Z,2026-01-17T00:00:00Z,2026-01-17T12:00:00Z,2026-01-18T16:00:00Z,turbine_2,28,5.76,-10.8,0.08281803535776722,january-backtest-v1,bc781886f00f59e8ca445d0499e557775f0ddd100dc689290ef2f3ac4fec1e9b,100,assumed,unverified
2026-01-17T12:00:00Z,2026-01-17T00:00:00Z,2026-01-17T12:00:00Z,2026-01-18T17:00:00Z,turbine_1,29,6.32,-10.7,0.16409495934738938,january-backtest-v1,d094eb03a52f303931989830f7b4efb0d2e6c3faabb6b6a47793e8f3af157ee1,100,assumed,unverified
2026-01-17T12:00:00Z,2026-01-17T00:00:00Z,2026-01-17T12:00:00Z,2026-01-18T17:00:00Z,turbine_2,29,6.32,-10.7,0.151588703583805,january-backtest-v1,bc781886f00f59e8ca445d0499e557775f0ddd100dc689290ef2f3ac4fec1e9b,100,assumed,unverified
2026-01-17T12:00:00Z,2026-01-17T00:00:00Z,2026-01-17T12:00:00Z,2026-01-18T18:00:00Z,turbine_1,30,6.45,-10.8,0.18148211367243505,january-backtest-v1,d094eb03a52f303931989830f7b4efb0d2e6c3faabb6b6a47793e8f3af157ee1,100,assumed,unverified
2026-01-17T12:00:00Z,2026-01-17T00:00:00Z,2026-01-17T12:00:00Z,2026-01-18T18:00:00Z,turbine_2,30,6.45,-10.8,0.16890556610724394,january-backtest-v1,bc781886f00f59e8ca445d0499e557775f0ddd100dc689290ef2f3ac4fec1e9b,100,assumed,unverified
2026-01-17T12:00:00Z,2026-01-17T00:00:00Z,2026-01-17T12:00:00Z,2026-01-18T19:00:00Z,turbine_1,31,6.62,-10.9,0.19731460647021828,january-backtest-v1,d094eb03a52f303931989830f7b4efb0d2e6c3faabb6b6a47793e8f3af157ee1,100,assumed,unverified
2026-01-17T12:00:00Z,2026-01-17T00:00:00Z,2026-01-17T12:00:00Z,2026-01-18T19:00:00Z,turbine_2,31,6.62,-10.9,0.1983947456679541,january-backtest-v1,bc781886f00f59e8ca445d0499e557775f0ddd100dc689290ef2f3ac4fec1e9b,100,assumed,unverified
2026-01-17T12:00:00Z,2026-01-17T00:00:00Z,2026-01-17T12:00:00Z,2026-01-18T20:00:00Z,turbine_1,32,6.74,-11.0,0.22244664003078998,january-backtest-v1,d094eb03a52f303931989830f7b4efb0d2e6c3faabb6b6a47793e8f3af157ee1,100,assumed,unverified
2026-01-17T12:00:00Z,2026-01-17T00:00:00Z,2026-01-17T12:00:00Z,2026-01-18T20:00:00Z,turbine_2,32,6.74,-11.0,0.21232990931458295,january-backtest-v1,bc781886f00f59e8ca445d0499e557775f0ddd100dc689290ef2f3ac4fec1e9b,100,assumed,unverified
2026-01-17T12:00:00Z,2026-01-17T00:00:00Z,2026-01-17T12:00:00Z,2026-01-18T21:00:00Z,turbine_1,33,6.76,-10.7,0.22244664003078998,january-backtest-v1,d094eb03a52f303931989830f7b4efb0d2e6c3faabb6b6a47793e8f3af157ee1,100,assumed,unverified
2026-01-17T12:00:00Z,2026-01-17T00:00:00Z,2026-01-17T12:00:00Z,2026-01-18T21:00:00Z,turbine_2,33,6.76,-10.7,0.21232990931458295,january-backtest-v1,bc781886f00f59e8ca445d0499e557775f0ddd100dc689290ef2f3ac4fec1e9b,100,assumed,unverified
2026-01-17T12:00:00Z,2026-01-17T00:00:00Z,2026-01-17T12:00:00Z,2026-01-18T22:00:00Z,turbine_1,34,6.71,-10.3,0.22118973470709344,january-backtest-v1,d094eb03a52f303931989830f7b4efb0d2e6c3faabb6b6a47793e8f3af157ee1,100,assumed,unverified
2026-01-17T12:00:00Z,2026-01-17T00:00:00Z,2026-01-17T12:00:00Z,2026-01-18T22:00:00Z,turbine_2,34,6.71,-10.3,0.2047992857529433,january-backtest-v1,bc781886f00f59e8ca445d0499e557775f0ddd100dc689290ef2f3ac4fec1e9b,100,assumed,unverified
2026-01-17T12:00:00Z,2026-01-17T00:00:00Z,2026-01-17T12:00:00Z,2026-01-18T23:00:00Z,turbine_1,35,6.82,-10.0,0.3078494648434365,january-backtest-v1,d094eb03a52f303931989830f7b4efb0d2e6c3faabb6b6a47793e8f3af157ee1,100,assumed,unverified
2026-01-17T12:00:00Z,2026-01-17T00:00:00Z,2026-01-17T12:00:00Z,2026-01-18T23:00:00Z,turbine_2,35,6.82,-10.0,0.23753394897705313,january-backtest-v1,bc781886f00f59e8ca445d0499e557775f0ddd100dc689290ef2f3ac4fec1e9b,100,assumed,unverified
2026-01-17T12:00:00Z,2026-01-17T00:00:00Z,2026-01-17T12:00:00Z,2026-01-19T00:00:00Z,turbine_1,36,7.09,-10.2,0.2792319521318859,january-backtest-v1,d094eb03a52f303931989830f7b4efb0d2e6c3faabb6b6a47793e8f3af157ee1,100,assumed,unverified
2026-01-17T12:00:00Z,2026-01-17T00:00:00Z,2026-01-17T12:00:00Z,2026-01-19T00:00:00Z,turbine_2,36,7.09,-10.2,0.2951480490762006,january-backtest-v1,bc781886f00f59e8ca445d0499e557775f0ddd100dc689290ef2f3ac4fec1e9b,100,assumed,unverified
2026-01-17T12:00:00Z,2026-01-17T00:00:00Z,2026-01-17T12:00:00Z,2026-01-19T01:00:00Z,turbine_1,37,7.23,-10.2,0.31233882208423147,january-backtest-v1,d094eb03a52f303931989830f7b4efb0d2e6c3faabb6b6a47793e8f3af157ee1,100,assumed,unverified
2026-01-17T12:00:00Z,2026-01-17T00:00:00Z,2026-01-17T12:00:00Z,2026-01-19T01:00:00Z,turbine_2,37,7.23,-10.2,0.3018013127270464,january-backtest-v1,bc781886f00f59e8ca445d0499e557775f0ddd100dc689290ef2f3ac4fec1e9b,100,assumed,unverified
2026-01-17T12:00:00Z,2026-01-17T00:00:00Z,2026-01-17T12:00:00Z,2026-01-19T02:00:00Z,turbine_1,38,7.31,-10.4,0.3380391179915028,january-backtest-v1,d094eb03a52f303931989830f7b4efb0d2e6c3faabb6b6a47793e8f3af157ee1,100,assumed,unverified
2026-01-17T12:00:00Z,2026-01-17T00:00:00Z,2026-01-17T12:00:00Z,2026-01-19T02:00:00Z,turbine_2,38,7.31,-10.4,0.3280304439304827,january-backtest-v1,bc781886f00f59e8ca445d0499e557775f0ddd100dc689290ef2f3ac4fec1e9b,100,assumed,unverified
2026-01-17T12:00:00Z,2026-01-17T00:00:00Z,2026-01-17T12:00:00Z,2026-01-19T03:00:00Z,turbine_1,39,7.04,-9.9,0.3418459264231362,january-backtest-v1,d094eb03a52f303931989830f7b4efb0d2e6c3faabb6b6a47793e8f3af157ee1,100,assumed,unverified
2026-01-17T12:00:00Z,2026-01-17T00:00:00Z,2026-01-17T12:00:00Z,2026-01-19T03:00:00Z,turbine_2,39,7.04,-9.9,0.2826925667228514,january-backtest-v1,bc781886f00f59e8ca445d0499e557775f0ddd100dc689290ef2f3ac4fec1e9b,100,assumed,unverified
2026-01-17T12:00:00Z,2026-01-17T00:00:00Z,2026-01-17T12:00:00Z,2026-01-19T04:00:00Z,turbine_1,40,7.39,-7.9,0.4108405678174775,january-backtest-v1,d094eb03a52f303931989830f7b4efb0d2e6c3faabb6b6a47793e8f3af157ee1,100,assumed,unverified
2026-01-17T12:00:00Z,2026-01-17T00:00:00Z,2026-01-17T12:00:00Z,2026-01-19T04:00:00Z,turbine_2,40,7.39,-7.9,0.36310676716317375,january-backtest-v1,bc781886f00f59e8ca445d0499e557775f0ddd100dc689290ef2f3ac4fec1e9b,100,assumed,unverified
2026-01-17T12:00:00Z,2026-01-17T00:00:00Z,2026-01-17T12:00:00Z,2026-01-19T05:00:00Z,turbine_1,41,7.26,-5.9,0.36857608244957407,january-backtest-v1,d094eb03a52f303931989830f7b4efb0d2e6c3faabb6b6a47793e8f3af157ee1,100,assumed,unverified
2026-01-17T12:00:00Z,2026-01-17T00:00:00Z,2026-01-17T12:00:00Z,2026-01-19T05:00:00Z,turbine_2,41,7.26,-5.9,0.33471254224060115,january-backtest-v1,bc781886f00f59e8ca445d0499e557775f0ddd100dc689290ef2f3ac4fec1e9b,100,assumed,unverified
2026-01-17T12:00:00Z,2026-01-17T00:00:00Z,2026-01-17T12:00:00Z,2026-01-19T06:00:00Z,turbine_1,42,8.04,-3.5,0.530291329509673,january-backtest-v1,d094eb03a52f303931989830f7b4efb0d2e6c3faabb6b6a47793e8f3af157ee1,100,assumed,unverified
2026-01-17T12:00:00Z,2026-01-17T00:00:00Z,2026-01-17T12:00:00Z,2026-01-19T06:00:00Z,turbine_2,42,8.04,-3.5,0.495013931330443,january-backtest-v1,bc781886f00f59e8ca445d0499e557775f0ddd100dc689290ef2f3ac4fec1e9b,100,assumed,unverified
2026-01-17T12:00:00Z,2026-01-17T00:00:00Z,2026-01-17T12:00:00Z,2026-01-19T07:00:00Z,turbine_1,43,8.58,-1.8,0.6233040265545243,january-backtest-v1,d094eb03a52f303931989830f7b4efb0d2e6c3faabb6b6a47793e8f3af157ee1,100,assumed,unverified
2026-01-17T12:00:00Z,2026-01-17T00:00:00Z,2026-01-17T12:00:00Z,2026-01-19T07:00:00Z,turbine_2,43,8.58,-1.8,0.5896815711423669,january-backtest-v1,bc781886f00f59e8ca445d0499e557775f0ddd100dc689290ef2f3ac4fec1e9b,100,assumed,unverified
2026-01-17T12:00:00Z,2026-01-17T00:00:00Z,2026-01-17T12:00:00Z,2026-01-19T08:00:00Z,turbine_1,44,8.67,-1.2,0.6333955097403319,january-backtest-v1,d094eb03a52f303931989830f7b4efb0d2e6c3faabb6b6a47793e8f3af157ee1,100,assumed,unverified
2026-01-17T12:00:00Z,2026-01-17T00:00:00Z,2026-01-17T12:00:00Z,2026-01-19T08:00:00Z,turbine_2,44,8.67,-1.2,0.6091410301949187,january-backtest-v1,bc781886f00f59e8ca445d0499e557775f0ddd100dc689290ef2f3ac4fec1e9b,100,assumed,unverified
2026-01-17T12:00:00Z,2026-01-17T00:00:00Z,2026-01-17T12:00:00Z,2026-01-19T09:00:00Z,turbine_1,45,8.26,-0.8,0.5783741067145834,january-backtest-v1,d094eb03a52f303931989830f7b4efb0d2e6c3faabb6b6a47793e8f3af157ee1,100,assumed,unverified
2026-01-17T12:00:00Z,2026-01-17T00:00:00Z,2026-01-17T12:00:00Z,2026-01-19T09:00:00Z,turbine_2,45,8.26,-0.8,0.5313177346548593,january-backtest-v1,bc781886f00f59e8ca445d0499e557775f0ddd100dc689290ef2f3ac4fec1e9b,100,assumed,unverified
2026-01-17T12:00:00Z,2026-01-17T00:00:00Z,2026-01-17T12:00:00Z,2026-01-19T10:00:00Z,turbine_1,46,7.63,-1.1,0.45064006011007945,january-backtest-v1,d094eb03a52f303931989830f7b4efb0d2e6c3faabb6b6a47793e8f3af157ee1,100,assumed,unverified
2026-01-17T12:00:00Z,2026-01-17T00:00:00Z,2026-01-17T12:00:00Z,2026-01-19T10:00:00Z,turbine_2,46,7.63,-1.1,0.4255066849793978,january-backtest-v1,bc781886f00f59e8ca445d0499e557775f0ddd100dc689290ef2f3ac4fec1e9b,100,assumed,unverified
2026-01-17T12:00:00Z,2026-01-17T00:00:00Z,2026-01-17T12:00:00Z,2026-01-19T11:00:00Z,turbine_1,47,7.91,-2.8,0.4955075206267224,january-backtest-v1,d094eb03a52f303931989830f7b4efb0d2e6c3faabb6b6a47793e8f3af157ee1,100,assumed,unverified
2026-01-17T12:00:00Z,2026-01-17T00:00:00Z,2026-01-17T12:00:00Z,2026-01-19T11:00:00Z,turbine_2,47,7.91,-2.8,0.46109649628785093,january-backtest-v1,bc781886f00f59e8ca445d0499e557775f0ddd100dc689290ef2f3ac4fec1e9b,100,assumed,unverified
2026-01-17T12:00:00Z,2026-01-17T00:00:00Z,2026-01-17T12:00:00Z,2026-01-19T12:00:00Z,turbine_1,48,7.07,-5.0,0.3285277798226716,january-backtest-v1,d094eb03a52f303931989830f7b4efb0d2e6c3faabb6b6a47793e8f3af157ee1,100,assumed,unverified
2026-01-17T12:00:00Z,2026-01-17T00:00:00Z,2026-01-17T12:00:00Z,2026-01-19T12:00:00Z,turbine_2,48,7.07,-5.0,0.3216157261541359,january-backtest-v1,bc781886f00f59e8ca445d0499e557775f0ddd100dc689290ef2f3ac4fec1e9b,100,assumed,unverified
2026-01-18T12:00:00Z,2026-01-18T00:00:00Z,2026-01-18T12:00:00Z,2026-01-18T13:00:00Z,turbine_1,1,4.12,-11.3,0.023574311822319616,january-backtest-v1,d094eb03a52f303931989830f7b4efb0d2e6c3faabb6b6a47793e8f3af157ee1,100,assumed,unverified
2026-01-18T12:00:00Z,2026-01-18T00:00:00Z,2026-01-18T12:00:00Z,2026-01-18T13:00:00Z,turbine_2,1,4.12,-11.3,0.021364123681445746,january-backtest-v1,bc781886f00f59e8ca445d0499e557775f0ddd100dc689290ef2f3ac4fec1e9b,100,assumed,unverified
2026-01-18T12:00:00Z,2026-01-18T00:00:00Z,2026-01-18T12:00:00Z,2026-01-18T14:00:00Z,turbine_1,2,4.52,-11.5,0.027302962047759338,january-backtest-v1,d094eb03a52f303931989830f7b4efb0d2e6c3faabb6b6a47793e8f3af157ee1,100,assumed,unverified
2026-01-18T12:00:00Z,2026-01-18T00:00:00Z,2026-01-18T12:00:00Z,2026-01-18T14:00:00Z,turbine_2,2,4.52,-11.5,0.025376869978052496,january-backtest-v1,bc781886f00f59e8ca445d0499e557775f0ddd100dc689290ef2f3ac4fec1e9b,100,assumed,unverified
2026-01-18T12:00:00Z,2026-01-18T00:00:00Z,2026-01-18T12:00:00Z,2026-01-18T15:00:00Z,turbine_1,3,5.04,-11.0,0.05375643409078351,january-backtest-v1,d094eb03a52f303931989830f7b4efb0d2e6c3faabb6b6a47793e8f3af157ee1,100,assumed,unverified
2026-01-18T12:00:00Z,2026-01-18T00:00:00Z,2026-01-18T12:00:00Z,2026-01-18T15:00:00Z,turbine_2,3,5.04,-11.0,0.04233990634001522,january-backtest-v1,bc781886f00f59e8ca445d0499e557775f0ddd100dc689290ef2f3ac4fec1e9b,100,assumed,unverified
2026-01-18T12:00:00Z,2026-01-18T00:00:00Z,2026-01-18T12:00:00Z,2026-01-18T16:00:00Z,turbine_1,4,5.57,-11.6,0.0706843786179448,january-backtest-v1,d094eb03a52f303931989830f7b4efb0d2e6c3faabb6b6a47793e8f3af157ee1,100,assumed,unverified
2026-01-18T12:00:00Z,2026-01-18T00:00:00Z,2026-01-18T12:00:00Z,2026-01-18T16:00:00Z,turbine_2,4,5.57,-11.6,0.059563875677311307,january-backtest-v1,bc781886f00f59e8ca445d0499e557775f0ddd100dc689290ef2f3ac4fec1e9b,100,assumed,unverified
2026-01-18T12:00:00Z,2026-01-18T00:00:00Z,2026-01-18T12:00:00Z,2026-01-18T17:00:00Z,turbine_1,5,6.2,-11.3,0.1490115412153852,january-backtest-v1,d094eb03a52f303931989830f7b4efb0d2e6c3faabb6b6a47793e8f3af157ee1,100,assumed,unverified
2026-01-18T12:00:00Z,2026-01-18T00:00:00Z,2026-01-18T12:00:00Z,2026-01-18T17:00:00Z,turbine_2,5,6.2,-11.3,0.14385459856585847,january-backtest-v1,bc781886f00f59e8ca445d0499e557775f0ddd100dc689290ef2f3ac4fec1e9b,100,assumed,unverified
2026-01-18T12:00:00Z,2026-01-18T00:00:00Z,2026-01-18T12:00:00Z,2026-01-18T18:00:00Z,turbine_1,6,6.37,-11.1,0.16732785348892365,january-backtest-v1,d094eb03a52f303931989830f7b4efb0d2e6c3faabb6b6a47793e8f3af157ee1,100,assumed,unverified
2026-01-18T12:00:00Z,2026-01-18T00:00:00Z,2026-01-18T12:00:00Z,2026-01-18T18:00:00Z,turbine_2,6,6.37,-11.1,0.1521609874494788,january-backtest-v1,bc781886f00f59e8ca445d0499e557775f0ddd100dc689290ef2f3ac4fec1e9b,100,assumed,unverified
2026-01-18T12:00:00Z,2026-01-18T00:00:00Z,2026-01-18T12:00:00Z,2026-01-18T19:00:00Z,turbine_1,7,6.31,-11.4,0.16409495934738938,january-backtest-v1,d094eb03a52f303931989830f7b4efb0d2e6c3faabb6b6a47793e8f3af157ee1,100,assumed,unverified
2026-01-18T12:00:00Z,2026-01-18T00:00:00Z,2026-01-18T12:00:00Z,2026-01-18T19:00:00Z,turbine_2,7,6.31,-11.4,0.1479843133614171,january-backtest-v1,bc781886f00f59e8ca445d0499e557775f0ddd100dc689290ef2f3ac4fec1e9b,100,assumed,unverified
2026-01-18T12:00:00Z,2026-01-18T00:00:00Z,2026-01-18T12:00:00Z,2026-01-18T20:00:00Z,turbine_1,8,6.53,-11.1,0.18329507581502036,january-backtest-v1,d094eb03a52f303931989830f7b4efb0d2e6c3faabb6b6a47793e8f3af157ee1,100,assumed,unverified
2026-01-18T12:00:00Z,2026-01-18T00:00:00Z,2026-01-18T12:00:00Z,2026-01-18T20:00:00Z,turbine_2,8,6.53,-11.1,0.18513734008589292,january-backtest-v1,bc781886f00f59e8ca445d0499e557775f0ddd100dc689290ef2f3ac4fec1e9b,100,assumed,unverified
2026-01-18T12:00:00Z,2026-01-18T00:00:00Z,2026-01-18T12:00:00Z,2026-01-18T21:00:00Z,turbine_1,9,6.96,-11.1,0.2679136003563073,january-backtest-v1,d094eb03a52f303931989830f7b4efb0d2e6c3faabb6b6a47793e8f3af157ee1,100,assumed,unverified
2026-01-18T12:00:00Z,2026-01-18T00:00:00Z,2026-01-18T12:00:00Z,2026-01-18T21:00:00Z,turbine_2,9,6.96,-11.1,0.2631202151566541,january-backtest-v1,bc781886f00f59e8ca445d0499e557775f0ddd100dc689290ef2f3ac4fec1e9b,100,assumed,unverified
2026-01-18T12:00:00Z,2026-01-18T00:00:00Z,2026-01-18T12:00:00Z,2026-01-18T22:00:00Z,turbine_1,10,7.11,-11.3,0.2792319521318859,january-backtest-v1,d094eb03a52f303931989830f7b4efb0d2e6c3faabb6b6a47793e8f3af157ee1,100,assumed,unverified
2026-01-18T12:00:00Z,2026-01-18T00:00:00Z,2026-01-18T12:00:00Z,2026-01-18T22:00:00Z,turbine_2,10,7.11,-11.3,0.2951480490762006,january-backtest-v1,bc781886f00f59e8ca445d0499e557775f0ddd100dc689290ef2f3ac4fec1e9b,100,assumed,unverified
2026-01-18T12:00:00Z,2026-01-18T00:00:00Z,2026-01-18T12:00:00Z,2026-01-18T23:00:00Z,turbine_1,11,6.93,-11.0,0.25580706047653223,january-backtest-v1,d094eb03a52f303931989830f7b4efb0d2e6c3faabb6b6a47793e8f3af157ee1,100,assumed,unverified
2026-01-18T12:00:00Z,2026-01-18T00:00:00Z,2026-01-18T12:00:00Z,2026-01-18T23:00:00Z,turbine_2,11,6.93,-11.0,0.250373873052966,january-backtest-v1,bc781886f00f59e8ca445d0499e557775f0ddd100dc689290ef2f3ac4fec1e9b,100,assumed,unverified
2026-01-18T12:00:00Z,2026-01-18T00:00:00Z,2026-01-18T12:00:00Z,2026-01-19T00:00:00Z,turbine_1,12,6.91,-10.7,0.2529821964811219,january-backtest-v1,d094eb03a52f303931989830f7b4efb0d2e6c3faabb6b6a47793e8f3af157ee1,100,assumed,unverified
2026-01-18T12:00:00Z,2026-01-18T00:00:00Z,2026-01-18T12:00:00Z,2026-01-19T00:00:00Z,turbine_2,12,6.91,-10.7,0.250373873052966,january-backtest-v1,bc781886f00f59e8ca445d0499e557775f0ddd100dc689290ef2f3ac4fec1e9b,100,assumed,unverified
2026-01-18T12:00:00Z,2026-01-18T00:00:00Z,2026-01-18T12:00:00Z,2026-01-19T01:00:00Z,turbine_1,13,7.04,-10.6,0.2750215126757479,january-backtest-v1,d094eb03a52f303931989830f7b4efb0d2e6c3faabb6b6a47793e8f3af157ee1,100,assumed,unverified
2026-01-18T12:00:00Z,2026-01-18T00:00:00Z,2026-01-18T12:00:00Z,2026-01-19T01:00:00Z,turbine_2,13,7.04,-10.6,0.2826925667228514,january-backtest-v1,bc781886f00f59e8ca445d0499e557775f0ddd100dc689290ef2f3ac4fec1e9b,100,assumed,unverified
2026-01-18T12:00:00Z,2026-01-18T00:00:00Z,2026-01-18T12:00:00Z,2026-01-19T02:00:00Z,turbine_1,14,7.14,-10.7,0.291529183877776,january-backtest-v1,d094eb03a52f303931989830f7b4efb0d2e6c3faabb6b6a47793e8f3af157ee1,100,assumed,unverified
2026-01-18T12:00:00Z,2026-01-18T00:00:00Z,2026-01-18T12:00:00Z,2026-01-19T02:00:00Z,turbine_2,14,7.14,-10.7,0.29721710462283835,january-backtest-v1,bc781886f00f59e8ca445d0499e557775f0ddd100dc689290ef2f3ac4fec1e9b,100,assumed,unverified
2026-01-18T12:00:00Z,2026-01-18T00:00:00Z,2026-01-18T12:00:00Z,2026-01-19T03:00:00Z,turbine_1,15,6.95,-10.3,0.25580706047653223,january-backtest-v1,d094eb03a52f303931989830f7b4efb0d2e6c3faabb6b6a47793e8f3af157ee1,100,assumed,unverified
2026-01-18T12:00:00Z,2026-01-18T00:00:00Z,2026-01-18T12:00:00Z,2026-01-19T03:00:00Z,turbine_2,15,6.95,-10.3,0.2631202151566541,january-backtest-v1,bc781886f00f59e8ca445d0499e557775f0ddd100dc689290ef2f3ac4fec1e9b,100,assumed,unverified
2026-01-18T12:00:00Z,2026-01-18T00:00:00Z,2026-01-18T12:00:00Z,2026-01-19T04:00:00Z,turbine_1,16,7.83,-8.8,0.492491298769155,january-backtest-v1,d094eb03a52f303931989830f7b4efb0d2e6c3faabb6b6a47793e8f3af157ee1,100,assumed,unverified
2026-01-18T12:00:00Z,2026-01-18T00:00:00Z,2026-01-18T12:00:00Z,2026-01-19T04:00:00Z,turbine_2,16,7.83,-8.8,0.4570746551635262,january-backtest-v1,bc781886f00f59e8ca445d0499e557775f0ddd100dc689290ef2f3ac4fec1e9b,100,assumed,unverified
2026-01-18T12:00:00Z,2026-01-18T00:00:00Z,2026-01-18T12:00:00Z,2026-01-19T05:00:00Z,turbine_1,17,7.89,-7.0,0.48279515467911327,january-backtest-v1,d094eb03a52f303931989830f7b4efb0d2e6c3faabb6b6a47793e8f3af157ee1,100,assumed,unverified
2026-01-18T12:00:00Z,2026-01-18T00:00:00Z,2026-01-18T12:00:00Z,2026-01-19T05:00:00Z,turbine_2,17,7.89,-7.0,0.44783477165032637,january-backtest-v1,bc781886f00f59e8ca445d0499e557775f0ddd100dc689290ef2f3ac4fec1e9b,100,assumed,unverified
2026-01-18T12:00:00Z,2026-01-18T00:00:00Z,2026-01-18T12:00:00Z,2026-01-19T06:00:00Z,turbine_1,18,7.8,-6.0,0.4787136075202305,january-backtest-v1,d094eb03a52f303931989830f7b4efb0d2e6c3faabb6b6a47793e8f3af157ee1,100,assumed,unverified
2026-01-18T12:00:00Z,2026-01-18T00:00:00Z,2026-01-18T12:00:00Z,2026-01-19T06:00:00Z,turbine_2,18,7.8,-6.0,0.4223487903287866,january-backtest-v1,bc781886f00f59e8ca445d0499e557775f0ddd100dc689290ef2f3ac4fec1e9b,100,assumed,unverified
2026-01-18T12:00:00Z,2026-01-18T00:00:00Z,2026-01-18T12:00:00Z,2026-01-19T07:00:00Z,turbine_1,19,8.14,-4.8,0.5174043864064558,january-backtest-v1,d094eb03a52f303931989830f7b4efb0d2e6c3faabb6b6a47793e8f3af157ee1,100,assumed,unverified
2026-01-18T12:00:00Z,2026-01-18T00:00:00Z,2026-01-18T12:00:00Z,2026-01-19T07:00:00Z,turbine_2,19,8.14,-4.8,0.4911813966005098,january-backtest-v1,bc781886f00f59e8ca445d0499e557775f0ddd100dc689290ef2f3ac4fec1e9b,100,assumed,unverified
2026-01-18T12:00:00Z,2026-01-18T00:00:00Z,2026-01-18T12:00:00Z,2026-01-19T08:00:00Z,turbine_1,20,8.24,-3.3,0.5666513877025069,january-backtest-v1,d094eb03a52f303931989830f7b4efb0d2e6c3faabb6b6a47793e8f3af157ee1,100,assumed,unverified
2026-01-18T12:00:00Z,2026-01-18T00:00:00Z,2026-01-18T12:00:00Z,2026-01-19T08:00:00Z,turbine_2,20,8.24,-3.3,0.5259360873184739,january-backtest-v1,bc781886f00f59e8ca445d0499e557775f0ddd100dc689290ef2f3ac4fec1e9b,100,assumed,unverified
2026-01-18T12:00:00Z,2026-01-18T00:00:00Z,2026-01-18T12:00:00Z,2026-01-19T09:00:00Z,turbine_1,21,7.78,-2.6,0.4903987422518254,january-backtest-v1,d094eb03a52f303931989830f7b4efb0d2e6c3faabb6b6a47793e8f3af157ee1,100,assumed,unverified
2026-01-18T12:00:00Z,2026-01-18T00:00:00Z,2026-01-18T12:00:00Z,2026-01-19T09:00:00Z,turbine_2,21,7.78,-2.6,0.44816512508402717,january-backtest-v1,bc781886f00f59e8ca445d0499e557775f0ddd100dc689290ef2f3ac4fec1e9b,100,assumed,unverified
2026-01-18T12:00:00Z,2026-01-18T00:00:00Z,2026-01-18T12:00:00Z,2026-01-19T10:00:00Z,turbine_1,22,7.61,-2.9,0.446751001876069,january-backtest-v1,d094eb03a52f303931989830f7b4efb0d2e6c3faabb6b6a47793e8f3af157ee1,100,assumed,unverified
2026-01-18T12:00:00Z,2026-01-18T00:00:00Z,2026-01-18T12:00:00Z,2026-01-19T10:00:00Z,turbine_2,22,7.61,-2.9,0.41785887340866323,january-backtest-v1,bc781886f00f59e8ca445d0499e557775f0ddd100dc689290ef2f3ac4fec1e9b,100,assumed,unverified
2026-01-18T12:00:00Z,2026-01-18T00:00:00Z,2026-01-18T12:00:00Z,2026-01-19T11:00:00Z,turbine_1,23,7.23,-4.4,0.3713602814742923,january-backtest-v1,d094eb03a52f303931989830f7b4efb0d2e6c3faabb6b6a47793e8f3af157ee1,100,assumed,unverified
2026-01-18T12:00:00Z,2026-01-18T00:00:00Z,2026-01-18T12:00:00Z,2026-01-19T11:00:00Z,turbine_2,23,7.23,-4.4,0.3441082196132862,january-backtest-v1,bc781886f00f59e8ca445d0499e557775f0ddd100dc689290ef2f3ac4fec1e9b,100,assumed,unverified
2026-01-18T12:00:00Z,2026-01-18T00:00:00Z,2026-01-18T12:00:00Z,2026-01-19T12:00:00Z,turbine_1,24,6.37,-6.1,0.214724198458174,january-backtest-v1,d094eb03a52f303931989830f7b4efb0d2e6c3faabb6b6a47793e8f3af157ee1,100,assumed,unverified
2026-01-18T12:00:00Z,2026-01-18T00:00:00Z,2026-01-18T12:00:00Z,2026-01-19T12:00:00Z,turbine_2,24,6.37,-6.1,0.19202090959696252,january-backtest-v1,bc781886f00f59e8ca445d0499e557775f0ddd100dc689290ef2f3ac4fec1e9b,100,assumed,unverified
2026-01-18T12:00:00Z,2026-01-18T00:00:00Z,2026-01-18T12:00:00Z,2026-01-19T13:00:00Z,turbine_1,25,5.41,-7.2,0.0954485539026893,january-backtest-v1,d094eb03a52f303931989830f7b4efb0d2e6c3faabb6b6a47793e8f3af157ee1,100,assumed,unverified
2026-01-18T12:00:00Z,2026-01-18T00:00:00Z,2026-01-18T12:00:00Z,2026-01-19T13:00:00Z,turbine_2,25,5.41,-7.2,0.08367892102535501,january-backtest-v1,bc781886f00f59e8ca445d0499e557775f0ddd100dc689290ef2f3ac4fec1e9b,100,assumed,unverified
2026-01-18T12:00:00Z,2026-01-18T00:00:00Z,2026-01-18T12:00:00Z,2026-01-19T14:00:00Z,turbine_1,26,5.04,-8.8,0.06752090479665379,january-backtest-v1,d094eb03a52f303931989830f7b4efb0d2e6c3faabb6b6a47793e8f3af157ee1,100,assumed,unverified
2026-01-18T12:00:00Z,2026-01-18T00:00:00Z,2026-01-18T12:00:00Z,2026-01-19T14:00:00Z,turbine_2,26,5.04,-8.8,0.05462700553059879,january-backtest-v1,bc781886f00f59e8ca445d0499e557775f0ddd100dc689290ef2f3ac4fec1e9b,100,assumed,unverified
2026-01-18T12:00:00Z,2026-01-18T00:00:00Z,2026-01-18T12:00:00Z,2026-01-19T15:00:00Z,turbine_1,27,4.59,-8.2,0.037925726993335795,january-backtest-v1,d094eb03a52f303931989830f7b4efb0d2e6c3faabb6b6a47793e8f3af157ee1,100,assumed,unverified
2026-01-18T12:00:00Z,2026-01-18T00:00:00Z,2026-01-18T12:00:00Z,2026-01-19T15:00:00Z,turbine_2,27,4.59,-8.2,0.03581498715396397,january-backtest-v1,bc781886f00f59e8ca445d0499e557775f0ddd100dc689290ef2f3ac4fec1e9b,100,assumed,unverified
2026-01-18T12:00:00Z,2026-01-18T00:00:00Z,2026-01-18T12:00:00Z,2026-01-19T16:00:00Z,turbine_1,28,4.14,-8.9,0.027191928828634748,january-backtest-v1,d094eb03a52f303931989830f7b4efb0d2e6c3faabb6b6a47793e8f3af157ee1,100,assumed,unverified
2026-01-18T12:00:00Z,2026-01-18T00:00:00Z,2026-01-18T12:00:00Z,2026-01-19T16:00:00Z,turbine_2,28,4.14,-8.9,0.024576080426062186,january-backtest-v1,bc781886f00f59e8ca445d0499e557775f0ddd100dc689290ef2f3ac4fec1e9b,100,assumed,unverified
2026-01-18T12:00:00Z,2026-01-18T00:00:00Z,2026-01-18T12:00:00Z,2026-01-19T17:00:00Z,turbine_1,29,3.97,-9.7,0.023357133695340926,january-backtest-v1,d094eb03a52f303931989830f7b4efb0d2e6c3faabb6b6a47793e8f3af157ee1,100,assumed,unverified
2026-01-18T12:00:00Z,2026-01-18T00:00:00Z,2026-01-18T12:00:00Z,2026-01-19T17:00:00Z,turbine_2,29,3.97,-9.7,0.02390840525011828,january-backtest-v1,bc781886f00f59e8ca445d0499e557775f0ddd100dc689290ef2f3ac4fec1e9b,100,assumed,unverified
2026-01-18T12:00:00Z,2026-01-18T00:00:00Z,2026-01-18T12:00:00Z,2026-01-19T18:00:00Z,turbine_1,30,3.97,-9.1,0.023357133695340926,january-backtest-v1,d094eb03a52f303931989830f7b4efb0d2e6c3faabb6b6a47793e8f3af157ee1,100,assumed,unverified
2026-01-18T12:00:00Z,2026-01-18T00:00:00Z,2026-01-18T12:00:00Z,2026-01-19T18:00:00Z,turbine_2,30,3.97,-9.1,0.02390840525011828,january-backtest-v1,bc781886f00f59e8ca445d0499e557775f0ddd100dc689290ef2f3ac4fec1e9b,100,assumed,unverified
2026-01-18T12:00:00Z,2026-01-18T00:00:00Z,2026-01-18T12:00:00Z,2026-01-19T19:00:00Z,turbine_1,31,4.17,-9.2,0.028228190291017752,january-backtest-v1,d094eb03a52f303931989830f7b4efb0d2e6c3faabb6b6a47793e8f3af157ee1,100,assumed,unverified
2026-01-18T12:00:00Z,2026-01-18T00:00:00Z,2026-01-18T12:00:00Z,2026-01-19T19:00:00Z,turbine_2,31,4.17,-9.2,0.02447793031839962,january-backtest-v1,bc781886f00f59e8ca445d0499e557775f0ddd100dc689290ef2f3ac4fec1e9b,100,assumed,unverified
2026-01-18T12:00:00Z,2026-01-18T00:00:00Z,2026-01-18T12:00:00Z,2026-01-19T20:00:00Z,turbine_1,32,4.12,-9.5,0.027191928828634748,january-backtest-v1,d094eb03a52f303931989830f7b4efb0d2e6c3faabb6b6a47793e8f3af157ee1,100,assumed,unverified
2026-01-18T12:00:00Z,2026-01-18T00:00:00Z,2026-01-18T12:00:00Z,2026-01-19T20:00:00Z,turbine_2,32,4.12,-9.5,0.024576080426062186,january-backtest-v1,bc781886f00f59e8ca445d0499e557775f0ddd100dc689290ef2f3ac4fec1e9b,100,assumed,unverified
2026-01-18T12:00:00Z,2026-01-18T00:00:00Z,2026-01-18T12:00:00Z,2026-01-19T21:00:00Z,turbine_1,33,4.23,-9.4,0.02802509169592099,january-backtest-v1,d094eb03a52f303931989830f7b4efb0d2e6c3faabb6b6a47793e8f3af157ee1,100,assumed,unverified
2026-01-18T12:00:00Z,2026-01-18T00:00:00Z,2026-01-18T12:00:00Z,2026-01-19T21:00:00Z,turbine_2,33,4.23,-9.4,0.02455770621498904,january-backtest-v1,bc781886f00f59e8ca445d0499e557775f0ddd100dc689290ef2f3ac4fec1e9b,100,assumed,unverified
2026-01-18T12:00:00Z,2026-01-18T00:00:00Z,2026-01-18T12:00:00Z,2026-01-19T22:00:00Z,turbine_1,34,4.48,-9.2,0.032762613736472046,january-backtest-v1,d094eb03a52f303931989830f7b4efb0d2e6c3faabb6b6a47793e8f3af157ee1,100,assumed,unverified
2026-01-18T12:00:00Z,2026-01-18T00:00:00Z,2026-01-18T12:00:00Z,2026-01-19T22:00:00Z,turbine_2,34,4.48,-9.2,0.029606492848298027,january-backtest-v1,bc781886f00f59e8ca445d0499e557775f0ddd100dc689290ef2f3ac4fec1e9b,100,assumed,unverified
2026-01-18T12:00:00Z,2026-01-18T00:00:00Z,2026-01-18T12:00:00Z,2026-01-19T23:00:00Z,turbine_1,35,4.06,-10.2,0.02224607236085918,january-backtest-v1,d094eb03a52f303931989830f7b4efb0d2e6c3faabb6b6a47793e8f3af157ee1,100,assumed,unverified
2026-01-18T12:00:00Z,2026-01-18T00:00:00Z,2026-01-18T12:00:00Z,2026-01-19T23:00:00Z,turbine_2,35,4.06,-10.2,0.020125841233470443,january-backtest-v1,bc781886f00f59e8ca445d0499e557775f0ddd100dc689290ef2f3ac4fec1e9b,100,assumed,unverified
2026-01-18T12:00:00Z,2026-01-18T00:00:00Z,2026-01-18T12:00:00Z,2026-01-20T00:00:00Z,turbine_1,36,3.54,-9.2,0.015907282008705947,january-backtest-v1,d094eb03a52f303931989830f7b4efb0d2e6c3faabb6b6a47793e8f3af157ee1,100,assumed,unverified
2026-01-18T12:00:00Z,2026-01-18T00:00:00Z,2026-01-18T12:00:00Z,2026-01-20T00:00:00Z,turbine_2,36,3.54,-9.2,0.008689591223954685,january-backtest-v1,bc781886f00f59e8ca445d0499e557775f0ddd100dc689290ef2f3ac4fec1e9b,100,assumed,unverified
2026-01-18T12:00:00Z,2026-01-18T00:00:00Z,2026-01-18T12:00:00Z,2026-01-20T01:00:00Z,turbine_1,37,3.37,-8.4,0.00993003434394163,january-backtest-v1,d094eb03a52f303931989830f7b4efb0d2e6c3faabb6b6a47793e8f3af157ee1,100,assumed,unverified
2026-01-18T12:00:00Z,2026-01-18T00:00:00Z,2026-01-18T12:00:00Z,2026-01-20T01:00:00Z,turbine_2,37,3.37,-8.4,0.009833102350042255,january-backtest-v1,bc781886f00f59e8ca445d0499e557775f0ddd100dc689290ef2f3ac4fec1e9b,100,assumed,unverified
2026-01-18T12:00:00Z,2026-01-18T00:00:00Z,2026-01-18T12:00:00Z,2026-01-20T02:00:00Z,turbine_1,38,2.98,-8.5,0.0030636533747446237,january-backtest-v1,d094eb03a52f303931989830f7b4efb0d2e6c3faabb6b6a47793e8f3af157ee1,100,assumed,unverified
2026-01-18T12:00:00Z,2026-01-18T00:00:00Z,2026-01-18T12:00:00Z,2026-01-20T02:00:00Z,turbine_2,38,2.98,-8.5,0.005087364845656472,january-backtest-v1,bc781886f00f59e8ca445d0499e557775f0ddd100dc689290ef2f3ac4fec1e9b,100,assumed,unverified
2026-01-18T12:00:00Z,2026-01-18T00:00:00Z,2026-01-18T12:00:00Z,2026-01-20T03:00:00Z,turbine_1,39,1.31,-7.5,0.0075761856257428595,january-backtest-v1,d094eb03a52f303931989830f7b4efb0d2e6c3faabb6b6a47793e8f3af157ee1,100,assumed,unverified
2026-01-18T12:00:00Z,2026-01-18T00:00:00Z,2026-01-18T12:00:00Z,2026-01-20T03:00:00Z,turbine_2,39,1.31,-7.5,0.009168441902212221,january-backtest-v1,bc781886f00f59e8ca445d0499e557775f0ddd100dc689290ef2f3ac4fec1e9b,100,assumed,unverified
2026-01-18T12:00:00Z,2026-01-18T00:00:00Z,2026-01-18T12:00:00Z,2026-01-20T04:00:00Z,turbine_1,40,0.36,-7.1,0.009928969241732699,january-backtest-v1,d094eb03a52f303931989830f7b4efb0d2e6c3faabb6b6a47793e8f3af157ee1,100,assumed,unverified
2026-01-18T12:00:00Z,2026-01-18T00:00:00Z,2026-01-18T12:00:00Z,2026-01-20T04:00:00Z,turbine_2,40,0.36,-7.1,0.010432693486747635,january-backtest-v1,bc781886f00f59e8ca445d0499e557775f0ddd100dc689290ef2f3ac4fec1e9b,100,assumed,unverified
2026-01-18T12:00:00Z,2026-01-18T00:00:00Z,2026-01-18T12:00:00Z,2026-01-20T05:00:00Z,turbine_1,41,1.03,-6.2,0.008634906711535772,january-backtest-v1,d094eb03a52f303931989830f7b4efb0d2e6c3faabb6b6a47793e8f3af157ee1,100,assumed,unverified
2026-01-18T12:00:00Z,2026-01-18T00:00:00Z,2026-01-18T12:00:00Z,2026-01-20T05:00:00Z,turbine_2,41,1.03,-6.2,0.009893771910730875,january-backtest-v1,bc781886f00f59e8ca445d0499e557775f0ddd100dc689290ef2f3ac4fec1e9b,100,assumed,unverified
2026-01-18T12:00:00Z,2026-01-18T00:00:00Z,2026-01-18T12:00:00Z,2026-01-20T06:00:00Z,turbine_1,42,1.7,-4.8,0.00784939766027648,january-backtest-v1,d094eb03a52f303931989830f7b4efb0d2e6c3faabb6b6a47793e8f3af157ee1,100,assumed,unverified
2026-01-18T12:00:00Z,2026-01-18T00:00:00Z,2026-01-18T12:00:00Z,2026-01-20T06:00:00Z,turbine_2,42,1.7,-4.8,0.007411760588511285,january-backtest-v1,bc781886f00f59e8ca445d0499e557775f0ddd100dc689290ef2f3ac4fec1e9b,100,assumed,unverified
2026-01-18T12:00:00Z,2026-01-18T00:00:00Z,2026-01-18T12:00:00Z,2026-01-20T07:00:00Z,turbine_1,43,2.13,-4.2,0.007522924997569791,january-backtest-v1,d094eb03a52f303931989830f7b4efb0d2e6c3faabb6b6a47793e8f3af157ee1,100,assumed,unverified
2026-01-18T12:00:00Z,2026-01-18T00:00:00Z,2026-01-18T12:00:00Z,2026-01-20T07:00:00Z,turbine_2,43,2.13,-4.2,0.0074861725019217396,january-backtest-v1,bc781886f00f59e8ca445d0499e557775f0ddd100dc689290ef2f3ac4fec1e9b,100,assumed,unverified
2026-01-18T12:00:00Z,2026-01-18T00:00:00Z,2026-01-18T12:00:00Z,2026-01-20T08:00:00Z,turbine_1,44,2.24,-3.0,0.008441624854961582,january-backtest-v1,d094eb03a52f303931989830f7b4efb0d2e6c3faabb6b6a47793e8f3af157ee1,100,assumed,unverified
2026-01-18T12:00:00Z,2026-01-18T00:00:00Z,2026-01-18T12:00:00Z,2026-01-20T08:00:00Z,turbine_2,44,2.24,-3.0,0.011099205362590792,january-backtest-v1,bc781886f00f59e8ca445d0499e557775f0ddd100dc689290ef2f3ac4fec1e9b,100,assumed,unverified
2026-01-18T12:00:00Z,2026-01-18T00:00:00Z,2026-01-18T12:00:00Z,2026-01-20T09:00:00Z,turbine_1,45,2.12,-2.2,0.008443674492413289,january-backtest-v1,d094eb03a52f303931989830f7b4efb0d2e6c3faabb6b6a47793e8f3af157ee1,100,assumed,unverified
2026-01-18T12:00:00Z,2026-01-18T00:00:00Z,2026-01-18T12:00:00Z,2026-01-20T09:00:00Z,turbine_2,45,2.12,-2.2,0.006110468471572594,january-backtest-v1,bc781886f00f59e8ca445d0499e557775f0ddd100dc689290ef2f3ac4fec1e9b,100,assumed,unverified
2026-01-18T12:00:00Z,2026-01-18T00:00:00Z,2026-01-18T12:00:00Z,2026-01-20T10:00:00Z,turbine_1,46,2.57,-2.5,0.008403139103227986,january-backtest-v1,d094eb03a52f303931989830f7b4efb0d2e6c3faabb6b6a47793e8f3af157ee1,100,assumed,unverified
2026-01-18T12:00:00Z,2026-01-18T00:00:00Z,2026-01-18T12:00:00Z,2026-01-20T10:00:00Z,turbine_2,46,2.57,-2.5,0.004270304805634617,january-backtest-v1,bc781886f00f59e8ca445d0499e557775f0ddd100dc689290ef2f3ac4fec1e9b,100,assumed,unverified
2026-01-18T12:00:00Z,2026-01-18T00:00:00Z,2026-01-18T12:00:00Z,2026-01-20T11:00:00Z,turbine_1,47,3.55,-4.2,0.020129575609979578,january-backtest-v1,d094eb03a52f303931989830f7b4efb0d2e6c3faabb6b6a47793e8f3af157ee1,100,assumed,unverified
2026-01-18T12:00:00Z,2026-01-18T00:00:00Z,2026-01-18T12:00:00Z,2026-01-20T11:00:00Z,turbine_2,47,3.55,-4.2,0.011434085357238055,january-backtest-v1,bc781886f00f59e8ca445d0499e557775f0ddd100dc689290ef2f3ac4fec1e9b,100,assumed,unverified
2026-01-18T12:00:00Z,2026-01-18T00:00:00Z,2026-01-18T12:00:00Z,2026-01-20T12:00:00Z,turbine_1,48,3.26,-6.6,0.014216371573037123,january-backtest-v1,d094eb03a52f303931989830f7b4efb0d2e6c3faabb6b6a47793e8f3af157ee1,100,assumed,unverified
2026-01-18T12:00:00Z,2026-01-18T00:00:00Z,2026-01-18T12:00:00Z,2026-01-20T12:00:00Z,turbine_2,48,3.26,-6.6,0.010722817727315315,january-backtest-v1,bc781886f00f59e8ca445d0499e557775f0ddd100dc689290ef2f3ac4fec1e9b,100,assumed,unverified
2026-01-19T12:00:00Z,2026-01-19T00:00:00Z,2026-01-19T12:00:00Z,2026-01-19T13:00:00Z,turbine_1,1,5.7,-8.1,0.11858384057432236,january-backtest-v1,d094eb03a52f303931989830f7b4efb0d2e6c3faabb6b6a47793e8f3af157ee1,100,assumed,unverified
2026-01-19T12:00:00Z,2026-01-19T00:00:00Z,2026-01-19T12:00:00Z,2026-01-19T13:00:00Z,turbine_2,1,5.7,-8.1,0.08738043373011023,january-backtest-v1,bc781886f00f59e8ca445d0499e557775f0ddd100dc689290ef2f3ac4fec1e9b,100,assumed,unverified
2026-01-19T12:00:00Z,2026-01-19T00:00:00Z,2026-01-19T12:00:00Z,2026-01-19T14:00:00Z,turbine_1,2,5.26,-8.3,0.08350539581472716,january-backtest-v1,d094eb03a52f303931989830f7b4efb0d2e6c3faabb6b6a47793e8f3af157ee1,100,assumed,unverified
2026-01-19T12:00:00Z,2026-01-19T00:00:00Z,2026-01-19T12:00:00Z,2026-01-19T14:00:00Z,turbine_2,2,5.26,-8.3,0.06173462454465939,january-backtest-v1,bc781886f00f59e8ca445d0499e557775f0ddd100dc689290ef2f3ac4fec1e9b,100,assumed,unverified
2026-01-19T12:00:00Z,2026-01-19T00:00:00Z,2026-01-19T12:00:00Z,2026-01-19T15:00:00Z,turbine_1,3,4.59,-8.7,0.037304334961169805,january-backtest-v1,d094eb03a52f303931989830f7b4efb0d2e6c3faabb6b6a47793e8f3af157ee1,100,assumed,unverified
2026-01-19T12:00:00Z,2026-01-19T00:00:00Z,2026-01-19T12:00:00Z,2026-01-19T15:00:00Z,turbine_2,3,4.59,-8.7,0.03581498715396397,january-backtest-v1,bc781886f00f59e8ca445d0499e557775f0ddd100dc689290ef2f3ac4fec1e9b,100,assumed,unverified
2026-01-19T12:00:00Z,2026-01-19T00:00:00Z,2026-01-19T12:00:00Z,2026-01-19T16:00:00Z,turbine_1,4,3.64,-8.9,0.019080660600408084,january-backtest-v1,d094eb03a52f303931989830f7b4efb0d2e6c3faabb6b6a47793e8f3af157ee1,100,assumed,unverified
2026-01-19T12:00:00Z,2026-01-19T00:00:00Z,2026-01-19T12:00:00Z,2026-01-19T16:00:00Z,turbine_2,4,3.64,-8.9,0.015206057202313328,january-backtest-v1,bc781886f00f59e8ca445d0499e557775f0ddd100dc689290ef2f3ac4fec1e9b,100,assumed,unverified
2026-01-19T12:00:00Z,2026-01-19T00:00:00Z,2026-01-19T12:00:00Z,2026-01-19T17:00:00Z,turbine_1,5,2.89,-9.5,0.0039481660660996565,january-backtest-v1,d094eb03a52f303931989830f7b4efb0d2e6c3faabb6b6a47793e8f3af157ee1,100,assumed,unverified
2026-01-19T12:00:00Z,2026-01-19T00:00:00Z,2026-01-19T12:00:00Z,2026-01-19T17:00:00Z,turbine_2,5,2.89,-9.5,0.00652665936857777,january-backtest-v1,bc781886f00f59e8ca445d0499e557775f0ddd100dc689290ef2f3ac4fec1e9b,100,assumed,unverified
2026-01-19T12:00:00Z,2026-01-19T00:00:00Z,2026-01-19T12:00:00Z,2026-01-19T18:00:00Z,turbine_1,6,2.82,-9.2,0.0055504951887538345,january-backtest-v1,d094eb03a52f303931989830f7b4efb0d2e6c3faabb6b6a47793e8f3af157ee1,100,assumed,unverified
2026-01-19T12:00:00Z,2026-01-19T00:00:00Z,2026-01-19T12:00:00Z,2026-01-19T18:00:00Z,turbine_2,6,2.82,-9.2,0.0073894032155206735,january-backtest-v1,bc781886f00f59e8ca445d0499e557775f0ddd100dc689290ef2f3ac4fec1e9b,100,assumed,unverified
2026-01-19T12:00:00Z,2026-01-19T00:00:00Z,2026-01-19T12:00:00Z,2026-01-19T19:00:00Z,turbine_1,7,2.86,-9.0,0.0039481660660996565,january-backtest-v1,d094eb03a52f303931989830f7b4efb0d2e6c3faabb6b6a47793e8f3af157ee1,100,assumed,unverified
2026-01-19T12:00:00Z,2026-01-19T00:00:00Z,2026-01-19T12:00:00Z,2026-01-19T19:00:00Z,turbine_2,7,2.86,-9.0,0.00652665936857777,january-backtest-v1,bc781886f00f59e8ca445d0499e557775f0ddd100dc689290ef2f3ac4fec1e9b,100,assumed,unverified
2026-01-19T12:00:00Z,2026-01-19T00:00:00Z,2026-01-19T12:00:00Z,2026-01-19T20:00:00Z,turbine_1,8,2.53,-8.7,0.006582039031516607,january-backtest-v1,d094eb03a52f303931989830f7b4efb0d2e6c3faabb6b6a47793e8f3af157ee1,100,assumed,unverified
2026-01-19T12:00:00Z,2026-01-19T00:00:00Z,2026-01-19T12:00:00Z,2026-01-19T20:00:00Z,turbine_2,8,2.53,-8.7,0.005720566938953675,january-backtest-v1,bc781886f00f59e8ca445d0499e557775f0ddd100dc689290ef2f3ac4fec1e9b,100,assumed,unverified
2026-01-19T12:00:00Z,2026-01-19T00:00:00Z,2026-01-19T12:00:00Z,2026-01-19T21:00:00Z,turbine_1,9,2.29,-8.6,0.007033865461760824,january-backtest-v1,d094eb03a52f303931989830f7b4efb0d2e6c3faabb6b6a47793e8f3af157ee1,100,assumed,unverified
2026-01-19T12:00:00Z,2026-01-19T00:00:00Z,2026-01-19T12:00:00Z,2026-01-19T21:00:00Z,turbine_2,9,2.29,-8.6,0.009368226736806429,january-backtest-v1,bc781886f00f59e8ca445d0499e557775f0ddd100dc689290ef2f3ac4fec1e9b,100,assumed,unverified
2026-01-19T12:00:00Z,2026-01-19T00:00:00Z,2026-01-19T12:00:00Z,2026-01-19T22:00:00Z,turbine_1,10,1.94,-8.6,0.009189482058819365,january-backtest-v1,d094eb03a52f303931989830f7b4efb0d2e6c3faabb6b6a47793e8f3af157ee1,100,assumed,unverified
2026-01-19T12:00:00Z,2026-01-19T00:00:00Z,2026-01-19T12:00:00Z,2026-01-19T22:00:00Z,turbine_2,10,1.94,-8.6,0.008262838217862889,january-backtest-v1,bc781886f00f59e8ca445d0499e557775f0ddd100dc689290ef2f3ac4fec1e9b,100,assumed,unverified
2026-01-19T12:00:00Z,2026-01-19T00:00:00Z,2026-01-19T12:00:00Z,2026-01-19T23:00:00Z,turbine_1,11,2.26,-8.9,0.007117600185554851,january-backtest-v1,d094eb03a52f303931989830f7b4efb0d2e6c3faabb6b6a47793e8f3af157ee1,100,assumed,unverified
2026-01-19T12:00:00Z,2026-01-19T00:00:00Z,2026-01-19T12:00:00Z,2026-01-19T23:00:00Z,turbine_2,11,2.26,-8.9,0.00954958175565479,january-backtest-v1,bc781886f00f59e8ca445d0499e557775f0ddd100dc689290ef2f3ac4fec1e9b,100,assumed,unverified
2026-01-19T12:00:00Z,2026-01-19T00:00:00Z,2026-01-19T12:00:00Z,2026-01-20T00:00:00Z,turbine_1,12,2.1,-9.1,0.006618955328284437,january-backtest-v1,d094eb03a52f303931989830f7b4efb0d2e6c3faabb6b6a47793e8f3af157ee1,100,assumed,unverified
2026-01-19T12:00:00Z,2026-01-19T00:00:00Z,2026-01-19T12:00:00Z,2026-01-20T00:00:00Z,turbine_2,12,2.1,-9.1,0.008216843817394126,january-backtest-v1,bc781886f00f59e8ca445d0499e557775f0ddd100dc689290ef2f3ac4fec1e9b,100,assumed,unverified
2026-01-19T12:00:00Z,2026-01-19T00:00:00Z,2026-01-19T12:00:00Z,2026-01-20T01:00:00Z,turbine_1,13,1.58,-9.1,0.007935853286940076,january-backtest-v1,d094eb03a52f303931989830f7b4efb0d2e6c3faabb6b6a47793e8f3af157ee1,100,assumed,unverified
2026-01-19T12:00:00Z,2026-01-19T00:00:00Z,2026-01-19T12:00:00Z,2026-01-20T01:00:00Z,turbine_2,13,1.58,-9.1,0.007927212681068496,january-backtest-v1,bc781886f00f59e8ca445d0499e557775f0ddd100dc689290ef2f3ac4fec1e9b,100,assumed,unverified
2026-01-19T12:00:00Z,2026-01-19T00:00:00Z,2026-01-19T12:00:00Z,2026-01-20T02:00:00Z,turbine_1,14,1.0,-8.8,0.00814627916161409,january-backtest-v1,d094eb03a52f303931989830f7b4efb0d2e6c3faabb6b6a47793e8f3af157ee1,100,assumed,unverified
2026-01-19T12:00:00Z,2026-01-19T00:00:00Z,2026-01-19T12:00:00Z,2026-01-20T02:00:00Z,turbine_2,14,1.0,-8.8,0.009311426902062936,january-backtest-v1,bc781886f00f59e8ca445d0499e557775f0ddd100dc689290ef2f3ac4fec1e9b,100,assumed,unverified
2026-01-19T12:00:00Z,2026-01-19T00:00:00Z,2026-01-19T12:00:00Z,2026-01-20T03:00:00Z,turbine_1,15,0.7,-8.8,0.008662295359458172,january-backtest-v1,d094eb03a52f303931989830f7b4efb0d2e6c3faabb6b6a47793e8f3af157ee1,100,assumed,unverified
2026-01-19T12:00:00Z,2026-01-19T00:00:00Z,2026-01-19T12:00:00Z,2026-01-20T03:00:00Z,turbine_2,15,0.7,-8.8,0.00991242643384127,january-backtest-v1,bc781886f00f59e8ca445d0499e557775f0ddd100dc689290ef2f3ac4fec1e9b,100,assumed,unverified
2026-01-19T12:00:00Z,2026-01-19T00:00:00Z,2026-01-19T12:00:00Z,2026-01-20T04:00:00Z,turbine_1,16,0.25,-8.6,0.008662295359458172,january-backtest-v1,d094eb03a52f303931989830f7b4efb0d2e6c3faabb6b6a47793e8f3af157ee1,100,assumed,unverified
2026-01-19T12:00:00Z,2026-01-19T00:00:00Z,2026-01-19T12:00:00Z,2026-01-20T04:00:00Z,turbine_2,16,0.25,-8.6,0.00991242643384127,january-backtest-v1,bc781886f00f59e8ca445d0499e557775f0ddd100dc689290ef2f3ac4fec1e9b,100,assumed,unverified
2026-01-19T12:00:00Z,2026-01-19T00:00:00Z,2026-01-19T12:00:00Z,2026-01-20T05:00:00Z,turbine_1,17,1.55,-6.3,0.008298437852961749,january-backtest-v1,d094eb03a52f303931989830f7b4efb0d2e6c3faabb6b6a47793e8f3af157ee1,100,assumed,unverified
2026-01-19T12:00:00Z,2026-01-19T00:00:00Z,2026-01-19T12:00:00Z,2026-01-20T05:00:00Z,turbine_2,17,1.55,-6.3,0.009123524254305015,january-backtest-v1,bc781886f00f59e8ca445d0499e557775f0ddd100dc689290ef2f3ac4fec1e9b,100,assumed,unverified
2026-01-19T12:00:00Z,2026-01-19T00:00:00Z,2026-01-19T12:00:00Z,2026-01-20T06:00:00Z,turbine_1,18,2.53,-4.8,0.007974943159236136,january-backtest-v1,d094eb03a52f303931989830f7b4efb0d2e6c3faabb6b6a47793e8f3af157ee1,100,assumed,unverified
2026-01-19T12:00:00Z,2026-01-19T00:00:00Z,2026-01-19T12:00:00Z,2026-01-20T06:00:00Z,turbine_2,18,2.53,-4.8,0.005441143808276261,january-backtest-v1,bc781886f00f59e8ca445d0499e557775f0ddd100dc689290ef2f3ac4fec1e9b,100,assumed,unverified
2026-01-19T12:00:00Z,2026-01-19T00:00:00Z,2026-01-19T12:00:00Z,2026-01-20T07:00:00Z,turbine_1,19,2.35,-3.8,0.00754131854864315,january-backtest-v1,d094eb03a52f303931989830f7b4efb0d2e6c3faabb6b6a47793e8f3af157ee1,100,assumed,unverified
2026-01-19T12:00:00Z,2026-01-19T00:00:00Z,2026-01-19T12:00:00Z,2026-01-20T07:00:00Z,turbine_2,19,2.35,-3.8,0.0073350336456590726,january-backtest-v1,bc781886f00f59e8ca445d0499e557775f0ddd100dc689290ef2f3ac4fec1e9b,100,assumed,unverified
2026-01-19T12:00:00Z,2026-01-19T00:00:00Z,2026-01-19T12:00:00Z,2026-01-20T08:00:00Z,turbine_1,20,2.3,-3.1,0.008357890131167556,january-backtest-v1,d094eb03a52f303931989830f7b4efb0d2e6c3faabb6b6a47793e8f3af157ee1,100,assumed,unverified
2026-01-19T12:00:00Z,2026-01-19T00:00:00Z,2026-01-19T12:00:00Z,2026-01-20T08:00:00Z,turbine_2,20,2.3,-3.1,0.01091785034374243,january-backtest-v1,bc781886f00f59e8ca445d0499e557775f0ddd100dc689290ef2f3ac4fec1e9b,100,assumed,unverified
2026-01-19T12:00:00Z,2026-01-19T00:00:00Z,2026-01-19T12:00:00Z,2026-01-20T09:00:00Z,turbine_1,21,2.01,-2.8,0.008710732238217223,january-backtest-v1,d094eb03a52f303931989830f7b4efb0d2e6c3faabb6b6a47793e8f3af157ee1,100,assumed,unverified
2026-01-19T12:00:00Z,2026-01-19T00:00:00Z,2026-01-19T12:00:00Z,2026-01-20T09:00:00Z,turbine_2,21,2.01,-2.8,0.008690689708466204,january-backtest-v1,bc781886f00f59e8ca445d0499e557775f0ddd100dc689290ef2f3ac4fec1e9b,100,assumed,unverified
2026-01-19T12:00:00Z,2026-01-19T00:00:00Z,2026-01-19T12:00:00Z,2026-01-20T10:00:00Z,turbine_1,22,2.14,-3.2,0.008688710580603498,january-backtest-v1,d094eb03a52f303931989830f7b4efb0d2e6c3faabb6b6a47793e8f3af157ee1,100,assumed,unverified
2026-01-19T12:00:00Z,2026-01-19T00:00:00Z,2026-01-19T12:00:00Z,2026-01-20T10:00:00Z,turbine_2,22,2.14,-3.2,0.009731757444393974,january-backtest-v1,bc781886f00f59e8ca445d0499e557775f0ddd100dc689290ef2f3ac4fec1e9b,100,assumed,unverified
2026-01-19T12:00:00Z,2026-01-19T00:00:00Z,2026-01-19T12:00:00Z,2026-01-20T11:00:00Z,turbine_1,23,2.48,-5.1,0.008035539417731274,january-backtest-v1,d094eb03a52f303931989830f7b4efb0d2e6c3faabb6b6a47793e8f3af157ee1,100,assumed,unverified
2026-01-19T12:00:00Z,2026-01-19T00:00:00Z,2026-01-19T12:00:00Z,2026-01-20T11:00:00Z,turbine_2,23,2.48,-5.1,0.007949830082213116,january-backtest-v1,bc781886f00f59e8ca445d0499e557775f0ddd100dc689290ef2f3ac4fec1e9b,100,assumed,unverified
2026-01-19T12:00:00Z,2026-01-19T00:00:00Z,2026-01-19T12:00:00Z,2026-01-20T12:00:00Z,turbine_1,24,1.16,-7.3,0.007717925180258434,january-backtest-v1,d094eb03a52f303931989830f7b4efb0d2e6c3faabb6b6a47793e8f3af157ee1,100,assumed,unverified
2026-01-19T12:00:00Z,2026-01-19T00:00:00Z,2026-01-19T12:00:00Z,2026-01-20T12:00:00Z,turbine_2,24,1.16,-7.3,0.009542287545414696,january-backtest-v1,bc781886f00f59e8ca445d0499e557775f0ddd100dc689290ef2f3ac4fec1e9b,100,assumed,unverified
2026-01-19T12:00:00Z,2026-01-19T00:00:00Z,2026-01-19T12:00:00Z,2026-01-20T13:00:00Z,turbine_1,25,1.17,-8.5,0.008238171964142227,january-backtest-v1,d094eb03a52f303931989830f7b4efb0d2e6c3faabb6b6a47793e8f3af157ee1,100,assumed,unverified
2026-01-19T12:00:00Z,2026-01-19T00:00:00Z,2026-01-19T12:00:00Z,2026-01-20T13:00:00Z,turbine_2,25,1.17,-8.5,0.008464479405815073,january-backtest-v1,bc781886f00f59e8ca445d0499e557775f0ddd100dc689290ef2f3ac4fec1e9b,100,assumed,unverified
2026-01-19T12:00:00Z,2026-01-19T00:00:00Z,2026-01-19T12:00:00Z,2026-01-20T14:00:00Z,turbine_1,26,2.55,-9.0,0.006582039031516607,january-backtest-v1,d094eb03a52f303931989830f7b4efb0d2e6c3faabb6b6a47793e8f3af157ee1,100,assumed,unverified
2026-01-19T12:00:00Z,2026-01-19T00:00:00Z,2026-01-19T12:00:00Z,2026-01-20T14:00:00Z,turbine_2,26,2.55,-9.0,0.005720566938953675,january-backtest-v1,bc781886f00f59e8ca445d0499e557775f0ddd100dc689290ef2f3ac4fec1e9b,100,assumed,unverified
2026-01-19T12:00:00Z,2026-01-19T00:00:00Z,2026-01-19T12:00:00Z,2026-01-20T15:00:00Z,turbine_1,27,4.26,-8.4,0.02754739391239669,january-backtest-v1,d094eb03a52f303931989830f7b4efb0d2e6c3faabb6b6a47793e8f3af157ee1,100,assumed,unverified
2026-01-19T12:00:00Z,2026-01-19T00:00:00Z,2026-01-19T12:00:00Z,2026-01-20T15:00:00Z,turbine_2,27,4.26,-8.4,0.023158896736842516,january-backtest-v1,bc781886f00f59e8ca445d0499e557775f0ddd100dc689290ef2f3ac4fec1e9b,100,assumed,unverified
2026-01-19T12:00:00Z,2026-01-19T00:00:00Z,2026-01-19T12:00:00Z,2026-01-20T16:00:00Z,turbine_1,28,5.86,-8.8,0.150343152357264,january-backtest-v1,d094eb03a52f303931989830f7b4efb0d2e6c3faabb6b6a47793e8f3af157ee1,100,assumed,unverified
2026-01-19T12:00:00Z,2026-01-19T00:00:00Z,2026-01-19T12:00:00Z,2026-01-20T16:00:00Z,turbine_2,28,5.86,-8.8,0.12469571283051531,january-backtest-v1,bc781886f00f59e8ca445d0499e557775f0ddd100dc689290ef2f3ac4fec1e9b,100,assumed,unverified
2026-01-19T12:00:00Z,2026-01-19T00:00:00Z,2026-01-19T12:00:00Z,2026-01-20T17:00:00Z,turbine_1,29,6.22,-8.5,0.20966215464379237,january-backtest-v1,d094eb03a52f303931989830f7b4efb0d2e6c3faabb6b6a47793e8f3af157ee1,100,assumed,unverified
2026-01-19T12:00:00Z,2026-01-19T00:00:00Z,2026-01-19T12:00:00Z,2026-01-20T17:00:00Z,turbine_2,29,6.22,-8.5,0.19786238192512856,january-backtest-v1,bc781886f00f59e8ca445d0499e557775f0ddd100dc689290ef2f3ac4fec1e9b,100,assumed,unverified
2026-01-19T12:00:00Z,2026-01-19T00:00:00Z,2026-01-19T12:00:00Z,2026-01-20T18:00:00Z,turbine_1,30,6.4,-9.3,0.23717407642871977,january-backtest-v1,d094eb03a52f303931989830f7b4efb0d2e6c3faabb6b6a47793e8f3af157ee1,100,assumed,unverified
2026-01-19T12:00:00Z,2026-01-19T00:00:00Z,2026-01-19T12:00:00Z,2026-01-20T18:00:00Z,turbine_2,30,6.4,-9.3,0.22334598581786233,january-backtest-v1,bc781886f00f59e8ca445d0499e557775f0ddd100dc689290ef2f3ac4fec1e9b,100,assumed,unverified
2026-01-19T12:00:00Z,2026-01-19T00:00:00Z,2026-01-19T12:00:00Z,2026-01-20T19:00:00Z,turbine_1,31,7.01,-9.6,0.3418459264231362,january-backtest-v1,d094eb03a52f303931989830f7b4efb0d2e6c3faabb6b6a47793e8f3af157ee1,100,assumed,unverified
2026-01-19T12:00:00Z,2026-01-19T00:00:00Z,2026-01-19T12:00:00Z,2026-01-20T19:00:00Z,turbine_2,31,7.01,-9.6,0.32710503713076317,january-backtest-v1,bc781886f00f59e8ca445d0499e557775f0ddd100dc689290ef2f3ac4fec1e9b,100,assumed,unverified
2026-01-19T12:00:00Z,2026-01-19T00:00:00Z,2026-01-19T12:00:00Z,2026-01-20T20:00:00Z,turbine_1,32,7.7,-9.4,0.4702954186796526,january-backtest-v1,d094eb03a52f303931989830f7b4efb0d2e6c3faabb6b6a47793e8f3af157ee1,100,assumed,unverified
2026-01-19T12:00:00Z,2026-01-19T00:00:00Z,2026-01-19T12:00:00Z,2026-01-20T20:00:00Z,turbine_2,32,7.7,-9.4,0.43677337212076994,january-backtest-v1,bc781886f00f59e8ca445d0499e557775f0ddd100dc689290ef2f3ac4fec1e9b,100,assumed,unverified
2026-01-19T12:00:00Z,2026-01-19T00:00:00Z,2026-01-19T12:00:00Z,2026-01-20T21:00:00Z,turbine_1,33,8.26,-9.3,0.5612901092825924,january-backtest-v1,d094eb03a52f303931989830f7b4efb0d2e6c3faabb6b6a47793e8f3af157ee1,100,assumed,unverified
2026-01-19T12:00:00Z,2026-01-19T00:00:00Z,2026-01-19T12:00:00Z,2026-01-20T21:00:00Z,turbine_2,33,8.26,-9.3,0.5253218253119566,january-backtest-v1,bc781886f00f59e8ca445d0499e557775f0ddd100dc689290ef2f3ac4fec1e9b,100,assumed,unverified
2026-01-19T12:00:00Z,2026-01-19T00:00:00Z,2026-01-19T12:00:00Z,2026-01-20T22:00:00Z,turbine_1,34,8.7,-9.4,0.6442492911243554,january-backtest-v1,d094eb03a52f303931989830f7b4efb0d2e6c3faabb6b6a47793e8f3af157ee1,100,assumed,unverified
2026-01-19T12:00:00Z,2026-01-19T00:00:00Z,2026-01-19T12:00:00Z,2026-01-20T22:00:00Z,turbine_2,34,8.7,-9.4,0.6145759260709284,january-backtest-v1,bc781886f00f59e8ca445d0499e557775f0ddd100dc689290ef2f3ac4fec1e9b,100,assumed,unverified
2026-01-19T12:00:00Z,2026-01-19T00:00:00Z,2026-01-19T12:00:00Z,2026-01-20T23:00:00Z,turbine_1,35,8.91,-9.4,0.6610160083918344,january-backtest-v1,d094eb03a52f303931989830f7b4efb0d2e6c3faabb6b6a47793e8f3af157ee1,100,assumed,unverified
2026-01-19T12:00:00Z,2026-01-19T00:00:00Z,2026-01-19T12:00:00Z,2026-01-20T23:00:00Z,turbine_2,35,8.91,-9.4,0.6387893879776494,january-backtest-v1,bc781886f00f59e8ca445d0499e557775f0ddd100dc689290ef2f3ac4fec1e9b,100,assumed,unverified
2026-01-19T12:00:00Z,2026-01-19T00:00:00Z,2026-01-19T12:00:00Z,2026-01-21T00:00:00Z,turbine_1,36,9.09,-9.3,0.7050766859030428,january-backtest-v1,d094eb03a52f303931989830f7b4efb0d2e6c3faabb6b6a47793e8f3af157ee1,100,assumed,unverified
2026-01-19T12:00:00Z,2026-01-19T00:00:00Z,2026-01-19T12:00:00Z,2026-01-21T00:00:00Z,turbine_2,36,9.09,-9.3,0.6658331611301935,january-backtest-v1,bc781886f00f59e8ca445d0499e557775f0ddd100dc689290ef2f3ac4fec1e9b,100,assumed,unverified
2026-01-19T12:00:00Z,2026-01-19T00:00:00Z,2026-01-19T12:00:00Z,2026-01-21T01:00:00Z,turbine_1,37,8.78,-9.1,0.6490182937277239,january-backtest-v1,d094eb03a52f303931989830f7b4efb0d2e6c3faabb6b6a47793e8f3af157ee1,100,assumed,unverified
2026-01-19T12:00:00Z,2026-01-19T00:00:00Z,2026-01-19T12:00:00Z,2026-01-21T01:00:00Z,turbine_2,37,8.78,-9.1,0.6296227202035656,january-backtest-v1,bc781886f00f59e8ca445d0499e557775f0ddd100dc689290ef2f3ac4fec1e9b,100,assumed,unverified
2026-01-19T12:00:00Z,2026-01-19T00:00:00Z,2026-01-19T12:00:00Z,2026-01-21T02:00:00Z,turbine_1,38,8.89,-9.0,0.6610160083918344,january-backtest-v1,d094eb03a52f303931989830f7b4efb0d2e6c3faabb6b6a47793e8f3af157ee1,100,assumed,unverified
2026-01-19T12:00:00Z,2026-01-19T00:00:00Z,2026-01-19T12:00:00Z,2026-01-21T02:00:00Z,turbine_2,38,8.89,-9.0,0.6387893879776494,january-backtest-v1,bc781886f00f59e8ca445d0499e557775f0ddd100dc689290ef2f3ac4fec1e9b,100,assumed,unverified
2026-01-19T12:00:00Z,2026-01-19T00:00:00Z,2026-01-19T12:00:00Z,2026-01-21T03:00:00Z,turbine_1,39,8.8,-8.3,0.6437580743760416,january-backtest-v1,d094eb03a52f303931989830f7b4efb0d2e6c3faabb6b6a47793e8f3af157ee1,100,assumed,unverified
2026-01-19T12:00:00Z,2026-01-19T00:00:00Z,2026-01-19T12:00:00Z,2026-01-21T03:00:00Z,turbine_2,39,8.8,-8.3,0.6412783741556607,january-backtest-v1,bc781886f00f59e8ca445d0499e557775f0ddd100dc689290ef2f3ac4fec1e9b,100,assumed,unverified
2026-01-19T12:00:00Z,2026-01-19T00:00:00Z,2026-01-19T12:00:00Z,2026-01-21T04:00:00Z,turbine_1,40,9.08,-6.3,0.6878371123709375,january-backtest-v1,d094eb03a52f303931989830f7b4efb0d2e6c3faabb6b6a47793e8f3af157ee1,100,assumed,unverified
2026-01-19T12:00:00Z,2026-01-19T00:00:00Z,2026-01-19T12:00:00Z,2026-01-21T04:00:00Z,turbine_2,40,9.08,-6.3,0.6431660867298764,january-backtest-v1,bc781886f00f59e8ca445d0499e557775f0ddd100dc689290ef2f3ac4fec1e9b,100,assumed,unverified
2026-01-19T12:00:00Z,2026-01-19T00:00:00Z,2026-01-19T12:00:00Z,2026-01-21T05:00:00Z,turbine_1,41,9.4,-4.1,0.7640687174438221,january-backtest-v1,d094eb03a52f303931989830f7b4efb0d2e6c3faabb6b6a47793e8f3af157ee1,100,assumed,unverified
2026-01-19T12:00:00Z,2026-01-19T00:00:00Z,2026-01-19T12:00:00Z,2026-01-21T05:00:00Z,turbine_2,41,9.4,-4.1,0.7216427136572051,january-backtest-v1,bc781886f00f59e8ca445d0499e557775f0ddd100dc689290ef2f3ac4fec1e9b,100,assumed,unverified
2026-01-19T12:00:00Z,2026-01-19T00:00:00Z,2026-01-19T12:00:00Z,2026-01-21T06:00:00Z,turbine_1,42,9.16,-2.2,0.7317953159589173,january-backtest-v1,d094eb03a52f303931989830f7b4efb0d2e6c3faabb6b6a47793e8f3af157ee1,100,assumed,unverified
2026-01-19T12:00:00Z,2026-01-19T00:00:00Z,2026-01-19T12:00:00Z,2026-01-21T06:00:00Z,turbine_2,42,9.16,-2.2,0.6783467601046838,january-backtest-v1,bc781886f00f59e8ca445d0499e557775f0ddd100dc689290ef2f3ac4fec1e9b,100,assumed,unverified
2026-01-19T12:00:00Z,2026-01-19T00:00:00Z,2026-01-19T12:00:00Z,2026-01-21T07:00:00Z,turbine_1,43,9.13,-0.9,0.7317088593361335,january-backtest-v1,d094eb03a52f303931989830f7b4efb0d2e6c3faabb6b6a47793e8f3af157ee1,100,assumed,unverified
2026-01-19T12:00:00Z,2026-01-19T00:00:00Z,2026-01-19T12:00:00Z,2026-01-21T07:00:00Z,turbine_2,43,9.13,-0.9,0.6836189741735288,january-backtest-v1,bc781886f00f59e8ca445d0499e557775f0ddd100dc689290ef2f3ac4fec1e9b,100,assumed,unverified
2026-01-19T12:00:00Z,2026-01-19T00:00:00Z,2026-01-19T12:00:00Z,2026-01-21T08:00:00Z,turbine_1,44,8.86,0.2,0.6784921839304111,january-backtest-v1,d094eb03a52f303931989830f7b4efb0d2e6c3faabb6b6a47793e8f3af157ee1,100,assumed,unverified
2026-01-19T12:00:00Z,2026-01-19T00:00:00Z,2026-01-19T12:00:00Z,2026-01-21T08:00:00Z,turbine_2,44,8.86,0.2,0.6388314205866052,january-backtest-v1,bc781886f00f59e8ca445d0499e557775f0ddd100dc689290ef2f3ac4fec1e9b,100,assumed,unverified
2026-01-19T12:00:00Z,2026-01-19T00:00:00Z,2026-01-19T12:00:00Z,2026-01-21T09:00:00Z,turbine_1,45,8.13,-0.1,0.5371389805615718,january-backtest-v1,d094eb03a52f303931989830f7b4efb0d2e6c3faabb6b6a47793e8f3af157ee1,100,assumed,unverified
2026-01-19T12:00:00Z,2026-01-19T00:00:00Z,2026-01-19T12:00:00Z,2026-01-21T09:00:00Z,turbine_2,45,8.13,-0.1,0.5098480211624503,january-backtest-v1,bc781886f00f59e8ca445d0499e557775f0ddd100dc689290ef2f3ac4fec1e9b,100,assumed,unverified
2026-01-19T12:00:00Z,2026-01-19T00:00:00Z,2026-01-19T12:00:00Z,2026-01-21T10:00:00Z,turbine_1,46,7.34,0.3,0.4266071543616222,january-backtest-v1,d094eb03a52f303931989830f7b4efb0d2e6c3faabb6b6a47793e8f3af157ee1,100,assumed,unverified
2026-01-19T12:00:00Z,2026-01-19T00:00:00Z,2026-01-19T12:00:00Z,2026-01-21T10:00:00Z,turbine_2,46,7.34,0.3,0.3907165430633948,january-backtest-v1,bc781886f00f59e8ca445d0499e557775f0ddd100dc689290ef2f3ac4fec1e9b,100,assumed,unverified
2026-01-19T12:00:00Z,2026-01-19T00:00:00Z,2026-01-19T12:00:00Z,2026-01-21T11:00:00Z,turbine_1,47,7.32,-1.2,0.4153378163157966,january-backtest-v1,d094eb03a52f303931989830f7b4efb0d2e6c3faabb6b6a47793e8f3af157ee1,100,assumed,unverified
2026-01-19T12:00:00Z,2026-01-19T00:00:00Z,2026-01-19T12:00:00Z,2026-01-21T11:00:00Z,turbine_2,47,7.32,-1.2,0.38608569326361836,january-backtest-v1,bc781886f00f59e8ca445d0499e557775f0ddd100dc689290ef2f3ac4fec1e9b,100,assumed,unverified
2026-01-19T12:00:00Z,2026-01-19T00:00:00Z,2026-01-19T12:00:00Z,2026-01-21T12:00:00Z,turbine_1,48,7.05,-3.7,0.3412313017399418,january-backtest-v1,d094eb03a52f303931989830f7b4efb0d2e6c3faabb6b6a47793e8f3af157ee1,100,assumed,unverified
2026-01-19T12:00:00Z,2026-01-19T00:00:00Z,2026-01-19T12:00:00Z,2026-01-21T12:00:00Z,turbine_2,48,7.05,-3.7,0.33049140626323903,january-backtest-v1,bc781886f00f59e8ca445d0499e557775f0ddd100dc689290ef2f3ac4fec1e9b,100,assumed,unverified
2026-01-20T12:00:00Z,2026-01-20T00:00:00Z,2026-01-20T12:00:00Z,2026-01-20T13:00:00Z,turbine_1,1,1.23,-9.2,0.0081206013072872,january-backtest-v1,d094eb03a52f303931989830f7b4efb0d2e6c3faabb6b6a47793e8f3af157ee1,100,assumed,unverified
2026-01-20T12:00:00Z,2026-01-20T00:00:00Z,2026-01-20T12:00:00Z,2026-01-20T13:00:00Z,turbine_2,1,1.23,-9.2,0.008226457204136672,january-backtest-v1,bc781886f00f59e8ca445d0499e557775f0ddd100dc689290ef2f3ac4fec1e9b,100,assumed,unverified
2026-01-20T12:00:00Z,2026-01-20T00:00:00Z,2026-01-20T12:00:00Z,2026-01-20T14:00:00Z,turbine_1,2,1.17,-9.0,0.008238171964142227,january-backtest-v1,d094eb03a52f303931989830f7b4efb0d2e6c3faabb6b6a47793e8f3af157ee1,100,assumed,unverified
2026-01-20T12:00:00Z,2026-01-20T00:00:00Z,2026-01-20T12:00:00Z,2026-01-20T14:00:00Z,turbine_2,2,1.17,-9.0,0.008464479405815073,january-backtest-v1,bc781886f00f59e8ca445d0499e557775f0ddd100dc689290ef2f3ac4fec1e9b,100,assumed,unverified
2026-01-20T12:00:00Z,2026-01-20T00:00:00Z,2026-01-20T12:00:00Z,2026-01-20T15:00:00Z,turbine_1,3,1.73,-9.2,0.007935853286940076,january-backtest-v1,d094eb03a52f303931989830f7b4efb0d2e6c3faabb6b6a47793e8f3af157ee1,100,assumed,unverified
2026-01-20T12:00:00Z,2026-01-20T00:00:00Z,2026-01-20T12:00:00Z,2026-01-20T15:00:00Z,turbine_2,3,1.73,-9.2,0.007691183719188699,january-backtest-v1,bc781886f00f59e8ca445d0499e557775f0ddd100dc689290ef2f3ac4fec1e9b,100,assumed,unverified
2026-01-20T12:00:00Z,2026-01-20T00:00:00Z,2026-01-20T12:00:00Z,2026-01-20T16:00:00Z,turbine_1,4,3.0,-9.3,0.0030636533747446237,january-backtest-v1,d094eb03a52f303931989830f7b4efb0d2e6c3faabb6b6a47793e8f3af157ee1,100,assumed,unverified
2026-01-20T12:00:00Z,2026-01-20T00:00:00Z,2026-01-20T12:00:00Z,2026-01-20T16:00:00Z,turbine_2,4,3.0,-9.3,0.0047799869646954485,january-backtest-v1,bc781886f00f59e8ca445d0499e557775f0ddd100dc689290ef2f3ac4fec1e9b,100,assumed,unverified
2026-01-20T12:00:00Z,2026-01-20T00:00:00Z,2026-01-20T12:00:00Z,2026-01-20T17:00:00Z,turbine_1,5,4.68,-9.8,0.046265464631528364,january-backtest-v1,d094eb03a52f303931989830f7b4efb0d2e6c3faabb6b6a47793e8f3af157ee1,100,assumed,unverified
2026-01-20T12:00:00Z,2026-01-20T00:00:00Z,2026-01-20T12:00:00Z,2026-01-20T17:00:00Z,turbine_2,5,4.68,-9.8,0.028845644982100016,january-backtest-v1,bc781886f00f59e8ca445d0499e557775f0ddd100dc689290ef2f3ac4fec1e9b,100,assumed,unverified
2026-01-20T12:00:00Z,2026-01-20T00:00:00Z,2026-01-20T12:00:00Z,2026-01-20T18:00:00Z,turbine_1,6,6.07,-9.6,0.195318470790415,january-backtest-v1,d094eb03a52f303931989830f7b4efb0d2e6c3faabb6b6a47793e8f3af157ee1,100,assumed,unverified
2026-01-20T12:00:00Z,2026-01-20T00:00:00Z,2026-01-20T12:00:00Z,2026-01-20T18:00:00Z,turbine_2,6,6.07,-9.6,0.17426831898102213,january-backtest-v1,bc781886f00f59e8ca445d0499e557775f0ddd100dc689290ef2f3ac4fec1e9b,100,assumed,unverified
2026-01-20T12:00:00Z,2026-01-20T00:00:00Z,2026-01-20T12:00:00Z,2026-01-20T19:00:00Z,turbine_1,7,6.4,-10.0,0.23717407642871977,january-backtest-v1,d094eb03a52f303931989830f7b4efb0d2e6c3faabb6b6a47793e8f3af157ee1,100,assumed,unverified
2026-01-20T12:00:00Z,2026-01-20T00:00:00Z,2026-01-20T12:00:00Z,2026-01-20T19:00:00Z,turbine_2,7,6.4,-10.0,0.16696328120615767,january-backtest-v1,bc781886f00f59e8ca445d0499e557775f0ddd100dc689290ef2f3ac4fec1e9b,100,assumed,unverified
2026-01-20T12:00:00Z,2026-01-20T00:00:00Z,2026-01-20T12:00:00Z,2026-01-20T20:00:00Z,turbine_1,8,6.9,-10.1,0.3170226490995013,january-backtest-v1,d094eb03a52f303931989830f7b4efb0d2e6c3faabb6b6a47793e8f3af157ee1,100,assumed,unverified
2026-01-20T12:00:00Z,2026-01-20T00:00:00Z,2026-01-20T12:00:00Z,2026-01-20T20:00:00Z,turbine_2,8,6.9,-10.1,0.24448274735246983,january-backtest-v1,bc781886f00f59e8ca445d0499e557775f0ddd100dc689290ef2f3ac4fec1e9b,100,assumed,unverified
2026-01-20T12:00:00Z,2026-01-20T00:00:00Z,2026-01-20T12:00:00Z,2026-01-20T21:00:00Z,turbine_1,9,7.66,-10.1,0.467960295796152,january-backtest-v1,d094eb03a52f303931989830f7b4efb0d2e6c3faabb6b6a47793e8f3af157ee1,100,assumed,unverified
2026-01-20T12:00:00Z,2026-01-20T00:00:00Z,2026-01-20T12:00:00Z,2026-01-20T21:00:00Z,turbine_2,9,7.66,-10.1,0.26916714221528104,january-backtest-v1,bc781886f00f59e8ca445d0499e557775f0ddd100dc689290ef2f3ac4fec1e9b,100,assumed,unverified
2026-01-20T12:00:00Z,2026-01-20T00:00:00Z,2026-01-20T12:00:00Z,2026-01-20T22:00:00Z,turbine_1,10,8.22,-10.2,0.4710715046885998,january-backtest-v1,d094eb03a52f303931989830f7b4efb0d2e6c3faabb6b6a47793e8f3af157ee1,100,assumed,unverified
2026-01-20T12:00:00Z,2026-01-20T00:00:00Z,2026-01-20T12:00:00Z,2026-01-20T22:00:00Z,turbine_2,10,8.22,-10.2,0.5140464305882471,january-backtest-v1,bc781886f00f59e8ca445d0499e557775f0ddd100dc689290ef2f3ac4fec1e9b,100,assumed,unverified
2026-01-20T12:00:00Z,2026-01-20T00:00:00Z,2026-01-20T12:00:00Z,2026-01-20T23:00:00Z,turbine_1,11,8.59,-10.2,0.6014217870016471,january-backtest-v1,d094eb03a52f303931989830f7b4efb0d2e6c3faabb6b6a47793e8f3af157ee1,100,assumed,unverified
2026-01-20T12:00:00Z,2026-01-20T00:00:00Z,2026-01-20T12:00:00Z,2026-01-20T23:00:00Z,turbine_2,11,8.59,-10.2,0.5958982325173805,january-backtest-v1,bc781886f00f59e8ca445d0499e557775f0ddd100dc689290ef2f3ac4fec1e9b,100,assumed,unverified
2026-01-20T12:00:00Z,2026-01-20T00:00:00Z,2026-01-20T12:00:00Z,2026-01-21T00:00:00Z,turbine_1,12,8.77,-10.1,0.6490182937277239,january-backtest-v1,d094eb03a52f303931989830f7b4efb0d2e6c3faabb6b6a47793e8f3af157ee1,100,assumed,unverified
2026-01-20T12:00:00Z,2026-01-20T00:00:00Z,2026-01-20T12:00:00Z,2026-01-21T00:00:00Z,turbine_2,12,8.77,-10.1,0.6276887388617989,january-backtest-v1,bc781886f00f59e8ca445d0499e557775f0ddd100dc689290ef2f3ac4fec1e9b,100,assumed,unverified
2026-01-20T12:00:00Z,2026-01-20T00:00:00Z,2026-01-20T12:00:00Z,2026-01-21T01:00:00Z,turbine_1,13,8.71,-10.0,0.6442492911243554,january-backtest-v1,d094eb03a52f303931989830f7b4efb0d2e6c3faabb6b6a47793e8f3af157ee1,100,assumed,unverified
2026-01-20T12:00:00Z,2026-01-20T00:00:00Z,2026-01-20T12:00:00Z,2026-01-21T01:00:00Z,turbine_2,13,8.71,-10.0,0.6126419447291616,january-backtest-v1,bc781886f00f59e8ca445d0499e557775f0ddd100dc689290ef2f3ac4fec1e9b,100,assumed,unverified
2026-01-20T12:00:00Z,2026-01-20T00:00:00Z,2026-01-20T12:00:00Z,2026-01-21T02:00:00Z,turbine_1,14,8.91,-9.6,0.6610160083918344,january-backtest-v1,d094eb03a52f303931989830f7b4efb0d2e6c3faabb6b6a47793e8f3af157ee1,100,assumed,unverified
2026-01-20T12:00:00Z,2026-01-20T00:00:00Z,2026-01-20T12:00:00Z,2026-01-21T02:00:00Z,turbine_2,14,8.91,-9.6,0.6387893879776494,january-backtest-v1,bc781886f00f59e8ca445d0499e557775f0ddd100dc689290ef2f3ac4fec1e9b,100,assumed,unverified
2026-01-20T12:00:00Z,2026-01-20T00:00:00Z,2026-01-20T12:00:00Z,2026-01-21T03:00:00Z,turbine_1,15,8.86,-8.9,0.6609527755550837,january-backtest-v1,d094eb03a52f303931989830f7b4efb0d2e6c3faabb6b6a47793e8f3af157ee1,100,assumed,unverified
2026-01-20T12:00:00Z,2026-01-20T00:00:00Z,2026-01-20T12:00:00Z,2026-01-21T03:00:00Z,turbine_2,15,8.86,-8.9,0.6412783741556607,january-backtest-v1,bc781886f00f59e8ca445d0499e557775f0ddd100dc689290ef2f3ac4fec1e9b,100,assumed,unverified
2026-01-20T12:00:00Z,2026-01-20T00:00:00Z,2026-01-20T12:00:00Z,2026-01-21T04:00:00Z,turbine_1,16,8.71,-6.8,0.6280270940044447,january-backtest-v1,d094eb03a52f303931989830f7b4efb0d2e6c3faabb6b6a47793e8f3af157ee1,100,assumed,unverified
2026-01-20T12:00:00Z,2026-01-20T00:00:00Z,2026-01-20T12:00:00Z,2026-01-21T04:00:00Z,turbine_2,16,8.71,-6.8,0.5931573134918585,january-backtest-v1,bc781886f00f59e8ca445d0499e557775f0ddd100dc689290ef2f3ac4fec1e9b,100,assumed,unverified
2026-01-20T12:00:00Z,2026-01-20T00:00:00Z,2026-01-20T12:00:00Z,2026-01-21T05:00:00Z,turbine_1,17,10.02,-5.2,0.8459478765641306,january-backtest-v1,d094eb03a52f303931989830f7b4efb0d2e6c3faabb6b6a47793e8f3af157ee1,100,assumed,unverified
2026-01-20T12:00:00Z,2026-01-20T00:00:00Z,2026-01-20T12:00:00Z,2026-01-21T05:00:00Z,turbine_2,17,10.02,-5.2,0.8184461793465567,january-backtest-v1,bc781886f00f59e8ca445d0499e557775f0ddd100dc689290ef2f3ac4fec1e9b,100,assumed,unverified
2026-01-20T12:00:00Z,2026-01-20T00:00:00Z,2026-01-20T12:00:00Z,2026-01-21T06:00:00Z,turbine_1,18,10.72,-3.5,0.9409027963851809,january-backtest-v1,d094eb03a52f303931989830f7b4efb0d2e6c3faabb6b6a47793e8f3af157ee1,100,assumed,unverified
2026-01-20T12:00:00Z,2026-01-20T00:00:00Z,2026-01-20T12:00:00Z,2026-01-21T06:00:00Z,turbine_2,18,10.72,-3.5,0.8981136886791579,january-backtest-v1,bc781886f00f59e8ca445d0499e557775f0ddd100dc689290ef2f3ac4fec1e9b,100,assumed,unverified
2026-01-20T12:00:00Z,2026-01-20T00:00:00Z,2026-01-20T12:00:00Z,2026-01-21T07:00:00Z,turbine_1,19,9.96,-1.9,0.844585233968923,january-backtest-v1,d094eb03a52f303931989830f7b4efb0d2e6c3faabb6b6a47793e8f3af157ee1,100,assumed,unverified
2026-01-20T12:00:00Z,2026-01-20T00:00:00Z,2026-01-20T12:00:00Z,2026-01-21T07:00:00Z,turbine_2,19,9.96,-1.9,0.8223192626307805,january-backtest-v1,bc781886f00f59e8ca445d0499e557775f0ddd100dc689290ef2f3ac4fec1e9b,100,assumed,unverified
2026-01-20T12:00:00Z,2026-01-20T00:00:00Z,2026-01-20T12:00:00Z,2026-01-21T08:00:00Z,turbine_1,20,9.97,-1.2,0.8414057648280058,january-backtest-v1,d094eb03a52f303931989830f7b4efb0d2e6c3faabb6b6a47793e8f3af157ee1,100,assumed,unverified
2026-01-20T12:00:00Z,2026-01-20T00:00:00Z,2026-01-20T12:00:00Z,2026-01-21T08:00:00Z,turbine_2,20,9.97,-1.2,0.8239831414749725,january-backtest-v1,bc781886f00f59e8ca445d0499e557775f0ddd100dc689290ef2f3ac4fec1e9b,100,assumed,unverified
2026-01-20T12:00:00Z,2026-01-20T00:00:00Z,2026-01-20T12:00:00Z,2026-01-21T09:00:00Z,turbine_1,21,9.86,0.1,0.8295344917797637,january-backtest-v1,d094eb03a52f303931989830f7b4efb0d2e6c3faabb6b6a47793e8f3af157ee1,100,assumed,unverified
2026-01-20T12:00:00Z,2026-01-20T00:00:00Z,2026-01-20T12:00:00Z,2026-01-21T09:00:00Z,turbine_2,21,9.86,0.1,0.7956899610012624,january-backtest-v1,bc781886f00f59e8ca445d0499e557775f0ddd100dc689290ef2f3ac4fec1e9b,100,assumed,unverified
2026-01-20T12:00:00Z,2026-01-20T00:00:00Z,2026-01-20T12:00:00Z,2026-01-21T10:00:00Z,turbine_1,22,9.78,-0.2,0.815293556248321,january-backtest-v1,d094eb03a52f303931989830f7b4efb0d2e6c3faabb6b6a47793e8f3af157ee1,100,assumed,unverified
2026-01-20T12:00:00Z,2026-01-20T00:00:00Z,2026-01-20T12:00:00Z,2026-01-21T10:00:00Z,turbine_2,22,9.78,-0.2,0.7855426034776409,january-backtest-v1,bc781886f00f59e8ca445d0499e557775f0ddd100dc689290ef2f3ac4fec1e9b,100,assumed,unverified
2026-01-20T12:00:00Z,2026-01-20T00:00:00Z,2026-01-20T12:00:00Z,2026-01-21T11:00:00Z,turbine_1,23,8.88,-1.7,0.6720520143432684,january-backtest-v1,d094eb03a52f303931989830f7b4efb0d2e6c3faabb6b6a47793e8f3af157ee1,100,assumed,unverified
2026-01-20T12:00:00Z,2026-01-20T00:00:00Z,2026-01-20T12:00:00Z,2026-01-21T11:00:00Z,turbine_2,23,8.88,-1.7,0.6460866886859137,january-backtest-v1,bc781886f00f59e8ca445d0499e557775f0ddd100dc689290ef2f3ac4fec1e9b,100,assumed,unverified
2026-01-20T12:00:00Z,2026-01-20T00:00:00Z,2026-01-20T12:00:00Z,2026-01-21T12:00:00Z,turbine_1,24,7.38,-4.2,0.4081075352285549,january-backtest-v1,d094eb03a52f303931989830f7b4efb0d2e6c3faabb6b6a47793e8f3af157ee1,100,assumed,unverified
2026-01-20T12:00:00Z,2026-01-20T00:00:00Z,2026-01-20T12:00:00Z,2026-01-21T12:00:00Z,turbine_2,24,7.38,-4.2,0.38550280963685707,january-backtest-v1,bc781886f00f59e8ca445d0499e557775f0ddd100dc689290ef2f3ac4fec1e9b,100,assumed,unverified
2026-01-20T12:00:00Z,2026-01-20T00:00:00Z,2026-01-20T12:00:00Z,2026-01-21T13:00:00Z,turbine_1,25,6.37,-5.9,0.21585344653975655,january-backtest-v1,d094eb03a52f303931989830f7b4efb0d2e6c3faabb6b6a47793e8f3af157ee1,100,assumed,unverified
2026-01-20T12:00:00Z,2026-01-20T00:00:00Z,2026-01-20T12:00:00Z,2026-01-21T13:00:00Z,turbine_2,25,6.37,-5.9,0.19202090959696252,january-backtest-v1,bc781886f00f59e8ca445d0499e557775f0ddd100dc689290ef2f3ac4fec1e9b,100,assumed,unverified
2026-01-20T12:00:00Z,2026-01-20T00:00:00Z,2026-01-20T12:00:00Z,2026-01-21T14:00:00Z,turbine_1,26,7.17,-6.2,0.3567516454673682,january-backtest-v1,d094eb03a52f303931989830f7b4efb0d2e6c3faabb6b6a47793e8f3af157ee1,100,assumed,unverified
2026-01-20T12:00:00Z,2026-01-20T00:00:00Z,2026-01-20T12:00:00Z,2026-01-21T14:00:00Z,turbine_2,26,7.17,-6.2,0.3204838386525834,january-backtest-v1,bc781886f00f59e8ca445d0499e557775f0ddd100dc689290ef2f3ac4fec1e9b,100,assumed,unverified
2026-01-20T12:00:00Z,2026-01-20T00:00:00Z,2026-01-20T12:00:00Z,2026-01-21T15:00:00Z,turbine_1,27,7.68,-6.3,0.4533092233327109,january-backtest-v1,d094eb03a52f303931989830f7b4efb0d2e6c3faabb6b6a47793e8f3af157ee1,100,assumed,unverified
2026-01-20T12:00:00Z,2026-01-20T00:00:00Z,2026-01-20T12:00:00Z,2026-01-21T15:00:00Z,turbine_2,27,7.68,-6.3,0.4081371188276177,january-backtest-v1,bc781886f00f59e8ca445d0499e557775f0ddd100dc689290ef2f3ac4fec1e9b,100,assumed,unverified
2026-01-20T12:00:00Z,2026-01-20T00:00:00Z,2026-01-20T12:00:00Z,2026-01-21T16:00:00Z,turbine_1,28,8.54,-6.2,0.6079081012046518,january-backtest-v1,d094eb03a52f303931989830f7b4efb0d2e6c3faabb6b6a47793e8f3af157ee1,100,assumed,unverified
2026-01-20T12:00:00Z,2026-01-20T00:00:00Z,2026-01-20T12:00:00Z,2026-01-21T16:00:00Z,turbine_2,28,8.54,-6.2,0.5534274482542301,january-backtest-v1,bc781886f00f59e8ca445d0499e557775f0ddd100dc689290ef2f3ac4fec1e9b,100,assumed,unverified
2026-01-20T12:00:00Z,2026-01-20T00:00:00Z,2026-01-20T12:00:00Z,2026-01-21T17:00:00Z,turbine_1,29,8.25,-6.0,0.5533280056964236,january-backtest-v1,d094eb03a52f303931989830f7b4efb0d2e6c3faabb6b6a47793e8f3af157ee1,100,assumed,unverified
2026-01-20T12:00:00Z,2026-01-20T00:00:00Z,2026-01-20T12:00:00Z,2026-01-21T17:00:00Z,turbine_2,29,8.25,-6.0,0.49551991329413997,january-backtest-v1,bc781886f00f59e8ca445d0499e557775f0ddd100dc689290ef2f3ac4fec1e9b,100,assumed,unverified
2026-01-20T12:00:00Z,2026-01-20T00:00:00Z,2026-01-20T12:00:00Z,2026-01-21T18:00:00Z,turbine_1,30,8.28,-5.8,0.5678410659846378,january-backtest-v1,d094eb03a52f303931989830f7b4efb0d2e6c3faabb6b6a47793e8f3af157ee1,100,assumed,unverified
2026-01-20T12:00:00Z,2026-01-20T00:00:00Z,2026-01-20T12:00:00Z,2026-01-21T18:00:00Z,turbine_2,30,8.28,-5.8,0.5337022331583547,january-backtest-v1,bc781886f00f59e8ca445d0499e557775f0ddd100dc689290ef2f3ac4fec1e9b,100,assumed,unverified
2026-01-20T12:00:00Z,2026-01-20T00:00:00Z,2026-01-20T12:00:00Z,2026-01-21T19:00:00Z,turbine_1,31,8.26,-5.8,0.5678410659846378,january-backtest-v1,d094eb03a52f303931989830f7b4efb0d2e6c3faabb6b6a47793e8f3af157ee1,100,assumed,unverified
2026-01-20T12:00:00Z,2026-01-20T00:00:00Z,2026-01-20T12:00:00Z,2026-01-21T19:00:00Z,turbine_2,31,8.26,-5.8,0.500758249066245,january-backtest-v1,bc781886f00f59e8ca445d0499e557775f0ddd100dc689290ef2f3ac4fec1e9b,100,assumed,unverified
2026-01-20T12:00:00Z,2026-01-20T00:00:00Z,2026-01-20T12:00:00Z,2026-01-21T20:00:00Z,turbine_1,32,7.59,-5.9,0.4341437676579352,january-backtest-v1,d094eb03a52f303931989830f7b4efb0d2e6c3faabb6b6a47793e8f3af157ee1,100,assumed,unverified
2026-01-20T12:00:00Z,2026-01-20T00:00:00Z,2026-01-20T12:00:00Z,2026-01-21T20:00:00Z,turbine_2,32,7.59,-5.9,0.3897938880236325,january-backtest-v1,bc781886f00f59e8ca445d0499e557775f0ddd100dc689290ef2f3ac4fec1e9b,100,assumed,unverified
2026-01-20T12:00:00Z,2026-01-20T00:00:00Z,2026-01-20T12:00:00Z,2026-01-21T21:00:00Z,turbine_1,33,6.89,-6.2,0.29977426902702786,january-backtest-v1,d094eb03a52f303931989830f7b4efb0d2e6c3faabb6b6a47793e8f3af157ee1,100,assumed,unverified
2026-01-20T12:00:00Z,2026-01-20T00:00:00Z,2026-01-20T12:00:00Z,2026-01-21T21:00:00Z,turbine_2,33,6.89,-6.2,0.2747027832897562,january-backtest-v1,bc781886f00f59e8ca445d0499e557775f0ddd100dc689290ef2f3ac4fec1e9b,100,assumed,unverified
2026-01-20T12:00:00Z,2026-01-20T00:00:00Z,2026-01-20T12:00:00Z,2026-01-21T22:00:00Z,turbine_1,34,4.9,-6.1,0.0681162651542721,january-backtest-v1,d094eb03a52f303931989830f7b4efb0d2e6c3faabb6b6a47793e8f3af157ee1,100,assumed,unverified
2026-01-20T12:00:00Z,2026-01-20T00:00:00Z,2026-01-20T12:00:00Z,2026-01-21T22:00:00Z,turbine_2,34,4.9,-6.1,0.05413020482169223,january-backtest-v1,bc781886f00f59e8ca445d0499e557775f0ddd100dc689290ef2f3ac4fec1e9b,100,assumed,unverified
2026-01-20T12:00:00Z,2026-01-20T00:00:00Z,2026-01-20T12:00:00Z,2026-01-21T23:00:00Z,turbine_1,35,0.55,-7.3,0.008268091559474389,january-backtest-v1,d094eb03a52f303931989830f7b4efb0d2e6c3faabb6b6a47793e8f3af157ee1,100,assumed,unverified
2026-01-20T12:00:00Z,2026-01-20T00:00:00Z,2026-01-20T12:00:00Z,2026-01-21T23:00:00Z,turbine_2,35,0.55,-7.3,0.010432693486747635,january-backtest-v1,bc781886f00f59e8ca445d0499e557775f0ddd100dc689290ef2f3ac4fec1e9b,100,assumed,unverified
2026-01-20T12:00:00Z,2026-01-20T00:00:00Z,2026-01-20T12:00:00Z,2026-01-22T00:00:00Z,turbine_1,36,0.67,-7.4,0.008268091559474389,january-backtest-v1,d094eb03a52f303931989830f7b4efb0d2e6c3faabb6b6a47793e8f3af157ee1,100,assumed,unverified
2026-01-20T12:00:00Z,2026-01-20T00:00:00Z,2026-01-20T12:00:00Z,2026-01-22T00:00:00Z,turbine_2,36,0.67,-7.4,0.010432693486747635,january-backtest-v1,bc781886f00f59e8ca445d0499e557775f0ddd100dc689290ef2f3ac4fec1e9b,100,assumed,unverified
2026-01-20T12:00:00Z,2026-01-20T00:00:00Z,2026-01-20T12:00:00Z,2026-01-22T01:00:00Z,turbine_1,37,1.01,-8.1,0.007752075361630306,january-backtest-v1,d094eb03a52f303931989830f7b4efb0d2e6c3faabb6b6a47793e8f3af157ee1,100,assumed,unverified
2026-01-20T12:00:00Z,2026-01-20T00:00:00Z,2026-01-20T12:00:00Z,2026-01-22T01:00:00Z,turbine_2,37,1.01,-8.1,0.009311426902062936,january-backtest-v1,bc781886f00f59e8ca445d0499e557775f0ddd100dc689290ef2f3ac4fec1e9b,100,assumed,unverified
2026-01-20T12:00:00Z,2026-01-20T00:00:00Z,2026-01-20T12:00:00Z,2026-01-22T02:00:00Z,turbine_1,38,1.18,-9.1,0.008238171964142227,january-backtest-v1,d094eb03a52f303931989830f7b4efb0d2e6c3faabb6b6a47793e8f3af157ee1,100,assumed,unverified
2026-01-20T12:00:00Z,2026-01-20T00:00:00Z,2026-01-20T12:00:00Z,2026-01-22T02:00:00Z,turbine_2,38,1.18,-9.1,0.008464479405815073,january-backtest-v1,bc781886f00f59e8ca445d0499e557775f0ddd100dc689290ef2f3ac4fec1e9b,100,assumed,unverified
2026-01-20T12:00:00Z,2026-01-20T00:00:00Z,2026-01-20T12:00:00Z,2026-01-22T03:00:00Z,turbine_1,39,1.51,-7.5,0.007415606503056282,january-backtest-v1,d094eb03a52f303931989830f7b4efb0d2e6c3faabb6b6a47793e8f3af157ee1,100,assumed,unverified
2026-01-20T12:00:00Z,2026-01-20T00:00:00Z,2026-01-20T12:00:00Z,2026-01-22T03:00:00Z,turbine_2,39,1.51,-7.5,0.00900502082066812,january-backtest-v1,bc781886f00f59e8ca445d0499e557775f0ddd100dc689290ef2f3ac4fec1e9b,100,assumed,unverified
2026-01-20T12:00:00Z,2026-01-20T00:00:00Z,2026-01-20T12:00:00Z,2026-01-22T04:00:00Z,turbine_1,40,6.16,-4.8,0.20033578575586383,january-backtest-v1,d094eb03a52f303931989830f7b4efb0d2e6c3faabb6b6a47793e8f3af157ee1,100,assumed,unverified
2026-01-20T12:00:00Z,2026-01-20T00:00:00Z,2026-01-20T12:00:00Z,2026-01-22T04:00:00Z,turbine_2,40,6.16,-4.8,0.18306286987659587,january-backtest-v1,bc781886f00f59e8ca445d0499e557775f0ddd100dc689290ef2f3ac4fec1e9b,100,assumed,unverified
2026-01-20T12:00:00Z,2026-01-20T00:00:00Z,2026-01-20T12:00:00Z,2026-01-22T05:00:00Z,turbine_1,41,6.37,-1.7,0.2346075952644677,january-backtest-v1,d094eb03a52f303931989830f7b4efb0d2e6c3faabb6b6a47793e8f3af157ee1,100,assumed,unverified
2026-01-20T12:00:00Z,2026-01-20T00:00:00Z,2026-01-20T12:00:00Z,2026-01-22T05:00:00Z,turbine_2,41,6.37,-1.7,0.21455394259016514,january-backtest-v1,bc781886f00f59e8ca445d0499e557775f0ddd100dc689290ef2f3ac4fec1e9b,100,assumed,unverified
2026-01-20T12:00:00Z,2026-01-20T00:00:00Z,2026-01-20T12:00:00Z,2026-01-22T06:00:00Z,turbine_1,42,6.9,0.2,0.3442110365631484,january-backtest-v1,d094eb03a52f303931989830f7b4efb0d2e6c3faabb6b6a47793e8f3af157ee1,100,assumed,unverified
2026-01-20T12:00:00Z,2026-01-20T00:00:00Z,2026-01-20T12:00:00Z,2026-01-22T06:00:00Z,turbine_2,42,6.9,0.2,0.31253468623511843,january-backtest-v1,bc781886f00f59e8ca445d0499e557775f0ddd100dc689290ef2f3ac4fec1e9b,100,assumed,unverified
2026-01-20T12:00:00Z,2026-01-20T00:00:00Z,2026-01-20T12:00:00Z,2026-01-22T07:00:00Z,turbine_1,43,4.59,0.8,0.06576943296412019,january-backtest-v1,d094eb03a52f303931989830f7b4efb0d2e6c3faabb6b6a47793e8f3af157ee1,100,assumed,unverified
2026-01-20T12:00:00Z,2026-01-20T00:00:00Z,2026-01-20T12:00:00Z,2026-01-22T07:00:00Z,turbine_2,43,4.59,0.8,0.06233026539508191,january-backtest-v1,bc781886f00f59e8ca445d0499e557775f0ddd100dc689290ef2f3ac4fec1e9b,100,assumed,unverified
2026-01-20T12:00:00Z,2026-01-20T00:00:00Z,2026-01-20T12:00:00Z,2026-01-22T08:00:00Z,turbine_1,44,3.69,-0.4,0.03166055436177073,january-backtest-v1,d094eb03a52f303931989830f7b4efb0d2e6c3faabb6b6a47793e8f3af157ee1,100,assumed,unverified
2026-01-20T12:00:00Z,2026-01-20T00:00:00Z,2026-01-20T12:00:00Z,2026-01-22T08:00:00Z,turbine_2,44,3.69,-0.4,0.026310532381759122,january-backtest-v1,bc781886f00f59e8ca445d0499e557775f0ddd100dc689290ef2f3ac4fec1e9b,100,assumed,unverified
2026-01-20T12:00:00Z,2026-01-20T00:00:00Z,2026-01-20T12:00:00Z,2026-01-22T09:00:00Z,turbine_1,45,6.16,-0.7,0.2228225302569344,january-backtest-v1,d094eb03a52f303931989830f7b4efb0d2e6c3faabb6b6a47793e8f3af157ee1,100,assumed,unverified
2026-01-20T12:00:00Z,2026-01-20T00:00:00Z,2026-01-20T12:00:00Z,2026-01-22T09:00:00Z,turbine_2,45,6.16,-0.7,0.20394605449994962,january-backtest-v1,bc781886f00f59e8ca445d0499e557775f0ddd100dc689290ef2f3ac4fec1e9b,100,assumed,unverified
2026-01-20T12:00:00Z,2026-01-20T00:00:00Z,2026-01-20T12:00:00Z,2026-01-22T10:00:00Z,turbine_1,46,6.62,-1.2,0.27744269445853653,january-backtest-v1,d094eb03a52f303931989830f7b4efb0d2e6c3faabb6b6a47793e8f3af157ee1,100,assumed,unverified
2026-01-20T12:00:00Z,2026-01-20T00:00:00Z,2026-01-20T12:00:00Z,2026-01-22T10:00:00Z,turbine_2,46,6.62,-1.2,0.269890708196904,january-backtest-v1,bc781886f00f59e8ca445d0499e557775f0ddd100dc689290ef2f3ac4fec1e9b,100,assumed,unverified
2026-01-20T12:00:00Z,2026-01-20T00:00:00Z,2026-01-20T12:00:00Z,2026-01-22T11:00:00Z,turbine_1,47,5.77,-2.2,0.1614059751477028,january-backtest-v1,d094eb03a52f303931989830f7b4efb0d2e6c3faabb6b6a47793e8f3af157ee1,100,assumed,unverified
2026-01-20T12:00:00Z,2026-01-20T00:00:00Z,2026-01-20T12:00:00Z,2026-01-22T11:00:00Z,turbine_2,47,5.77,-2.2,0.14052626491383297,january-backtest-v1,bc781886f00f59e8ca445d0499e557775f0ddd100dc689290ef2f3ac4fec1e9b,100,assumed,unverified
2026-01-20T12:00:00Z,2026-01-20T00:00:00Z,2026-01-20T12:00:00Z,2026-01-22T12:00:00Z,turbine_1,48,8.34,-3.8,0.5824403786780489,january-backtest-v1,d094eb03a52f303931989830f7b4efb0d2e6c3faabb6b6a47793e8f3af157ee1,100,assumed,unverified
2026-01-20T12:00:00Z,2026-01-20T00:00:00Z,2026-01-20T12:00:00Z,2026-01-22T12:00:00Z,turbine_2,48,8.34,-3.8,0.558930955438748,january-backtest-v1,bc781886f00f59e8ca445d0499e557775f0ddd100dc689290ef2f3ac4fec1e9b,100,assumed,unverified
2026-01-21T12:00:00Z,2026-01-21T00:00:00Z,2026-01-21T12:00:00Z,2026-01-21T13:00:00Z,turbine_1,1,6.43,-6.2,0.23173092080297378,january-backtest-v1,d094eb03a52f303931989830f7b4efb0d2e6c3faabb6b6a47793e8f3af157ee1,100,assumed,unverified
2026-01-21T12:00:00Z,2026-01-21T00:00:00Z,2026-01-21T12:00:00Z,2026-01-21T13:00:00Z,turbine_2,1,6.43,-6.2,0.20698701350252022,january-backtest-v1,bc781886f00f59e8ca445d0499e557775f0ddd100dc689290ef2f3ac4fec1e9b,100,assumed,unverified
2026-01-21T12:00:00Z,2026-01-21T00:00:00Z,2026-01-21T12:00:00Z,2026-01-21T14:00:00Z,turbine_1,2,6.97,-6.4,0.316860315277407,january-backtest-v1,d094eb03a52f303931989830f7b4efb0d2e6c3faabb6b6a47793e8f3af157ee1,100,assumed,unverified
2026-01-21T12:00:00Z,2026-01-21T00:00:00Z,2026-01-21T12:00:00Z,2026-01-21T14:00:00Z,turbine_2,2,6.97,-6.4,0.29888624916323925,january-backtest-v1,bc781886f00f59e8ca445d0499e557775f0ddd100dc689290ef2f3ac4fec1e9b,100,assumed,unverified
2026-01-21T12:00:00Z,2026-01-21T00:00:00Z,2026-01-21T12:00:00Z,2026-01-21T15:00:00Z,turbine_1,3,7.65,-6.4,0.4533092233327109,january-backtest-v1,d094eb03a52f303931989830f7b4efb0d2e6c3faabb6b6a47793e8f3af157ee1,100,assumed,unverified
2026-01-21T12:00:00Z,2026-01-21T00:00:00Z,2026-01-21T12:00:00Z,2026-01-21T15:00:00Z,turbine_2,3,7.65,-6.4,0.38272220752373526,january-backtest-v1,bc781886f00f59e8ca445d0499e557775f0ddd100dc689290ef2f3ac4fec1e9b,100,assumed,unverified
2026-01-21T12:00:00Z,2026-01-21T00:00:00Z,2026-01-21T12:00:00Z,2026-01-21T16:00:00Z,turbine_1,4,7.65,-6.6,0.4533573587372429,january-backtest-v1,d094eb03a52f303931989830f7b4efb0d2e6c3faabb6b6a47793e8f3af157ee1,100,assumed,unverified
2026-01-21T12:00:00Z,2026-01-21T00:00:00Z,2026-01-21T12:00:00Z,2026-01-21T16:00:00Z,turbine_2,4,7.65,-6.6,0.38272220752373526,january-backtest-v1,bc781886f00f59e8ca445d0499e557775f0ddd100dc689290ef2f3ac4fec1e9b,100,assumed,unverified
2026-01-21T12:00:00Z,2026-01-21T00:00:00Z,2026-01-21T12:00:00Z,2026-01-21T17:00:00Z,turbine_1,5,8.08,-6.7,0.5104424062691666,january-backtest-v1,d094eb03a52f303931989830f7b4efb0d2e6c3faabb6b6a47793e8f3af157ee1,100,assumed,unverified
2026-01-21T12:00:00Z,2026-01-21T00:00:00Z,2026-01-21T12:00:00Z,2026-01-21T17:00:00Z,turbine_2,5,8.08,-6.7,0.4789761821160512,january-backtest-v1,bc781886f00f59e8ca445d0499e557775f0ddd100dc689290ef2f3ac4fec1e9b,100,assumed,unverified
2026-01-21T12:00:00Z,2026-01-21T00:00:00Z,2026-01-21T12:00:00Z,2026-01-21T18:00:00Z,turbine_1,6,8.22,-6.3,0.5533280056964236,january-backtest-v1,d094eb03a52f303931989830f7b4efb0d2e6c3faabb6b6a47793e8f3af157ee1,100,assumed,unverified
2026-01-21T12:00:00Z,2026-01-21T00:00:00Z,2026-01-21T12:00:00Z,2026-01-21T18:00:00Z,turbine_2,6,8.22,-6.3,0.49551991329413997,january-backtest-v1,bc781886f00f59e8ca445d0499e557775f0ddd100dc689290ef2f3ac4fec1e9b,100,assumed,unverified
2026-01-21T12:00:00Z,2026-01-21T00:00:00Z,2026-01-21T12:00:00Z,2026-01-21T19:00:00Z,turbine_1,7,8.53,-5.5,0.5941252203940649,january-backtest-v1,d094eb03a52f303931989830f7b4efb0d2e6c3faabb6b6a47793e8f3af157ee1,100,assumed,unverified
2026-01-21T12:00:00Z,2026-01-21T00:00:00Z,2026-01-21T12:00:00Z,2026-01-21T19:00:00Z,turbine_2,7,8.53,-5.5,0.5586657840263352,january-backtest-v1,bc781886f00f59e8ca445d0499e557775f0ddd100dc689290ef2f3ac4fec1e9b,100,assumed,unverified
2026-01-21T12:00:00Z,2026-01-21T00:00:00Z,2026-01-21T12:00:00Z,2026-01-21T20:00:00Z,turbine_1,8,8.11,-5.5,0.5147205170994271,january-backtest-v1,d094eb03a52f303931989830f7b4efb0d2e6c3faabb6b6a47793e8f3af157ee1,100,assumed,unverified
2026-01-21T12:00:00Z,2026-01-21T00:00:00Z,2026-01-21T12:00:00Z,2026-01-21T20:00:00Z,turbine_2,8,8.11,-5.5,0.4734421263565167,january-backtest-v1,bc781886f00f59e8ca445d0499e557775f0ddd100dc689290ef2f3ac4fec1e9b,100,assumed,unverified
2026-01-21T12:00:00Z,2026-01-21T00:00:00Z,2026-01-21T12:00:00Z,2026-01-21T21:00:00Z,turbine_1,9,7.35,-5.7,0.39427637835684537,january-backtest-v1,d094eb03a52f303931989830f7b4efb0d2e6c3faabb6b6a47793e8f3af157ee1,100,assumed,unverified
2026-01-21T12:00:00Z,2026-01-21T00:00:00Z,2026-01-21T12:00:00Z,2026-01-21T21:00:00Z,turbine_2,9,7.35,-5.7,0.35469511635227813,january-backtest-v1,bc781886f00f59e8ca445d0499e557775f0ddd100dc689290ef2f3ac4fec1e9b,100,assumed,unverified
2026-01-21T12:00:00Z,2026-01-21T00:00:00Z,2026-01-21T12:00:00Z,2026-01-21T22:00:00Z,turbine_1,10,6.14,-6.3,0.18810587584159683,january-backtest-v1,d094eb03a52f303931989830f7b4efb0d2e6c3faabb6b6a47793e8f3af157ee1,100,assumed,unverified
2026-01-21T12:00:00Z,2026-01-21T00:00:00Z,2026-01-21T12:00:00Z,2026-01-21T22:00:00Z,turbine_2,10,6.14,-6.3,0.17501525939810042,january-backtest-v1,bc781886f00f59e8ca445d0499e557775f0ddd100dc689290ef2f3ac4fec1e9b,100,assumed,unverified
2026-01-21T12:00:00Z,2026-01-21T00:00:00Z,2026-01-21T12:00:00Z,2026-01-21T23:00:00Z,turbine_1,11,2.2,-7.5,0.006112777600546626,january-backtest-v1,d094eb03a52f303931989830f7b4efb0d2e6c3faabb6b6a47793e8f3af157ee1,100,assumed,unverified
2026-01-21T12:00:00Z,2026-01-21T00:00:00Z,2026-01-21T12:00:00Z,2026-01-21T23:00:00Z,turbine_2,11,2.2,-7.5,0.010196719935308352,january-backtest-v1,bc781886f00f59e8ca445d0499e557775f0ddd100dc689290ef2f3ac4fec1e9b,100,assumed,unverified
2026-01-21T12:00:00Z,2026-01-21T00:00:00Z,2026-01-21T12:00:00Z,2026-01-22T00:00:00Z,turbine_1,12,1.11,-8.6,0.008238171964142227,january-backtest-v1,d094eb03a52f303931989830f7b4efb0d2e6c3faabb6b6a47793e8f3af157ee1,100,assumed,unverified
2026-01-21T12:00:00Z,2026-01-21T00:00:00Z,2026-01-21T12:00:00Z,2026-01-22T00:00:00Z,turbine_2,12,1.11,-8.6,0.008464479405815073,january-backtest-v1,bc781886f00f59e8ca445d0499e557775f0ddd100dc689290ef2f3ac4fec1e9b,100,assumed,unverified
2026-01-21T12:00:00Z,2026-01-21T00:00:00Z,2026-01-21T12:00:00Z,2026-01-22T01:00:00Z,turbine_1,13,5.26,-8.1,0.08350539581472716,january-backtest-v1,d094eb03a52f303931989830f7b4efb0d2e6c3faabb6b6a47793e8f3af157ee1,100,assumed,unverified
2026-01-21T12:00:00Z,2026-01-21T00:00:00Z,2026-01-21T12:00:00Z,2026-01-22T01:00:00Z,turbine_2,13,5.26,-8.1,0.06173462454465939,january-backtest-v1,bc781886f00f59e8ca445d0499e557775f0ddd100dc689290ef2f3ac4fec1e9b,100,assumed,unverified
2026-01-21T12:00:00Z,2026-01-21T00:00:00Z,2026-01-21T12:00:00Z,2026-01-22T02:00:00Z,turbine_1,14,3.01,-7.3,0.0028425742687062105,january-backtest-v1,d094eb03a52f303931989830f7b4efb0d2e6c3faabb6b6a47793e8f3af157ee1,100,assumed,unverified
2026-01-21T12:00:00Z,2026-01-21T00:00:00Z,2026-01-21T12:00:00Z,2026-01-22T02:00:00Z,turbine_2,14,3.01,-7.3,0.005926373070173796,january-backtest-v1,bc781886f00f59e8ca445d0499e557775f0ddd100dc689290ef2f3ac4fec1e9b,100,assumed,unverified
2026-01-21T12:00:00Z,2026-01-21T00:00:00Z,2026-01-21T12:00:00Z,2026-01-22T03:00:00Z,turbine_1,15,2.79,-7.2,0.0069996599275213844,january-backtest-v1,d094eb03a52f303931989830f7b4efb0d2e6c3faabb6b6a47793e8f3af157ee1,100,assumed,unverified
2026-01-21T12:00:00Z,2026-01-21T00:00:00Z,2026-01-21T12:00:00Z,2026-01-22T03:00:00Z,turbine_2,15,2.79,-7.2,0.008535789320999021,january-backtest-v1,bc781886f00f59e8ca445d0499e557775f0ddd100dc689290ef2f3ac4fec1e9b,100,assumed,unverified
2026-01-21T12:00:00Z,2026-01-21T00:00:00Z,2026-01-21T12:00:00Z,2026-01-22T04:00:00Z,turbine_1,16,5.63,-5.1,0.11800423287654932,january-backtest-v1,d094eb03a52f303931989830f7b4efb0d2e6c3faabb6b6a47793e8f3af157ee1,100,assumed,unverified
2026-01-21T12:00:00Z,2026-01-21T00:00:00Z,2026-01-21T12:00:00Z,2026-01-22T04:00:00Z,turbine_2,16,5.63,-5.1,0.10820751898426229,january-backtest-v1,bc781886f00f59e8ca445d0499e557775f0ddd100dc689290ef2f3ac4fec1e9b,100,assumed,unverified
2026-01-21T12:00:00Z,2026-01-21T00:00:00Z,2026-01-21T12:00:00Z,2026-01-22T05:00:00Z,turbine_1,17,4.92,-1.5,0.08227842812052033,january-backtest-v1,d094eb03a52f303931989830f7b4efb0d2e6c3faabb6b6a47793e8f3af157ee1,100,assumed,unverified
2026-01-21T12:00:00Z,2026-01-21T00:00:00Z,2026-01-21T12:00:00Z,2026-01-22T05:00:00Z,turbine_2,17,4.92,-1.5,0.06848197473956041,january-backtest-v1,bc781886f00f59e8ca445d0499e557775f0ddd100dc689290ef2f3ac4fec1e9b,100,assumed,unverified
2026-01-21T12:00:00Z,2026-01-21T00:00:00Z,2026-01-21T12:00:00Z,2026-01-22T06:00:00Z,turbine_1,18,5.58,-0.5,0.1428962451479033,january-backtest-v1,d094eb03a52f303931989830f7b4efb0d2e6c3faabb6b6a47793e8f3af157ee1,100,assumed,unverified
2026-01-21T12:00:00Z,2026-01-21T00:00:00Z,2026-01-21T12:00:00Z,2026-01-22T06:00:00Z,turbine_2,18,5.58,-0.5,0.12767976155614041,january-backtest-v1,bc781886f00f59e8ca445d0499e557775f0ddd100dc689290ef2f3ac4fec1e9b,100,assumed,unverified
2026-01-21T12:00:00Z,2026-01-21T00:00:00Z,2026-01-21T12:00:00Z,2026-01-22T07:00:00Z,turbine_1,19,5.9,0.7,0.18494001454839334,january-backtest-v1,d094eb03a52f303931989830f7b4efb0d2e6c3faabb6b6a47793e8f3af157ee1,100,assumed,unverified
2026-01-21T12:00:00Z,2026-01-21T00:00:00Z,2026-01-21T12:00:00Z,2026-01-22T07:00:00Z,turbine_2,19,5.9,0.7,0.16433276168419916,january-backtest-v1,bc781886f00f59e8ca445d0499e557775f0ddd100dc689290ef2f3ac4fec1e9b,100,assumed,unverified
2026-01-21T12:00:00Z,2026-01-21T00:00:00Z,2026-01-21T12:00:00Z,2026-01-22T08:00:00Z,turbine_1,20,1.97,0.3,0.011142516746082132,january-backtest-v1,d094eb03a52f303931989830f7b4efb0d2e6c3faabb6b6a47793e8f3af157ee1,100,assumed,unverified
2026-01-21T12:00:00Z,2026-01-21T00:00:00Z,2026-01-21T12:00:00Z,2026-01-22T08:00:00Z,turbine_2,20,1.97,0.3,0.00978373017716383,january-backtest-v1,bc781886f00f59e8ca445d0499e557775f0ddd100dc689290ef2f3ac4fec1e9b,100,assumed,unverified
2026-01-21T12:00:00Z,2026-01-21T00:00:00Z,2026-01-21T12:00:00Z,2026-01-22T09:00:00Z,turbine_1,21,5.56,0.4,0.14648682007713887,january-backtest-v1,d094eb03a52f303931989830f7b4efb0d2e6c3faabb6b6a47793e8f3af157ee1,100,assumed,unverified
2026-01-21T12:00:00Z,2026-01-21T00:00:00Z,2026-01-21T12:00:00Z,2026-01-22T09:00:00Z,turbine_2,21,5.56,0.4,0.13120419974328296,january-backtest-v1,bc781886f00f59e8ca445d0499e557775f0ddd100dc689290ef2f3ac4fec1e9b,100,assumed,unverified
2026-01-21T12:00:00Z,2026-01-21T00:00:00Z,2026-01-21T12:00:00Z,2026-01-22T10:00:00Z,turbine_1,22,5.88,-0.8,0.17626882016723544,january-backtest-v1,d094eb03a52f303931989830f7b4efb0d2e6c3faabb6b6a47793e8f3af157ee1,100,assumed,unverified
2026-01-21T12:00:00Z,2026-01-21T00:00:00Z,2026-01-21T12:00:00Z,2026-01-22T10:00:00Z,turbine_2,22,5.88,-0.8,0.1573583415483389,january-backtest-v1,bc781886f00f59e8ca445d0499e557775f0ddd100dc689290ef2f3ac4fec1e9b,100,assumed,unverified
2026-01-21T12:00:00Z,2026-01-21T00:00:00Z,2026-01-21T12:00:00Z,2026-01-22T11:00:00Z,turbine_1,23,4.65,-2.6,0.06035939292446768,january-backtest-v1,d094eb03a52f303931989830f7b4efb0d2e6c3faabb6b6a47793e8f3af157ee1,100,assumed,unverified
2026-01-21T12:00:00Z,2026-01-21T00:00:00Z,2026-01-21T12:00:00Z,2026-01-22T11:00:00Z,turbine_2,23,4.65,-2.6,0.04996942958942324,january-backtest-v1,bc781886f00f59e8ca445d0499e557775f0ddd100dc689290ef2f3ac4fec1e9b,100,assumed,unverified
2026-01-21T12:00:00Z,2026-01-21T00:00:00Z,2026-01-21T12:00:00Z,2026-01-22T12:00:00Z,turbine_1,24,8.45,-4.0,0.6048101163754891,january-backtest-v1,d094eb03a52f303931989830f7b4efb0d2e6c3faabb6b6a47793e8f3af157ee1,100,assumed,unverified
2026-01-21T12:00:00Z,2026-01-21T00:00:00Z,2026-01-21T12:00:00Z,2026-01-22T12:00:00Z,turbine_2,24,8.45,-4.0,0.5625900381043153,january-backtest-v1,bc781886f00f59e8ca445d0499e557775f0ddd100dc689290ef2f3ac4fec1e9b,100,assumed,unverified
2026-01-21T12:00:00Z,2026-01-21T00:00:00Z,2026-01-21T12:00:00Z,2026-01-22T13:00:00Z,turbine_1,25,7.24,-4.3,0.3713602814742923,january-backtest-v1,d094eb03a52f303931989830f7b4efb0d2e6c3faabb6b6a47793e8f3af157ee1,100,assumed,unverified
2026-01-21T12:00:00Z,2026-01-21T00:00:00Z,2026-01-21T12:00:00Z,2026-01-22T13:00:00Z,turbine_2,25,7.24,-4.3,0.3441082196132862,january-backtest-v1,bc781886f00f59e8ca445d0499e557775f0ddd100dc689290ef2f3ac4fec1e9b,100,assumed,unverified
2026-01-21T12:00:00Z,2026-01-21T00:00:00Z,2026-01-21T12:00:00Z,2026-01-22T14:00:00Z,turbine_1,26,6.18,-4.8,0.20033578575586383,january-backtest-v1,d094eb03a52f303931989830f7b4efb0d2e6c3faabb6b6a47793e8f3af157ee1,100,assumed,unverified
2026-01-21T12:00:00Z,2026-01-21T00:00:00Z,2026-01-21T12:00:00Z,2026-01-22T14:00:00Z,turbine_2,26,6.18,-4.8,0.18616786081721737,january-backtest-v1,bc781886f00f59e8ca445d0499e557775f0ddd100dc689290ef2f3ac4fec1e9b,100,assumed,unverified
2026-01-21T12:00:00Z,2026-01-21T00:00:00Z,2026-01-21T12:00:00Z,2026-01-22T15:00:00Z,turbine_1,27,8.7,-6.1,0.6302311630190611,january-backtest-v1,d094eb03a52f303931989830f7b4efb0d2e6c3faabb6b6a47793e8f3af157ee1,100,assumed,unverified
2026-01-21T12:00:00Z,2026-01-21T00:00:00Z,2026-01-21T12:00:00Z,2026-01-22T15:00:00Z,turbine_2,27,8.7,-6.1,0.582669429116216,january-backtest-v1,bc781886f00f59e8ca445d0499e557775f0ddd100dc689290ef2f3ac4fec1e9b,100,assumed,unverified
2026-01-21T12:00:00Z,2026-01-21T00:00:00Z,2026-01-21T12:00:00Z,2026-01-22T16:00:00Z,turbine_1,28,8.64,-6.9,0.6144641288601613,january-backtest-v1,d094eb03a52f303931989830f7b4efb0d2e6c3faabb6b6a47793e8f3af157ee1,100,assumed,unverified
2026-01-21T12:00:00Z,2026-01-21T00:00:00Z,2026-01-21T12:00:00Z,2026-01-22T16:00:00Z,turbine_2,28,8.64,-6.9,0.5875861140439045,january-backtest-v1,bc781886f00f59e8ca445d0499e557775f0ddd100dc689290ef2f3ac4fec1e9b,100,assumed,unverified
2026-01-21T12:00:00Z,2026-01-21T00:00:00Z,2026-01-21T12:00:00Z,2026-01-22T17:00:00Z,turbine_1,29,9.67,-7.4,0.7939935303764656,january-backtest-v1,d094eb03a52f303931989830f7b4efb0d2e6c3faabb6b6a47793e8f3af157ee1,100,assumed,unverified
2026-01-21T12:00:00Z,2026-01-21T00:00:00Z,2026-01-21T12:00:00Z,2026-01-22T17:00:00Z,turbine_2,29,9.67,-7.4,0.7620257148394127,january-backtest-v1,bc781886f00f59e8ca445d0499e557775f0ddd100dc689290ef2f3ac4fec1e9b,100,assumed,unverified
2026-01-21T12:00:00Z,2026-01-21T00:00:00Z,2026-01-21T12:00:00Z,2026-01-22T18:00:00Z,turbine_1,30,9.43,-7.6,0.7592688662945252,january-backtest-v1,d094eb03a52f303931989830f7b4efb0d2e6c3faabb6b6a47793e8f3af157ee1,100,assumed,unverified
2026-01-21T12:00:00Z,2026-01-21T00:00:00Z,2026-01-21T12:00:00Z,2026-01-22T18:00:00Z,turbine_2,30,9.43,-7.6,0.6756498920145222,january-backtest-v1,bc781886f00f59e8ca445d0499e557775f0ddd100dc689290ef2f3ac4fec1e9b,100,assumed,unverified
2026-01-21T12:00:00Z,2026-01-21T00:00:00Z,2026-01-21T12:00:00Z,2026-01-22T19:00:00Z,turbine_1,31,9.99,-7.7,0.8411545868297774,january-backtest-v1,d094eb03a52f303931989830f7b4efb0d2e6c3faabb6b6a47793e8f3af157ee1,100,assumed,unverified
2026-01-21T12:00:00Z,2026-01-21T00:00:00Z,2026-01-21T12:00:00Z,2026-01-22T19:00:00Z,turbine_2,31,9.99,-7.7,0.8026588245250883,january-backtest-v1,bc781886f00f59e8ca445d0499e557775f0ddd100dc689290ef2f3ac4fec1e9b,100,assumed,unverified
2026-01-21T12:00:00Z,2026-01-21T00:00:00Z,2026-01-21T12:00:00Z,2026-01-22T20:00:00Z,turbine_1,32,9.69,-7.9,0.7991996812446571,january-backtest-v1,d094eb03a52f303931989830f7b4efb0d2e6c3faabb6b6a47793e8f3af157ee1,100,assumed,unverified
2026-01-21T12:00:00Z,2026-01-21T00:00:00Z,2026-01-21T12:00:00Z,2026-01-22T20:00:00Z,turbine_2,32,9.69,-7.9,0.7620257148394127,january-backtest-v1,bc781886f00f59e8ca445d0499e557775f0ddd100dc689290ef2f3ac4fec1e9b,100,assumed,unverified
2026-01-21T12:00:00Z,2026-01-21T00:00:00Z,2026-01-21T12:00:00Z,2026-01-22T21:00:00Z,turbine_1,33,8.71,-7.6,0.6389890717726731,january-backtest-v1,d094eb03a52f303931989830f7b4efb0d2e6c3faabb6b6a47793e8f3af157ee1,100,assumed,unverified
2026-01-21T12:00:00Z,2026-01-21T00:00:00Z,2026-01-21T12:00:00Z,2026-01-22T21:00:00Z,turbine_2,33,8.71,-7.6,0.5960021340612445,january-backtest-v1,bc781886f00f59e8ca445d0499e557775f0ddd100dc689290ef2f3ac4fec1e9b,100,assumed,unverified
2026-01-21T12:00:00Z,2026-01-21T00:00:00Z,2026-01-21T12:00:00Z,2026-01-22T22:00:00Z,turbine_1,34,7.78,-6.6,0.4787617429247626,january-backtest-v1,d094eb03a52f303931989830f7b4efb0d2e6c3faabb6b6a47793e8f3af157ee1,100,assumed,unverified
2026-01-21T12:00:00Z,2026-01-21T00:00:00Z,2026-01-21T12:00:00Z,2026-01-22T22:00:00Z,turbine_2,34,7.78,-6.6,0.4334172008213957,january-backtest-v1,bc781886f00f59e8ca445d0499e557775f0ddd100dc689290ef2f3ac4fec1e9b,100,assumed,unverified
2026-01-21T12:00:00Z,2026-01-21T00:00:00Z,2026-01-21T12:00:00Z,2026-01-22T23:00:00Z,turbine_1,35,7.54,-6.1,0.43527914181228816,january-backtest-v1,d094eb03a52f303931989830f7b4efb0d2e6c3faabb6b6a47793e8f3af157ee1,100,assumed,unverified
2026-01-21T12:00:00Z,2026-01-21T00:00:00Z,2026-01-21T12:00:00Z,2026-01-22T23:00:00Z,turbine_2,35,7.54,-6.1,0.3897938880236325,january-backtest-v1,bc781886f00f59e8ca445d0499e557775f0ddd100dc689290ef2f3ac4fec1e9b,100,assumed,unverified
2026-01-21T12:00:00Z,2026-01-21T00:00:00Z,2026-01-21T12:00:00Z,2026-01-23T00:00:00Z,turbine_1,36,6.68,-5.9,0.2705472686705649,january-backtest-v1,d094eb03a52f303931989830f7b4efb0d2e6c3faabb6b6a47793e8f3af157ee1,100,assumed,unverified
2026-01-21T12:00:00Z,2026-01-21T00:00:00Z,2026-01-21T12:00:00Z,2026-01-23T00:00:00Z,turbine_2,36,6.68,-5.9,0.24148295470530634,january-backtest-v1,bc781886f00f59e8ca445d0499e557775f0ddd100dc689290ef2f3ac4fec1e9b,100,assumed,unverified
2026-01-21T12:00:00Z,2026-01-21T00:00:00Z,2026-01-21T12:00:00Z,2026-01-23T01:00:00Z,turbine_1,37,6.39,-5.6,0.22352443672723435,january-backtest-v1,d094eb03a52f303931989830f7b4efb0d2e6c3faabb6b6a47793e8f3af157ee1,100,assumed,unverified
2026-01-21T12:00:00Z,2026-01-21T00:00:00Z,2026-01-21T12:00:00Z,2026-01-23T01:00:00Z,turbine_2,37,6.39,-5.6,0.19395679615450406,january-backtest-v1,bc781886f00f59e8ca445d0499e557775f0ddd100dc689290ef2f3ac4fec1e9b,100,assumed,unverified
2026-01-21T12:00:00Z,2026-01-21T00:00:00Z,2026-01-21T12:00:00Z,2026-01-23T02:00:00Z,turbine_1,38,5.78,-5.7,0.14652561063386402,january-backtest-v1,d094eb03a52f303931989830f7b4efb0d2e6c3faabb6b6a47793e8f3af157ee1,100,assumed,unverified
2026-01-21T12:00:00Z,2026-01-21T00:00:00Z,2026-01-21T12:00:00Z,2026-01-23T02:00:00Z,turbine_2,38,5.78,-5.7,0.12307196197406553,january-backtest-v1,bc781886f00f59e8ca445d0499e557775f0ddd100dc689290ef2f3ac4fec1e9b,100,assumed,unverified
2026-01-21T12:00:00Z,2026-01-21T00:00:00Z,2026-01-21T12:00:00Z,2026-01-23T03:00:00Z,turbine_1,39,6.17,-5.4,0.1978739661581716,january-backtest-v1,d094eb03a52f303931989830f7b4efb0d2e6c3faabb6b6a47793e8f3af157ee1,100,assumed,unverified
2026-01-21T12:00:00Z,2026-01-21T00:00:00Z,2026-01-21T12:00:00Z,2026-01-23T03:00:00Z,turbine_2,39,6.17,-5.4,0.18005613689626346,january-backtest-v1,bc781886f00f59e8ca445d0499e557775f0ddd100dc689290ef2f3ac4fec1e9b,100,assumed,unverified
2026-01-21T12:00:00Z,2026-01-21T00:00:00Z,2026-01-21T12:00:00Z,2026-01-23T04:00:00Z,turbine_1,40,4.69,-4.4,0.05414764020840113,january-backtest-v1,d094eb03a52f303931989830f7b4efb0d2e6c3faabb6b6a47793e8f3af157ee1,100,assumed,unverified
2026-01-21T12:00:00Z,2026-01-21T00:00:00Z,2026-01-21T12:00:00Z,2026-01-23T04:00:00Z,turbine_2,40,4.69,-4.4,0.04843421303299672,january-backtest-v1,bc781886f00f59e8ca445d0499e557775f0ddd100dc689290ef2f3ac4fec1e9b,100,assumed,unverified
2026-01-21T12:00:00Z,2026-01-21T00:00:00Z,2026-01-21T12:00:00Z,2026-01-23T05:00:00Z,turbine_1,41,3.06,-3.9,0.0078008680722467805,january-backtest-v1,d094eb03a52f303931989830f7b4efb0d2e6c3faabb6b6a47793e8f3af157ee1,100,assumed,unverified
2026-01-21T12:00:00Z,2026-01-21T00:00:00Z,2026-01-21T12:00:00Z,2026-01-23T05:00:00Z,turbine_2,41,3.06,-3.9,0.007461218000556713,january-backtest-v1,bc781886f00f59e8ca445d0499e557775f0ddd100dc689290ef2f3ac4fec1e9b,100,assumed,unverified
2026-01-21T12:00:00Z,2026-01-21T00:00:00Z,2026-01-21T12:00:00Z,2026-01-23T06:00:00Z,turbine_1,42,2.46,-3.2,0.009038120983752895,january-backtest-v1,d094eb03a52f303931989830f7b4efb0d2e6c3faabb6b6a47793e8f3af157ee1,100,assumed,unverified
2026-01-21T12:00:00Z,2026-01-21T00:00:00Z,2026-01-21T12:00:00Z,2026-01-23T06:00:00Z,turbine_2,42,2.46,-3.2,0.009270683498979249,january-backtest-v1,bc781886f00f59e8ca445d0499e557775f0ddd100dc689290ef2f3ac4fec1e9b,100,assumed,unverified
2026-01-21T12:00:00Z,2026-01-21T00:00:00Z,2026-01-21T12:00:00Z,2026-01-23T07:00:00Z,turbine_1,43,2.38,-2.7,0.007832897128443983,january-backtest-v1,d094eb03a52f303931989830f7b4efb0d2e6c3faabb6b6a47793e8f3af157ee1,100,assumed,unverified
2026-01-21T12:00:00Z,2026-01-21T00:00:00Z,2026-01-21T12:00:00Z,2026-01-23T07:00:00Z,turbine_2,43,2.38,-2.7,0.006615442827812401,january-backtest-v1,bc781886f00f59e8ca445d0499e557775f0ddd100dc689290ef2f3ac4fec1e9b,100,assumed,unverified
2026-01-21T12:00:00Z,2026-01-21T00:00:00Z,2026-01-21T12:00:00Z,2026-01-23T08:00:00Z,turbine_1,44,3.08,-2.5,0.012938455753923161,january-backtest-v1,d094eb03a52f303931989830f7b4efb0d2e6c3faabb6b6a47793e8f3af157ee1,100,assumed,unverified
2026-01-21T12:00:00Z,2026-01-21T00:00:00Z,2026-01-21T12:00:00Z,2026-01-23T08:00:00Z,turbine_2,44,3.08,-2.5,0.006741627182710042,january-backtest-v1,bc781886f00f59e8ca445d0499e557775f0ddd100dc689290ef2f3ac4fec1e9b,100,assumed,unverified
2026-01-21T12:00:00Z,2026-01-21T00:00:00Z,2026-01-21T12:00:00Z,2026-01-23T09:00:00Z,turbine_1,45,3.32,-2.8,0.015386496183929788,january-backtest-v1,d094eb03a52f303931989830f7b4efb0d2e6c3faabb6b6a47793e8f3af157ee1,100,assumed,unverified
2026-01-21T12:00:00Z,2026-01-21T00:00:00Z,2026-01-21T12:00:00Z,2026-01-23T09:00:00Z,turbine_2,45,3.32,-2.8,0.010677288754358083,january-backtest-v1,bc781886f00f59e8ca445d0499e557775f0ddd100dc689290ef2f3ac4fec1e9b,100,assumed,unverified
2026-01-21T12:00:00Z,2026-01-21T00:00:00Z,2026-01-21T12:00:00Z,2026-01-23T10:00:00Z,turbine_1,46,3.93,-2.7,0.03468822316078818,january-backtest-v1,d094eb03a52f303931989830f7b4efb0d2e6c3faabb6b6a47793e8f3af157ee1,100,assumed,unverified
2026-01-21T12:00:00Z,2026-01-21T00:00:00Z,2026-01-21T12:00:00Z,2026-01-23T10:00:00Z,turbine_2,46,3.93,-2.7,0.027097321985323553,january-backtest-v1,bc781886f00f59e8ca445d0499e557775f0ddd100dc689290ef2f3ac4fec1e9b,100,assumed,unverified
2026-01-21T12:00:00Z,2026-01-21T00:00:00Z,2026-01-21T12:00:00Z,2026-01-23T11:00:00Z,turbine_1,47,3.79,-3.4,0.0254942809523932,january-backtest-v1,d094eb03a52f303931989830f7b4efb0d2e6c3faabb6b6a47793e8f3af157ee1,100,assumed,unverified
2026-01-21T12:00:00Z,2026-01-21T00:00:00Z,2026-01-21T12:00:00Z,2026-01-23T11:00:00Z,turbine_2,47,3.79,-3.4,0.019162270806366344,january-backtest-v1,bc781886f00f59e8ca445d0499e557775f0ddd100dc689290ef2f3ac4fec1e9b,100,assumed,unverified
2026-01-21T12:00:00Z,2026-01-21T00:00:00Z,2026-01-21T12:00:00Z,2026-01-23T12:00:00Z,turbine_1,48,4.78,-4.0,0.06128182106593283,january-backtest-v1,d094eb03a52f303931989830f7b4efb0d2e6c3faabb6b6a47793e8f3af157ee1,100,assumed,unverified
2026-01-21T12:00:00Z,2026-01-21T00:00:00Z,2026-01-21T12:00:00Z,2026-01-23T12:00:00Z,turbine_2,48,4.78,-4.0,0.05119236583878006,january-backtest-v1,bc781886f00f59e8ca445d0499e557775f0ddd100dc689290ef2f3ac4fec1e9b,100,assumed,unverified
2026-01-22T12:00:00Z,2026-01-22T00:00:00Z,2026-01-22T12:00:00Z,2026-01-22T13:00:00Z,turbine_1,1,6.66,-4.5,0.2619041088383089,january-backtest-v1,d094eb03a52f303931989830f7b4efb0d2e6c3faabb6b6a47793e8f3af157ee1,100,assumed,unverified
2026-01-22T12:00:00Z,2026-01-22T00:00:00Z,2026-01-22T12:00:00Z,2026-01-22T13:00:00Z,turbine_2,1,6.66,-4.5,0.2571936414516936,january-backtest-v1,bc781886f00f59e8ca445d0499e557775f0ddd100dc689290ef2f3ac4fec1e9b,100,assumed,unverified
2026-01-22T12:00:00Z,2026-01-22T00:00:00Z,2026-01-22T12:00:00Z,2026-01-22T14:00:00Z,turbine_1,2,6.24,-4.8,0.21012334650554693,january-backtest-v1,d094eb03a52f303931989830f7b4efb0d2e6c3faabb6b6a47793e8f3af157ee1,100,assumed,unverified
2026-01-22T12:00:00Z,2026-01-22T00:00:00Z,2026-01-22T12:00:00Z,2026-01-22T14:00:00Z,turbine_2,2,6.24,-4.8,0.19426740379879628,january-backtest-v1,bc781886f00f59e8ca445d0499e557775f0ddd100dc689290ef2f3ac4fec1e9b,100,assumed,unverified
2026-01-22T12:00:00Z,2026-01-22T00:00:00Z,2026-01-22T12:00:00Z,2026-01-22T15:00:00Z,turbine_1,3,7.79,-5.2,0.477639845027047,january-backtest-v1,d094eb03a52f303931989830f7b4efb0d2e6c3faabb6b6a47793e8f3af157ee1,100,assumed,unverified
2026-01-22T12:00:00Z,2026-01-22T00:00:00Z,2026-01-22T12:00:00Z,2026-01-22T15:00:00Z,turbine_2,3,7.79,-5.2,0.4381420087033436,january-backtest-v1,bc781886f00f59e8ca445d0499e557775f0ddd100dc689290ef2f3ac4fec1e9b,100,assumed,unverified
2026-01-22T12:00:00Z,2026-01-22T00:00:00Z,2026-01-22T12:00:00Z,2026-01-22T16:00:00Z,turbine_1,4,8.28,-5.2,0.5637668588734732,january-backtest-v1,d094eb03a52f303931989830f7b4efb0d2e6c3faabb6b6a47793e8f3af157ee1,100,assumed,unverified
2026-01-22T12:00:00Z,2026-01-22T00:00:00Z,2026-01-22T12:00:00Z,2026-01-22T16:00:00Z,turbine_2,4,8.28,-5.2,0.5450340330846883,january-backtest-v1,bc781886f00f59e8ca445d0499e557775f0ddd100dc689290ef2f3ac4fec1e9b,100,assumed,unverified
2026-01-22T12:00:00Z,2026-01-22T00:00:00Z,2026-01-22T12:00:00Z,2026-01-22T17:00:00Z,turbine_1,5,8.8,-5.7,0.6350960975675027,january-backtest-v1,d094eb03a52f303931989830f7b4efb0d2e6c3faabb6b6a47793e8f3af157ee1,100,assumed,unverified
2026-01-22T12:00:00Z,2026-01-22T00:00:00Z,2026-01-22T12:00:00Z,2026-01-22T17:00:00Z,turbine_2,5,8.8,-5.7,0.6136759762547419,january-backtest-v1,bc781886f00f59e8ca445d0499e557775f0ddd100dc689290ef2f3ac4fec1e9b,100,assumed,unverified
2026-01-22T12:00:00Z,2026-01-22T00:00:00Z,2026-01-22T12:00:00Z,2026-01-22T18:00:00Z,turbine_1,6,9.15,-7.1,0.7015424275105449,january-backtest-v1,d094eb03a52f303931989830f7b4efb0d2e6c3faabb6b6a47793e8f3af157ee1,100,assumed,unverified
2026-01-22T12:00:00Z,2026-01-22T00:00:00Z,2026-01-22T12:00:00Z,2026-01-22T18:00:00Z,turbine_2,6,9.15,-7.1,0.6702976969501716,january-backtest-v1,bc781886f00f59e8ca445d0499e557775f0ddd100dc689290ef2f3ac4fec1e9b,100,assumed,unverified
2026-01-22T12:00:00Z,2026-01-22T00:00:00Z,2026-01-22T12:00:00Z,2026-01-22T19:00:00Z,turbine_1,7,10.6,-7.7,0.9143798334432011,january-backtest-v1,d094eb03a52f303931989830f7b4efb0d2e6c3faabb6b6a47793e8f3af157ee1,100,assumed,unverified
2026-01-22T12:00:00Z,2026-01-22T00:00:00Z,2026-01-22T12:00:00Z,2026-01-22T19:00:00Z,turbine_2,7,10.6,-7.7,0.8695418662288749,january-backtest-v1,bc781886f00f59e8ca445d0499e557775f0ddd100dc689290ef2f3ac4fec1e9b,100,assumed,unverified
2026-01-22T12:00:00Z,2026-01-22T00:00:00Z,2026-01-22T12:00:00Z,2026-01-22T20:00:00Z,turbine_1,8,9.17,-8.0,0.7177303273015418,january-backtest-v1,d094eb03a52f303931989830f7b4efb0d2e6c3faabb6b6a47793e8f3af157ee1,100,assumed,unverified
2026-01-22T12:00:00Z,2026-01-22T00:00:00Z,2026-01-22T12:00:00Z,2026-01-22T20:00:00Z,turbine_2,8,9.17,-8.0,0.6888714889598555,january-backtest-v1,bc781886f00f59e8ca445d0499e557775f0ddd100dc689290ef2f3ac4fec1e9b,100,assumed,unverified
2026-01-22T12:00:00Z,2026-01-22T00:00:00Z,2026-01-22T12:00:00Z,2026-01-22T21:00:00Z,turbine_1,9,9.54,-7.4,0.7623382063512469,january-backtest-v1,d094eb03a52f303931989830f7b4efb0d2e6c3faabb6b6a47793e8f3af157ee1,100,assumed,unverified
2026-01-22T12:00:00Z,2026-01-22T00:00:00Z,2026-01-22T12:00:00Z,2026-01-22T21:00:00Z,turbine_2,9,9.54,-7.4,0.6986880898280279,january-backtest-v1,bc781886f00f59e8ca445d0499e557775f0ddd100dc689290ef2f3ac4fec1e9b,100,assumed,unverified
2026-01-22T12:00:00Z,2026-01-22T00:00:00Z,2026-01-22T12:00:00Z,2026-01-22T22:00:00Z,turbine_1,10,7.92,-6.7,0.48279515467911327,january-backtest-v1,d094eb03a52f303931989830f7b4efb0d2e6c3faabb6b6a47793e8f3af157ee1,100,assumed,unverified
2026-01-22T12:00:00Z,2026-01-22T00:00:00Z,2026-01-22T12:00:00Z,2026-01-22T22:00:00Z,turbine_2,10,7.92,-6.7,0.4503499179744886,january-backtest-v1,bc781886f00f59e8ca445d0499e557775f0ddd100dc689290ef2f3ac4fec1e9b,100,assumed,unverified
2026-01-22T12:00:00Z,2026-01-22T00:00:00Z,2026-01-22T12:00:00Z,2026-01-22T23:00:00Z,turbine_1,11,8.35,-6.2,0.5754930696932008,january-backtest-v1,d094eb03a52f303931989830f7b4efb0d2e6c3faabb6b6a47793e8f3af157ee1,100,assumed,unverified
2026-01-22T12:00:00Z,2026-01-22T00:00:00Z,2026-01-22T12:00:00Z,2026-01-22T23:00:00Z,turbine_2,11,8.35,-6.2,0.5325576142369962,january-backtest-v1,bc781886f00f59e8ca445d0499e557775f0ddd100dc689290ef2f3ac4fec1e9b,100,assumed,unverified
2026-01-22T12:00:00Z,2026-01-22T00:00:00Z,2026-01-22T12:00:00Z,2026-01-23T00:00:00Z,turbine_1,12,7.53,-5.9,0.4295405970492565,january-backtest-v1,d094eb03a52f303931989830f7b4efb0d2e6c3faabb6b6a47793e8f3af157ee1,100,assumed,unverified
2026-01-22T12:00:00Z,2026-01-22T00:00:00Z,2026-01-22T12:00:00Z,2026-01-23T00:00:00Z,turbine_2,12,7.53,-5.9,0.3836601709966802,january-backtest-v1,bc781886f00f59e8ca445d0499e557775f0ddd100dc689290ef2f3ac4fec1e9b,100,assumed,unverified
2026-01-22T12:00:00Z,2026-01-22T00:00:00Z,2026-01-22T12:00:00Z,2026-01-23T01:00:00Z,turbine_1,13,7.7,-5.9,0.45655732575577324,january-backtest-v1,d094eb03a52f303931989830f7b4efb0d2e6c3faabb6b6a47793e8f3af157ee1,100,assumed,unverified
2026-01-22T12:00:00Z,2026-01-22T00:00:00Z,2026-01-22T12:00:00Z,2026-01-23T01:00:00Z,turbine_2,13,7.7,-5.9,0.41050450317410203,january-backtest-v1,bc781886f00f59e8ca445d0499e557775f0ddd100dc689290ef2f3ac4fec1e9b,100,assumed,unverified
2026-01-22T12:00:00Z,2026-01-22T00:00:00Z,2026-01-22T12:00:00Z,2026-01-23T02:00:00Z,turbine_1,14,7.18,-5.7,0.35751189635823444,january-backtest-v1,d094eb03a52f303931989830f7b4efb0d2e6c3faabb6b6a47793e8f3af157ee1,100,assumed,unverified
2026-01-22T12:00:00Z,2026-01-22T00:00:00Z,2026-01-22T12:00:00Z,2026-01-23T02:00:00Z,turbine_2,14,7.18,-5.7,0.3224197252101249,january-backtest-v1,bc781886f00f59e8ca445d0499e557775f0ddd100dc689290ef2f3ac4fec1e9b,100,assumed,unverified
2026-01-22T12:00:00Z,2026-01-22T00:00:00Z,2026-01-22T12:00:00Z,2026-01-23T03:00:00Z,turbine_1,15,6.38,-5.4,0.21673925503780758,january-backtest-v1,d094eb03a52f303931989830f7b4efb0d2e6c3faabb6b6a47793e8f3af157ee1,100,assumed,unverified
2026-01-22T12:00:00Z,2026-01-22T00:00:00Z,2026-01-22T12:00:00Z,2026-01-23T03:00:00Z,turbine_2,15,6.38,-5.4,0.19395679615450406,january-backtest-v1,bc781886f00f59e8ca445d0499e557775f0ddd100dc689290ef2f3ac4fec1e9b,100,assumed,unverified
2026-01-22T12:00:00Z,2026-01-22T00:00:00Z,2026-01-22T12:00:00Z,2026-01-23T04:00:00Z,turbine_1,16,5.69,-4.9,0.1308369055438157,january-backtest-v1,d094eb03a52f303931989830f7b4efb0d2e6c3faabb6b6a47793e8f3af157ee1,100,assumed,unverified
2026-01-22T12:00:00Z,2026-01-22T00:00:00Z,2026-01-22T12:00:00Z,2026-01-23T04:00:00Z,turbine_2,16,5.69,-4.9,0.11591342017118067,january-backtest-v1,bc781886f00f59e8ca445d0499e557775f0ddd100dc689290ef2f3ac4fec1e9b,100,assumed,unverified
2026-01-22T12:00:00Z,2026-01-22T00:00:00Z,2026-01-22T12:00:00Z,2026-01-23T05:00:00Z,turbine_1,17,5.04,-3.9,0.078604764438919,january-backtest-v1,d094eb03a52f303931989830f7b4efb0d2e6c3faabb6b6a47793e8f3af157ee1,100,assumed,unverified
2026-01-22T12:00:00Z,2026-01-22T00:00:00Z,2026-01-22T12:00:00Z,2026-01-23T05:00:00Z,turbine_2,17,5.04,-3.9,0.06709746334980782,january-backtest-v1,bc781886f00f59e8ca445d0499e557775f0ddd100dc689290ef2f3ac4fec1e9b,100,assumed,unverified
2026-01-22T12:00:00Z,2026-01-22T00:00:00Z,2026-01-22T12:00:00Z,2026-01-23T06:00:00Z,turbine_1,18,4.35,-3.2,0.04158710064599114,january-backtest-v1,d094eb03a52f303931989830f7b4efb0d2e6c3faabb6b6a47793e8f3af157ee1,100,assumed,unverified
2026-01-22T12:00:00Z,2026-01-22T00:00:00Z,2026-01-22T12:00:00Z,2026-01-23T06:00:00Z,turbine_2,18,4.35,-3.2,0.039607768746355854,january-backtest-v1,bc781886f00f59e8ca445d0499e557775f0ddd100dc689290ef2f3ac4fec1e9b,100,assumed,unverified
2026-01-22T12:00:00Z,2026-01-22T00:00:00Z,2026-01-22T12:00:00Z,2026-01-23T07:00:00Z,turbine_1,19,3.87,-2.4,0.03459664642808702,january-backtest-v1,d094eb03a52f303931989830f7b4efb0d2e6c3faabb6b6a47793e8f3af157ee1,100,assumed,unverified
2026-01-22T12:00:00Z,2026-01-22T00:00:00Z,2026-01-22T12:00:00Z,2026-01-23T07:00:00Z,turbine_2,19,3.87,-2.4,0.023902570933537426,january-backtest-v1,bc781886f00f59e8ca445d0499e557775f0ddd100dc689290ef2f3ac4fec1e9b,100,assumed,unverified
2026-01-22T12:00:00Z,2026-01-22T00:00:00Z,2026-01-22T12:00:00Z,2026-01-23T08:00:00Z,turbine_1,20,3.91,-1.8,0.03417508130190777,january-backtest-v1,d094eb03a52f303931989830f7b4efb0d2e6c3faabb6b6a47793e8f3af157ee1,100,assumed,unverified
2026-01-22T12:00:00Z,2026-01-22T00:00:00Z,2026-01-22T12:00:00Z,2026-01-23T08:00:00Z,turbine_2,20,3.91,-1.8,0.02789623349429393,january-backtest-v1,bc781886f00f59e8ca445d0499e557775f0ddd100dc689290ef2f3ac4fec1e9b,100,assumed,unverified
2026-01-22T12:00:00Z,2026-01-22T00:00:00Z,2026-01-22T12:00:00Z,2026-01-23T09:00:00Z,turbine_1,21,2.65,-1.6,0.00803993105552292,january-backtest-v1,d094eb03a52f303931989830f7b4efb0d2e6c3faabb6b6a47793e8f3af157ee1,100,assumed,unverified
2026-01-22T12:00:00Z,2026-01-22T00:00:00Z,2026-01-22T12:00:00Z,2026-01-23T09:00:00Z,turbine_2,21,2.65,-1.6,0.0038176925606156487,january-backtest-v1,bc781886f00f59e8ca445d0499e557775f0ddd100dc689290ef2f3ac4fec1e9b,100,assumed,unverified
2026-01-22T12:00:00Z,2026-01-22T00:00:00Z,2026-01-22T12:00:00Z,2026-01-23T10:00:00Z,turbine_1,22,3.28,-1.7,0.015585197236534343,january-backtest-v1,d094eb03a52f303931989830f7b4efb0d2e6c3faabb6b6a47793e8f3af157ee1,100,assumed,unverified
2026-01-22T12:00:00Z,2026-01-22T00:00:00Z,2026-01-22T12:00:00Z,2026-01-23T10:00:00Z,turbine_2,22,3.28,-1.7,0.009792827429976503,january-backtest-v1,bc781886f00f59e8ca445d0499e557775f0ddd100dc689290ef2f3ac4fec1e9b,100,assumed,unverified
2026-01-22T12:00:00Z,2026-01-22T00:00:00Z,2026-01-22T12:00:00Z,2026-01-23T11:00:00Z,turbine_1,23,4.04,-2.6,0.03704243459857198,january-backtest-v1,d094eb03a52f303931989830f7b4efb0d2e6c3faabb6b6a47793e8f3af157ee1,100,assumed,unverified
2026-01-22T12:00:00Z,2026-01-22T00:00:00Z,2026-01-22T12:00:00Z,2026-01-23T11:00:00Z,turbine_2,23,4.04,-2.6,0.03293457517624476,january-backtest-v1,bc781886f00f59e8ca445d0499e557775f0ddd100dc689290ef2f3ac4fec1e9b,100,assumed,unverified
2026-01-22T12:00:00Z,2026-01-22T00:00:00Z,2026-01-22T12:00:00Z,2026-01-23T12:00:00Z,turbine_1,24,5.27,-3.5,0.10676105816877063,january-backtest-v1,d094eb03a52f303931989830f7b4efb0d2e6c3faabb6b6a47793e8f3af157ee1,100,assumed,unverified
2026-01-22T12:00:00Z,2026-01-22T00:00:00Z,2026-01-22T12:00:00Z,2026-01-23T12:00:00Z,turbine_2,24,5.27,-3.5,0.08801849870167477,january-backtest-v1,bc781886f00f59e8ca445d0499e557775f0ddd100dc689290ef2f3ac4fec1e9b,100,assumed,unverified
2026-01-22T12:00:00Z,2026-01-22T00:00:00Z,2026-01-22T12:00:00Z,2026-01-23T13:00:00Z,turbine_1,25,5.71,-4.0,0.13697442406808316,january-backtest-v1,d094eb03a52f303931989830f7b4efb0d2e6c3faabb6b6a47793e8f3af157ee1,100,assumed,unverified
2026-01-22T12:00:00Z,2026-01-22T00:00:00Z,2026-01-22T12:00:00Z,2026-01-23T13:00:00Z,turbine_2,25,5.71,-4.0,0.11959605660874109,january-backtest-v1,bc781886f00f59e8ca445d0499e557775f0ddd100dc689290ef2f3ac4fec1e9b,100,assumed,unverified
2026-01-22T12:00:00Z,2026-01-22T00:00:00Z,2026-01-22T12:00:00Z,2026-01-23T14:00:00Z,turbine_1,26,4.89,-4.2,0.06546564074761463,january-backtest-v1,d094eb03a52f303931989830f7b4efb0d2e6c3faabb6b6a47793e8f3af157ee1,100,assumed,unverified
2026-01-22T12:00:00Z,2026-01-22T00:00:00Z,2026-01-22T12:00:00Z,2026-01-23T14:00:00Z,turbine_2,26,4.89,-4.2,0.060923407800748786,january-backtest-v1,bc781886f00f59e8ca445d0499e557775f0ddd100dc689290ef2f3ac4fec1e9b,100,assumed,unverified
2026-01-22T12:00:00Z,2026-01-22T00:00:00Z,2026-01-22T12:00:00Z,2026-01-23T15:00:00Z,turbine_1,27,5.5,-4.6,0.10468580592250681,january-backtest-v1,d094eb03a52f303931989830f7b4efb0d2e6c3faabb6b6a47793e8f3af157ee1,100,assumed,unverified
2026-01-22T12:00:00Z,2026-01-22T00:00:00Z,2026-01-22T12:00:00Z,2026-01-23T15:00:00Z,turbine_2,27,5.5,-4.6,0.10556410685052303,january-backtest-v1,bc781886f00f59e8ca445d0499e557775f0ddd100dc689290ef2f3ac4fec1e9b,100,assumed,unverified
2026-01-22T12:00:00Z,2026-01-22T00:00:00Z,2026-01-22T12:00:00Z,2026-01-23T16:00:00Z,turbine_1,28,6.95,-4.8,0.309083704093578,january-backtest-v1,d094eb03a52f303931989830f7b4efb0d2e6c3faabb6b6a47793e8f3af157ee1,100,assumed,unverified
2026-01-22T12:00:00Z,2026-01-22T00:00:00Z,2026-01-22T12:00:00Z,2026-01-23T16:00:00Z,turbine_2,28,6.95,-4.8,0.3070170057540757,january-backtest-v1,bc781886f00f59e8ca445d0499e557775f0ddd100dc689290ef2f3ac4fec1e9b,100,assumed,unverified
2026-01-22T12:00:00Z,2026-01-22T00:00:00Z,2026-01-22T12:00:00Z,2026-01-23T17:00:00Z,turbine_1,29,7.82,-5.2,0.477639845027047,january-backtest-v1,d094eb03a52f303931989830f7b4efb0d2e6c3faabb6b6a47793e8f3af157ee1,100,assumed,unverified
2026-01-22T12:00:00Z,2026-01-22T00:00:00Z,2026-01-22T12:00:00Z,2026-01-23T17:00:00Z,turbine_2,29,7.82,-5.2,0.4381420087033436,january-backtest-v1,bc781886f00f59e8ca445d0499e557775f0ddd100dc689290ef2f3ac4fec1e9b,100,assumed,unverified
2026-01-22T12:00:00Z,2026-01-22T00:00:00Z,2026-01-22T12:00:00Z,2026-01-23T18:00:00Z,turbine_1,30,8.03,-5.6,0.5034285127870584,january-backtest-v1,d094eb03a52f303931989830f7b4efb0d2e6c3faabb6b6a47793e8f3af157ee1,100,assumed,unverified
2026-01-22T12:00:00Z,2026-01-22T00:00:00Z,2026-01-22T12:00:00Z,2026-01-23T18:00:00Z,turbine_2,30,8.03,-5.6,0.4706421284922774,january-backtest-v1,bc781886f00f59e8ca445d0499e557775f0ddd100dc689290ef2f3ac4fec1e9b,100,assumed,unverified
2026-01-22T12:00:00Z,2026-01-22T00:00:00Z,2026-01-22T12:00:00Z,2026-01-23T19:00:00Z,turbine_1,31,6.98,-5.6,0.31762056616827317,january-backtest-v1,d094eb03a52f303931989830f7b4efb0d2e6c3faabb6b6a47793e8f3af157ee1,100,assumed,unverified
2026-01-22T12:00:00Z,2026-01-22T00:00:00Z,2026-01-22T12:00:00Z,2026-01-23T19:00:00Z,turbine_2,31,6.98,-5.6,0.294480654985443,january-backtest-v1,bc781886f00f59e8ca445d0499e557775f0ddd100dc689290ef2f3ac4fec1e9b,100,assumed,unverified
2026-01-22T12:00:00Z,2026-01-22T00:00:00Z,2026-01-22T12:00:00Z,2026-01-23T20:00:00Z,turbine_1,32,5.55,-5.8,0.112946123703496,january-backtest-v1,d094eb03a52f303931989830f7b4efb0d2e6c3faabb6b6a47793e8f3af157ee1,100,assumed,unverified
2026-01-22T12:00:00Z,2026-01-22T00:00:00Z,2026-01-22T12:00:00Z,2026-01-23T20:00:00Z,turbine_2,32,5.55,-5.8,0.09704069513021041,january-backtest-v1,bc781886f00f59e8ca445d0499e557775f0ddd100dc689290ef2f3ac4fec1e9b,100,assumed,unverified
2026-01-22T12:00:00Z,2026-01-22T00:00:00Z,2026-01-22T12:00:00Z,2026-01-23T21:00:00Z,turbine_1,33,4.0,-6.9,0.02594793725015826,january-backtest-v1,d094eb03a52f303931989830f7b4efb0d2e6c3faabb6b6a47793e8f3af157ee1,100,assumed,unverified
2026-01-22T12:00:00Z,2026-01-22T00:00:00Z,2026-01-22T12:00:00Z,2026-01-23T21:00:00Z,turbine_2,33,4.0,-6.9,0.027258053511636682,january-backtest-v1,bc781886f00f59e8ca445d0499e557775f0ddd100dc689290ef2f3ac4fec1e9b,100,assumed,unverified
2026-01-22T12:00:00Z,2026-01-22T00:00:00Z,2026-01-22T12:00:00Z,2026-01-23T22:00:00Z,turbine_1,34,3.22,-8.1,0.011345549745587935,january-backtest-v1,d094eb03a52f303931989830f7b4efb0d2e6c3faabb6b6a47793e8f3af157ee1,100,assumed,unverified
2026-01-22T12:00:00Z,2026-01-22T00:00:00Z,2026-01-22T12:00:00Z,2026-01-23T22:00:00Z,turbine_2,34,3.22,-8.1,0.008084297967885012,january-backtest-v1,bc781886f00f59e8ca445d0499e557775f0ddd100dc689290ef2f3ac4fec1e9b,100,assumed,unverified
2026-01-22T12:00:00Z,2026-01-22T00:00:00Z,2026-01-22T12:00:00Z,2026-01-23T23:00:00Z,turbine_1,35,2.55,-9.3,0.006582039031516607,january-backtest-v1,d094eb03a52f303931989830f7b4efb0d2e6c3faabb6b6a47793e8f3af157ee1,100,assumed,unverified
2026-01-22T12:00:00Z,2026-01-22T00:00:00Z,2026-01-22T12:00:00Z,2026-01-23T23:00:00Z,turbine_2,35,2.55,-9.3,0.005720566938953675,january-backtest-v1,bc781886f00f59e8ca445d0499e557775f0ddd100dc689290ef2f3ac4fec1e9b,100,assumed,unverified
2026-01-22T12:00:00Z,2026-01-22T00:00:00Z,2026-01-22T12:00:00Z,2026-01-24T00:00:00Z,turbine_1,36,2.51,-9.9,0.0065990051046573295,january-backtest-v1,d094eb03a52f303931989830f7b4efb0d2e6c3faabb6b6a47793e8f3af157ee1,100,assumed,unverified
2026-01-22T12:00:00Z,2026-01-22T00:00:00Z,2026-01-22T12:00:00Z,2026-01-24T00:00:00Z,turbine_2,36,2.51,-9.9,0.004481622497178761,january-backtest-v1,bc781886f00f59e8ca445d0499e557775f0ddd100dc689290ef2f3ac4fec1e9b,100,assumed,unverified
2026-01-22T12:00:00Z,2026-01-22T00:00:00Z,2026-01-22T12:00:00Z,2026-01-24T01:00:00Z,turbine_1,37,3.88,-9.5,0.02470324319205197,january-backtest-v1,d094eb03a52f303931989830f7b4efb0d2e6c3faabb6b6a47793e8f3af157ee1,100,assumed,unverified
2026-01-22T12:00:00Z,2026-01-22T00:00:00Z,2026-01-22T12:00:00Z,2026-01-24T01:00:00Z,turbine_2,37,3.88,-9.5,0.016388011252964352,january-backtest-v1,bc781886f00f59e8ca445d0499e557775f0ddd100dc689290ef2f3ac4fec1e9b,100,assumed,unverified
2026-01-22T12:00:00Z,2026-01-22T00:00:00Z,2026-01-22T12:00:00Z,2026-01-24T02:00:00Z,turbine_1,38,4.89,-9.0,0.055715707634164,january-backtest-v1,d094eb03a52f303931989830f7b4efb0d2e6c3faabb6b6a47793e8f3af157ee1,100,assumed,unverified
2026-01-22T12:00:00Z,2026-01-22T00:00:00Z,2026-01-22T12:00:00Z,2026-01-24T02:00:00Z,turbine_2,38,4.89,-9.0,0.05085786014845506,january-backtest-v1,bc781886f00f59e8ca445d0499e557775f0ddd100dc689290ef2f3ac4fec1e9b,100,assumed,unverified
2026-01-22T12:00:00Z,2026-01-22T00:00:00Z,2026-01-22T12:00:00Z,2026-01-24T03:00:00Z,turbine_1,39,5.34,-8.6,0.07622055638392372,january-backtest-v1,d094eb03a52f303931989830f7b4efb0d2e6c3faabb6b6a47793e8f3af157ee1,100,assumed,unverified
2026-01-22T12:00:00Z,2026-01-22T00:00:00Z,2026-01-22T12:00:00Z,2026-01-24T03:00:00Z,turbine_2,39,5.34,-8.6,0.05998849824851471,january-backtest-v1,bc781886f00f59e8ca445d0499e557775f0ddd100dc689290ef2f3ac4fec1e9b,100,assumed,unverified
2026-01-22T12:00:00Z,2026-01-22T00:00:00Z,2026-01-22T12:00:00Z,2026-01-24T04:00:00Z,turbine_1,40,6.69,-6.6,0.26894478835894725,january-backtest-v1,d094eb03a52f303931989830f7b4efb0d2e6c3faabb6b6a47793e8f3af157ee1,100,assumed,unverified
2026-01-22T12:00:00Z,2026-01-22T00:00:00Z,2026-01-22T12:00:00Z,2026-01-24T04:00:00Z,turbine_2,40,6.69,-6.6,0.2476600818666686,january-backtest-v1,bc781886f00f59e8ca445d0499e557775f0ddd100dc689290ef2f3ac4fec1e9b,100,assumed,unverified
2026-01-22T12:00:00Z,2026-01-22T00:00:00Z,2026-01-22T12:00:00Z,2026-01-24T05:00:00Z,turbine_1,41,8.31,-3.9,0.5718540512345137,january-backtest-v1,d094eb03a52f303931989830f7b4efb0d2e6c3faabb6b6a47793e8f3af157ee1,100,assumed,unverified
2026-01-22T12:00:00Z,2026-01-22T00:00:00Z,2026-01-22T12:00:00Z,2026-01-24T05:00:00Z,turbine_2,41,8.31,-3.9,0.5548372385880016,january-backtest-v1,bc781886f00f59e8ca445d0499e557775f0ddd100dc689290ef2f3ac4fec1e9b,100,assumed,unverified
2026-01-22T12:00:00Z,2026-01-22T00:00:00Z,2026-01-22T12:00:00Z,2026-01-24T06:00:00Z,turbine_1,42,10.11,-2.4,0.8584190006009791,january-backtest-v1,d094eb03a52f303931989830f7b4efb0d2e6c3faabb6b6a47793e8f3af157ee1,100,assumed,unverified
2026-01-22T12:00:00Z,2026-01-22T00:00:00Z,2026-01-22T12:00:00Z,2026-01-24T06:00:00Z,turbine_2,42,10.11,-2.4,0.8439255883076118,january-backtest-v1,bc781886f00f59e8ca445d0499e557775f0ddd100dc689290ef2f3ac4fec1e9b,100,assumed,unverified
2026-01-22T12:00:00Z,2026-01-22T00:00:00Z,2026-01-22T12:00:00Z,2026-01-24T07:00:00Z,turbine_1,43,11.11,-1.5,0.9617706978460177,january-backtest-v1,d094eb03a52f303931989830f7b4efb0d2e6c3faabb6b6a47793e8f3af157ee1,100,assumed,unverified
2026-01-22T12:00:00Z,2026-01-22T00:00:00Z,2026-01-22T12:00:00Z,2026-01-24T07:00:00Z,turbine_2,43,11.11,-1.5,0.9474562189184536,january-backtest-v1,bc781886f00f59e8ca445d0499e557775f0ddd100dc689290ef2f3ac4fec1e9b,100,assumed,unverified
2026-01-22T12:00:00Z,2026-01-22T00:00:00Z,2026-01-22T12:00:00Z,2026-01-24T08:00:00Z,turbine_1,44,10.91,-1.1,0.948971103823009,january-backtest-v1,d094eb03a52f303931989830f7b4efb0d2e6c3faabb6b6a47793e8f3af157ee1,100,assumed,unverified
2026-01-22T12:00:00Z,2026-01-22T00:00:00Z,2026-01-22T12:00:00Z,2026-01-24T08:00:00Z,turbine_2,44,10.91,-1.1,0.9351052210607039,january-backtest-v1,bc781886f00f59e8ca445d0499e557775f0ddd100dc689290ef2f3ac4fec1e9b,100,assumed,unverified
2026-01-22T12:00:00Z,2026-01-22T00:00:00Z,2026-01-22T12:00:00Z,2026-01-24T09:00:00Z,turbine_1,45,10.18,-1.0,0.8702242699873528,january-backtest-v1,d094eb03a52f303931989830f7b4efb0d2e6c3faabb6b6a47793e8f3af157ee1,100,assumed,unverified
2026-01-22T12:00:00Z,2026-01-22T00:00:00Z,2026-01-22T12:00:00Z,2026-01-24T09:00:00Z,turbine_2,45,10.18,-1.0,0.849381135289647,january-backtest-v1,bc781886f00f59e8ca445d0499e557775f0ddd100dc689290ef2f3ac4fec1e9b,100,assumed,unverified
2026-01-22T12:00:00Z,2026-01-22T00:00:00Z,2026-01-22T12:00:00Z,2026-01-24T10:00:00Z,turbine_1,46,10.07,-1.2,0.8525947947095616,january-backtest-v1,d094eb03a52f303931989830f7b4efb0d2e6c3faabb6b6a47793e8f3af157ee1,100,assumed,unverified
2026-01-22T12:00:00Z,2026-01-22T00:00:00Z,2026-01-22T12:00:00Z,2026-01-24T10:00:00Z,turbine_2,46,10.07,-1.2,0.8311145930968422,january-backtest-v1,bc781886f00f59e8ca445d0499e557775f0ddd100dc689290ef2f3ac4fec1e9b,100,assumed,unverified
2026-01-22T12:00:00Z,2026-01-22T00:00:00Z,2026-01-22T12:00:00Z,2026-01-24T11:00:00Z,turbine_1,47,10.07,-2.4,0.8558917107671102,january-backtest-v1,d094eb03a52f303931989830f7b4efb0d2e6c3faabb6b6a47793e8f3af157ee1,100,assumed,unverified
2026-01-22T12:00:00Z,2026-01-22T00:00:00Z,2026-01-22T12:00:00Z,2026-01-24T11:00:00Z,turbine_2,47,10.07,-2.4,0.8292823915678381,january-backtest-v1,bc781886f00f59e8ca445d0499e557775f0ddd100dc689290ef2f3ac4fec1e9b,100,assumed,unverified
2026-01-22T12:00:00Z,2026-01-22T00:00:00Z,2026-01-22T12:00:00Z,2026-01-24T12:00:00Z,turbine_1,48,10.02,-3.8,0.8565686433104409,january-backtest-v1,d094eb03a52f303931989830f7b4efb0d2e6c3faabb6b6a47793e8f3af157ee1,100,assumed,unverified
2026-01-22T12:00:00Z,2026-01-22T00:00:00Z,2026-01-22T12:00:00Z,2026-01-24T12:00:00Z,turbine_2,48,10.02,-3.8,0.8247414803570035,january-backtest-v1,bc781886f00f59e8ca445d0499e557775f0ddd100dc689290ef2f3ac4fec1e9b,100,assumed,unverified
2026-01-23T12:00:00Z,2026-01-23T00:00:00Z,2026-01-23T12:00:00Z,2026-01-23T13:00:00Z,turbine_1,1,4.97,-4.7,0.07322273176794042,january-backtest-v1,d094eb03a52f303931989830f7b4efb0d2e6c3faabb6b6a47793e8f3af157ee1,100,assumed,unverified
2026-01-23T12:00:00Z,2026-01-23T00:00:00Z,2026-01-23T12:00:00Z,2026-01-23T13:00:00Z,turbine_2,1,4.97,-4.7,0.061420555909518226,january-backtest-v1,bc781886f00f59e8ca445d0499e557775f0ddd100dc689290ef2f3ac4fec1e9b,100,assumed,unverified
2026-01-23T12:00:00Z,2026-01-23T00:00:00Z,2026-01-23T12:00:00Z,2026-01-23T14:00:00Z,turbine_1,2,5.17,-5.0,0.08467600010478926,january-backtest-v1,d094eb03a52f303931989830f7b4efb0d2e6c3faabb6b6a47793e8f3af157ee1,100,assumed,unverified
2026-01-23T12:00:00Z,2026-01-23T00:00:00Z,2026-01-23T12:00:00Z,2026-01-23T14:00:00Z,turbine_2,2,5.17,-5.0,0.07537370124498627,january-backtest-v1,bc781886f00f59e8ca445d0499e557775f0ddd100dc689290ef2f3ac4fec1e9b,100,assumed,unverified
2026-01-23T12:00:00Z,2026-01-23T00:00:00Z,2026-01-23T12:00:00Z,2026-01-23T15:00:00Z,turbine_1,3,5.66,-5.3,0.11548396797038729,january-backtest-v1,d094eb03a52f303931989830f7b4efb0d2e6c3faabb6b6a47793e8f3af157ee1,100,assumed,unverified
2026-01-23T12:00:00Z,2026-01-23T00:00:00Z,2026-01-23T12:00:00Z,2026-01-23T15:00:00Z,turbine_2,3,5.66,-5.3,0.1134488320885701,january-backtest-v1,bc781886f00f59e8ca445d0499e557775f0ddd100dc689290ef2f3ac4fec1e9b,100,assumed,unverified
2026-01-23T12:00:00Z,2026-01-23T00:00:00Z,2026-01-23T12:00:00Z,2026-01-23T16:00:00Z,turbine_1,4,6.12,-5.7,0.19011633575384362,january-backtest-v1,d094eb03a52f303931989830f7b4efb0d2e6c3faabb6b6a47793e8f3af157ee1,100,assumed,unverified
2026-01-23T12:00:00Z,2026-01-23T00:00:00Z,2026-01-23T12:00:00Z,2026-01-23T16:00:00Z,turbine_2,4,6.12,-5.7,0.17043097224942813,january-backtest-v1,bc781886f00f59e8ca445d0499e557775f0ddd100dc689290ef2f3ac4fec1e9b,100,assumed,unverified
2026-01-23T12:00:00Z,2026-01-23T00:00:00Z,2026-01-23T12:00:00Z,2026-01-23T17:00:00Z,turbine_1,5,5.88,-5.9,0.1525493487049096,january-backtest-v1,d094eb03a52f303931989830f7b4efb0d2e6c3faabb6b6a47793e8f3af157ee1,100,assumed,unverified
2026-01-23T12:00:00Z,2026-01-23T00:00:00Z,2026-01-23T12:00:00Z,2026-01-23T17:00:00Z,turbine_2,5,5.88,-5.9,0.12762094149160153,january-backtest-v1,bc781886f00f59e8ca445d0499e557775f0ddd100dc689290ef2f3ac4fec1e9b,100,assumed,unverified
2026-01-23T12:00:00Z,2026-01-23T00:00:00Z,2026-01-23T12:00:00Z,2026-01-23T18:00:00Z,turbine_1,6,5.39,-6.4,0.09571770249204958,january-backtest-v1,d094eb03a52f303931989830f7b4efb0d2e6c3faabb6b6a47793e8f3af157ee1,100,assumed,unverified
2026-01-23T12:00:00Z,2026-01-23T00:00:00Z,2026-01-23T12:00:00Z,2026-01-23T18:00:00Z,turbine_2,6,5.39,-6.4,0.08388640750463988,january-backtest-v1,bc781886f00f59e8ca445d0499e557775f0ddd100dc689290ef2f3ac4fec1e9b,100,assumed,unverified
2026-01-23T12:00:00Z,2026-01-23T00:00:00Z,2026-01-23T12:00:00Z,2026-01-23T19:00:00Z,turbine_1,7,4.27,-7.7,0.02816878594456268,january-backtest-v1,d094eb03a52f303931989830f7b4efb0d2e6c3faabb6b6a47793e8f3af157ee1,100,assumed,unverified
2026-01-23T12:00:00Z,2026-01-23T00:00:00Z,2026-01-23T12:00:00Z,2026-01-23T19:00:00Z,turbine_2,7,4.27,-7.7,0.026538151451328262,january-backtest-v1,bc781886f00f59e8ca445d0499e557775f0ddd100dc689290ef2f3ac4fec1e9b,100,assumed,unverified
2026-01-23T12:00:00Z,2026-01-23T00:00:00Z,2026-01-23T12:00:00Z,2026-01-23T20:00:00Z,turbine_1,8,2.91,-8.8,0.0039481660660996565,january-backtest-v1,d094eb03a52f303931989830f7b4efb0d2e6c3faabb6b6a47793e8f3af157ee1,100,assumed,unverified
2026-01-23T12:00:00Z,2026-01-23T00:00:00Z,2026-01-23T12:00:00Z,2026-01-23T20:00:00Z,turbine_2,8,2.91,-8.8,0.00652665936857777,january-backtest-v1,bc781886f00f59e8ca445d0499e557775f0ddd100dc689290ef2f3ac4fec1e9b,100,assumed,unverified
2026-01-23T12:00:00Z,2026-01-23T00:00:00Z,2026-01-23T12:00:00Z,2026-01-23T21:00:00Z,turbine_1,9,1.74,-9.9,0.007935853286940076,january-backtest-v1,d094eb03a52f303931989830f7b4efb0d2e6c3faabb6b6a47793e8f3af157ee1,100,assumed,unverified
2026-01-23T12:00:00Z,2026-01-23T00:00:00Z,2026-01-23T12:00:00Z,2026-01-23T21:00:00Z,turbine_2,9,1.74,-9.9,0.005744269212416608,january-backtest-v1,bc781886f00f59e8ca445d0499e557775f0ddd100dc689290ef2f3ac4fec1e9b,100,assumed,unverified
2026-01-23T12:00:00Z,2026-01-23T00:00:00Z,2026-01-23T12:00:00Z,2026-01-23T22:00:00Z,turbine_1,10,2.3,-9.6,0.007033865461760824,january-backtest-v1,d094eb03a52f303931989830f7b4efb0d2e6c3faabb6b6a47793e8f3af157ee1,100,assumed,unverified
2026-01-23T12:00:00Z,2026-01-23T00:00:00Z,2026-01-23T12:00:00Z,2026-01-23T22:00:00Z,turbine_2,10,2.3,-9.6,0.009368226736806429,january-backtest-v1,bc781886f00f59e8ca445d0499e557775f0ddd100dc689290ef2f3ac4fec1e9b,100,assumed,unverified
2026-01-23T12:00:00Z,2026-01-23T00:00:00Z,2026-01-23T12:00:00Z,2026-01-23T23:00:00Z,turbine_1,11,5.88,-9.5,0.1519189273390066,january-backtest-v1,d094eb03a52f303931989830f7b4efb0d2e6c3faabb6b6a47793e8f3af157ee1,100,assumed,unverified
2026-01-23T12:00:00Z,2026-01-23T00:00:00Z,2026-01-23T12:00:00Z,2026-01-23T23:00:00Z,turbine_2,11,5.88,-9.5,0.12482441367278849,january-backtest-v1,bc781886f00f59e8ca445d0499e557775f0ddd100dc689290ef2f3ac4fec1e9b,100,assumed,unverified
2026-01-23T12:00:00Z,2026-01-23T00:00:00Z,2026-01-23T12:00:00Z,2026-01-24T00:00:00Z,turbine_1,12,6.25,-9.1,0.21677161823958077,january-backtest-v1,d094eb03a52f303931989830f7b4efb0d2e6c3faabb6b6a47793e8f3af157ee1,100,assumed,unverified
2026-01-23T12:00:00Z,2026-01-23T00:00:00Z,2026-01-23T12:00:00Z,2026-01-24T00:00:00Z,turbine_2,12,6.25,-9.1,0.19786238192512856,january-backtest-v1,bc781886f00f59e8ca445d0499e557775f0ddd100dc689290ef2f3ac4fec1e9b,100,assumed,unverified
2026-01-23T12:00:00Z,2026-01-23T00:00:00Z,2026-01-23T12:00:00Z,2026-01-24T01:00:00Z,turbine_1,13,5.49,-10.1,0.08195048739852306,january-backtest-v1,d094eb03a52f303931989830f7b4efb0d2e6c3faabb6b6a47793e8f3af157ee1,100,assumed,unverified
2026-01-23T12:00:00Z,2026-01-23T00:00:00Z,2026-01-23T12:00:00Z,2026-01-24T01:00:00Z,turbine_2,13,5.49,-10.1,0.05744957129489897,january-backtest-v1,bc781886f00f59e8ca445d0499e557775f0ddd100dc689290ef2f3ac4fec1e9b,100,assumed,unverified
2026-01-23T12:00:00Z,2026-01-23T00:00:00Z,2026-01-23T12:00:00Z,2026-01-24T02:00:00Z,turbine_1,14,6.01,-10.7,0.12023078143866017,january-backtest-v1,d094eb03a52f303931989830f7b4efb0d2e6c3faabb6b6a47793e8f3af157ee1,100,assumed,unverified
2026-01-23T12:00:00Z,2026-01-23T00:00:00Z,2026-01-23T12:00:00Z,2026-01-24T02:00:00Z,turbine_2,14,6.01,-10.7,0.10548542851496778,january-backtest-v1,bc781886f00f59e8ca445d0499e557775f0ddd100dc689290ef2f3ac4fec1e9b,100,assumed,unverified
2026-01-23T12:00:00Z,2026-01-23T00:00:00Z,2026-01-23T12:00:00Z,2026-01-24T03:00:00Z,turbine_1,15,6.8,-9.5,0.2964409921609215,january-backtest-v1,d094eb03a52f303931989830f7b4efb0d2e6c3faabb6b6a47793e8f3af157ee1,100,assumed,unverified
2026-01-23T12:00:00Z,2026-01-23T00:00:00Z,2026-01-23T12:00:00Z,2026-01-24T03:00:00Z,turbine_2,15,6.8,-9.5,0.2812746150802025,january-backtest-v1,bc781886f00f59e8ca445d0499e557775f0ddd100dc689290ef2f3ac4fec1e9b,100,assumed,unverified
2026-01-23T12:00:00Z,2026-01-23T00:00:00Z,2026-01-23T12:00:00Z,2026-01-24T04:00:00Z,turbine_1,16,7.31,-7.0,0.39356426287051127,january-backtest-v1,d094eb03a52f303931989830f7b4efb0d2e6c3faabb6b6a47793e8f3af157ee1,100,assumed,unverified
2026-01-23T12:00:00Z,2026-01-23T00:00:00Z,2026-01-23T12:00:00Z,2026-01-24T04:00:00Z,turbine_2,16,7.31,-7.0,0.3579344835462238,january-backtest-v1,bc781886f00f59e8ca445d0499e557775f0ddd100dc689290ef2f3ac4fec1e9b,100,assumed,unverified
2026-01-23T12:00:00Z,2026-01-23T00:00:00Z,2026-01-23T12:00:00Z,2026-01-24T05:00:00Z,turbine_1,17,7.91,-4.6,0.4843571260884264,january-backtest-v1,d094eb03a52f303931989830f7b4efb0d2e6c3faabb6b6a47793e8f3af157ee1,100,assumed,unverified
2026-01-23T12:00:00Z,2026-01-23T00:00:00Z,2026-01-23T12:00:00Z,2026-01-24T05:00:00Z,turbine_2,17,7.91,-4.6,0.45286039513730453,january-backtest-v1,bc781886f00f59e8ca445d0499e557775f0ddd100dc689290ef2f3ac4fec1e9b,100,assumed,unverified
2026-01-23T12:00:00Z,2026-01-23T00:00:00Z,2026-01-23T12:00:00Z,2026-01-24T06:00:00Z,turbine_1,18,9.15,-3.2,0.7362275177785931,january-backtest-v1,d094eb03a52f303931989830f7b4efb0d2e6c3faabb6b6a47793e8f3af157ee1,100,assumed,unverified
2026-01-23T12:00:00Z,2026-01-23T00:00:00Z,2026-01-23T12:00:00Z,2026-01-24T06:00:00Z,turbine_2,18,9.15,-3.2,0.6810115568896226,january-backtest-v1,bc781886f00f59e8ca445d0499e557775f0ddd100dc689290ef2f3ac4fec1e9b,100,assumed,unverified
2026-01-23T12:00:00Z,2026-01-23T00:00:00Z,2026-01-23T12:00:00Z,2026-01-24T07:00:00Z,turbine_1,19,9.87,-2.6,0.826097628278398,january-backtest-v1,d094eb03a52f303931989830f7b4efb0d2e6c3faabb6b6a47793e8f3af157ee1,100,assumed,unverified
2026-01-23T12:00:00Z,2026-01-23T00:00:00Z,2026-01-23T12:00:00Z,2026-01-24T07:00:00Z,turbine_2,19,9.87,-2.6,0.7898013120180598,january-backtest-v1,bc781886f00f59e8ca445d0499e557775f0ddd100dc689290ef2f3ac4fec1e9b,100,assumed,unverified
2026-01-23T12:00:00Z,2026-01-23T00:00:00Z,2026-01-23T12:00:00Z,2026-01-24T08:00:00Z,turbine_1,20,9.77,-1.9,0.8127885175204619,january-backtest-v1,d094eb03a52f303931989830f7b4efb0d2e6c3faabb6b6a47793e8f3af157ee1,100,assumed,unverified
2026-01-23T12:00:00Z,2026-01-23T00:00:00Z,2026-01-23T12:00:00Z,2026-01-24T08:00:00Z,turbine_2,20,9.77,-1.9,0.7796314155358008,january-backtest-v1,bc781886f00f59e8ca445d0499e557775f0ddd100dc689290ef2f3ac4fec1e9b,100,assumed,unverified
2026-01-23T12:00:00Z,2026-01-23T00:00:00Z,2026-01-23T12:00:00Z,2026-01-24T09:00:00Z,turbine_1,21,9.39,-1.4,0.7353334747539573,january-backtest-v1,d094eb03a52f303931989830f7b4efb0d2e6c3faabb6b6a47793e8f3af157ee1,100,assumed,unverified
2026-01-23T12:00:00Z,2026-01-23T00:00:00Z,2026-01-23T12:00:00Z,2026-01-24T09:00:00Z,turbine_2,21,9.39,-1.4,0.7219960211493526,january-backtest-v1,bc781886f00f59e8ca445d0499e557775f0ddd100dc689290ef2f3ac4fec1e9b,100,assumed,unverified
2026-01-23T12:00:00Z,2026-01-23T00:00:00Z,2026-01-23T12:00:00Z,2026-01-24T10:00:00Z,turbine_1,22,9.33,-1.7,0.7355989902160764,january-backtest-v1,d094eb03a52f303931989830f7b4efb0d2e6c3faabb6b6a47793e8f3af157ee1,100,assumed,unverified
2026-01-23T12:00:00Z,2026-01-23T00:00:00Z,2026-01-23T12:00:00Z,2026-01-24T10:00:00Z,turbine_2,22,9.33,-1.7,0.7173867202025161,january-backtest-v1,bc781886f00f59e8ca445d0499e557775f0ddd100dc689290ef2f3ac4fec1e9b,100,assumed,unverified
2026-01-23T12:00:00Z,2026-01-23T00:00:00Z,2026-01-23T12:00:00Z,2026-01-24T11:00:00Z,turbine_1,23,9.7,-2.8,0.8049436780967709,january-backtest-v1,d094eb03a52f303931989830f7b4efb0d2e6c3faabb6b6a47793e8f3af157ee1,100,assumed,unverified
2026-01-23T12:00:00Z,2026-01-23T00:00:00Z,2026-01-23T12:00:00Z,2026-01-24T11:00:00Z,turbine_2,23,9.7,-2.8,0.7851471183964682,january-backtest-v1,bc781886f00f59e8ca445d0499e557775f0ddd100dc689290ef2f3ac4fec1e9b,100,assumed,unverified
2026-01-23T12:00:00Z,2026-01-23T00:00:00Z,2026-01-23T12:00:00Z,2026-01-24T12:00:00Z,turbine_1,24,9.32,-4.6,0.727978906294321,january-backtest-v1,d094eb03a52f303931989830f7b4efb0d2e6c3faabb6b6a47793e8f3af157ee1,100,assumed,unverified
2026-01-23T12:00:00Z,2026-01-23T00:00:00Z,2026-01-23T12:00:00Z,2026-01-24T12:00:00Z,turbine_2,24,9.32,-4.6,0.7004615767076869,january-backtest-v1,bc781886f00f59e8ca445d0499e557775f0ddd100dc689290ef2f3ac4fec1e9b,100,assumed,unverified
2026-01-23T12:00:00Z,2026-01-23T00:00:00Z,2026-01-23T12:00:00Z,2026-01-24T13:00:00Z,turbine_1,25,9.13,-6.0,0.7057509731211189,january-backtest-v1,d094eb03a52f303931989830f7b4efb0d2e6c3faabb6b6a47793e8f3af157ee1,100,assumed,unverified
2026-01-23T12:00:00Z,2026-01-23T00:00:00Z,2026-01-23T12:00:00Z,2026-01-24T13:00:00Z,turbine_2,25,9.13,-6.0,0.6662044145595383,january-backtest-v1,bc781886f00f59e8ca445d0499e557775f0ddd100dc689290ef2f3ac4fec1e9b,100,assumed,unverified
2026-01-23T12:00:00Z,2026-01-23T00:00:00Z,2026-01-23T12:00:00Z,2026-01-24T14:00:00Z,turbine_1,26,9.09,-6.3,0.6878371123709375,january-backtest-v1,d094eb03a52f303931989830f7b4efb0d2e6c3faabb6b6a47793e8f3af157ee1,100,assumed,unverified
2026-01-23T12:00:00Z,2026-01-23T00:00:00Z,2026-01-23T12:00:00Z,2026-01-24T14:00:00Z,turbine_2,26,9.09,-6.3,0.6431660867298764,january-backtest-v1,bc781886f00f59e8ca445d0499e557775f0ddd100dc689290ef2f3ac4fec1e9b,100,assumed,unverified
2026-01-23T12:00:00Z,2026-01-23T00:00:00Z,2026-01-23T12:00:00Z,2026-01-24T15:00:00Z,turbine_1,27,8.99,-6.0,0.6487874677912837,january-backtest-v1,d094eb03a52f303931989830f7b4efb0d2e6c3faabb6b6a47793e8f3af157ee1,100,assumed,unverified
2026-01-23T12:00:00Z,2026-01-23T00:00:00Z,2026-01-23T12:00:00Z,2026-01-24T15:00:00Z,turbine_2,27,8.99,-6.0,0.6508286340401034,january-backtest-v1,bc781886f00f59e8ca445d0499e557775f0ddd100dc689290ef2f3ac4fec1e9b,100,assumed,unverified
2026-01-23T12:00:00Z,2026-01-23T00:00:00Z,2026-01-23T12:00:00Z,2026-01-24T16:00:00Z,turbine_1,28,8.48,-5.6,0.5981994275052296,january-backtest-v1,d094eb03a52f303931989830f7b4efb0d2e6c3faabb6b6a47793e8f3af157ee1,100,assumed,unverified
2026-01-23T12:00:00Z,2026-01-23T00:00:00Z,2026-01-23T12:00:00Z,2026-01-24T16:00:00Z,turbine_2,28,8.48,-5.6,0.5586657840263352,january-backtest-v1,bc781886f00f59e8ca445d0499e557775f0ddd100dc689290ef2f3ac4fec1e9b,100,assumed,unverified
2026-01-23T12:00:00Z,2026-01-23T00:00:00Z,2026-01-23T12:00:00Z,2026-01-24T17:00:00Z,turbine_1,29,8.08,-5.4,0.5093205083714509,january-backtest-v1,d094eb03a52f303931989830f7b4efb0d2e6c3faabb6b6a47793e8f3af157ee1,100,assumed,unverified
2026-01-23T12:00:00Z,2026-01-23T00:00:00Z,2026-01-23T12:00:00Z,2026-01-24T17:00:00Z,turbine_2,29,8.08,-5.4,0.47372663351251376,january-backtest-v1,bc781886f00f59e8ca445d0499e557775f0ddd100dc689290ef2f3ac4fec1e9b,100,assumed,unverified
2026-01-23T12:00:00Z,2026-01-23T00:00:00Z,2026-01-23T12:00:00Z,2026-01-24T18:00:00Z,turbine_1,30,8.02,-5.6,0.5034285127870584,january-backtest-v1,d094eb03a52f303931989830f7b4efb0d2e6c3faabb6b6a47793e8f3af157ee1,100,assumed,unverified
2026-01-23T12:00:00Z,2026-01-23T00:00:00Z,2026-01-23T12:00:00Z,2026-01-24T18:00:00Z,turbine_2,30,8.02,-5.6,0.4706421284922774,january-backtest-v1,bc781886f00f59e8ca445d0499e557775f0ddd100dc689290ef2f3ac4fec1e9b,100,assumed,unverified
2026-01-23T12:00:00Z,2026-01-23T00:00:00Z,2026-01-23T12:00:00Z,2026-01-24T19:00:00Z,turbine_1,31,7.87,-5.8,0.4828097351474411,january-backtest-v1,d094eb03a52f303931989830f7b4efb0d2e6c3faabb6b6a47793e8f3af157ee1,100,assumed,unverified
2026-01-23T12:00:00Z,2026-01-23T00:00:00Z,2026-01-23T12:00:00Z,2026-01-24T19:00:00Z,turbine_2,31,7.87,-5.8,0.4329013237425361,january-backtest-v1,bc781886f00f59e8ca445d0499e557775f0ddd100dc689290ef2f3ac4fec1e9b,100,assumed,unverified
2026-01-23T12:00:00Z,2026-01-23T00:00:00Z,2026-01-23T12:00:00Z,2026-01-24T20:00:00Z,turbine_1,32,7.57,-5.0,0.43640922984237684,january-backtest-v1,d094eb03a52f303931989830f7b4efb0d2e6c3faabb6b6a47793e8f3af157ee1,100,assumed,unverified
2026-01-23T12:00:00Z,2026-01-23T00:00:00Z,2026-01-23T12:00:00Z,2026-01-24T20:00:00Z,turbine_2,32,7.57,-5.0,0.397022182911692,january-backtest-v1,bc781886f00f59e8ca445d0499e557775f0ddd100dc689290ef2f3ac4fec1e9b,100,assumed,unverified
2026-01-23T12:00:00Z,2026-01-23T00:00:00Z,2026-01-23T12:00:00Z,2026-01-24T21:00:00Z,turbine_1,33,7.34,-4.7,0.3978460561619252,january-backtest-v1,d094eb03a52f303931989830f7b4efb0d2e6c3faabb6b6a47793e8f3af157ee1,100,assumed,unverified
2026-01-23T12:00:00Z,2026-01-23T00:00:00Z,2026-01-23T12:00:00Z,2026-01-24T21:00:00Z,turbine_2,33,7.34,-4.7,0.36972414418110044,january-backtest-v1,bc781886f00f59e8ca445d0499e557775f0ddd100dc689290ef2f3ac4fec1e9b,100,assumed,unverified
2026-01-23T12:00:00Z,2026-01-23T00:00:00Z,2026-01-23T12:00:00Z,2026-01-24T22:00:00Z,turbine_1,34,6.89,-4.9,0.30362417893921745,january-backtest-v1,d094eb03a52f303931989830f7b4efb0d2e6c3faabb6b6a47793e8f3af157ee1,100,assumed,unverified
2026-01-23T12:00:00Z,2026-01-23T00:00:00Z,2026-01-23T12:00:00Z,2026-01-24T22:00:00Z,turbine_2,34,6.89,-4.9,0.2891750206159304,january-backtest-v1,bc781886f00f59e8ca445d0499e557775f0ddd100dc689290ef2f3ac4fec1e9b,100,assumed,unverified
2026-01-23T12:00:00Z,2026-01-23T00:00:00Z,2026-01-23T12:00:00Z,2026-01-24T23:00:00Z,turbine_1,35,6.42,-4.7,0.22687206482297761,january-backtest-v1,d094eb03a52f303931989830f7b4efb0d2e6c3faabb6b6a47793e8f3af157ee1,100,assumed,unverified
2026-01-23T12:00:00Z,2026-01-23T00:00:00Z,2026-01-23T12:00:00Z,2026-01-24T23:00:00Z,turbine_2,35,6.42,-4.7,0.21939718571472044,january-backtest-v1,bc781886f00f59e8ca445d0499e557775f0ddd100dc689290ef2f3ac4fec1e9b,100,assumed,unverified
2026-01-23T12:00:00Z,2026-01-23T00:00:00Z,2026-01-23T12:00:00Z,2026-01-25T00:00:00Z,turbine_1,36,5.52,-5.0,0.1042057871387504,january-backtest-v1,d094eb03a52f303931989830f7b4efb0d2e6c3faabb6b6a47793e8f3af157ee1,100,assumed,unverified
2026-01-23T12:00:00Z,2026-01-23T00:00:00Z,2026-01-23T12:00:00Z,2026-01-25T00:00:00Z,turbine_2,36,5.52,-5.0,0.10303437790983105,january-backtest-v1,bc781886f00f59e8ca445d0499e557775f0ddd100dc689290ef2f3ac4fec1e9b,100,assumed,unverified
2026-01-23T12:00:00Z,2026-01-23T00:00:00Z,2026-01-23T12:00:00Z,2026-01-25T01:00:00Z,turbine_1,37,3.44,-6.0,0.014048686183603276,january-backtest-v1,d094eb03a52f303931989830f7b4efb0d2e6c3faabb6b6a47793e8f3af157ee1,100,assumed,unverified
2026-01-23T12:00:00Z,2026-01-23T00:00:00Z,2026-01-23T12:00:00Z,2026-01-25T01:00:00Z,turbine_2,37,3.44,-6.0,0.011219169733502066,january-backtest-v1,bc781886f00f59e8ca445d0499e557775f0ddd100dc689290ef2f3ac4fec1e9b,100,assumed,unverified
2026-01-23T12:00:00Z,2026-01-23T00:00:00Z,2026-01-23T12:00:00Z,2026-01-25T02:00:00Z,turbine_1,38,0.4,-6.6,0.009928969241732699,january-backtest-v1,d094eb03a52f303931989830f7b4efb0d2e6c3faabb6b6a47793e8f3af157ee1,100,assumed,unverified
2026-01-23T12:00:00Z,2026-01-23T00:00:00Z,2026-01-23T12:00:00Z,2026-01-25T02:00:00Z,turbine_2,38,0.4,-6.6,0.010973694305811688,january-backtest-v1,bc781886f00f59e8ca445d0499e557775f0ddd100dc689290ef2f3ac4fec1e9b,100,assumed,unverified
2026-01-23T12:00:00Z,2026-01-23T00:00:00Z,2026-01-23T12:00:00Z,2026-01-25T03:00:00Z,turbine_1,39,2.14,-5.0,0.007830581660567826,january-backtest-v1,d094eb03a52f303931989830f7b4efb0d2e6c3faabb6b6a47793e8f3af157ee1,100,assumed,unverified
2026-01-23T12:00:00Z,2026-01-23T00:00:00Z,2026-01-23T12:00:00Z,2026-01-25T03:00:00Z,turbine_2,39,2.14,-5.0,0.008969006721832706,january-backtest-v1,bc781886f00f59e8ca445d0499e557775f0ddd100dc689290ef2f3ac4fec1e9b,100,assumed,unverified
2026-01-23T12:00:00Z,2026-01-23T00:00:00Z,2026-01-23T12:00:00Z,2026-01-25T04:00:00Z,turbine_1,40,2.39,-3.0,0.007832897128443983,january-backtest-v1,d094eb03a52f303931989830f7b4efb0d2e6c3faabb6b6a47793e8f3af157ee1,100,assumed,unverified
2026-01-23T12:00:00Z,2026-01-23T00:00:00Z,2026-01-23T12:00:00Z,2026-01-25T04:00:00Z,turbine_2,40,2.39,-3.0,0.00961532856806746,january-backtest-v1,bc781886f00f59e8ca445d0499e557775f0ddd100dc689290ef2f3ac4fec1e9b,100,assumed,unverified
2026-01-23T12:00:00Z,2026-01-23T00:00:00Z,2026-01-23T12:00:00Z,2026-01-25T05:00:00Z,turbine_1,41,1.1,-0.5,0.009102097095104955,january-backtest-v1,d094eb03a52f303931989830f7b4efb0d2e6c3faabb6b6a47793e8f3af157ee1,100,assumed,unverified
2026-01-23T12:00:00Z,2026-01-23T00:00:00Z,2026-01-23T12:00:00Z,2026-01-25T05:00:00Z,turbine_2,41,1.1,-0.5,0.008508073820845341,january-backtest-v1,bc781886f00f59e8ca445d0499e557775f0ddd100dc689290ef2f3ac4fec1e9b,100,assumed,unverified
2026-01-23T12:00:00Z,2026-01-23T00:00:00Z,2026-01-23T12:00:00Z,2026-01-25T06:00:00Z,turbine_1,42,2.02,0.9,0.010040608129587014,january-backtest-v1,d094eb03a52f303931989830f7b4efb0d2e6c3faabb6b6a47793e8f3af157ee1,100,assumed,unverified
2026-01-23T12:00:00Z,2026-01-23T00:00:00Z,2026-01-23T12:00:00Z,2026-01-25T06:00:00Z,turbine_2,42,2.02,0.9,0.009388738266308538,january-backtest-v1,bc781886f00f59e8ca445d0499e557775f0ddd100dc689290ef2f3ac4fec1e9b,100,assumed,unverified
2026-01-23T12:00:00Z,2026-01-23T00:00:00Z,2026-01-23T12:00:00Z,2026-01-25T07:00:00Z,turbine_1,43,1.9,1.0,0.010672556705605796,january-backtest-v1,d094eb03a52f303931989830f7b4efb0d2e6c3faabb6b6a47793e8f3af157ee1,100,assumed,unverified
2026-01-23T12:00:00Z,2026-01-23T00:00:00Z,2026-01-23T12:00:00Z,2026-01-25T07:00:00Z,turbine_2,43,1.9,1.0,0.009789030564408885,january-backtest-v1,bc781886f00f59e8ca445d0499e557775f0ddd100dc689290ef2f3ac4fec1e9b,100,assumed,unverified
2026-01-23T12:00:00Z,2026-01-23T00:00:00Z,2026-01-23T12:00:00Z,2026-01-25T08:00:00Z,turbine_1,44,1.28,1.4,0.008288820608456815,january-backtest-v1,d094eb03a52f303931989830f7b4efb0d2e6c3faabb6b6a47793e8f3af157ee1,100,assumed,unverified
2026-01-23T12:00:00Z,2026-01-23T00:00:00Z,2026-01-23T12:00:00Z,2026-01-25T08:00:00Z,turbine_2,44,1.28,1.4,0.007739801644740973,january-backtest-v1,bc781886f00f59e8ca445d0499e557775f0ddd100dc689290ef2f3ac4fec1e9b,100,assumed,unverified
2026-01-23T12:00:00Z,2026-01-23T00:00:00Z,2026-01-23T12:00:00Z,2026-01-25T09:00:00Z,turbine_1,45,3.42,2.4,0.026145445649897125,january-backtest-v1,d094eb03a52f303931989830f7b4efb0d2e6c3faabb6b6a47793e8f3af157ee1,100,assumed,unverified
2026-01-23T12:00:00Z,2026-01-23T00:00:00Z,2026-01-23T12:00:00Z,2026-01-25T09:00:00Z,turbine_2,45,3.42,2.4,0.021247491613090475,january-backtest-v1,bc781886f00f59e8ca445d0499e557775f0ddd100dc689290ef2f3ac4fec1e9b,100,assumed,unverified
2026-01-23T12:00:00Z,2026-01-23T00:00:00Z,2026-01-23T12:00:00Z,2026-01-25T10:00:00Z,turbine_1,46,6.89,1.6,0.3466369405804683,january-backtest-v1,d094eb03a52f303931989830f7b4efb0d2e6c3faabb6b6a47793e8f3af157ee1,100,assumed,unverified
2026-01-23T12:00:00Z,2026-01-23T00:00:00Z,2026-01-23T12:00:00Z,2026-01-25T10:00:00Z,turbine_2,46,6.89,1.6,0.31376750963146605,january-backtest-v1,bc781886f00f59e8ca445d0499e557775f0ddd100dc689290ef2f3ac4fec1e9b,100,assumed,unverified
2026-01-23T12:00:00Z,2026-01-23T00:00:00Z,2026-01-23T12:00:00Z,2026-01-25T11:00:00Z,turbine_1,47,6.11,-0.4,0.22091649484221712,january-backtest-v1,d094eb03a52f303931989830f7b4efb0d2e6c3faabb6b6a47793e8f3af157ee1,100,assumed,unverified
2026-01-23T12:00:00Z,2026-01-23T00:00:00Z,2026-01-23T12:00:00Z,2026-01-25T11:00:00Z,turbine_2,47,6.11,-0.4,0.20112302337480245,january-backtest-v1,bc781886f00f59e8ca445d0499e557775f0ddd100dc689290ef2f3ac4fec1e9b,100,assumed,unverified
2026-01-23T12:00:00Z,2026-01-23T00:00:00Z,2026-01-23T12:00:00Z,2026-01-25T12:00:00Z,turbine_1,48,4.65,-2.4,0.061264658242283776,january-backtest-v1,d094eb03a52f303931989830f7b4efb0d2e6c3faabb6b6a47793e8f3af157ee1,100,assumed,unverified
2026-01-23T12:00:00Z,2026-01-23T00:00:00Z,2026-01-23T12:00:00Z,2026-01-25T12:00:00Z,turbine_2,48,4.65,-2.4,0.050653381134861786,january-backtest-v1,bc781886f00f59e8ca445d0499e557775f0ddd100dc689290ef2f3ac4fec1e9b,100,assumed,unverified
2026-01-24T12:00:00Z,2026-01-24T00:00:00Z,2026-01-24T12:00:00Z,2026-01-24T13:00:00Z,turbine_1,1,9.31,-6.0,0.7163629021721281,january-backtest-v1,d094eb03a52f303931989830f7b4efb0d2e6c3faabb6b6a47793e8f3af157ee1,100,assumed,unverified
2026-01-24T12:00:00Z,2026-01-24T00:00:00Z,2026-01-24T12:00:00Z,2026-01-24T13:00:00Z,turbine_2,1,9.31,-6.0,0.6870741401532461,january-backtest-v1,bc781886f00f59e8ca445d0499e557775f0ddd100dc689290ef2f3ac4fec1e9b,100,assumed,unverified
2026-01-24T12:00:00Z,2026-01-24T00:00:00Z,2026-01-24T12:00:00Z,2026-01-24T14:00:00Z,turbine_1,2,9.35,-6.4,0.7163629021721281,january-backtest-v1,d094eb03a52f303931989830f7b4efb0d2e6c3faabb6b6a47793e8f3af157ee1,100,assumed,unverified
2026-01-24T12:00:00Z,2026-01-24T00:00:00Z,2026-01-24T12:00:00Z,2026-01-24T14:00:00Z,turbine_2,2,9.35,-6.4,0.6864316609422563,january-backtest-v1,bc781886f00f59e8ca445d0499e557775f0ddd100dc689290ef2f3ac4fec1e9b,100,assumed,unverified
2026-01-24T12:00:00Z,2026-01-24T00:00:00Z,2026-01-24T12:00:00Z,2026-01-24T15:00:00Z,turbine_1,3,9.07,-6.5,0.6878371123709375,january-backtest-v1,d094eb03a52f303931989830f7b4efb0d2e6c3faabb6b6a47793e8f3af157ee1,100,assumed,unverified
2026-01-24T12:00:00Z,2026-01-24T00:00:00Z,2026-01-24T12:00:00Z,2026-01-24T15:00:00Z,turbine_2,3,9.07,-6.5,0.6454599242704764,january-backtest-v1,bc781886f00f59e8ca445d0499e557775f0ddd100dc689290ef2f3ac4fec1e9b,100,assumed,unverified
2026-01-24T12:00:00Z,2026-01-24T00:00:00Z,2026-01-24T12:00:00Z,2026-01-24T16:00:00Z,turbine_1,4,8.55,-6.1,0.6079081012046518,january-backtest-v1,d094eb03a52f303931989830f7b4efb0d2e6c3faabb6b6a47793e8f3af157ee1,100,assumed,unverified
2026-01-24T12:00:00Z,2026-01-24T00:00:00Z,2026-01-24T12:00:00Z,2026-01-24T16:00:00Z,turbine_2,4,8.55,-6.1,0.5674344925309921,january-backtest-v1,bc781886f00f59e8ca445d0499e557775f0ddd100dc689290ef2f3ac4fec1e9b,100,assumed,unverified
2026-01-24T12:00:00Z,2026-01-24T00:00:00Z,2026-01-24T12:00:00Z,2026-01-24T17:00:00Z,turbine_1,5,8.08,-6.2,0.5103942708646345,january-backtest-v1,d094eb03a52f303931989830f7b4efb0d2e6c3faabb6b6a47793e8f3af157ee1,100,assumed,unverified
2026-01-24T12:00:00Z,2026-01-24T00:00:00Z,2026-01-24T12:00:00Z,2026-01-24T17:00:00Z,turbine_2,5,8.08,-6.2,0.46848829774040873,january-backtest-v1,bc781886f00f59e8ca445d0499e557775f0ddd100dc689290ef2f3ac4fec1e9b,100,assumed,unverified
2026-01-24T12:00:00Z,2026-01-24T00:00:00Z,2026-01-24T12:00:00Z,2026-01-24T18:00:00Z,turbine_1,6,7.79,-6.1,0.4787136075202305,january-backtest-v1,d094eb03a52f303931989830f7b4efb0d2e6c3faabb6b6a47793e8f3af157ee1,100,assumed,unverified
2026-01-24T12:00:00Z,2026-01-24T00:00:00Z,2026-01-24T12:00:00Z,2026-01-24T18:00:00Z,turbine_2,6,7.79,-6.1,0.4223487903287866,january-backtest-v1,bc781886f00f59e8ca445d0499e557775f0ddd100dc689290ef2f3ac4fec1e9b,100,assumed,unverified
2026-01-24T12:00:00Z,2026-01-24T00:00:00Z,2026-01-24T12:00:00Z,2026-01-24T19:00:00Z,turbine_1,7,7.87,-6.1,0.4820494842565749,january-backtest-v1,d094eb03a52f303931989830f7b4efb0d2e6c3faabb6b6a47793e8f3af157ee1,100,assumed,unverified
2026-01-24T12:00:00Z,2026-01-24T00:00:00Z,2026-01-24T12:00:00Z,2026-01-24T19:00:00Z,turbine_2,7,7.87,-6.1,0.4309654371849946,january-backtest-v1,bc781886f00f59e8ca445d0499e557775f0ddd100dc689290ef2f3ac4fec1e9b,100,assumed,unverified
2026-01-24T12:00:00Z,2026-01-24T00:00:00Z,2026-01-24T12:00:00Z,2026-01-24T20:00:00Z,turbine_1,8,7.82,-5.3,0.477639845027047,january-backtest-v1,d094eb03a52f303931989830f7b4efb0d2e6c3faabb6b6a47793e8f3af157ee1,100,assumed,unverified
2026-01-24T12:00:00Z,2026-01-24T00:00:00Z,2026-01-24T12:00:00Z,2026-01-24T20:00:00Z,turbine_2,8,7.82,-5.3,0.4381420087033436,january-backtest-v1,bc781886f00f59e8ca445d0499e557775f0ddd100dc689290ef2f3ac4fec1e9b,100,assumed,unverified
2026-01-24T12:00:00Z,2026-01-24T00:00:00Z,2026-01-24T12:00:00Z,2026-01-24T21:00:00Z,turbine_1,9,7.4,-5.0,0.405212443983941,january-backtest-v1,d094eb03a52f303931989830f7b4efb0d2e6c3faabb6b6a47793e8f3af157ee1,100,assumed,unverified
2026-01-24T12:00:00Z,2026-01-24T00:00:00Z,2026-01-24T12:00:00Z,2026-01-24T21:00:00Z,turbine_2,9,7.4,-5.0,0.3741344524675643,january-backtest-v1,bc781886f00f59e8ca445d0499e557775f0ddd100dc689290ef2f3ac4fec1e9b,100,assumed,unverified
2026-01-24T12:00:00Z,2026-01-24T00:00:00Z,2026-01-24T12:00:00Z,2026-01-24T22:00:00Z,turbine_1,10,6.83,-5.0,0.2944509946831525,january-backtest-v1,d094eb03a52f303931989830f7b4efb0d2e6c3faabb6b6a47793e8f3af157ee1,100,assumed,unverified
2026-01-24T12:00:00Z,2026-01-24T00:00:00Z,2026-01-24T12:00:00Z,2026-01-24T22:00:00Z,turbine_2,10,6.83,-5.0,0.2772525910743763,january-backtest-v1,bc781886f00f59e8ca445d0499e557775f0ddd100dc689290ef2f3ac4fec1e9b,100,assumed,unverified
2026-01-24T12:00:00Z,2026-01-24T00:00:00Z,2026-01-24T12:00:00Z,2026-01-24T23:00:00Z,turbine_1,11,6.87,-5.4,0.29851787044838907,january-backtest-v1,d094eb03a52f303931989830f7b4efb0d2e6c3faabb6b6a47793e8f3af157ee1,100,assumed,unverified
2026-01-24T12:00:00Z,2026-01-24T00:00:00Z,2026-01-24T12:00:00Z,2026-01-24T23:00:00Z,turbine_2,11,6.87,-5.4,0.2766386698472978,january-backtest-v1,bc781886f00f59e8ca445d0499e557775f0ddd100dc689290ef2f3ac4fec1e9b,100,assumed,unverified
2026-01-24T12:00:00Z,2026-01-24T00:00:00Z,2026-01-24T12:00:00Z,2026-01-25T00:00:00Z,turbine_1,12,5.96,-5.8,0.1673308455541025,january-backtest-v1,d094eb03a52f303931989830f7b4efb0d2e6c3faabb6b6a47793e8f3af157ee1,100,assumed,unverified
2026-01-24T12:00:00Z,2026-01-24T00:00:00Z,2026-01-24T12:00:00Z,2026-01-25T00:00:00Z,turbine_2,12,5.96,-5.8,0.1479059366512869,january-backtest-v1,bc781886f00f59e8ca445d0499e557775f0ddd100dc689290ef2f3ac4fec1e9b,100,assumed,unverified
2026-01-24T12:00:00Z,2026-01-24T00:00:00Z,2026-01-24T12:00:00Z,2026-01-25T01:00:00Z,turbine_1,13,1.1,-7.4,0.007717925180258434,january-backtest-v1,d094eb03a52f303931989830f7b4efb0d2e6c3faabb6b6a47793e8f3af157ee1,100,assumed,unverified
2026-01-24T12:00:00Z,2026-01-24T00:00:00Z,2026-01-24T12:00:00Z,2026-01-25T01:00:00Z,turbine_2,13,1.1,-7.4,0.009542287545414696,january-backtest-v1,bc781886f00f59e8ca445d0499e557775f0ddd100dc689290ef2f3ac4fec1e9b,100,assumed,unverified
2026-01-24T12:00:00Z,2026-01-24T00:00:00Z,2026-01-24T12:00:00Z,2026-01-25T02:00:00Z,turbine_1,14,3.61,-7.2,0.021671464155225417,january-backtest-v1,d094eb03a52f303931989830f7b4efb0d2e6c3faabb6b6a47793e8f3af157ee1,100,assumed,unverified
2026-01-24T12:00:00Z,2026-01-24T00:00:00Z,2026-01-24T12:00:00Z,2026-01-25T02:00:00Z,turbine_2,14,3.61,-7.2,0.016352443307791675,january-backtest-v1,bc781886f00f59e8ca445d0499e557775f0ddd100dc689290ef2f3ac4fec1e9b,100,assumed,unverified
2026-01-24T12:00:00Z,2026-01-24T00:00:00Z,2026-01-24T12:00:00Z,2026-01-25T03:00:00Z,turbine_1,15,3.49,-6.3,0.017720039231170437,january-backtest-v1,d094eb03a52f303931989830f7b4efb0d2e6c3faabb6b6a47793e8f3af157ee1,100,assumed,unverified
2026-01-24T12:00:00Z,2026-01-24T00:00:00Z,2026-01-24T12:00:00Z,2026-01-25T03:00:00Z,turbine_2,15,3.49,-6.3,0.010990254220850981,january-backtest-v1,bc781886f00f59e8ca445d0499e557775f0ddd100dc689290ef2f3ac4fec1e9b,100,assumed,unverified
2026-01-24T12:00:00Z,2026-01-24T00:00:00Z,2026-01-24T12:00:00Z,2026-01-25T04:00:00Z,turbine_1,16,2.49,-3.7,0.00793998503465626,january-backtest-v1,d094eb03a52f303931989830f7b4efb0d2e6c3faabb6b6a47793e8f3af157ee1,100,assumed,unverified
2026-01-24T12:00:00Z,2026-01-24T00:00:00Z,2026-01-24T12:00:00Z,2026-01-25T04:00:00Z,turbine_2,16,2.49,-3.7,0.006432285882365996,january-backtest-v1,bc781886f00f59e8ca445d0499e557775f0ddd100dc689290ef2f3ac4fec1e9b,100,assumed,unverified
2026-01-24T12:00:00Z,2026-01-24T00:00:00Z,2026-01-24T12:00:00Z,2026-01-25T05:00:00Z,turbine_1,17,1.25,-1.8,0.0069760280827897425,january-backtest-v1,d094eb03a52f303931989830f7b4efb0d2e6c3faabb6b6a47793e8f3af157ee1,100,assumed,unverified
2026-01-24T12:00:00Z,2026-01-24T00:00:00Z,2026-01-24T12:00:00Z,2026-01-25T05:00:00Z,turbine_2,17,1.25,-1.8,0.006153639624016716,january-backtest-v1,bc781886f00f59e8ca445d0499e557775f0ddd100dc689290ef2f3ac4fec1e9b,100,assumed,unverified
2026-01-24T12:00:00Z,2026-01-24T00:00:00Z,2026-01-24T12:00:00Z,2026-01-25T06:00:00Z,turbine_1,18,0.55,-0.6,0.007678838975234581,january-backtest-v1,d094eb03a52f303931989830f7b4efb0d2e6c3faabb6b6a47793e8f3af157ee1,100,assumed,unverified
2026-01-24T12:00:00Z,2026-01-24T00:00:00Z,2026-01-24T12:00:00Z,2026-01-25T06:00:00Z,turbine_2,18,0.55,-0.6,0.009423099105036581,january-backtest-v1,bc781886f00f59e8ca445d0499e557775f0ddd100dc689290ef2f3ac4fec1e9b,100,assumed,unverified
2026-01-24T12:00:00Z,2026-01-24T00:00:00Z,2026-01-24T12:00:00Z,2026-01-25T07:00:00Z,turbine_1,19,0.98,0.7,0.007219527111850699,january-backtest-v1,d094eb03a52f303931989830f7b4efb0d2e6c3faabb6b6a47793e8f3af157ee1,100,assumed,unverified
2026-01-24T12:00:00Z,2026-01-24T00:00:00Z,2026-01-24T12:00:00Z,2026-01-25T07:00:00Z,turbine_2,19,0.98,0.7,0.008548841457330092,january-backtest-v1,bc781886f00f59e8ca445d0499e557775f0ddd100dc689290ef2f3ac4fec1e9b,100,assumed,unverified
2026-01-24T12:00:00Z,2026-01-24T00:00:00Z,2026-01-24T12:00:00Z,2026-01-25T08:00:00Z,turbine_1,20,1.15,1.3,0.008479643153298244,january-backtest-v1,d094eb03a52f303931989830f7b4efb0d2e6c3faabb6b6a47793e8f3af157ee1,100,assumed,unverified
2026-01-24T12:00:00Z,2026-01-24T00:00:00Z,2026-01-24T12:00:00Z,2026-01-25T08:00:00Z,turbine_2,20,1.15,1.3,0.00827224041237451,january-backtest-v1,bc781886f00f59e8ca445d0499e557775f0ddd100dc689290ef2f3ac4fec1e9b,100,assumed,unverified
2026-01-24T12:00:00Z,2026-01-24T00:00:00Z,2026-01-24T12:00:00Z,2026-01-25T09:00:00Z,turbine_1,21,1.72,1.6,0.008004886811605327,january-backtest-v1,d094eb03a52f303931989830f7b4efb0d2e6c3faabb6b6a47793e8f3af157ee1,100,assumed,unverified
2026-01-24T12:00:00Z,2026-01-24T00:00:00Z,2026-01-24T12:00:00Z,2026-01-25T09:00:00Z,turbine_2,21,1.72,1.6,0.006869481478648354,january-backtest-v1,bc781886f00f59e8ca445d0499e557775f0ddd100dc689290ef2f3ac4fec1e9b,100,assumed,unverified
2026-01-24T12:00:00Z,2026-01-24T00:00:00Z,2026-01-24T12:00:00Z,2026-01-25T10:00:00Z,turbine_1,22,4.35,1.1,0.055695924755110204,january-backtest-v1,d094eb03a52f303931989830f7b4efb0d2e6c3faabb6b6a47793e8f3af157ee1,100,assumed,unverified
2026-01-24T12:00:00Z,2026-01-24T00:00:00Z,2026-01-24T12:00:00Z,2026-01-25T10:00:00Z,turbine_2,22,4.35,1.1,0.05280179728120332,january-backtest-v1,bc781886f00f59e8ca445d0499e557775f0ddd100dc689290ef2f3ac4fec1e9b,100,assumed,unverified
2026-01-24T12:00:00Z,2026-01-24T00:00:00Z,2026-01-24T12:00:00Z,2026-01-25T11:00:00Z,turbine_1,23,6.17,-1.1,0.22094456330939452,january-backtest-v1,d094eb03a52f303931989830f7b4efb0d2e6c3faabb6b6a47793e8f3af157ee1,100,assumed,unverified
2026-01-24T12:00:00Z,2026-01-24T00:00:00Z,2026-01-24T12:00:00Z,2026-01-25T11:00:00Z,turbine_2,23,6.17,-1.1,0.20631763244175888,january-backtest-v1,bc781886f00f59e8ca445d0499e557775f0ddd100dc689290ef2f3ac4fec1e9b,100,assumed,unverified
2026-01-24T12:00:00Z,2026-01-24T00:00:00Z,2026-01-24T12:00:00Z,2026-01-25T12:00:00Z,turbine_1,24,4.29,-3.1,0.0380255990880034,january-backtest-v1,d094eb03a52f303931989830f7b4efb0d2e6c3faabb6b6a47793e8f3af157ee1,100,assumed,unverified
2026-01-24T12:00:00Z,2026-01-24T00:00:00Z,2026-01-24T12:00:00Z,2026-01-25T12:00:00Z,turbine_2,24,4.29,-3.1,0.03566497856624523,january-backtest-v1,bc781886f00f59e8ca445d0499e557775f0ddd100dc689290ef2f3ac4fec1e9b,100,assumed,unverified
2026-01-24T12:00:00Z,2026-01-24T00:00:00Z,2026-01-24T12:00:00Z,2026-01-25T13:00:00Z,turbine_1,25,3.32,-3.5,0.01604860090723964,january-backtest-v1,d094eb03a52f303931989830f7b4efb0d2e6c3faabb6b6a47793e8f3af157ee1,100,assumed,unverified
2026-01-24T12:00:00Z,2026-01-24T00:00:00Z,2026-01-24T12:00:00Z,2026-01-25T13:00:00Z,turbine_2,25,3.32,-3.5,0.010403496591791406,january-backtest-v1,bc781886f00f59e8ca445d0499e557775f0ddd100dc689290ef2f3ac4fec1e9b,100,assumed,unverified
2026-01-24T12:00:00Z,2026-01-24T00:00:00Z,2026-01-24T12:00:00Z,2026-01-25T14:00:00Z,turbine_1,26,1.77,-2.8,0.008089052042356715,january-backtest-v1,d094eb03a52f303931989830f7b4efb0d2e6c3faabb6b6a47793e8f3af157ee1,100,assumed,unverified
2026-01-24T12:00:00Z,2026-01-24T00:00:00Z,2026-01-24T12:00:00Z,2026-01-25T14:00:00Z,turbine_2,26,1.77,-2.8,0.00872447753405503,january-backtest-v1,bc781886f00f59e8ca445d0499e557775f0ddd100dc689290ef2f3ac4fec1e9b,100,assumed,unverified
2026-01-24T12:00:00Z,2026-01-24T00:00:00Z,2026-01-24T12:00:00Z,2026-01-25T15:00:00Z,turbine_1,27,2.44,-3.5,0.009038120983752895,january-backtest-v1,d094eb03a52f303931989830f7b4efb0d2e6c3faabb6b6a47793e8f3af157ee1,100,assumed,unverified
2026-01-24T12:00:00Z,2026-01-24T00:00:00Z,2026-01-24T12:00:00Z,2026-01-25T15:00:00Z,turbine_2,27,2.44,-3.5,0.008275411518180287,january-backtest-v1,bc781886f00f59e8ca445d0499e557775f0ddd100dc689290ef2f3ac4fec1e9b,100,assumed,unverified
2026-01-24T12:00:00Z,2026-01-24T00:00:00Z,2026-01-24T12:00:00Z,2026-01-25T16:00:00Z,turbine_1,28,2.42,-2.4,0.009360188451717544,january-backtest-v1,d094eb03a52f303931989830f7b4efb0d2e6c3faabb6b6a47793e8f3af157ee1,100,assumed,unverified
2026-01-24T12:00:00Z,2026-01-24T00:00:00Z,2026-01-24T12:00:00Z,2026-01-25T16:00:00Z,turbine_2,28,2.42,-2.4,0.005791245928192357,january-backtest-v1,bc781886f00f59e8ca445d0499e557775f0ddd100dc689290ef2f3ac4fec1e9b,100,assumed,unverified
2026-01-24T12:00:00Z,2026-01-24T00:00:00Z,2026-01-24T12:00:00Z,2026-01-25T17:00:00Z,turbine_1,29,0.79,-2.3,0.008489850568591362,january-backtest-v1,d094eb03a52f303931989830f7b4efb0d2e6c3faabb6b6a47793e8f3af157ee1,100,assumed,unverified
2026-01-24T12:00:00Z,2026-01-24T00:00:00Z,2026-01-24T12:00:00Z,2026-01-25T17:00:00Z,turbine_2,29,0.79,-2.3,0.007327550587878595,january-backtest-v1,bc781886f00f59e8ca445d0499e557775f0ddd100dc689290ef2f3ac4fec1e9b,100,assumed,unverified
2026-01-24T12:00:00Z,2026-01-24T00:00:00Z,2026-01-24T12:00:00Z,2026-01-25T18:00:00Z,turbine_1,30,0.74,-2.1,0.008437984848516933,january-backtest-v1,d094eb03a52f303931989830f7b4efb0d2e6c3faabb6b6a47793e8f3af157ee1,100,assumed,unverified
2026-01-24T12:00:00Z,2026-01-24T00:00:00Z,2026-01-24T12:00:00Z,2026-01-25T18:00:00Z,turbine_2,30,0.74,-2.1,0.007442510551410431,january-backtest-v1,bc781886f00f59e8ca445d0499e557775f0ddd100dc689290ef2f3ac4fec1e9b,100,assumed,unverified
2026-01-24T12:00:00Z,2026-01-24T00:00:00Z,2026-01-24T12:00:00Z,2026-01-25T19:00:00Z,turbine_1,31,3.58,-3.8,0.02082150914366182,january-backtest-v1,d094eb03a52f303931989830f7b4efb0d2e6c3faabb6b6a47793e8f3af157ee1,100,assumed,unverified
2026-01-24T12:00:00Z,2026-01-24T00:00:00Z,2026-01-24T12:00:00Z,2026-01-25T19:00:00Z,turbine_2,31,3.58,-3.8,0.015567217858996563,january-backtest-v1,bc781886f00f59e8ca445d0499e557775f0ddd100dc689290ef2f3ac4fec1e9b,100,assumed,unverified
2026-01-24T12:00:00Z,2026-01-24T00:00:00Z,2026-01-24T12:00:00Z,2026-01-25T20:00:00Z,turbine_1,32,5.63,-2.9,0.12948938259009896,january-backtest-v1,d094eb03a52f303931989830f7b4efb0d2e6c3faabb6b6a47793e8f3af157ee1,100,assumed,unverified
2026-01-24T12:00:00Z,2026-01-24T00:00:00Z,2026-01-24T12:00:00Z,2026-01-25T20:00:00Z,turbine_2,32,5.63,-2.9,0.11800505658143423,january-backtest-v1,bc781886f00f59e8ca445d0499e557775f0ddd100dc689290ef2f3ac4fec1e9b,100,assumed,unverified
2026-01-24T12:00:00Z,2026-01-24T00:00:00Z,2026-01-24T12:00:00Z,2026-01-25T21:00:00Z,turbine_1,33,6.25,-3.8,0.21680286602169052,january-backtest-v1,d094eb03a52f303931989830f7b4efb0d2e6c3faabb6b6a47793e8f3af157ee1,100,assumed,unverified
2026-01-24T12:00:00Z,2026-01-24T00:00:00Z,2026-01-24T12:00:00Z,2026-01-25T21:00:00Z,turbine_2,33,6.25,-3.8,0.19795004023635646,january-backtest-v1,bc781886f00f59e8ca445d0499e557775f0ddd100dc689290ef2f3ac4fec1e9b,100,assumed,unverified
2026-01-24T12:00:00Z,2026-01-24T00:00:00Z,2026-01-24T12:00:00Z,2026-01-25T22:00:00Z,turbine_1,34,6.5,-4.2,0.24003671501286045,january-backtest-v1,d094eb03a52f303931989830f7b4efb0d2e6c3faabb6b6a47793e8f3af157ee1,100,assumed,unverified
2026-01-24T12:00:00Z,2026-01-24T00:00:00Z,2026-01-24T12:00:00Z,2026-01-25T22:00:00Z,turbine_2,34,6.5,-4.2,0.23538499761104476,january-backtest-v1,bc781886f00f59e8ca445d0499e557775f0ddd100dc689290ef2f3ac4fec1e9b,100,assumed,unverified
2026-01-24T12:00:00Z,2026-01-24T00:00:00Z,2026-01-24T12:00:00Z,2026-01-25T23:00:00Z,turbine_1,35,6.91,-4.6,0.30410419772297387,january-backtest-v1,d094eb03a52f303931989830f7b4efb0d2e6c3faabb6b6a47793e8f3af157ee1,100,assumed,unverified
2026-01-24T12:00:00Z,2026-01-24T00:00:00Z,2026-01-24T12:00:00Z,2026-01-25T23:00:00Z,turbine_2,35,6.91,-4.6,0.2942706636503875,january-backtest-v1,bc781886f00f59e8ca445d0499e557775f0ddd100dc689290ef2f3ac4fec1e9b,100,assumed,unverified
2026-01-24T12:00:00Z,2026-01-24T00:00:00Z,2026-01-24T12:00:00Z,2026-01-26T00:00:00Z,turbine_1,36,6.82,-4.9,0.2944509946831525,january-backtest-v1,d094eb03a52f303931989830f7b4efb0d2e6c3faabb6b6a47793e8f3af157ee1,100,assumed,unverified
2026-01-24T12:00:00Z,2026-01-24T00:00:00Z,2026-01-24T12:00:00Z,2026-01-26T00:00:00Z,turbine_2,36,6.82,-4.9,0.2822262222405134,january-backtest-v1,bc781886f00f59e8ca445d0499e557775f0ddd100dc689290ef2f3ac4fec1e9b,100,assumed,unverified
2026-01-24T12:00:00Z,2026-01-24T00:00:00Z,2026-01-24T12:00:00Z,2026-01-26T01:00:00Z,turbine_1,37,6.39,-5.7,0.22352443672723435,january-backtest-v1,d094eb03a52f303931989830f7b4efb0d2e6c3faabb6b6a47793e8f3af157ee1,100,assumed,unverified
2026-01-24T12:00:00Z,2026-01-24T00:00:00Z,2026-01-24T12:00:00Z,2026-01-26T01:00:00Z,turbine_2,37,6.39,-5.7,0.19395679615450406,january-backtest-v1,bc781886f00f59e8ca445d0499e557775f0ddd100dc689290ef2f3ac4fec1e9b,100,assumed,unverified
2026-01-24T12:00:00Z,2026-01-24T00:00:00Z,2026-01-24T12:00:00Z,2026-01-26T02:00:00Z,turbine_1,38,6.75,-6.1,0.27136777795327616,january-backtest-v1,d094eb03a52f303931989830f7b4efb0d2e6c3faabb6b6a47793e8f3af157ee1,100,assumed,unverified
2026-01-24T12:00:00Z,2026-01-24T00:00:00Z,2026-01-24T12:00:00Z,2026-01-26T02:00:00Z,turbine_2,38,6.75,-6.1,0.2489442096704159,january-backtest-v1,bc781886f00f59e8ca445d0499e557775f0ddd100dc689290ef2f3ac4fec1e9b,100,assumed,unverified
2026-01-24T12:00:00Z,2026-01-24T00:00:00Z,2026-01-24T12:00:00Z,2026-01-26T03:00:00Z,turbine_1,39,6.89,-5.6,0.30053451991789404,january-backtest-v1,d094eb03a52f303931989830f7b4efb0d2e6c3faabb6b6a47793e8f3af157ee1,100,assumed,unverified
2026-01-24T12:00:00Z,2026-01-24T00:00:00Z,2026-01-24T12:00:00Z,2026-01-26T03:00:00Z,turbine_2,39,6.89,-5.6,0.2766386698472978,january-backtest-v1,bc781886f00f59e8ca445d0499e557775f0ddd100dc689290ef2f3ac4fec1e9b,100,assumed,unverified
2026-01-24T12:00:00Z,2026-01-24T00:00:00Z,2026-01-24T12:00:00Z,2026-01-26T04:00:00Z,turbine_1,40,7.49,-3.8,0.44015101673079693,january-backtest-v1,d094eb03a52f303931989830f7b4efb0d2e6c3faabb6b6a47793e8f3af157ee1,100,assumed,unverified
2026-01-24T12:00:00Z,2026-01-24T00:00:00Z,2026-01-24T12:00:00Z,2026-01-26T04:00:00Z,turbine_2,40,7.49,-3.8,0.39423235246120597,january-backtest-v1,bc781886f00f59e8ca445d0499e557775f0ddd100dc689290ef2f3ac4fec1e9b,100,assumed,unverified
2026-01-24T12:00:00Z,2026-01-24T00:00:00Z,2026-01-24T12:00:00Z,2026-01-26T05:00:00Z,turbine_1,41,8.51,-1.3,0.6062847958158152,january-backtest-v1,d094eb03a52f303931989830f7b4efb0d2e6c3faabb6b6a47793e8f3af157ee1,100,assumed,unverified
2026-01-24T12:00:00Z,2026-01-24T00:00:00Z,2026-01-24T12:00:00Z,2026-01-26T05:00:00Z,turbine_2,41,8.51,-1.3,0.5795732564013517,january-backtest-v1,bc781886f00f59e8ca445d0499e557775f0ddd100dc689290ef2f3ac4fec1e9b,100,assumed,unverified
2026-01-24T12:00:00Z,2026-01-24T00:00:00Z,2026-01-24T12:00:00Z,2026-01-26T06:00:00Z,turbine_1,42,8.16,0.1,0.5618872277510648,january-backtest-v1,d094eb03a52f303931989830f7b4efb0d2e6c3faabb6b6a47793e8f3af157ee1,100,assumed,unverified
2026-01-24T12:00:00Z,2026-01-24T00:00:00Z,2026-01-24T12:00:00Z,2026-01-26T06:00:00Z,turbine_2,42,8.16,0.1,0.5306142424717128,january-backtest-v1,bc781886f00f59e8ca445d0499e557775f0ddd100dc689290ef2f3ac4fec1e9b,100,assumed,unverified
2026-01-24T12:00:00Z,2026-01-24T00:00:00Z,2026-01-24T12:00:00Z,2026-01-26T07:00:00Z,turbine_1,43,8.34,0.7,0.5925902017336568,january-backtest-v1,d094eb03a52f303931989830f7b4efb0d2e6c3faabb6b6a47793e8f3af157ee1,100,assumed,unverified
2026-01-24T12:00:00Z,2026-01-24T00:00:00Z,2026-01-24T12:00:00Z,2026-01-26T07:00:00Z,turbine_2,43,8.34,0.7,0.5676485347718147,january-backtest-v1,bc781886f00f59e8ca445d0499e557775f0ddd100dc689290ef2f3ac4fec1e9b,100,assumed,unverified
2026-01-24T12:00:00Z,2026-01-24T00:00:00Z,2026-01-24T12:00:00Z,2026-01-26T08:00:00Z,turbine_1,44,8.56,2.0,0.6317504691385503,january-backtest-v1,d094eb03a52f303931989830f7b4efb0d2e6c3faabb6b6a47793e8f3af157ee1,100,assumed,unverified
2026-01-24T12:00:00Z,2026-01-24T00:00:00Z,2026-01-24T12:00:00Z,2026-01-26T08:00:00Z,turbine_2,44,8.56,2.0,0.5969836346695495,january-backtest-v1,bc781886f00f59e8ca445d0499e557775f0ddd100dc689290ef2f3ac4fec1e9b,100,assumed,unverified
2026-01-24T12:00:00Z,2026-01-24T00:00:00Z,2026-01-24T12:00:00Z,2026-01-26T09:00:00Z,turbine_1,45,8.15,2.4,0.5647574188042409,january-backtest-v1,d094eb03a52f303931989830f7b4efb0d2e6c3faabb6b6a47793e8f3af157ee1,100,assumed,unverified
2026-01-24T12:00:00Z,2026-01-24T00:00:00Z,2026-01-24T12:00:00Z,2026-01-26T09:00:00Z,turbine_2,45,8.15,2.4,0.512665546124232,january-backtest-v1,bc781886f00f59e8ca445d0499e557775f0ddd100dc689290ef2f3ac4fec1e9b,100,assumed,unverified
2026-01-24T12:00:00Z,2026-01-24T00:00:00Z,2026-01-24T12:00:00Z,2026-01-26T10:00:00Z,turbine_1,46,8.11,2.1,0.5412010491833226,january-backtest-v1,d094eb03a52f303931989830f7b4efb0d2e6c3faabb6b6a47793e8f3af157ee1,100,assumed,unverified
2026-01-24T12:00:00Z,2026-01-24T00:00:00Z,2026-01-24T12:00:00Z,2026-01-26T10:00:00Z,turbine_2,46,8.11,2.1,0.5126769337365961,january-backtest-v1,bc781886f00f59e8ca445d0499e557775f0ddd100dc689290ef2f3ac4fec1e9b,100,assumed,unverified
2026-01-24T12:00:00Z,2026-01-24T00:00:00Z,2026-01-24T12:00:00Z,2026-01-26T11:00:00Z,turbine_1,47,7.57,0.5,0.4590796162253081,january-backtest-v1,d094eb03a52f303931989830f7b4efb0d2e6c3faabb6b6a47793e8f3af157ee1,100,assumed,unverified
2026-01-24T12:00:00Z,2026-01-24T00:00:00Z,2026-01-24T12:00:00Z,2026-01-26T11:00:00Z,turbine_2,47,7.57,0.5,0.4261991652286473,january-backtest-v1,bc781886f00f59e8ca445d0499e557775f0ddd100dc689290ef2f3ac4fec1e9b,100,assumed,unverified
2026-01-24T12:00:00Z,2026-01-24T00:00:00Z,2026-01-24T12:00:00Z,2026-01-26T12:00:00Z,turbine_1,48,6.45,-2.0,0.25224354319329095,january-backtest-v1,d094eb03a52f303931989830f7b4efb0d2e6c3faabb6b6a47793e8f3af157ee1,100,assumed,unverified
2026-01-24T12:00:00Z,2026-01-24T00:00:00Z,2026-01-24T12:00:00Z,2026-01-26T12:00:00Z,turbine_2,48,6.45,-2.0,0.23050401945351617,january-backtest-v1,bc781886f00f59e8ca445d0499e557775f0ddd100dc689290ef2f3ac4fec1e9b,100,assumed,unverified
2026-01-25T12:00:00Z,2026-01-25T00:00:00Z,2026-01-25T12:00:00Z,2026-01-25T13:00:00Z,turbine_1,1,2.22,-3.9,0.007438197493166654,january-backtest-v1,d094eb03a52f303931989830f7b4efb0d2e6c3faabb6b6a47793e8f3af157ee1,100,assumed,unverified
2026-01-25T12:00:00Z,2026-01-25T00:00:00Z,2026-01-25T12:00:00Z,2026-01-25T13:00:00Z,turbine_2,1,2.22,-3.9,0.008818910440182404,january-backtest-v1,bc781886f00f59e8ca445d0499e557775f0ddd100dc689290ef2f3ac4fec1e9b,100,assumed,unverified
2026-01-25T12:00:00Z,2026-01-25T00:00:00Z,2026-01-25T12:00:00Z,2026-01-25T14:00:00Z,turbine_1,2,0.46,-4.1,0.008422685538104324,january-backtest-v1,d094eb03a52f303931989830f7b4efb0d2e6c3faabb6b6a47793e8f3af157ee1,100,assumed,unverified
2026-01-25T12:00:00Z,2026-01-25T00:00:00Z,2026-01-25T12:00:00Z,2026-01-25T14:00:00Z,turbine_2,2,0.46,-4.1,0.008703254618227796,january-backtest-v1,bc781886f00f59e8ca445d0499e557775f0ddd100dc689290ef2f3ac4fec1e9b,100,assumed,unverified
2026-01-25T12:00:00Z,2026-01-25T00:00:00Z,2026-01-25T12:00:00Z,2026-01-25T15:00:00Z,turbine_1,3,0.96,-3.9,0.007892555574249116,january-backtest-v1,d094eb03a52f303931989830f7b4efb0d2e6c3faabb6b6a47793e8f3af157ee1,100,assumed,unverified
2026-01-25T12:00:00Z,2026-01-25T00:00:00Z,2026-01-25T12:00:00Z,2026-01-25T15:00:00Z,turbine_2,3,0.96,-3.9,0.008345157042732754,january-backtest-v1,bc781886f00f59e8ca445d0499e557775f0ddd100dc689290ef2f3ac4fec1e9b,100,assumed,unverified
2026-01-25T12:00:00Z,2026-01-25T00:00:00Z,2026-01-25T12:00:00Z,2026-01-25T16:00:00Z,turbine_1,4,1.93,-3.9,0.008823829253565507,january-backtest-v1,d094eb03a52f303931989830f7b4efb0d2e6c3faabb6b6a47793e8f3af157ee1,100,assumed,unverified
2026-01-25T12:00:00Z,2026-01-25T00:00:00Z,2026-01-25T12:00:00Z,2026-01-25T16:00:00Z,turbine_2,4,1.93,-3.9,0.0075321669023905025,january-backtest-v1,bc781886f00f59e8ca445d0499e557775f0ddd100dc689290ef2f3ac4fec1e9b,100,assumed,unverified
2026-01-25T12:00:00Z,2026-01-25T00:00:00Z,2026-01-25T12:00:00Z,2026-01-25T17:00:00Z,turbine_1,5,3.02,-4.1,0.005039985115080969,january-backtest-v1,d094eb03a52f303931989830f7b4efb0d2e6c3faabb6b6a47793e8f3af157ee1,100,assumed,unverified
2026-01-25T12:00:00Z,2026-01-25T00:00:00Z,2026-01-25T12:00:00Z,2026-01-25T17:00:00Z,turbine_2,5,3.02,-4.1,0.004274079725818503,january-backtest-v1,bc781886f00f59e8ca445d0499e557775f0ddd100dc689290ef2f3ac4fec1e9b,100,assumed,unverified
2026-01-25T12:00:00Z,2026-01-25T00:00:00Z,2026-01-25T12:00:00Z,2026-01-25T18:00:00Z,turbine_1,6,3.86,-4.0,0.03241618494304527,january-backtest-v1,d094eb03a52f303931989830f7b4efb0d2e6c3faabb6b6a47793e8f3af157ee1,100,assumed,unverified
2026-01-25T12:00:00Z,2026-01-25T00:00:00Z,2026-01-25T12:00:00Z,2026-01-25T18:00:00Z,turbine_2,6,3.86,-4.0,0.024089203060542297,january-backtest-v1,bc781886f00f59e8ca445d0499e557775f0ddd100dc689290ef2f3ac4fec1e9b,100,assumed,unverified
2026-01-25T12:00:00Z,2026-01-25T00:00:00Z,2026-01-25T12:00:00Z,2026-01-25T19:00:00Z,turbine_1,7,4.03,-5.0,0.032887433879221495,january-backtest-v1,d094eb03a52f303931989830f7b4efb0d2e6c3faabb6b6a47793e8f3af157ee1,100,assumed,unverified
2026-01-25T12:00:00Z,2026-01-25T00:00:00Z,2026-01-25T12:00:00Z,2026-01-25T19:00:00Z,turbine_2,7,4.03,-5.0,0.02832326055065637,january-backtest-v1,bc781886f00f59e8ca445d0499e557775f0ddd100dc689290ef2f3ac4fec1e9b,100,assumed,unverified
2026-01-25T12:00:00Z,2026-01-25T00:00:00Z,2026-01-25T12:00:00Z,2026-01-25T20:00:00Z,turbine_1,8,4.46,-5.1,0.039316549537083634,january-backtest-v1,d094eb03a52f303931989830f7b4efb0d2e6c3faabb6b6a47793e8f3af157ee1,100,assumed,unverified
2026-01-25T12:00:00Z,2026-01-25T00:00:00Z,2026-01-25T12:00:00Z,2026-01-25T20:00:00Z,turbine_2,8,4.46,-5.1,0.03483870980085402,january-backtest-v1,bc781886f00f59e8ca445d0499e557775f0ddd100dc689290ef2f3ac4fec1e9b,100,assumed,unverified
2026-01-25T12:00:00Z,2026-01-25T00:00:00Z,2026-01-25T12:00:00Z,2026-01-25T21:00:00Z,turbine_1,9,4.54,-5.7,0.04132739938209207,january-backtest-v1,d094eb03a52f303931989830f7b4efb0d2e6c3faabb6b6a47793e8f3af157ee1,100,assumed,unverified
2026-01-25T12:00:00Z,2026-01-25T00:00:00Z,2026-01-25T12:00:00Z,2026-01-25T21:00:00Z,turbine_2,9,4.54,-5.7,0.040730942228377365,january-backtest-v1,bc781886f00f59e8ca445d0499e557775f0ddd100dc689290ef2f3ac4fec1e9b,100,assumed,unverified
2026-01-25T12:00:00Z,2026-01-25T00:00:00Z,2026-01-25T12:00:00Z,2026-01-25T22:00:00Z,turbine_1,10,5.19,-5.0,0.08467600010478926,january-backtest-v1,d094eb03a52f303931989830f7b4efb0d2e6c3faabb6b6a47793e8f3af157ee1,100,assumed,unverified
2026-01-25T12:00:00Z,2026-01-25T00:00:00Z,2026-01-25T12:00:00Z,2026-01-25T22:00:00Z,turbine_2,10,5.19,-5.0,0.07537370124498627,january-backtest-v1,bc781886f00f59e8ca445d0499e557775f0ddd100dc689290ef2f3ac4fec1e9b,100,assumed,unverified
2026-01-25T12:00:00Z,2026-01-25T00:00:00Z,2026-01-25T12:00:00Z,2026-01-25T23:00:00Z,turbine_1,11,5.39,-5.6,0.09716028072651345,january-backtest-v1,d094eb03a52f303931989830f7b4efb0d2e6c3faabb6b6a47793e8f3af157ee1,100,assumed,unverified
2026-01-25T12:00:00Z,2026-01-25T00:00:00Z,2026-01-25T12:00:00Z,2026-01-25T23:00:00Z,turbine_2,11,5.39,-5.6,0.08300444133960294,january-backtest-v1,bc781886f00f59e8ca445d0499e557775f0ddd100dc689290ef2f3ac4fec1e9b,100,assumed,unverified
2026-01-25T12:00:00Z,2026-01-25T00:00:00Z,2026-01-25T12:00:00Z,2026-01-26T00:00:00Z,turbine_1,12,5.78,-6.0,0.1450830323994001,january-backtest-v1,d094eb03a52f303931989830f7b4efb0d2e6c3faabb6b6a47793e8f3af157ee1,100,assumed,unverified
2026-01-25T12:00:00Z,2026-01-25T00:00:00Z,2026-01-25T12:00:00Z,2026-01-26T00:00:00Z,turbine_2,12,5.78,-6.0,0.12113607541652399,january-backtest-v1,bc781886f00f59e8ca445d0499e557775f0ddd100dc689290ef2f3ac4fec1e9b,100,assumed,unverified
2026-01-25T12:00:00Z,2026-01-25T00:00:00Z,2026-01-25T12:00:00Z,2026-01-26T01:00:00Z,turbine_1,13,6.51,-6.4,0.23293595534612108,january-backtest-v1,d094eb03a52f303931989830f7b4efb0d2e6c3faabb6b6a47793e8f3af157ee1,100,assumed,unverified
2026-01-25T12:00:00Z,2026-01-25T00:00:00Z,2026-01-25T12:00:00Z,2026-01-26T01:00:00Z,turbine_2,13,6.51,-6.4,0.22230665412450473,january-backtest-v1,bc781886f00f59e8ca445d0499e557775f0ddd100dc689290ef2f3ac4fec1e9b,100,assumed,unverified
2026-01-25T12:00:00Z,2026-01-25T00:00:00Z,2026-01-25T12:00:00Z,2026-01-26T02:00:00Z,turbine_1,14,6.81,-6.7,0.2897588553502115,january-backtest-v1,d094eb03a52f303931989830f7b4efb0d2e6c3faabb6b6a47793e8f3af157ee1,100,assumed,unverified
2026-01-25T12:00:00Z,2026-01-25T00:00:00Z,2026-01-25T12:00:00Z,2026-01-26T02:00:00Z,turbine_2,14,6.81,-6.7,0.26778934354728223,january-backtest-v1,bc781886f00f59e8ca445d0499e557775f0ddd100dc689290ef2f3ac4fec1e9b,100,assumed,unverified
2026-01-25T12:00:00Z,2026-01-25T00:00:00Z,2026-01-25T12:00:00Z,2026-01-26T03:00:00Z,turbine_1,15,6.95,-6.1,0.30475377539763204,january-backtest-v1,d094eb03a52f303931989830f7b4efb0d2e6c3faabb6b6a47793e8f3af157ee1,100,assumed,unverified
2026-01-25T12:00:00Z,2026-01-25T00:00:00Z,2026-01-25T12:00:00Z,2026-01-26T03:00:00Z,turbine_2,15,6.95,-6.1,0.29254476842790145,january-backtest-v1,bc781886f00f59e8ca445d0499e557775f0ddd100dc689290ef2f3ac4fec1e9b,100,assumed,unverified
2026-01-25T12:00:00Z,2026-01-25T00:00:00Z,2026-01-25T12:00:00Z,2026-01-26T04:00:00Z,turbine_1,16,7.63,-3.7,0.44475418733947564,january-backtest-v1,d094eb03a52f303931989830f7b4efb0d2e6c3faabb6b6a47793e8f3af157ee1,100,assumed,unverified
2026-01-25T12:00:00Z,2026-01-25T00:00:00Z,2026-01-25T12:00:00Z,2026-01-26T04:00:00Z,turbine_2,16,7.63,-3.7,0.41301850744377083,january-backtest-v1,bc781886f00f59e8ca445d0499e557775f0ddd100dc689290ef2f3ac4fec1e9b,100,assumed,unverified
2026-01-25T12:00:00Z,2026-01-25T00:00:00Z,2026-01-25T12:00:00Z,2026-01-26T05:00:00Z,turbine_1,17,9.03,-1.9,0.6869756810832326,january-backtest-v1,d094eb03a52f303931989830f7b4efb0d2e6c3faabb6b6a47793e8f3af157ee1,100,assumed,unverified
2026-01-25T12:00:00Z,2026-01-25T00:00:00Z,2026-01-25T12:00:00Z,2026-01-26T05:00:00Z,turbine_2,17,9.03,-1.9,0.6614890114840566,january-backtest-v1,bc781886f00f59e8ca445d0499e557775f0ddd100dc689290ef2f3ac4fec1e9b,100,assumed,unverified
2026-01-25T12:00:00Z,2026-01-25T00:00:00Z,2026-01-25T12:00:00Z,2026-01-26T06:00:00Z,turbine_1,18,7.95,-0.3,0.5132959074304829,january-backtest-v1,d094eb03a52f303931989830f7b4efb0d2e6c3faabb6b6a47793e8f3af157ee1,100,assumed,unverified
2026-01-25T12:00:00Z,2026-01-25T00:00:00Z,2026-01-25T12:00:00Z,2026-01-26T06:00:00Z,turbine_2,18,7.95,-0.3,0.4863185354369107,january-backtest-v1,bc781886f00f59e8ca445d0499e557775f0ddd100dc689290ef2f3ac4fec1e9b,100,assumed,unverified
2026-01-25T12:00:00Z,2026-01-25T00:00:00Z,2026-01-25T12:00:00Z,2026-01-26T07:00:00Z,turbine_1,19,8.37,1.6,0.5942933069032618,january-backtest-v1,d094eb03a52f303931989830f7b4efb0d2e6c3faabb6b6a47793e8f3af157ee1,100,assumed,unverified
2026-01-25T12:00:00Z,2026-01-25T00:00:00Z,2026-01-25T12:00:00Z,2026-01-26T07:00:00Z,turbine_2,19,8.37,1.6,0.5671973392489719,january-backtest-v1,bc781886f00f59e8ca445d0499e557775f0ddd100dc689290ef2f3ac4fec1e9b,100,assumed,unverified
2026-01-25T12:00:00Z,2026-01-25T00:00:00Z,2026-01-25T12:00:00Z,2026-01-26T08:00:00Z,turbine_1,20,8.5,1.8,0.6154192547166139,january-backtest-v1,d094eb03a52f303931989830f7b4efb0d2e6c3faabb6b6a47793e8f3af157ee1,100,assumed,unverified
2026-01-25T12:00:00Z,2026-01-25T00:00:00Z,2026-01-25T12:00:00Z,2026-01-26T08:00:00Z,turbine_2,20,8.5,1.8,0.5835281573192126,january-backtest-v1,bc781886f00f59e8ca445d0499e557775f0ddd100dc689290ef2f3ac4fec1e9b,100,assumed,unverified
2026-01-25T12:00:00Z,2026-01-25T00:00:00Z,2026-01-25T12:00:00Z,2026-01-26T09:00:00Z,turbine_1,21,8.21,2.1,0.5721610986481803,january-backtest-v1,d094eb03a52f303931989830f7b4efb0d2e6c3faabb6b6a47793e8f3af157ee1,100,assumed,unverified
2026-01-25T12:00:00Z,2026-01-25T00:00:00Z,2026-01-25T12:00:00Z,2026-01-26T09:00:00Z,turbine_2,21,8.21,2.1,0.5329192431997627,january-backtest-v1,bc781886f00f59e8ca445d0499e557775f0ddd100dc689290ef2f3ac4fec1e9b,100,assumed,unverified
2026-01-25T12:00:00Z,2026-01-25T00:00:00Z,2026-01-25T12:00:00Z,2026-01-26T10:00:00Z,turbine_1,22,8.72,2.2,0.6535919264478927,january-backtest-v1,d094eb03a52f303931989830f7b4efb0d2e6c3faabb6b6a47793e8f3af157ee1,100,assumed,unverified
2026-01-25T12:00:00Z,2026-01-25T00:00:00Z,2026-01-25T12:00:00Z,2026-01-26T10:00:00Z,turbine_2,22,8.72,2.2,0.6131834062913981,january-backtest-v1,bc781886f00f59e8ca445d0499e557775f0ddd100dc689290ef2f3ac4fec1e9b,100,assumed,unverified
2026-01-25T12:00:00Z,2026-01-25T00:00:00Z,2026-01-25T12:00:00Z,2026-01-26T11:00:00Z,turbine_1,23,8.23,0.5,0.5680832561753978,january-backtest-v1,d094eb03a52f303931989830f7b4efb0d2e6c3faabb6b6a47793e8f3af157ee1,100,assumed,unverified
2026-01-25T12:00:00Z,2026-01-25T00:00:00Z,2026-01-25T12:00:00Z,2026-01-26T11:00:00Z,turbine_2,23,8.23,0.5,0.5364006605675594,january-backtest-v1,bc781886f00f59e8ca445d0499e557775f0ddd100dc689290ef2f3ac4fec1e9b,100,assumed,unverified
2026-01-25T12:00:00Z,2026-01-25T00:00:00Z,2026-01-25T12:00:00Z,2026-01-26T12:00:00Z,turbine_1,24,7.41,-2.0,0.41688282433664514,january-backtest-v1,d094eb03a52f303931989830f7b4efb0d2e6c3faabb6b6a47793e8f3af157ee1,100,assumed,unverified
2026-01-25T12:00:00Z,2026-01-25T00:00:00Z,2026-01-25T12:00:00Z,2026-01-26T12:00:00Z,turbine_2,24,7.41,-2.0,0.3906660842638349,january-backtest-v1,bc781886f00f59e8ca445d0499e557775f0ddd100dc689290ef2f3ac4fec1e9b,100,assumed,unverified
2026-01-25T12:00:00Z,2026-01-25T00:00:00Z,2026-01-25T12:00:00Z,2026-01-26T13:00:00Z,turbine_1,25,6.69,-3.7,0.28681910507122443,january-backtest-v1,d094eb03a52f303931989830f7b4efb0d2e6c3faabb6b6a47793e8f3af157ee1,100,assumed,unverified
2026-01-25T12:00:00Z,2026-01-25T00:00:00Z,2026-01-25T12:00:00Z,2026-01-26T13:00:00Z,turbine_2,25,6.69,-3.7,0.26139832651690353,january-backtest-v1,bc781886f00f59e8ca445d0499e557775f0ddd100dc689290ef2f3ac4fec1e9b,100,assumed,unverified
2026-01-25T12:00:00Z,2026-01-25T00:00:00Z,2026-01-25T12:00:00Z,2026-01-26T14:00:00Z,turbine_1,26,6.42,-4.7,0.22687206482297761,january-backtest-v1,d094eb03a52f303931989830f7b4efb0d2e6c3faabb6b6a47793e8f3af157ee1,100,assumed,unverified
2026-01-25T12:00:00Z,2026-01-25T00:00:00Z,2026-01-25T12:00:00Z,2026-01-26T14:00:00Z,turbine_2,26,6.42,-4.7,0.21939718571472044,january-backtest-v1,bc781886f00f59e8ca445d0499e557775f0ddd100dc689290ef2f3ac4fec1e9b,100,assumed,unverified
2026-01-25T12:00:00Z,2026-01-25T00:00:00Z,2026-01-25T12:00:00Z,2026-01-26T15:00:00Z,turbine_1,27,6.46,-5.0,0.23572777819654317,january-backtest-v1,d094eb03a52f303931989830f7b4efb0d2e6c3faabb6b6a47793e8f3af157ee1,100,assumed,unverified
2026-01-25T12:00:00Z,2026-01-25T00:00:00Z,2026-01-25T12:00:00Z,2026-01-26T15:00:00Z,turbine_2,27,6.46,-5.0,0.21745913579943468,january-backtest-v1,bc781886f00f59e8ca445d0499e557775f0ddd100dc689290ef2f3ac4fec1e9b,100,assumed,unverified
2026-01-25T12:00:00Z,2026-01-25T00:00:00Z,2026-01-25T12:00:00Z,2026-01-26T16:00:00Z,turbine_1,28,6.13,-5.0,0.19350078194659265,january-backtest-v1,d094eb03a52f303931989830f7b4efb0d2e6c3faabb6b6a47793e8f3af157ee1,100,assumed,unverified
2026-01-25T12:00:00Z,2026-01-25T00:00:00Z,2026-01-25T12:00:00Z,2026-01-26T16:00:00Z,turbine_2,28,6.13,-5.0,0.1829851072231727,january-backtest-v1,bc781886f00f59e8ca445d0499e557775f0ddd100dc689290ef2f3ac4fec1e9b,100,assumed,unverified
2026-01-25T12:00:00Z,2026-01-25T00:00:00Z,2026-01-25T12:00:00Z,2026-01-26T17:00:00Z,turbine_1,29,4.7,-6.2,0.04960128774913242,january-backtest-v1,d094eb03a52f303931989830f7b4efb0d2e6c3faabb6b6a47793e8f3af157ee1,100,assumed,unverified
2026-01-25T12:00:00Z,2026-01-25T00:00:00Z,2026-01-25T12:00:00Z,2026-01-26T17:00:00Z,turbine_2,29,4.7,-6.2,0.04440508884592076,january-backtest-v1,bc781886f00f59e8ca445d0499e557775f0ddd100dc689290ef2f3ac4fec1e9b,100,assumed,unverified
2026-01-25T12:00:00Z,2026-01-25T00:00:00Z,2026-01-25T12:00:00Z,2026-01-26T18:00:00Z,turbine_1,30,3.9,-6.1,0.028631337537079304,january-backtest-v1,d094eb03a52f303931989830f7b4efb0d2e6c3faabb6b6a47793e8f3af157ee1,100,assumed,unverified
2026-01-25T12:00:00Z,2026-01-25T00:00:00Z,2026-01-25T12:00:00Z,2026-01-26T18:00:00Z,turbine_2,30,3.9,-6.1,0.019885769401086995,january-backtest-v1,bc781886f00f59e8ca445d0499e557775f0ddd100dc689290ef2f3ac4fec1e9b,100,assumed,unverified
2026-01-25T12:00:00Z,2026-01-25T00:00:00Z,2026-01-25T12:00:00Z,2026-01-26T19:00:00Z,turbine_1,31,2.77,-6.9,0.0069996599275213844,january-backtest-v1,d094eb03a52f303931989830f7b4efb0d2e6c3faabb6b6a47793e8f3af157ee1,100,assumed,unverified
2026-01-25T12:00:00Z,2026-01-25T00:00:00Z,2026-01-25T12:00:00Z,2026-01-26T19:00:00Z,turbine_2,31,2.77,-6.9,0.0067443650706361935,january-backtest-v1,bc781886f00f59e8ca445d0499e557775f0ddd100dc689290ef2f3ac4fec1e9b,100,assumed,unverified
2026-01-25T12:00:00Z,2026-01-25T00:00:00Z,2026-01-25T12:00:00Z,2026-01-26T20:00:00Z,turbine_1,32,2.09,-6.3,0.00821795361779154,january-backtest-v1,d094eb03a52f303931989830f7b4efb0d2e6c3faabb6b6a47793e8f3af157ee1,100,assumed,unverified
2026-01-25T12:00:00Z,2026-01-25T00:00:00Z,2026-01-25T12:00:00Z,2026-01-26T20:00:00Z,turbine_2,32,2.09,-6.3,0.009647351745625699,january-backtest-v1,bc781886f00f59e8ca445d0499e557775f0ddd100dc689290ef2f3ac4fec1e9b,100,assumed,unverified
2026-01-25T12:00:00Z,2026-01-25T00:00:00Z,2026-01-25T12:00:00Z,2026-01-26T21:00:00Z,turbine_1,33,1.5,-6.1,0.008298437852961749,january-backtest-v1,d094eb03a52f303931989830f7b4efb0d2e6c3faabb6b6a47793e8f3af157ee1,100,assumed,unverified
2026-01-25T12:00:00Z,2026-01-25T00:00:00Z,2026-01-25T12:00:00Z,2026-01-26T21:00:00Z,turbine_2,33,1.5,-6.1,0.009123524254305015,january-backtest-v1,bc781886f00f59e8ca445d0499e557775f0ddd100dc689290ef2f3ac4fec1e9b,100,assumed,unverified
2026-01-25T12:00:00Z,2026-01-25T00:00:00Z,2026-01-25T12:00:00Z,2026-01-26T22:00:00Z,turbine_1,34,0.71,-6.0,0.009150922909379855,january-backtest-v1,d094eb03a52f303931989830f7b4efb0d2e6c3faabb6b6a47793e8f3af157ee1,100,assumed,unverified
2026-01-25T12:00:00Z,2026-01-25T00:00:00Z,2026-01-25T12:00:00Z,2026-01-26T22:00:00Z,turbine_2,34,0.71,-6.0,0.010551196920384531,january-backtest-v1,bc781886f00f59e8ca445d0499e557775f0ddd100dc689290ef2f3ac4fec1e9b,100,assumed,unverified
2026-01-25T12:00:00Z,2026-01-25T00:00:00Z,2026-01-25T12:00:00Z,2026-01-26T23:00:00Z,turbine_1,35,0.29,-6.2,0.009150922909379855,january-backtest-v1,d094eb03a52f303931989830f7b4efb0d2e6c3faabb6b6a47793e8f3af157ee1,100,assumed,unverified
2026-01-25T12:00:00Z,2026-01-25T00:00:00Z,2026-01-25T12:00:00Z,2026-01-26T23:00:00Z,turbine_2,35,0.29,-6.2,0.010551196920384531,january-backtest-v1,bc781886f00f59e8ca445d0499e557775f0ddd100dc689290ef2f3ac4fec1e9b,100,assumed,unverified
2026-01-25T12:00:00Z,2026-01-25T00:00:00Z,2026-01-25T12:00:00Z,2026-01-27T00:00:00Z,turbine_1,36,1.12,-6.4,0.0086007565301639,january-backtest-v1,d094eb03a52f303931989830f7b4efb0d2e6c3faabb6b6a47793e8f3af157ee1,100,assumed,unverified
2026-01-25T12:00:00Z,2026-01-25T00:00:00Z,2026-01-25T12:00:00Z,2026-01-27T00:00:00Z,turbine_2,36,1.12,-6.4,0.010083288364478749,january-backtest-v1,bc781886f00f59e8ca445d0499e557775f0ddd100dc689290ef2f3ac4fec1e9b,100,assumed,unverified
2026-01-25T12:00:00Z,2026-01-25T00:00:00Z,2026-01-25T12:00:00Z,2026-01-27T01:00:00Z,turbine_1,37,1.56,-6.0,0.008298437852961749,january-backtest-v1,d094eb03a52f303931989830f7b4efb0d2e6c3faabb6b6a47793e8f3af157ee1,100,assumed,unverified
2026-01-25T12:00:00Z,2026-01-25T00:00:00Z,2026-01-25T12:00:00Z,2026-01-27T01:00:00Z,turbine_2,37,1.56,-6.0,0.009123524254305015,january-backtest-v1,bc781886f00f59e8ca445d0499e557775f0ddd100dc689290ef2f3ac4fec1e9b,100,assumed,unverified
2026-01-25T12:00:00Z,2026-01-25T00:00:00Z,2026-01-25T12:00:00Z,2026-01-27T02:00:00Z,turbine_1,38,1.71,-5.1,0.007893027845630896,january-backtest-v1,d094eb03a52f303931989830f7b4efb0d2e6c3faabb6b6a47793e8f3af157ee1,100,assumed,unverified
2026-01-25T12:00:00Z,2026-01-25T00:00:00Z,2026-01-25T12:00:00Z,2026-01-27T02:00:00Z,turbine_2,38,1.71,-5.1,0.008478056603563433,january-backtest-v1,bc781886f00f59e8ca445d0499e557775f0ddd100dc689290ef2f3ac4fec1e9b,100,assumed,unverified
2026-01-25T12:00:00Z,2026-01-25T00:00:00Z,2026-01-25T12:00:00Z,2026-01-27T03:00:00Z,turbine_1,39,1.36,-4.3,0.007829576164921914,january-backtest-v1,d094eb03a52f303931989830f7b4efb0d2e6c3faabb6b6a47793e8f3af157ee1,100,assumed,unverified
2026-01-25T12:00:00Z,2026-01-25T00:00:00Z,2026-01-25T12:00:00Z,2026-01-27T03:00:00Z,turbine_2,39,1.36,-4.3,0.00769388459993936,january-backtest-v1,bc781886f00f59e8ca445d0499e557775f0ddd100dc689290ef2f3ac4fec1e9b,100,assumed,unverified
2026-01-25T12:00:00Z,2026-01-25T00:00:00Z,2026-01-25T12:00:00Z,2026-01-27T04:00:00Z,turbine_1,40,1.22,-2.2,0.00782211353252038,january-backtest-v1,d094eb03a52f303931989830f7b4efb0d2e6c3faabb6b6a47793e8f3af157ee1,100,assumed,unverified
2026-01-25T12:00:00Z,2026-01-25T00:00:00Z,2026-01-25T12:00:00Z,2026-01-27T04:00:00Z,turbine_2,40,1.22,-2.2,0.006174503102008955,january-backtest-v1,bc781886f00f59e8ca445d0499e557775f0ddd100dc689290ef2f3ac4fec1e9b,100,assumed,unverified
2026-01-25T12:00:00Z,2026-01-25T00:00:00Z,2026-01-25T12:00:00Z,2026-01-27T05:00:00Z,turbine_1,41,1.35,-1.0,0.007645062399706082,january-backtest-v1,d094eb03a52f303931989830f7b4efb0d2e6c3faabb6b6a47793e8f3af157ee1,100,assumed,unverified
2026-01-25T12:00:00Z,2026-01-25T00:00:00Z,2026-01-25T12:00:00Z,2026-01-27T05:00:00Z,turbine_2,41,1.35,-1.0,0.008809583790287345,january-backtest-v1,bc781886f00f59e8ca445d0499e557775f0ddd100dc689290ef2f3ac4fec1e9b,100,assumed,unverified
2026-01-25T12:00:00Z,2026-01-25T00:00:00Z,2026-01-25T12:00:00Z,2026-01-27T06:00:00Z,turbine_1,42,0.99,-0.4,0.009122133510465702,january-backtest-v1,d094eb03a52f303931989830f7b4efb0d2e6c3faabb6b6a47793e8f3af157ee1,100,assumed,unverified
2026-01-25T12:00:00Z,2026-01-25T00:00:00Z,2026-01-25T12:00:00Z,2026-01-27T06:00:00Z,turbine_2,42,0.99,-0.4,0.010283863485715472,january-backtest-v1,bc781886f00f59e8ca445d0499e557775f0ddd100dc689290ef2f3ac4fec1e9b,100,assumed,unverified
2026-01-25T12:00:00Z,2026-01-25T00:00:00Z,2026-01-25T12:00:00Z,2026-01-27T07:00:00Z,turbine_1,43,0.9,0.8,0.007219527111850699,january-backtest-v1,d094eb03a52f303931989830f7b4efb0d2e6c3faabb6b6a47793e8f3af157ee1,100,assumed,unverified
2026-01-25T12:00:00Z,2026-01-25T00:00:00Z,2026-01-25T12:00:00Z,2026-01-27T07:00:00Z,turbine_2,43,0.9,0.8,0.00879645464676404,january-backtest-v1,bc781886f00f59e8ca445d0499e557775f0ddd100dc689290ef2f3ac4fec1e9b,100,assumed,unverified
2026-01-25T12:00:00Z,2026-01-25T00:00:00Z,2026-01-25T12:00:00Z,2026-01-27T08:00:00Z,turbine_1,44,1.11,1.7,0.008307205488807479,january-backtest-v1,d094eb03a52f303931989830f7b4efb0d2e6c3faabb6b6a47793e8f3af157ee1,100,assumed,unverified
2026-01-25T12:00:00Z,2026-01-25T00:00:00Z,2026-01-25T12:00:00Z,2026-01-27T08:00:00Z,turbine_2,44,1.11,1.7,0.007760200573164455,january-backtest-v1,bc781886f00f59e8ca445d0499e557775f0ddd100dc689290ef2f3ac4fec1e9b,100,assumed,unverified
2026-01-25T12:00:00Z,2026-01-25T00:00:00Z,2026-01-25T12:00:00Z,2026-01-27T09:00:00Z,turbine_1,45,0.75,2.0,0.008986107107681551,january-backtest-v1,d094eb03a52f303931989830f7b4efb0d2e6c3faabb6b6a47793e8f3af157ee1,100,assumed,unverified
2026-01-25T12:00:00Z,2026-01-25T00:00:00Z,2026-01-25T12:00:00Z,2026-01-27T09:00:00Z,turbine_2,45,0.75,2.0,0.009278637988932636,january-backtest-v1,bc781886f00f59e8ca445d0499e557775f0ddd100dc689290ef2f3ac4fec1e9b,100,assumed,unverified
2026-01-25T12:00:00Z,2026-01-25T00:00:00Z,2026-01-25T12:00:00Z,2026-01-27T10:00:00Z,turbine_1,46,0.87,1.2,0.008788443014059288,january-backtest-v1,d094eb03a52f303931989830f7b4efb0d2e6c3faabb6b6a47793e8f3af157ee1,100,assumed,unverified
2026-01-25T12:00:00Z,2026-01-25T00:00:00Z,2026-01-25T12:00:00Z,2026-01-27T10:00:00Z,turbine_2,46,0.87,1.2,0.008829168121070707,january-backtest-v1,bc781886f00f59e8ca445d0499e557775f0ddd100dc689290ef2f3ac4fec1e9b,100,assumed,unverified
2026-01-25T12:00:00Z,2026-01-25T00:00:00Z,2026-01-25T12:00:00Z,2026-01-27T11:00:00Z,turbine_1,47,0.63,0.3,0.008956231287585603,january-backtest-v1,d094eb03a52f303931989830f7b4efb0d2e6c3faabb6b6a47793e8f3af157ee1,100,assumed,unverified
2026-01-25T12:00:00Z,2026-01-25T00:00:00Z,2026-01-25T12:00:00Z,2026-01-27T11:00:00Z,turbine_2,47,0.63,0.3,0.009149251835014027,january-backtest-v1,bc781886f00f59e8ca445d0499e557775f0ddd100dc689290ef2f3ac4fec1e9b,100,assumed,unverified
2026-01-25T12:00:00Z,2026-01-25T00:00:00Z,2026-01-25T12:00:00Z,2026-01-27T12:00:00Z,turbine_1,48,0.54,-2.3,0.008489850568591362,january-backtest-v1,d094eb03a52f303931989830f7b4efb0d2e6c3faabb6b6a47793e8f3af157ee1,100,assumed,unverified
2026-01-25T12:00:00Z,2026-01-25T00:00:00Z,2026-01-25T12:00:00Z,2026-01-27T12:00:00Z,turbine_2,48,0.54,-2.3,0.007327550587878595,january-backtest-v1,bc781886f00f59e8ca445d0499e557775f0ddd100dc689290ef2f3ac4fec1e9b,100,assumed,unverified
2026-01-26T12:00:00Z,2026-01-26T00:00:00Z,2026-01-26T12:00:00Z,2026-01-26T13:00:00Z,turbine_1,1,6.47,-3.0,0.2501817157921731,january-backtest-v1,d094eb03a52f303931989830f7b4efb0d2e6c3faabb6b6a47793e8f3af157ee1,100,assumed,unverified
2026-01-26T12:00:00Z,2026-01-26T00:00:00Z,2026-01-26T12:00:00Z,2026-01-26T13:00:00Z,turbine_2,1,6.47,-3.0,0.23101759679626951,january-backtest-v1,bc781886f00f59e8ca445d0499e557775f0ddd100dc689290ef2f3ac4fec1e9b,100,assumed,unverified
2026-01-26T12:00:00Z,2026-01-26T00:00:00Z,2026-01-26T12:00:00Z,2026-01-26T14:00:00Z,turbine_1,2,6.91,-3.9,0.3134501348101391,january-backtest-v1,d094eb03a52f303931989830f7b4efb0d2e6c3faabb6b6a47793e8f3af157ee1,100,assumed,unverified
2026-01-26T12:00:00Z,2026-01-26T00:00:00Z,2026-01-26T12:00:00Z,2026-01-26T14:00:00Z,turbine_2,2,6.91,-3.9,0.29799326789654956,january-backtest-v1,bc781886f00f59e8ca445d0499e557775f0ddd100dc689290ef2f3ac4fec1e9b,100,assumed,unverified
2026-01-26T12:00:00Z,2026-01-26T00:00:00Z,2026-01-26T12:00:00Z,2026-01-26T15:00:00Z,turbine_1,3,7.49,-4.2,0.43271850898017905,january-backtest-v1,d094eb03a52f303931989830f7b4efb0d2e6c3faabb6b6a47793e8f3af157ee1,100,assumed,unverified
2026-01-26T12:00:00Z,2026-01-26T00:00:00Z,2026-01-26T12:00:00Z,2026-01-26T15:00:00Z,turbine_2,3,7.49,-4.2,0.39423235246120597,january-backtest-v1,bc781886f00f59e8ca445d0499e557775f0ddd100dc689290ef2f3ac4fec1e9b,100,assumed,unverified
2026-01-26T12:00:00Z,2026-01-26T00:00:00Z,2026-01-26T12:00:00Z,2026-01-26T16:00:00Z,turbine_1,4,7.72,-4.4,0.4597352376866958,january-backtest-v1,d094eb03a52f303931989830f7b4efb0d2e6c3faabb6b6a47793e8f3af157ee1,100,assumed,unverified
2026-01-26T12:00:00Z,2026-01-26T00:00:00Z,2026-01-26T12:00:00Z,2026-01-26T16:00:00Z,turbine_2,4,7.72,-4.4,0.4332525725113526,january-backtest-v1,bc781886f00f59e8ca445d0499e557775f0ddd100dc689290ef2f3ac4fec1e9b,100,assumed,unverified
2026-01-26T12:00:00Z,2026-01-26T00:00:00Z,2026-01-26T12:00:00Z,2026-01-26T17:00:00Z,turbine_1,5,7.94,-4.6,0.49202654242766275,january-backtest-v1,d094eb03a52f303931989830f7b4efb0d2e6c3faabb6b6a47793e8f3af157ee1,100,assumed,unverified
2026-01-26T12:00:00Z,2026-01-26T00:00:00Z,2026-01-26T12:00:00Z,2026-01-26T17:00:00Z,turbine_2,5,7.94,-4.6,0.45286039513730453,january-backtest-v1,bc781886f00f59e8ca445d0499e557775f0ddd100dc689290ef2f3ac4fec1e9b,100,assumed,unverified
2026-01-26T12:00:00Z,2026-01-26T00:00:00Z,2026-01-26T12:00:00Z,2026-01-26T18:00:00Z,turbine_1,6,7.88,-4.9,0.4831795722866637,january-backtest-v1,d094eb03a52f303931989830f7b4efb0d2e6c3faabb6b6a47793e8f3af157ee1,100,assumed,unverified
2026-01-26T12:00:00Z,2026-01-26T00:00:00Z,2026-01-26T12:00:00Z,2026-01-26T18:00:00Z,turbine_2,6,7.88,-4.9,0.4503452488131423,january-backtest-v1,bc781886f00f59e8ca445d0499e557775f0ddd100dc689290ef2f3ac4fec1e9b,100,assumed,unverified
2026-01-26T12:00:00Z,2026-01-26T00:00:00Z,2026-01-26T12:00:00Z,2026-01-26T19:00:00Z,turbine_1,7,7.58,-5.0,0.43640922984237684,january-backtest-v1,d094eb03a52f303931989830f7b4efb0d2e6c3faabb6b6a47793e8f3af157ee1,100,assumed,unverified
2026-01-26T12:00:00Z,2026-01-26T00:00:00Z,2026-01-26T12:00:00Z,2026-01-26T19:00:00Z,turbine_2,7,7.58,-5.0,0.397022182911692,january-backtest-v1,bc781886f00f59e8ca445d0499e557775f0ddd100dc689290ef2f3ac4fec1e9b,100,assumed,unverified
2026-01-26T12:00:00Z,2026-01-26T00:00:00Z,2026-01-26T12:00:00Z,2026-01-26T20:00:00Z,turbine_1,8,7.02,-5.3,0.32496758044286667,january-backtest-v1,d094eb03a52f303931989830f7b4efb0d2e6c3faabb6b6a47793e8f3af157ee1,100,assumed,unverified
2026-01-26T12:00:00Z,2026-01-26T00:00:00Z,2026-01-26T12:00:00Z,2026-01-26T20:00:00Z,turbine_2,8,7.02,-5.3,0.31691944985731724,january-backtest-v1,bc781886f00f59e8ca445d0499e557775f0ddd100dc689290ef2f3ac4fec1e9b,100,assumed,unverified
2026-01-26T12:00:00Z,2026-01-26T00:00:00Z,2026-01-26T12:00:00Z,2026-01-26T21:00:00Z,turbine_1,9,6.41,-5.7,0.22352443672723435,january-backtest-v1,d094eb03a52f303931989830f7b4efb0d2e6c3faabb6b6a47793e8f3af157ee1,100,assumed,unverified
2026-01-26T12:00:00Z,2026-01-26T00:00:00Z,2026-01-26T12:00:00Z,2026-01-26T21:00:00Z,turbine_2,9,6.41,-5.7,0.20892290006006176,january-backtest-v1,bc781886f00f59e8ca445d0499e557775f0ddd100dc689290ef2f3ac4fec1e9b,100,assumed,unverified
2026-01-26T12:00:00Z,2026-01-26T00:00:00Z,2026-01-26T12:00:00Z,2026-01-26T22:00:00Z,turbine_1,10,5.78,-5.6,0.14652561063386402,january-backtest-v1,d094eb03a52f303931989830f7b4efb0d2e6c3faabb6b6a47793e8f3af157ee1,100,assumed,unverified
2026-01-26T12:00:00Z,2026-01-26T00:00:00Z,2026-01-26T12:00:00Z,2026-01-26T22:00:00Z,turbine_2,10,5.78,-5.6,0.12307196197406553,january-backtest-v1,bc781886f00f59e8ca445d0499e557775f0ddd100dc689290ef2f3ac4fec1e9b,100,assumed,unverified
2026-01-26T12:00:00Z,2026-01-26T00:00:00Z,2026-01-26T12:00:00Z,2026-01-26T23:00:00Z,turbine_1,11,5.39,-6.2,0.09571770249204958,january-backtest-v1,d094eb03a52f303931989830f7b4efb0d2e6c3faabb6b6a47793e8f3af157ee1,100,assumed,unverified
2026-01-26T12:00:00Z,2026-01-26T00:00:00Z,2026-01-26T12:00:00Z,2026-01-26T23:00:00Z,turbine_2,11,5.39,-6.2,0.08036277387800839,january-backtest-v1,bc781886f00f59e8ca445d0499e557775f0ddd100dc689290ef2f3ac4fec1e9b,100,assumed,unverified
2026-01-26T12:00:00Z,2026-01-26T00:00:00Z,2026-01-26T12:00:00Z,2026-01-27T00:00:00Z,turbine_1,12,4.63,-6.3,0.04929514550223768,january-backtest-v1,d094eb03a52f303931989830f7b4efb0d2e6c3faabb6b6a47793e8f3af157ee1,100,assumed,unverified
2026-01-26T12:00:00Z,2026-01-26T00:00:00Z,2026-01-26T12:00:00Z,2026-01-27T00:00:00Z,turbine_2,12,4.63,-6.3,0.0406483479878067,january-backtest-v1,bc781886f00f59e8ca445d0499e557775f0ddd100dc689290ef2f3ac4fec1e9b,100,assumed,unverified
2026-01-26T12:00:00Z,2026-01-26T00:00:00Z,2026-01-26T12:00:00Z,2026-01-27T01:00:00Z,turbine_1,13,3.72,-6.3,0.02131153106526318,january-backtest-v1,d094eb03a52f303931989830f7b4efb0d2e6c3faabb6b6a47793e8f3af157ee1,100,assumed,unverified
2026-01-26T12:00:00Z,2026-01-26T00:00:00Z,2026-01-26T12:00:00Z,2026-01-27T01:00:00Z,turbine_2,13,3.72,-6.3,0.01585765948052459,january-backtest-v1,bc781886f00f59e8ca445d0499e557775f0ddd100dc689290ef2f3ac4fec1e9b,100,assumed,unverified
2026-01-26T12:00:00Z,2026-01-26T00:00:00Z,2026-01-26T12:00:00Z,2026-01-27T02:00:00Z,turbine_1,14,2.3,-6.2,0.007396450027782497,january-backtest-v1,d094eb03a52f303931989830f7b4efb0d2e6c3faabb6b6a47793e8f3af157ee1,100,assumed,unverified
2026-01-26T12:00:00Z,2026-01-26T00:00:00Z,2026-01-26T12:00:00Z,2026-01-27T02:00:00Z,turbine_2,14,2.3,-6.2,0.010633116275921672,january-backtest-v1,bc781886f00f59e8ca445d0499e557775f0ddd100dc689290ef2f3ac4fec1e9b,100,assumed,unverified
2026-01-26T12:00:00Z,2026-01-26T00:00:00Z,2026-01-26T12:00:00Z,2026-01-27T03:00:00Z,turbine_1,15,0.66,-5.5,0.008968097085248872,january-backtest-v1,d094eb03a52f303931989830f7b4efb0d2e6c3faabb6b6a47793e8f3af157ee1,100,assumed,unverified
2026-01-26T12:00:00Z,2026-01-26T00:00:00Z,2026-01-26T12:00:00Z,2026-01-27T03:00:00Z,turbine_2,15,0.66,-5.5,0.01108821178291819,january-backtest-v1,bc781886f00f59e8ca445d0499e557775f0ddd100dc689290ef2f3ac4fec1e9b,100,assumed,unverified
2026-01-26T12:00:00Z,2026-01-26T00:00:00Z,2026-01-26T12:00:00Z,2026-01-27T04:00:00Z,turbine_1,16,0.22,-2.8,0.008941537098774821,january-backtest-v1,d094eb03a52f303931989830f7b4efb0d2e6c3faabb6b6a47793e8f3af157ee1,100,assumed,unverified
2026-01-26T12:00:00Z,2026-01-26T00:00:00Z,2026-01-26T12:00:00Z,2026-01-27T04:00:00Z,turbine_2,16,0.22,-2.8,0.010262069722403844,january-backtest-v1,bc781886f00f59e8ca445d0499e557775f0ddd100dc689290ef2f3ac4fec1e9b,100,assumed,unverified
2026-01-26T12:00:00Z,2026-01-26T00:00:00Z,2026-01-26T12:00:00Z,2026-01-27T05:00:00Z,turbine_1,17,0.75,-1.2,0.008552895263195859,january-backtest-v1,d094eb03a52f303931989830f7b4efb0d2e6c3faabb6b6a47793e8f3af157ee1,100,assumed,unverified
2026-01-26T12:00:00Z,2026-01-26T00:00:00Z,2026-01-26T12:00:00Z,2026-01-27T05:00:00Z,turbine_2,17,0.75,-1.2,0.009138994395275435,january-backtest-v1,bc781886f00f59e8ca445d0499e557775f0ddd100dc689290ef2f3ac4fec1e9b,100,assumed,unverified
2026-01-26T12:00:00Z,2026-01-26T00:00:00Z,2026-01-26T12:00:00Z,2026-01-27T06:00:00Z,turbine_1,18,0.51,0.4,0.008956231287585603,january-backtest-v1,d094eb03a52f303931989830f7b4efb0d2e6c3faabb6b6a47793e8f3af157ee1,100,assumed,unverified
2026-01-26T12:00:00Z,2026-01-26T00:00:00Z,2026-01-26T12:00:00Z,2026-01-27T06:00:00Z,turbine_2,18,0.51,0.4,0.00911446073952804,january-backtest-v1,bc781886f00f59e8ca445d0499e557775f0ddd100dc689290ef2f3ac4fec1e9b,100,assumed,unverified
2026-01-26T12:00:00Z,2026-01-26T00:00:00Z,2026-01-26T12:00:00Z,2026-01-27T07:00:00Z,turbine_1,19,0.63,1.1,0.00930652262108661,january-backtest-v1,d094eb03a52f303931989830f7b4efb0d2e6c3faabb6b6a47793e8f3af157ee1,100,assumed,unverified
2026-01-26T12:00:00Z,2026-01-26T00:00:00Z,2026-01-26T12:00:00Z,2026-01-27T07:00:00Z,turbine_2,19,0.63,1.1,0.009284387544955364,january-backtest-v1,bc781886f00f59e8ca445d0499e557775f0ddd100dc689290ef2f3ac4fec1e9b,100,assumed,unverified
2026-01-26T12:00:00Z,2026-01-26T00:00:00Z,2026-01-26T12:00:00Z,2026-01-27T08:00:00Z,turbine_1,20,0.81,2.5,0.008723685864989006,january-backtest-v1,d094eb03a52f303931989830f7b4efb0d2e6c3faabb6b6a47793e8f3af157ee1,100,assumed,unverified
2026-01-26T12:00:00Z,2026-01-26T00:00:00Z,2026-01-26T12:00:00Z,2026-01-27T08:00:00Z,turbine_2,20,0.81,2.5,0.00816100472791198,january-backtest-v1,bc781886f00f59e8ca445d0499e557775f0ddd100dc689290ef2f3ac4fec1e9b,100,assumed,unverified
2026-01-26T12:00:00Z,2026-01-26T00:00:00Z,2026-01-26T12:00:00Z,2026-01-27T09:00:00Z,turbine_1,21,0.96,2.6,0.008193555901133798,january-backtest-v1,d094eb03a52f303931989830f7b4efb0d2e6c3faabb6b6a47793e8f3af157ee1,100,assumed,unverified
2026-01-26T12:00:00Z,2026-01-26T00:00:00Z,2026-01-26T12:00:00Z,2026-01-27T09:00:00Z,turbine_2,21,0.96,2.6,0.00816100472791198,january-backtest-v1,bc781886f00f59e8ca445d0499e557775f0ddd100dc689290ef2f3ac4fec1e9b,100,assumed,unverified
2026-01-26T12:00:00Z,2026-01-26T00:00:00Z,2026-01-26T12:00:00Z,2026-01-27T10:00:00Z,turbine_1,22,0.65,2.3,0.008723685864989006,january-backtest-v1,d094eb03a52f303931989830f7b4efb0d2e6c3faabb6b6a47793e8f3af157ee1,100,assumed,unverified
2026-01-26T12:00:00Z,2026-01-26T00:00:00Z,2026-01-26T12:00:00Z,2026-01-27T10:00:00Z,turbine_2,22,0.65,2.3,0.01022572445666392,january-backtest-v1,bc781886f00f59e8ca445d0499e557775f0ddd100dc689290ef2f3ac4fec1e9b,100,assumed,unverified
2026-01-26T12:00:00Z,2026-01-26T00:00:00Z,2026-01-26T12:00:00Z,2026-01-27T11:00:00Z,turbine_1,23,0.57,0.8,0.007749657075705907,january-backtest-v1,d094eb03a52f303931989830f7b4efb0d2e6c3faabb6b6a47793e8f3af157ee1,100,assumed,unverified
2026-01-26T12:00:00Z,2026-01-26T00:00:00Z,2026-01-26T12:00:00Z,2026-01-27T11:00:00Z,turbine_2,23,0.57,0.8,0.009154552222259082,january-backtest-v1,bc781886f00f59e8ca445d0499e557775f0ddd100dc689290ef2f3ac4fec1e9b,100,assumed,unverified
2026-01-26T12:00:00Z,2026-01-26T00:00:00Z,2026-01-26T12:00:00Z,2026-01-27T12:00:00Z,turbine_1,24,0.92,-1.0,0.007806838369582403,january-backtest-v1,d094eb03a52f303931989830f7b4efb0d2e6c3faabb6b6a47793e8f3af157ee1,100,assumed,unverified
2026-01-26T12:00:00Z,2026-01-26T00:00:00Z,2026-01-26T12:00:00Z,2026-01-27T12:00:00Z,turbine_2,24,0.92,-1.0,0.009847803707728364,january-backtest-v1,bc781886f00f59e8ca445d0499e557775f0ddd100dc689290ef2f3ac4fec1e9b,100,assumed,unverified
2026-01-26T12:00:00Z,2026-01-26T00:00:00Z,2026-01-26T12:00:00Z,2026-01-27T13:00:00Z,turbine_1,25,1.21,-1.8,0.007093598739644769,january-backtest-v1,d094eb03a52f303931989830f7b4efb0d2e6c3faabb6b6a47793e8f3af157ee1,100,assumed,unverified
2026-01-26T12:00:00Z,2026-01-26T00:00:00Z,2026-01-26T12:00:00Z,2026-01-27T13:00:00Z,turbine_2,25,1.21,-1.8,0.00628946306554079,january-backtest-v1,bc781886f00f59e8ca445d0499e557775f0ddd100dc689290ef2f3ac4fec1e9b,100,assumed,unverified
2026-01-26T12:00:00Z,2026-01-26T00:00:00Z,2026-01-26T12:00:00Z,2026-01-27T14:00:00Z,turbine_1,26,1.86,-1.0,0.01052325379193414,january-backtest-v1,d094eb03a52f303931989830f7b4efb0d2e6c3faabb6b6a47793e8f3af157ee1,100,assumed,unverified
2026-01-26T12:00:00Z,2026-01-26T00:00:00Z,2026-01-26T12:00:00Z,2026-01-27T14:00:00Z,turbine_2,26,1.86,-1.0,0.010903381789569067,january-backtest-v1,bc781886f00f59e8ca445d0499e557775f0ddd100dc689290ef2f3ac4fec1e9b,100,assumed,unverified
2026-01-26T12:00:00Z,2026-01-26T00:00:00Z,2026-01-26T12:00:00Z,2026-01-27T15:00:00Z,turbine_1,27,2.16,-0.8,0.009856499154083487,january-backtest-v1,d094eb03a52f303931989830f7b4efb0d2e6c3faabb6b6a47793e8f3af157ee1,100,assumed,unverified
2026-01-26T12:00:00Z,2026-01-26T00:00:00Z,2026-01-26T12:00:00Z,2026-01-27T15:00:00Z,turbine_2,27,2.16,-0.8,0.010394182973650301,january-backtest-v1,bc781886f00f59e8ca445d0499e557775f0ddd100dc689290ef2f3ac4fec1e9b,100,assumed,unverified
2026-01-26T12:00:00Z,2026-01-26T00:00:00Z,2026-01-26T12:00:00Z,2026-01-27T16:00:00Z,turbine_1,28,1.88,-1.1,0.01052325379193414,january-backtest-v1,d094eb03a52f303931989830f7b4efb0d2e6c3faabb6b6a47793e8f3af157ee1,100,assumed,unverified
2026-01-26T12:00:00Z,2026-01-26T00:00:00Z,2026-01-26T12:00:00Z,2026-01-27T16:00:00Z,turbine_2,28,1.88,-1.1,0.009836474901621095,january-backtest-v1,bc781886f00f59e8ca445d0499e557775f0ddd100dc689290ef2f3ac4fec1e9b,100,assumed,unverified
2026-01-26T12:00:00Z,2026-01-26T00:00:00Z,2026-01-26T12:00:00Z,2026-01-27T17:00:00Z,turbine_1,29,2.01,-1.6,0.00868086295705206,january-backtest-v1,d094eb03a52f303931989830f7b4efb0d2e6c3faabb6b6a47793e8f3af157ee1,100,assumed,unverified
2026-01-26T12:00:00Z,2026-01-26T00:00:00Z,2026-01-26T12:00:00Z,2026-01-27T17:00:00Z,turbine_2,29,2.01,-1.6,0.005641773427872088,january-backtest-v1,bc781886f00f59e8ca445d0499e557775f0ddd100dc689290ef2f3ac4fec1e9b,100,assumed,unverified
2026-01-26T12:00:00Z,2026-01-26T00:00:00Z,2026-01-26T12:00:00Z,2026-01-27T18:00:00Z,turbine_1,30,2.17,-1.6,0.008949117601034062,january-backtest-v1,d094eb03a52f303931989830f7b4efb0d2e6c3faabb6b6a47793e8f3af157ee1,100,assumed,unverified
2026-01-26T12:00:00Z,2026-01-26T00:00:00Z,2026-01-26T12:00:00Z,2026-01-27T18:00:00Z,turbine_2,30,2.17,-1.6,0.005961361345567573,january-backtest-v1,bc781886f00f59e8ca445d0499e557775f0ddd100dc689290ef2f3ac4fec1e9b,100,assumed,unverified
2026-01-26T12:00:00Z,2026-01-26T00:00:00Z,2026-01-26T12:00:00Z,2026-01-27T19:00:00Z,turbine_1,31,2.57,-2.5,0.008403139103227986,january-backtest-v1,d094eb03a52f303931989830f7b4efb0d2e6c3faabb6b6a47793e8f3af157ee1,100,assumed,unverified
2026-01-26T12:00:00Z,2026-01-26T00:00:00Z,2026-01-26T12:00:00Z,2026-01-27T19:00:00Z,turbine_2,31,2.57,-2.5,0.004270304805634617,january-backtest-v1,bc781886f00f59e8ca445d0499e557775f0ddd100dc689290ef2f3ac4fec1e9b,100,assumed,unverified
2026-01-26T12:00:00Z,2026-01-26T00:00:00Z,2026-01-26T12:00:00Z,2026-01-27T20:00:00Z,turbine_1,32,3.35,-2.7,0.015386496183929788,january-backtest-v1,d094eb03a52f303931989830f7b4efb0d2e6c3faabb6b6a47793e8f3af157ee1,100,assumed,unverified
2026-01-26T12:00:00Z,2026-01-26T00:00:00Z,2026-01-26T12:00:00Z,2026-01-27T20:00:00Z,turbine_2,32,3.35,-2.7,0.008398882832335308,january-backtest-v1,bc781886f00f59e8ca445d0499e557775f0ddd100dc689290ef2f3ac4fec1e9b,100,assumed,unverified
2026-01-26T12:00:00Z,2026-01-26T00:00:00Z,2026-01-26T12:00:00Z,2026-01-27T21:00:00Z,turbine_1,33,4.31,-3.2,0.03961285486919963,january-backtest-v1,d094eb03a52f303931989830f7b4efb0d2e6c3faabb6b6a47793e8f3af157ee1,100,assumed,unverified
2026-01-26T12:00:00Z,2026-01-26T00:00:00Z,2026-01-26T12:00:00Z,2026-01-27T21:00:00Z,turbine_2,33,4.31,-3.2,0.035811306029672085,january-backtest-v1,bc781886f00f59e8ca445d0499e557775f0ddd100dc689290ef2f3ac4fec1e9b,100,assumed,unverified
2026-01-26T12:00:00Z,2026-01-26T00:00:00Z,2026-01-26T12:00:00Z,2026-01-27T22:00:00Z,turbine_1,34,4.73,-3.5,0.06533612614679757,january-backtest-v1,d094eb03a52f303931989830f7b4efb0d2e6c3faabb6b6a47793e8f3af157ee1,100,assumed,unverified
2026-01-26T12:00:00Z,2026-01-26T00:00:00Z,2026-01-26T12:00:00Z,2026-01-27T22:00:00Z,turbine_2,34,4.73,-3.5,0.053320410991720135,january-backtest-v1,bc781886f00f59e8ca445d0499e557775f0ddd100dc689290ef2f3ac4fec1e9b,100,assumed,unverified
2026-01-26T12:00:00Z,2026-01-26T00:00:00Z,2026-01-26T12:00:00Z,2026-01-27T23:00:00Z,turbine_1,35,5.57,-3.6,0.1263428120102184,january-backtest-v1,d094eb03a52f303931989830f7b4efb0d2e6c3faabb6b6a47793e8f3af157ee1,100,assumed,unverified
2026-01-26T12:00:00Z,2026-01-26T00:00:00Z,2026-01-26T12:00:00Z,2026-01-27T23:00:00Z,turbine_2,35,5.57,-3.6,0.11136104767049554,january-backtest-v1,bc781886f00f59e8ca445d0499e557775f0ddd100dc689290ef2f3ac4fec1e9b,100,assumed,unverified
2026-01-26T12:00:00Z,2026-01-26T00:00:00Z,2026-01-26T12:00:00Z,2026-01-28T00:00:00Z,turbine_1,36,6.41,-3.1,0.2384459698516391,january-backtest-v1,d094eb03a52f303931989830f7b4efb0d2e6c3faabb6b6a47793e8f3af157ee1,100,assumed,unverified
2026-01-26T12:00:00Z,2026-01-26T00:00:00Z,2026-01-26T12:00:00Z,2026-01-28T00:00:00Z,turbine_2,36,6.41,-3.1,0.22914293309977057,january-backtest-v1,bc781886f00f59e8ca445d0499e557775f0ddd100dc689290ef2f3ac4fec1e9b,100,assumed,unverified
2026-01-26T12:00:00Z,2026-01-26T00:00:00Z,2026-01-26T12:00:00Z,2026-01-28T01:00:00Z,turbine_1,37,5.32,-3.2,0.10959099583337029,january-backtest-v1,d094eb03a52f303931989830f7b4efb0d2e6c3faabb6b6a47793e8f3af157ee1,100,assumed,unverified
2026-01-26T12:00:00Z,2026-01-26T00:00:00Z,2026-01-26T12:00:00Z,2026-01-28T01:00:00Z,turbine_2,37,5.32,-3.2,0.09502504672433665,january-backtest-v1,bc781886f00f59e8ca445d0499e557775f0ddd100dc689290ef2f3ac4fec1e9b,100,assumed,unverified
2026-01-26T12:00:00Z,2026-01-26T00:00:00Z,2026-01-26T12:00:00Z,2026-01-28T02:00:00Z,turbine_1,38,5.65,-3.2,0.12963851368995316,january-backtest-v1,d094eb03a52f303931989830f7b4efb0d2e6c3faabb6b6a47793e8f3af157ee1,100,assumed,unverified
2026-01-26T12:00:00Z,2026-01-26T00:00:00Z,2026-01-26T12:00:00Z,2026-01-28T02:00:00Z,turbine_2,38,5.65,-3.2,0.1257243084143124,january-backtest-v1,bc781886f00f59e8ca445d0499e557775f0ddd100dc689290ef2f3ac4fec1e9b,100,assumed,unverified
2026-01-26T12:00:00Z,2026-01-26T00:00:00Z,2026-01-26T12:00:00Z,2026-01-28T03:00:00Z,turbine_1,39,5.84,-2.6,0.16463680579335047,january-backtest-v1,d094eb03a52f303931989830f7b4efb0d2e6c3faabb6b6a47793e8f3af157ee1,100,assumed,unverified
2026-01-26T12:00:00Z,2026-01-26T00:00:00Z,2026-01-26T12:00:00Z,2026-01-28T03:00:00Z,turbine_2,39,5.84,-2.6,0.14523008002639695,january-backtest-v1,bc781886f00f59e8ca445d0499e557775f0ddd100dc689290ef2f3ac4fec1e9b,100,assumed,unverified
2026-01-26T12:00:00Z,2026-01-26T00:00:00Z,2026-01-26T12:00:00Z,2026-01-28T04:00:00Z,turbine_1,40,5.17,-0.9,0.1029598096489357,january-backtest-v1,d094eb03a52f303931989830f7b4efb0d2e6c3faabb6b6a47793e8f3af157ee1,100,assumed,unverified
2026-01-26T12:00:00Z,2026-01-26T00:00:00Z,2026-01-26T12:00:00Z,2026-01-28T04:00:00Z,turbine_2,40,5.17,-0.9,0.09509537779400434,january-backtest-v1,bc781886f00f59e8ca445d0499e557775f0ddd100dc689290ef2f3ac4fec1e9b,100,assumed,unverified
2026-01-26T12:00:00Z,2026-01-26T00:00:00Z,2026-01-26T12:00:00Z,2026-01-28T05:00:00Z,turbine_1,41,3.37,0.6,0.019352471831506568,january-backtest-v1,d094eb03a52f303931989830f7b4efb0d2e6c3faabb6b6a47793e8f3af157ee1,100,assumed,unverified
2026-01-26T12:00:00Z,2026-01-26T00:00:00Z,2026-01-26T12:00:00Z,2026-01-28T05:00:00Z,turbine_2,41,3.37,0.6,0.01980831699716007,january-backtest-v1,bc781886f00f59e8ca445d0499e557775f0ddd100dc689290ef2f3ac4fec1e9b,100,assumed,unverified
2026-01-26T12:00:00Z,2026-01-26T00:00:00Z,2026-01-26T12:00:00Z,2026-01-28T06:00:00Z,turbine_1,42,2.3,1.8,0.011569848212434397,january-backtest-v1,d094eb03a52f303931989830f7b4efb0d2e6c3faabb6b6a47793e8f3af157ee1,100,assumed,unverified
2026-01-26T12:00:00Z,2026-01-26T00:00:00Z,2026-01-26T12:00:00Z,2026-01-28T06:00:00Z,turbine_2,42,2.3,1.8,0.01045087771419706,january-backtest-v1,bc781886f00f59e8ca445d0499e557775f0ddd100dc689290ef2f3ac4fec1e9b,100,assumed,unverified
2026-01-26T12:00:00Z,2026-01-26T00:00:00Z,2026-01-26T12:00:00Z,2026-01-28T07:00:00Z,turbine_1,43,2.04,2.6,0.009689949569172296,january-backtest-v1,d094eb03a52f303931989830f7b4efb0d2e6c3faabb6b6a47793e8f3af157ee1,100,assumed,unverified
2026-01-26T12:00:00Z,2026-01-26T00:00:00Z,2026-01-26T12:00:00Z,2026-01-28T07:00:00Z,turbine_2,43,2.04,2.6,0.008753288347456478,january-backtest-v1,bc781886f00f59e8ca445d0499e557775f0ddd100dc689290ef2f3ac4fec1e9b,100,assumed,unverified
2026-01-26T12:00:00Z,2026-01-26T00:00:00Z,2026-01-26T12:00:00Z,2026-01-28T08:00:00Z,turbine_1,44,1.66,2.4,0.0078712008085709,january-backtest-v1,d094eb03a52f303931989830f7b4efb0d2e6c3faabb6b6a47793e8f3af157ee1,100,assumed,unverified
2026-01-26T12:00:00Z,2026-01-26T00:00:00Z,2026-01-26T12:00:00Z,2026-01-28T08:00:00Z,turbine_2,44,1.66,2.4,0.00859156027855884,january-backtest-v1,bc781886f00f59e8ca445d0499e557775f0ddd100dc689290ef2f3ac4fec1e9b,100,assumed,unverified
2026-01-26T12:00:00Z,2026-01-26T00:00:00Z,2026-01-26T12:00:00Z,2026-01-28T09:00:00Z,turbine_1,45,1.25,1.7,0.008189634831952453,january-backtest-v1,d094eb03a52f303931989830f7b4efb0d2e6c3faabb6b6a47793e8f3af157ee1,100,assumed,unverified
2026-01-26T12:00:00Z,2026-01-26T00:00:00Z,2026-01-26T12:00:00Z,2026-01-28T09:00:00Z,turbine_2,45,1.25,1.7,0.00738635492996198,january-backtest-v1,bc781886f00f59e8ca445d0499e557775f0ddd100dc689290ef2f3ac4fec1e9b,100,assumed,unverified
2026-01-26T12:00:00Z,2026-01-26T00:00:00Z,2026-01-26T12:00:00Z,2026-01-28T10:00:00Z,turbine_1,46,0.62,1.7,0.008857371868023434,january-backtest-v1,d094eb03a52f303931989830f7b4efb0d2e6c3faabb6b6a47793e8f3af157ee1,100,assumed,unverified
2026-01-26T12:00:00Z,2026-01-26T00:00:00Z,2026-01-26T12:00:00Z,2026-01-28T10:00:00Z,turbine_2,46,0.62,1.7,0.008675225857355695,january-backtest-v1,bc781886f00f59e8ca445d0499e557775f0ddd100dc689290ef2f3ac4fec1e9b,100,assumed,unverified
2026-01-26T12:00:00Z,2026-01-26T00:00:00Z,2026-01-26T12:00:00Z,2026-01-28T11:00:00Z,turbine_1,47,1.16,1.0,0.007936104867893312,january-backtest-v1,d094eb03a52f303931989830f7b4efb0d2e6c3faabb6b6a47793e8f3af157ee1,100,assumed,unverified
2026-01-26T12:00:00Z,2026-01-26T00:00:00Z,2026-01-26T12:00:00Z,2026-01-28T11:00:00Z,turbine_2,47,1.16,1.0,0.008239526938067843,january-backtest-v1,bc781886f00f59e8ca445d0499e557775f0ddd100dc689290ef2f3ac4fec1e9b,100,assumed,unverified
2026-01-26T12:00:00Z,2026-01-26T00:00:00Z,2026-01-26T12:00:00Z,2026-01-28T12:00:00Z,turbine_1,48,2.25,-2.0,0.008890453629609274,january-backtest-v1,d094eb03a52f303931989830f7b4efb0d2e6c3faabb6b6a47793e8f3af157ee1,100,assumed,unverified
2026-01-26T12:00:00Z,2026-01-26T00:00:00Z,2026-01-26T12:00:00Z,2026-01-28T12:00:00Z,turbine_2,48,2.25,-2.0,0.007558166373365094,january-backtest-v1,bc781886f00f59e8ca445d0499e557775f0ddd100dc689290ef2f3ac4fec1e9b,100,assumed,unverified
2026-01-27T12:00:00Z,2026-01-27T00:00:00Z,2026-01-27T12:00:00Z,2026-01-27T13:00:00Z,turbine_1,1,1.25,-0.7,0.0070111019391636,january-backtest-v1,d094eb03a52f303931989830f7b4efb0d2e6c3faabb6b6a47793e8f3af157ee1,100,assumed,unverified
2026-01-27T12:00:00Z,2026-01-27T00:00:00Z,2026-01-27T12:00:00Z,2026-01-27T13:00:00Z,turbine_2,1,1.25,-0.7,0.008488535920315843,january-backtest-v1,bc781886f00f59e8ca445d0499e557775f0ddd100dc689290ef2f3ac4fec1e9b,100,assumed,unverified
2026-01-27T12:00:00Z,2026-01-27T00:00:00Z,2026-01-27T12:00:00Z,2026-01-27T14:00:00Z,turbine_1,2,0.32,-1.2,0.008552895263195859,january-backtest-v1,d094eb03a52f303931989830f7b4efb0d2e6c3faabb6b6a47793e8f3af157ee1,100,assumed,unverified
2026-01-27T12:00:00Z,2026-01-27T00:00:00Z,2026-01-27T12:00:00Z,2026-01-27T14:00:00Z,turbine_2,2,0.32,-1.2,0.009138994395275435,january-backtest-v1,bc781886f00f59e8ca445d0499e557775f0ddd100dc689290ef2f3ac4fec1e9b,100,assumed,unverified
2026-01-27T12:00:00Z,2026-01-27T00:00:00Z,2026-01-27T12:00:00Z,2026-01-27T15:00:00Z,turbine_1,3,1.35,-2.0,0.007746078914785404,january-backtest-v1,d094eb03a52f303931989830f7b4efb0d2e6c3faabb6b6a47793e8f3af157ee1,100,assumed,unverified
2026-01-27T12:00:00Z,2026-01-27T00:00:00Z,2026-01-27T12:00:00Z,2026-01-27T15:00:00Z,turbine_2,3,1.35,-2.0,0.0060461930584743695,january-backtest-v1,bc781886f00f59e8ca445d0499e557775f0ddd100dc689290ef2f3ac4fec1e9b,100,assumed,unverified
2026-01-27T12:00:00Z,2026-01-27T00:00:00Z,2026-01-27T12:00:00Z,2026-01-27T16:00:00Z,turbine_1,4,2.59,-1.7,0.007514382854981738,january-backtest-v1,d094eb03a52f303931989830f7b4efb0d2e6c3faabb6b6a47793e8f3af157ee1,100,assumed,unverified
2026-01-27T12:00:00Z,2026-01-27T00:00:00Z,2026-01-27T12:00:00Z,2026-01-27T16:00:00Z,turbine_2,4,2.59,-1.7,0.004952591409468132,january-backtest-v1,bc781886f00f59e8ca445d0499e557775f0ddd100dc689290ef2f3ac4fec1e9b,100,assumed,unverified
2026-01-27T12:00:00Z,2026-01-27T00:00:00Z,2026-01-27T12:00:00Z,2026-01-27T17:00:00Z,turbine_1,5,2.68,-1.5,0.00803993105552292,january-backtest-v1,d094eb03a52f303931989830f7b4efb0d2e6c3faabb6b6a47793e8f3af157ee1,100,assumed,unverified
2026-01-27T12:00:00Z,2026-01-27T00:00:00Z,2026-01-27T12:00:00Z,2026-01-27T17:00:00Z,turbine_2,5,2.68,-1.5,0.004680900352790562,january-backtest-v1,bc781886f00f59e8ca445d0499e557775f0ddd100dc689290ef2f3ac4fec1e9b,100,assumed,unverified
2026-01-27T12:00:00Z,2026-01-27T00:00:00Z,2026-01-27T12:00:00Z,2026-01-27T18:00:00Z,turbine_1,6,2.33,-1.6,0.009187188173228777,january-backtest-v1,d094eb03a52f303931989830f7b4efb0d2e6c3faabb6b6a47793e8f3af157ee1,100,assumed,unverified
2026-01-27T12:00:00Z,2026-01-27T00:00:00Z,2026-01-27T12:00:00Z,2026-01-27T18:00:00Z,turbine_2,6,2.33,-1.6,0.006675919419374288,january-backtest-v1,bc781886f00f59e8ca445d0499e557775f0ddd100dc689290ef2f3ac4fec1e9b,100,assumed,unverified
2026-01-27T12:00:00Z,2026-01-27T00:00:00Z,2026-01-27T12:00:00Z,2026-01-27T19:00:00Z,turbine_1,7,2.12,-2.2,0.008443674492413289,january-backtest-v1,d094eb03a52f303931989830f7b4efb0d2e6c3faabb6b6a47793e8f3af157ee1,100,assumed,unverified
2026-01-27T12:00:00Z,2026-01-27T00:00:00Z,2026-01-27T12:00:00Z,2026-01-27T19:00:00Z,turbine_2,7,2.12,-2.2,0.006110468471572594,january-backtest-v1,bc781886f00f59e8ca445d0499e557775f0ddd100dc689290ef2f3ac4fec1e9b,100,assumed,unverified
2026-01-27T12:00:00Z,2026-01-27T00:00:00Z,2026-01-27T12:00:00Z,2026-01-27T20:00:00Z,turbine_1,8,2.77,-2.2,0.008247205306637417,january-backtest-v1,d094eb03a52f303931989830f7b4efb0d2e6c3faabb6b6a47793e8f3af157ee1,100,assumed,unverified
2026-01-27T12:00:00Z,2026-01-27T00:00:00Z,2026-01-27T12:00:00Z,2026-01-27T20:00:00Z,turbine_2,8,2.77,-2.2,0.003000143566071145,january-backtest-v1,bc781886f00f59e8ca445d0499e557775f0ddd100dc689290ef2f3ac4fec1e9b,100,assumed,unverified
2026-01-27T12:00:00Z,2026-01-27T00:00:00Z,2026-01-27T12:00:00Z,2026-01-27T21:00:00Z,turbine_1,9,3.46,-2.2,0.021864438343416226,january-backtest-v1,d094eb03a52f303931989830f7b4efb0d2e6c3faabb6b6a47793e8f3af157ee1,100,assumed,unverified
2026-01-27T12:00:00Z,2026-01-27T00:00:00Z,2026-01-27T12:00:00Z,2026-01-27T21:00:00Z,turbine_2,9,3.46,-2.2,0.010301451146830676,january-backtest-v1,bc781886f00f59e8ca445d0499e557775f0ddd100dc689290ef2f3ac4fec1e9b,100,assumed,unverified
2026-01-27T12:00:00Z,2026-01-27T00:00:00Z,2026-01-27T12:00:00Z,2026-01-27T22:00:00Z,turbine_1,10,3.55,-2.2,0.021613782218184774,january-backtest-v1,d094eb03a52f303931989830f7b4efb0d2e6c3faabb6b6a47793e8f3af157ee1,100,assumed,unverified
2026-01-27T12:00:00Z,2026-01-27T00:00:00Z,2026-01-27T12:00:00Z,2026-01-27T22:00:00Z,turbine_2,10,3.55,-2.2,0.010770039320696534,january-backtest-v1,bc781886f00f59e8ca445d0499e557775f0ddd100dc689290ef2f3ac4fec1e9b,100,assumed,unverified
2026-01-27T12:00:00Z,2026-01-27T00:00:00Z,2026-01-27T12:00:00Z,2026-01-27T23:00:00Z,turbine_1,11,3.42,-2.1,0.018141219575774636,january-backtest-v1,d094eb03a52f303931989830f7b4efb0d2e6c3faabb6b6a47793e8f3af157ee1,100,assumed,unverified
2026-01-27T12:00:00Z,2026-01-27T00:00:00Z,2026-01-27T12:00:00Z,2026-01-27T23:00:00Z,turbine_2,11,3.42,-2.1,0.010645326623013596,january-backtest-v1,bc781886f00f59e8ca445d0499e557775f0ddd100dc689290ef2f3ac4fec1e9b,100,assumed,unverified
2026-01-27T12:00:00Z,2026-01-27T00:00:00Z,2026-01-27T12:00:00Z,2026-01-28T00:00:00Z,turbine_1,12,4.03,-2.1,0.03789583419631365,january-backtest-v1,d094eb03a52f303931989830f7b4efb0d2e6c3faabb6b6a47793e8f3af157ee1,100,assumed,unverified
2026-01-27T12:00:00Z,2026-01-27T00:00:00Z,2026-01-27T12:00:00Z,2026-01-28T00:00:00Z,turbine_2,12,4.03,-2.1,0.03373348668521514,january-backtest-v1,bc781886f00f59e8ca445d0499e557775f0ddd100dc689290ef2f3ac4fec1e9b,100,assumed,unverified
2026-01-27T12:00:00Z,2026-01-27T00:00:00Z,2026-01-27T12:00:00Z,2026-01-28T01:00:00Z,turbine_1,13,4.16,-1.9,0.039790526408721494,january-backtest-v1,d094eb03a52f303931989830f7b4efb0d2e6c3faabb6b6a47793e8f3af157ee1,100,assumed,unverified
2026-01-27T12:00:00Z,2026-01-27T00:00:00Z,2026-01-27T12:00:00Z,2026-01-28T01:00:00Z,turbine_2,13,4.16,-1.9,0.03487361902552788,january-backtest-v1,bc781886f00f59e8ca445d0499e557775f0ddd100dc689290ef2f3ac4fec1e9b,100,assumed,unverified
2026-01-27T12:00:00Z,2026-01-27T00:00:00Z,2026-01-27T12:00:00Z,2026-01-28T02:00:00Z,turbine_1,14,4.47,-2.1,0.047146817898045756,january-backtest-v1,d094eb03a52f303931989830f7b4efb0d2e6c3faabb6b6a47793e8f3af157ee1,100,assumed,unverified
2026-01-27T12:00:00Z,2026-01-27T00:00:00Z,2026-01-27T12:00:00Z,2026-01-28T02:00:00Z,turbine_2,14,4.47,-2.1,0.04323143579670513,january-backtest-v1,bc781886f00f59e8ca445d0499e557775f0ddd100dc689290ef2f3ac4fec1e9b,100,assumed,unverified
2026-01-27T12:00:00Z,2026-01-27T00:00:00Z,2026-01-27T12:00:00Z,2026-01-28T03:00:00Z,turbine_1,15,4.26,-1.2,0.043007328033123904,january-backtest-v1,d094eb03a52f303931989830f7b4efb0d2e6c3faabb6b6a47793e8f3af157ee1,100,assumed,unverified
2026-01-27T12:00:00Z,2026-01-27T00:00:00Z,2026-01-27T12:00:00Z,2026-01-28T03:00:00Z,turbine_2,15,4.26,-1.2,0.041389568370705454,january-backtest-v1,bc781886f00f59e8ca445d0499e557775f0ddd100dc689290ef2f3ac4fec1e9b,100,assumed,unverified
2026-01-27T12:00:00Z,2026-01-27T00:00:00Z,2026-01-27T12:00:00Z,2026-01-28T04:00:00Z,turbine_1,16,3.77,0.3,0.032569985631361764,january-backtest-v1,d094eb03a52f303931989830f7b4efb0d2e6c3faabb6b6a47793e8f3af157ee1,100,assumed,unverified
2026-01-27T12:00:00Z,2026-01-27T00:00:00Z,2026-01-27T12:00:00Z,2026-01-28T04:00:00Z,turbine_2,16,3.77,0.3,0.027322615037008002,january-backtest-v1,bc781886f00f59e8ca445d0499e557775f0ddd100dc689290ef2f3ac4fec1e9b,100,assumed,unverified
2026-01-27T12:00:00Z,2026-01-27T00:00:00Z,2026-01-27T12:00:00Z,2026-01-28T05:00:00Z,turbine_1,17,2.63,0.8,0.00895985952328271,january-backtest-v1,d094eb03a52f303931989830f7b4efb0d2e6c3faabb6b6a47793e8f3af157ee1,100,assumed,unverified
2026-01-27T12:00:00Z,2026-01-27T00:00:00Z,2026-01-27T12:00:00Z,2026-01-28T05:00:00Z,turbine_2,17,2.63,0.8,0.008361754649907571,january-backtest-v1,bc781886f00f59e8ca445d0499e557775f0ddd100dc689290ef2f3ac4fec1e9b,100,assumed,unverified
2026-01-27T12:00:00Z,2026-01-27T00:00:00Z,2026-01-27T12:00:00Z,2026-01-28T06:00:00Z,turbine_1,18,1.85,1.8,0.01117239256617808,january-backtest-v1,d094eb03a52f303931989830f7b4efb0d2e6c3faabb6b6a47793e8f3af157ee1,100,assumed,unverified
2026-01-27T12:00:00Z,2026-01-27T00:00:00Z,2026-01-27T12:00:00Z,2026-01-28T06:00:00Z,turbine_2,18,1.85,1.8,0.00934548919525352,january-backtest-v1,bc781886f00f59e8ca445d0499e557775f0ddd100dc689290ef2f3ac4fec1e9b,100,assumed,unverified
2026-01-27T12:00:00Z,2026-01-27T00:00:00Z,2026-01-27T12:00:00Z,2026-01-28T07:00:00Z,turbine_1,19,1.06,2.4,0.008173519485773051,january-backtest-v1,d094eb03a52f303931989830f7b4efb0d2e6c3faabb6b6a47793e8f3af157ee1,100,assumed,unverified
2026-01-27T12:00:00Z,2026-01-27T00:00:00Z,2026-01-27T12:00:00Z,2026-01-28T07:00:00Z,turbine_2,19,1.06,2.4,0.009568299447010264,january-backtest-v1,bc781886f00f59e8ca445d0499e557775f0ddd100dc689290ef2f3ac4fec1e9b,100,assumed,unverified
2026-01-27T12:00:00Z,2026-01-27T00:00:00Z,2026-01-27T12:00:00Z,2026-01-28T08:00:00Z,turbine_1,20,0.32,2.3,0.008723685864989006,january-backtest-v1,d094eb03a52f303931989830f7b4efb0d2e6c3faabb6b6a47793e8f3af157ee1,100,assumed,unverified
2026-01-27T12:00:00Z,2026-01-27T00:00:00Z,2026-01-27T12:00:00Z,2026-01-28T08:00:00Z,turbine_2,20,0.32,2.3,0.01022572445666392,january-backtest-v1,bc781886f00f59e8ca445d0499e557775f0ddd100dc689290ef2f3ac4fec1e9b,100,assumed,unverified
2026-01-27T12:00:00Z,2026-01-27T00:00:00Z,2026-01-27T12:00:00Z,2026-01-28T09:00:00Z,turbine_1,21,1.05,2.9,0.008173640519191061,january-backtest-v1,d094eb03a52f303931989830f7b4efb0d2e6c3faabb6b6a47793e8f3af157ee1,100,assumed,unverified
2026-01-27T12:00:00Z,2026-01-27T00:00:00Z,2026-01-27T12:00:00Z,2026-01-28T09:00:00Z,turbine_2,21,1.05,2.9,0.007434423640911014,january-backtest-v1,bc781886f00f59e8ca445d0499e557775f0ddd100dc689290ef2f3ac4fec1e9b,100,assumed,unverified
2026-01-27T12:00:00Z,2026-01-27T00:00:00Z,2026-01-27T12:00:00Z,2026-01-28T10:00:00Z,turbine_1,22,1.97,2.4,0.010909971323485534,january-backtest-v1,d094eb03a52f303931989830f7b4efb0d2e6c3faabb6b6a47793e8f3af157ee1,100,assumed,unverified
2026-01-27T12:00:00Z,2026-01-27T00:00:00Z,2026-01-27T12:00:00Z,2026-01-28T10:00:00Z,turbine_2,22,1.97,2.4,0.010860202798813723,january-backtest-v1,bc781886f00f59e8ca445d0499e557775f0ddd100dc689290ef2f3ac4fec1e9b,100,assumed,unverified
2026-01-27T12:00:00Z,2026-01-27T00:00:00Z,2026-01-27T12:00:00Z,2026-01-28T11:00:00Z,turbine_1,23,4.03,1.1,0.0484145152765435,january-backtest-v1,d094eb03a52f303931989830f7b4efb0d2e6c3faabb6b6a47793e8f3af157ee1,100,assumed,unverified
2026-01-27T12:00:00Z,2026-01-27T00:00:00Z,2026-01-27T12:00:00Z,2026-01-28T11:00:00Z,turbine_2,23,4.03,1.1,0.04502181759065765,january-backtest-v1,bc781886f00f59e8ca445d0499e557775f0ddd100dc689290ef2f3ac4fec1e9b,100,assumed,unverified
2026-01-27T12:00:00Z,2026-01-27T00:00:00Z,2026-01-27T12:00:00Z,2026-01-28T12:00:00Z,turbine_1,24,5.42,-0.8,0.12184543216069565,january-backtest-v1,d094eb03a52f303931989830f7b4efb0d2e6c3faabb6b6a47793e8f3af157ee1,100,assumed,unverified
2026-01-27T12:00:00Z,2026-01-27T00:00:00Z,2026-01-27T12:00:00Z,2026-01-28T12:00:00Z,turbine_2,24,5.42,-0.8,0.11093702976915643,january-backtest-v1,bc781886f00f59e8ca445d0499e557775f0ddd100dc689290ef2f3ac4fec1e9b,100,assumed,unverified
2026-01-27T12:00:00Z,2026-01-27T00:00:00Z,2026-01-27T12:00:00Z,2026-01-28T13:00:00Z,turbine_1,25,5.73,-1.6,0.1491408395397757,january-backtest-v1,d094eb03a52f303931989830f7b4efb0d2e6c3faabb6b6a47793e8f3af157ee1,100,assumed,unverified
2026-01-27T12:00:00Z,2026-01-27T00:00:00Z,2026-01-27T12:00:00Z,2026-01-28T13:00:00Z,turbine_2,25,5.73,-1.6,0.13384329373333254,january-backtest-v1,bc781886f00f59e8ca445d0499e557775f0ddd100dc689290ef2f3ac4fec1e9b,100,assumed,unverified
2026-01-27T12:00:00Z,2026-01-27T00:00:00Z,2026-01-27T12:00:00Z,2026-01-28T14:00:00Z,turbine_1,26,6.38,-2.2,0.23368284773701442,january-backtest-v1,d094eb03a52f303931989830f7b4efb0d2e6c3faabb6b6a47793e8f3af157ee1,100,assumed,unverified
2026-01-27T12:00:00Z,2026-01-27T00:00:00Z,2026-01-27T12:00:00Z,2026-01-28T14:00:00Z,turbine_2,26,6.38,-2.2,0.21227687511123153,january-backtest-v1,bc781886f00f59e8ca445d0499e557775f0ddd100dc689290ef2f3ac4fec1e9b,100,assumed,unverified
2026-01-27T12:00:00Z,2026-01-27T00:00:00Z,2026-01-27T12:00:00Z,2026-01-28T15:00:00Z,turbine_1,27,6.45,-2.2,0.2517869545217542,january-backtest-v1,d094eb03a52f303931989830f7b4efb0d2e6c3faabb6b6a47793e8f3af157ee1,100,assumed,unverified
2026-01-27T12:00:00Z,2026-01-27T00:00:00Z,2026-01-27T12:00:00Z,2026-01-28T15:00:00Z,turbine_2,27,6.45,-2.2,0.23038905948998437,january-backtest-v1,bc781886f00f59e8ca445d0499e557775f0ddd100dc689290ef2f3ac4fec1e9b,100,assumed,unverified
2026-01-27T12:00:00Z,2026-01-27T00:00:00Z,2026-01-27T12:00:00Z,2026-01-28T16:00:00Z,turbine_1,28,6.92,-2.2,0.33108331710371824,january-backtest-v1,d094eb03a52f303931989830f7b4efb0d2e6c3faabb6b6a47793e8f3af157ee1,100,assumed,unverified
2026-01-27T12:00:00Z,2026-01-27T00:00:00Z,2026-01-27T12:00:00Z,2026-01-28T16:00:00Z,turbine_2,28,6.92,-2.2,0.30307063824399005,january-backtest-v1,bc781886f00f59e8ca445d0499e557775f0ddd100dc689290ef2f3ac4fec1e9b,100,assumed,unverified
2026-01-27T12:00:00Z,2026-01-27T00:00:00Z,2026-01-27T12:00:00Z,2026-01-28T17:00:00Z,turbine_1,29,6.93,-3.0,0.32895789010569687,january-backtest-v1,d094eb03a52f303931989830f7b4efb0d2e6c3faabb6b6a47793e8f3af157ee1,100,assumed,unverified
2026-01-27T12:00:00Z,2026-01-27T00:00:00Z,2026-01-27T12:00:00Z,2026-01-28T17:00:00Z,turbine_2,29,6.93,-3.0,0.3040797183896775,january-backtest-v1,bc781886f00f59e8ca445d0499e557775f0ddd100dc689290ef2f3ac4fec1e9b,100,assumed,unverified
2026-01-27T12:00:00Z,2026-01-27T00:00:00Z,2026-01-27T12:00:00Z,2026-01-28T18:00:00Z,turbine_1,30,6.42,-3.9,0.23199003563208806,january-backtest-v1,d094eb03a52f303931989830f7b4efb0d2e6c3faabb6b6a47793e8f3af157ee1,100,assumed,unverified
2026-01-27T12:00:00Z,2026-01-27T00:00:00Z,2026-01-27T12:00:00Z,2026-01-28T18:00:00Z,turbine_2,30,6.42,-3.9,0.22307982215228062,january-backtest-v1,bc781886f00f59e8ca445d0499e557775f0ddd100dc689290ef2f3ac4fec1e9b,100,assumed,unverified
2026-01-27T12:00:00Z,2026-01-27T00:00:00Z,2026-01-27T12:00:00Z,2026-01-28T19:00:00Z,turbine_1,31,5.17,-3.9,0.09021676964788589,january-backtest-v1,d094eb03a52f303931989830f7b4efb0d2e6c3faabb6b6a47793e8f3af157ee1,100,assumed,unverified
2026-01-27T12:00:00Z,2026-01-27T00:00:00Z,2026-01-27T12:00:00Z,2026-01-28T19:00:00Z,turbine_2,31,5.17,-3.9,0.08117604033583165,january-backtest-v1,bc781886f00f59e8ca445d0499e557775f0ddd100dc689290ef2f3ac4fec1e9b,100,assumed,unverified
2026-01-27T12:00:00Z,2026-01-27T00:00:00Z,2026-01-27T12:00:00Z,2026-01-28T20:00:00Z,turbine_1,32,3.51,-4.1,0.02084489228802361,january-backtest-v1,d094eb03a52f303931989830f7b4efb0d2e6c3faabb6b6a47793e8f3af157ee1,100,assumed,unverified
2026-01-27T12:00:00Z,2026-01-27T00:00:00Z,2026-01-27T12:00:00Z,2026-01-28T20:00:00Z,turbine_2,32,3.51,-4.1,0.011434085357238055,january-backtest-v1,bc781886f00f59e8ca445d0499e557775f0ddd100dc689290ef2f3ac4fec1e9b,100,assumed,unverified
2026-01-27T12:00:00Z,2026-01-27T00:00:00Z,2026-01-27T12:00:00Z,2026-01-28T21:00:00Z,turbine_1,33,2.78,-4.8,0.006943399316473364,january-backtest-v1,d094eb03a52f303931989830f7b4efb0d2e6c3faabb6b6a47793e8f3af157ee1,100,assumed,unverified
2026-01-27T12:00:00Z,2026-01-27T00:00:00Z,2026-01-27T12:00:00Z,2026-01-28T21:00:00Z,turbine_2,33,2.78,-4.8,0.004827095781215263,january-backtest-v1,bc781886f00f59e8ca445d0499e557775f0ddd100dc689290ef2f3ac4fec1e9b,100,assumed,unverified
2026-01-27T12:00:00Z,2026-01-27T00:00:00Z,2026-01-27T12:00:00Z,2026-01-28T22:00:00Z,turbine_1,34,2.59,-5.2,0.006715507882474214,january-backtest-v1,d094eb03a52f303931989830f7b4efb0d2e6c3faabb6b6a47793e8f3af157ee1,100,assumed,unverified
2026-01-27T12:00:00Z,2026-01-27T00:00:00Z,2026-01-27T12:00:00Z,2026-01-28T22:00:00Z,turbine_2,34,2.59,-5.2,0.006507439823328409,january-backtest-v1,bc781886f00f59e8ca445d0499e557775f0ddd100dc689290ef2f3ac4fec1e9b,100,assumed,unverified
2026-01-27T12:00:00Z,2026-01-27T00:00:00Z,2026-01-27T12:00:00Z,2026-01-28T23:00:00Z,turbine_1,35,1.86,-5.4,0.009369240800710055,january-backtest-v1,d094eb03a52f303931989830f7b4efb0d2e6c3faabb6b6a47793e8f3af157ee1,100,assumed,unverified
2026-01-27T12:00:00Z,2026-01-27T00:00:00Z,2026-01-27T12:00:00Z,2026-01-28T23:00:00Z,turbine_2,35,1.86,-5.4,0.01006474261951179,january-backtest-v1,bc781886f00f59e8ca445d0499e557775f0ddd100dc689290ef2f3ac4fec1e9b,100,assumed,unverified
2026-01-27T12:00:00Z,2026-01-27T00:00:00Z,2026-01-27T12:00:00Z,2026-01-29T00:00:00Z,turbine_1,36,2.56,-5.8,0.007394480562711969,january-backtest-v1,d094eb03a52f303931989830f7b4efb0d2e6c3faabb6b6a47793e8f3af157ee1,100,assumed,unverified
2026-01-27T12:00:00Z,2026-01-27T00:00:00Z,2026-01-27T12:00:00Z,2026-01-29T00:00:00Z,turbine_2,36,2.56,-5.8,0.007522471340602577,january-backtest-v1,bc781886f00f59e8ca445d0499e557775f0ddd100dc689290ef2f3ac4fec1e9b,100,assumed,unverified
2026-01-27T12:00:00Z,2026-01-27T00:00:00Z,2026-01-27T12:00:00Z,2026-01-29T01:00:00Z,turbine_1,37,3.17,-5.8,0.011106636108459689,january-backtest-v1,d094eb03a52f303931989830f7b4efb0d2e6c3faabb6b6a47793e8f3af157ee1,100,assumed,unverified
2026-01-27T12:00:00Z,2026-01-27T00:00:00Z,2026-01-27T12:00:00Z,2026-01-29T01:00:00Z,turbine_2,37,3.17,-5.8,0.009938763194743516,january-backtest-v1,bc781886f00f59e8ca445d0499e557775f0ddd100dc689290ef2f3ac4fec1e9b,100,assumed,unverified
2026-01-27T12:00:00Z,2026-01-27T00:00:00Z,2026-01-27T12:00:00Z,2026-01-29T02:00:00Z,turbine_1,38,2.92,-5.8,0.005059775275140399,january-backtest-v1,d094eb03a52f303931989830f7b4efb0d2e6c3faabb6b6a47793e8f3af157ee1,100,assumed,unverified
2026-01-27T12:00:00Z,2026-01-27T00:00:00Z,2026-01-27T12:00:00Z,2026-01-29T02:00:00Z,turbine_2,38,2.92,-5.8,0.007589834785549032,january-backtest-v1,bc781886f00f59e8ca445d0499e557775f0ddd100dc689290ef2f3ac4fec1e9b,100,assumed,unverified
2026-01-27T12:00:00Z,2026-01-27T00:00:00Z,2026-01-27T12:00:00Z,2026-01-29T03:00:00Z,turbine_1,39,3.3,-4.5,0.014402984070446712,january-backtest-v1,d094eb03a52f303931989830f7b4efb0d2e6c3faabb6b6a47793e8f3af157ee1,100,assumed,unverified
2026-01-27T12:00:00Z,2026-01-27T00:00:00Z,2026-01-27T12:00:00Z,2026-01-29T03:00:00Z,turbine_2,39,3.3,-4.5,0.008719632463741245,january-backtest-v1,bc781886f00f59e8ca445d0499e557775f0ddd100dc689290ef2f3ac4fec1e9b,100,assumed,unverified
2026-01-27T12:00:00Z,2026-01-27T00:00:00Z,2026-01-27T12:00:00Z,2026-01-29T04:00:00Z,turbine_1,40,2.71,-2.6,0.008301341202533064,january-backtest-v1,d094eb03a52f303931989830f7b4efb0d2e6c3faabb6b6a47793e8f3af157ee1,100,assumed,unverified
2026-01-27T12:00:00Z,2026-01-27T00:00:00Z,2026-01-27T12:00:00Z,2026-01-29T04:00:00Z,turbine_2,40,2.71,-2.6,0.0035276912587892117,january-backtest-v1,bc781886f00f59e8ca445d0499e557775f0ddd100dc689290ef2f3ac4fec1e9b,100,assumed,unverified
2026-01-27T12:00:00Z,2026-01-27T00:00:00Z,2026-01-27T12:00:00Z,2026-01-29T05:00:00Z,turbine_1,41,3.76,-1.1,0.026797379327815174,january-backtest-v1,d094eb03a52f303931989830f7b4efb0d2e6c3faabb6b6a47793e8f3af157ee1,100,assumed,unverified
2026-01-27T12:00:00Z,2026-01-27T00:00:00Z,2026-01-27T12:00:00Z,2026-01-29T05:00:00Z,turbine_2,41,3.76,-1.1,0.023115963528602124,january-backtest-v1,bc781886f00f59e8ca445d0499e557775f0ddd100dc689290ef2f3ac4fec1e9b,100,assumed,unverified
2026-01-27T12:00:00Z,2026-01-27T00:00:00Z,2026-01-27T12:00:00Z,2026-01-29T06:00:00Z,turbine_1,42,4.69,0.3,0.07477982945268635,january-backtest-v1,d094eb03a52f303931989830f7b4efb0d2e6c3faabb6b6a47793e8f3af157ee1,100,assumed,unverified
2026-01-27T12:00:00Z,2026-01-27T00:00:00Z,2026-01-27T12:00:00Z,2026-01-29T06:00:00Z,turbine_2,42,4.69,0.3,0.06626492968706871,january-backtest-v1,bc781886f00f59e8ca445d0499e557775f0ddd100dc689290ef2f3ac4fec1e9b,100,assumed,unverified
2026-01-27T12:00:00Z,2026-01-27T00:00:00Z,2026-01-27T12:00:00Z,2026-01-29T07:00:00Z,turbine_1,43,5.89,1.5,0.1878486835172528,january-backtest-v1,d094eb03a52f303931989830f7b4efb0d2e6c3faabb6b6a47793e8f3af157ee1,100,assumed,unverified
2026-01-27T12:00:00Z,2026-01-27T00:00:00Z,2026-01-27T12:00:00Z,2026-01-29T07:00:00Z,turbine_2,43,5.89,1.5,0.16560694769950451,january-backtest-v1,bc781886f00f59e8ca445d0499e557775f0ddd100dc689290ef2f3ac4fec1e9b,100,assumed,unverified
2026-01-27T12:00:00Z,2026-01-27T00:00:00Z,2026-01-27T12:00:00Z,2026-01-29T08:00:00Z,turbine_1,44,6.49,2.2,0.2772271062229839,january-backtest-v1,d094eb03a52f303931989830f7b4efb0d2e6c3faabb6b6a47793e8f3af157ee1,100,assumed,unverified
2026-01-27T12:00:00Z,2026-01-27T00:00:00Z,2026-01-27T12:00:00Z,2026-01-29T08:00:00Z,turbine_2,44,6.49,2.2,0.26103123814107393,january-backtest-v1,bc781886f00f59e8ca445d0499e557775f0ddd100dc689290ef2f3ac4fec1e9b,100,assumed,unverified
2026-01-27T12:00:00Z,2026-01-27T00:00:00Z,2026-01-27T12:00:00Z,2026-01-29T09:00:00Z,turbine_1,45,6.74,2.4,0.3173159291205805,january-backtest-v1,d094eb03a52f303931989830f7b4efb0d2e6c3faabb6b6a47793e8f3af157ee1,100,assumed,unverified
2026-01-27T12:00:00Z,2026-01-27T00:00:00Z,2026-01-27T12:00:00Z,2026-01-29T09:00:00Z,turbine_2,45,6.74,2.4,0.2913310588717191,january-backtest-v1,bc781886f00f59e8ca445d0499e557775f0ddd100dc689290ef2f3ac4fec1e9b,100,assumed,unverified
2026-01-27T12:00:00Z,2026-01-27T00:00:00Z,2026-01-27T12:00:00Z,2026-01-29T10:00:00Z,turbine_1,46,6.27,2.0,0.24960617214661934,january-backtest-v1,d094eb03a52f303931989830f7b4efb0d2e6c3faabb6b6a47793e8f3af157ee1,100,assumed,unverified
2026-01-27T12:00:00Z,2026-01-27T00:00:00Z,2026-01-27T12:00:00Z,2026-01-29T10:00:00Z,turbine_2,46,6.27,2.0,0.22311689704416918,january-backtest-v1,bc781886f00f59e8ca445d0499e557775f0ddd100dc689290ef2f3ac4fec1e9b,100,assumed,unverified
2026-01-27T12:00:00Z,2026-01-27T00:00:00Z,2026-01-27T12:00:00Z,2026-01-29T11:00:00Z,turbine_1,47,6.18,0.5,0.2300681091570588,january-backtest-v1,d094eb03a52f303931989830f7b4efb0d2e6c3faabb6b6a47793e8f3af157ee1,100,assumed,unverified
2026-01-27T12:00:00Z,2026-01-27T00:00:00Z,2026-01-27T12:00:00Z,2026-01-29T11:00:00Z,turbine_2,47,6.18,0.5,0.21286505107456585,january-backtest-v1,bc781886f00f59e8ca445d0499e557775f0ddd100dc689290ef2f3ac4fec1e9b,100,assumed,unverified
2026-01-27T12:00:00Z,2026-01-27T00:00:00Z,2026-01-27T12:00:00Z,2026-01-29T12:00:00Z,turbine_1,48,6.35,-1.6,0.2391803404951853,january-backtest-v1,d094eb03a52f303931989830f7b4efb0d2e6c3faabb6b6a47793e8f3af157ee1,100,assumed,unverified
2026-01-27T12:00:00Z,2026-01-27T00:00:00Z,2026-01-27T12:00:00Z,2026-01-29T12:00:00Z,turbine_2,48,6.35,-1.6,0.21398165872449132,january-backtest-v1,bc781886f00f59e8ca445d0499e557775f0ddd100dc689290ef2f3ac4fec1e9b,100,assumed,unverified
2026-01-28T12:00:00Z,2026-01-28T00:00:00Z,2026-01-28T12:00:00Z,2026-01-28T13:00:00Z,turbine_1,1,6.12,-1.8,0.20743939192866007,january-backtest-v1,d094eb03a52f303931989830f7b4efb0d2e6c3faabb6b6a47793e8f3af157ee1,100,assumed,unverified
2026-01-28T12:00:00Z,2026-01-28T00:00:00Z,2026-01-28T12:00:00Z,2026-01-28T13:00:00Z,turbine_2,1,6.12,-1.8,0.18622523162303742,january-backtest-v1,bc781886f00f59e8ca445d0499e557775f0ddd100dc689290ef2f3ac4fec1e9b,100,assumed,unverified
2026-01-28T12:00:00Z,2026-01-28T00:00:00Z,2026-01-28T12:00:00Z,2026-01-28T14:00:00Z,turbine_1,2,6.57,-2.4,0.2637689468846104,january-backtest-v1,d094eb03a52f303931989830f7b4efb0d2e6c3faabb6b6a47793e8f3af157ee1,100,assumed,unverified
2026-01-28T12:00:00Z,2026-01-28T00:00:00Z,2026-01-28T12:00:00Z,2026-01-28T14:00:00Z,turbine_2,2,6.57,-2.4,0.24662083346863312,january-backtest-v1,bc781886f00f59e8ca445d0499e557775f0ddd100dc689290ef2f3ac4fec1e9b,100,assumed,unverified
2026-01-28T12:00:00Z,2026-01-28T00:00:00Z,2026-01-28T12:00:00Z,2026-01-28T15:00:00Z,turbine_1,3,6.56,-2.7,0.26269074188782343,january-backtest-v1,d094eb03a52f303931989830f7b4efb0d2e6c3faabb6b6a47793e8f3af157ee1,100,assumed,unverified
2026-01-28T12:00:00Z,2026-01-28T00:00:00Z,2026-01-28T12:00:00Z,2026-01-28T15:00:00Z,turbine_2,3,6.56,-2.7,0.24593688192319452,january-backtest-v1,bc781886f00f59e8ca445d0499e557775f0ddd100dc689290ef2f3ac4fec1e9b,100,assumed,unverified
2026-01-28T12:00:00Z,2026-01-28T00:00:00Z,2026-01-28T12:00:00Z,2026-01-28T16:00:00Z,turbine_1,4,6.83,-2.9,0.3152838549410939,january-backtest-v1,d094eb03a52f303931989830f7b4efb0d2e6c3faabb6b6a47793e8f3af157ee1,100,assumed,unverified
2026-01-28T12:00:00Z,2026-01-28T00:00:00Z,2026-01-28T12:00:00Z,2026-01-28T16:00:00Z,turbine_2,4,6.83,-2.9,0.291313797161571,january-backtest-v1,bc781886f00f59e8ca445d0499e557775f0ddd100dc689290ef2f3ac4fec1e9b,100,assumed,unverified
2026-01-28T12:00:00Z,2026-01-28T00:00:00Z,2026-01-28T12:00:00Z,2026-01-28T17:00:00Z,turbine_1,5,6.56,-3.2,0.26277311670327824,january-backtest-v1,d094eb03a52f303931989830f7b4efb0d2e6c3faabb6b6a47793e8f3af157ee1,100,assumed,unverified
2026-01-28T12:00:00Z,2026-01-28T00:00:00Z,2026-01-28T12:00:00Z,2026-01-28T17:00:00Z,turbine_2,5,6.56,-3.2,0.24724937077491818,january-backtest-v1,bc781886f00f59e8ca445d0499e557775f0ddd100dc689290ef2f3ac4fec1e9b,100,assumed,unverified
2026-01-28T12:00:00Z,2026-01-28T00:00:00Z,2026-01-28T12:00:00Z,2026-01-28T18:00:00Z,turbine_1,6,5.73,-3.6,0.13999915029614285,january-backtest-v1,d094eb03a52f303931989830f7b4efb0d2e6c3faabb6b6a47793e8f3af157ee1,100,assumed,unverified
2026-01-28T12:00:00Z,2026-01-28T00:00:00Z,2026-01-28T12:00:00Z,2026-01-28T18:00:00Z,turbine_2,6,5.73,-3.6,0.12596801399796198,january-backtest-v1,bc781886f00f59e8ca445d0499e557775f0ddd100dc689290ef2f3ac4fec1e9b,100,assumed,unverified
2026-01-28T12:00:00Z,2026-01-28T00:00:00Z,2026-01-28T12:00:00Z,2026-01-28T19:00:00Z,turbine_1,7,5.32,-4.5,0.10037363871836719,january-backtest-v1,d094eb03a52f303931989830f7b4efb0d2e6c3faabb6b6a47793e8f3af157ee1,100,assumed,unverified
2026-01-28T12:00:00Z,2026-01-28T00:00:00Z,2026-01-28T12:00:00Z,2026-01-28T19:00:00Z,turbine_2,7,5.32,-4.5,0.08881519186909709,january-backtest-v1,bc781886f00f59e8ca445d0499e557775f0ddd100dc689290ef2f3ac4fec1e9b,100,assumed,unverified
2026-01-28T12:00:00Z,2026-01-28T00:00:00Z,2026-01-28T12:00:00Z,2026-01-28T20:00:00Z,turbine_1,8,3.8,-4.9,0.021993403288382007,january-backtest-v1,d094eb03a52f303931989830f7b4efb0d2e6c3faabb6b6a47793e8f3af157ee1,100,assumed,unverified
2026-01-28T12:00:00Z,2026-01-28T00:00:00Z,2026-01-28T12:00:00Z,2026-01-28T20:00:00Z,turbine_2,8,3.8,-4.9,0.015439542450349675,january-backtest-v1,bc781886f00f59e8ca445d0499e557775f0ddd100dc689290ef2f3ac4fec1e9b,100,assumed,unverified
2026-01-28T12:00:00Z,2026-01-28T00:00:00Z,2026-01-28T12:00:00Z,2026-01-28T21:00:00Z,turbine_1,9,2.52,-5.0,0.008035539417731274,january-backtest-v1,d094eb03a52f303931989830f7b4efb0d2e6c3faabb6b6a47793e8f3af157ee1,100,assumed,unverified
2026-01-28T12:00:00Z,2026-01-28T00:00:00Z,2026-01-28T12:00:00Z,2026-01-28T21:00:00Z,turbine_2,9,2.52,-5.0,0.006507439823328409,january-backtest-v1,bc781886f00f59e8ca445d0499e557775f0ddd100dc689290ef2f3ac4fec1e9b,100,assumed,unverified
2026-01-28T12:00:00Z,2026-01-28T00:00:00Z,2026-01-28T12:00:00Z,2026-01-28T22:00:00Z,turbine_1,10,3.32,-6.3,0.011742791566406119,january-backtest-v1,d094eb03a52f303931989830f7b4efb0d2e6c3faabb6b6a47793e8f3af157ee1,100,assumed,unverified
2026-01-28T12:00:00Z,2026-01-28T00:00:00Z,2026-01-28T12:00:00Z,2026-01-28T22:00:00Z,turbine_2,10,3.32,-6.3,0.00914323068766082,january-backtest-v1,bc781886f00f59e8ca445d0499e557775f0ddd100dc689290ef2f3ac4fec1e9b,100,assumed,unverified
2026-01-28T12:00:00Z,2026-01-28T00:00:00Z,2026-01-28T12:00:00Z,2026-01-28T23:00:00Z,turbine_1,11,4.63,-5.1,0.052513258185245215,january-backtest-v1,d094eb03a52f303931989830f7b4efb0d2e6c3faabb6b6a47793e8f3af157ee1,100,assumed,unverified
2026-01-28T12:00:00Z,2026-01-28T00:00:00Z,2026-01-28T12:00:00Z,2026-01-28T23:00:00Z,turbine_2,11,4.63,-5.1,0.042763872300798644,january-backtest-v1,bc781886f00f59e8ca445d0499e557775f0ddd100dc689290ef2f3ac4fec1e9b,100,assumed,unverified
2026-01-28T12:00:00Z,2026-01-28T00:00:00Z,2026-01-28T12:00:00Z,2026-01-29T00:00:00Z,turbine_1,12,4.49,-5.2,0.04195707909416574,january-backtest-v1,d094eb03a52f303931989830f7b4efb0d2e6c3faabb6b6a47793e8f3af157ee1,100,assumed,unverified
2026-01-28T12:00:00Z,2026-01-28T00:00:00Z,2026-01-28T12:00:00Z,2026-01-29T00:00:00Z,turbine_2,12,4.49,-5.2,0.039997251097914355,january-backtest-v1,bc781886f00f59e8ca445d0499e557775f0ddd100dc689290ef2f3ac4fec1e9b,100,assumed,unverified
2026-01-28T12:00:00Z,2026-01-28T00:00:00Z,2026-01-28T12:00:00Z,2026-01-29T01:00:00Z,turbine_1,13,4.23,-5.8,0.03280349304798891,january-backtest-v1,d094eb03a52f303931989830f7b4efb0d2e6c3faabb6b6a47793e8f3af157ee1,100,assumed,unverified
2026-01-28T12:00:00Z,2026-01-28T00:00:00Z,2026-01-28T12:00:00Z,2026-01-29T01:00:00Z,turbine_2,13,4.23,-5.8,0.02994689361198488,january-backtest-v1,bc781886f00f59e8ca445d0499e557775f0ddd100dc689290ef2f3ac4fec1e9b,100,assumed,unverified
2026-01-28T12:00:00Z,2026-01-28T00:00:00Z,2026-01-28T12:00:00Z,2026-01-29T02:00:00Z,turbine_1,14,3.04,-6.9,0.007572868748523365,january-backtest-v1,d094eb03a52f303931989830f7b4efb0d2e6c3faabb6b6a47793e8f3af157ee1,100,assumed,unverified
2026-01-28T12:00:00Z,2026-01-28T00:00:00Z,2026-01-28T12:00:00Z,2026-01-29T02:00:00Z,turbine_2,14,3.04,-6.9,0.009654512163976059,january-backtest-v1,bc781886f00f59e8ca445d0499e557775f0ddd100dc689290ef2f3ac4fec1e9b,100,assumed,unverified
2026-01-28T12:00:00Z,2026-01-28T00:00:00Z,2026-01-28T12:00:00Z,2026-01-29T03:00:00Z,turbine_1,15,2.22,-6.2,0.006995608950452092,january-backtest-v1,d094eb03a52f303931989830f7b4efb0d2e6c3faabb6b6a47793e8f3af157ee1,100,assumed,unverified
2026-01-28T12:00:00Z,2026-01-28T00:00:00Z,2026-01-28T12:00:00Z,2026-01-29T03:00:00Z,turbine_2,15,2.22,-6.2,0.010814471294770034,january-backtest-v1,bc781886f00f59e8ca445d0499e557775f0ddd100dc689290ef2f3ac4fec1e9b,100,assumed,unverified
2026-01-28T12:00:00Z,2026-01-28T00:00:00Z,2026-01-28T12:00:00Z,2026-01-29T04:00:00Z,turbine_1,16,2.79,-3.3,0.00840861553522515,january-backtest-v1,d094eb03a52f303931989830f7b4efb0d2e6c3faabb6b6a47793e8f3af157ee1,100,assumed,unverified
2026-01-28T12:00:00Z,2026-01-28T00:00:00Z,2026-01-28T12:00:00Z,2026-01-29T04:00:00Z,turbine_2,16,2.79,-3.3,0.007993295607456596,january-backtest-v1,bc781886f00f59e8ca445d0499e557775f0ddd100dc689290ef2f3ac4fec1e9b,100,assumed,unverified
2026-01-28T12:00:00Z,2026-01-28T00:00:00Z,2026-01-28T12:00:00Z,2026-01-29T05:00:00Z,turbine_1,17,4.13,-2.1,0.03875426494633849,january-backtest-v1,d094eb03a52f303931989830f7b4efb0d2e6c3faabb6b6a47793e8f3af157ee1,100,assumed,unverified
2026-01-28T12:00:00Z,2026-01-28T00:00:00Z,2026-01-28T12:00:00Z,2026-01-29T05:00:00Z,turbine_2,17,4.13,-2.1,0.034971769133190445,january-backtest-v1,bc781886f00f59e8ca445d0499e557775f0ddd100dc689290ef2f3ac4fec1e9b,100,assumed,unverified
2026-01-28T12:00:00Z,2026-01-28T00:00:00Z,2026-01-28T12:00:00Z,2026-01-29T06:00:00Z,turbine_1,18,5.23,-0.7,0.10848678200352635,january-backtest-v1,d094eb03a52f303931989830f7b4efb0d2e6c3faabb6b6a47793e8f3af157ee1,100,assumed,unverified
2026-01-28T12:00:00Z,2026-01-28T00:00:00Z,2026-01-28T12:00:00Z,2026-01-29T06:00:00Z,turbine_2,18,5.23,-0.7,0.09848975038163887,january-backtest-v1,bc781886f00f59e8ca445d0499e557775f0ddd100dc689290ef2f3ac4fec1e9b,100,assumed,unverified
2026-01-28T12:00:00Z,2026-01-28T00:00:00Z,2026-01-28T12:00:00Z,2026-01-29T07:00:00Z,turbine_1,19,6.05,1.3,0.2062288238817615,january-backtest-v1,d094eb03a52f303931989830f7b4efb0d2e6c3faabb6b6a47793e8f3af157ee1,100,assumed,unverified
2026-01-28T12:00:00Z,2026-01-28T00:00:00Z,2026-01-28T12:00:00Z,2026-01-29T07:00:00Z,turbine_2,19,6.05,1.3,0.19990880552457813,january-backtest-v1,bc781886f00f59e8ca445d0499e557775f0ddd100dc689290ef2f3ac4fec1e9b,100,assumed,unverified
2026-01-28T12:00:00Z,2026-01-28T00:00:00Z,2026-01-28T12:00:00Z,2026-01-29T08:00:00Z,turbine_1,20,6.25,1.6,0.24364384815380366,january-backtest-v1,d094eb03a52f303931989830f7b4efb0d2e6c3faabb6b6a47793e8f3af157ee1,100,assumed,unverified
2026-01-28T12:00:00Z,2026-01-28T00:00:00Z,2026-01-28T12:00:00Z,2026-01-29T08:00:00Z,turbine_2,20,6.25,1.6,0.22234128468027373,january-backtest-v1,bc781886f00f59e8ca445d0499e557775f0ddd100dc689290ef2f3ac4fec1e9b,100,assumed,unverified
2026-01-28T12:00:00Z,2026-01-28T00:00:00Z,2026-01-28T12:00:00Z,2026-01-29T09:00:00Z,turbine_1,21,5.81,1.8,0.18336359631434854,january-backtest-v1,d094eb03a52f303931989830f7b4efb0d2e6c3faabb6b6a47793e8f3af157ee1,100,assumed,unverified
2026-01-28T12:00:00Z,2026-01-28T00:00:00Z,2026-01-28T12:00:00Z,2026-01-29T09:00:00Z,turbine_2,21,5.81,1.8,0.16525397921299134,january-backtest-v1,bc781886f00f59e8ca445d0499e557775f0ddd100dc689290ef2f3ac4fec1e9b,100,assumed,unverified
2026-01-28T12:00:00Z,2026-01-28T00:00:00Z,2026-01-28T12:00:00Z,2026-01-29T10:00:00Z,turbine_1,22,5.02,0.8,0.09816610099924356,january-backtest-v1,d094eb03a52f303931989830f7b4efb0d2e6c3faabb6b6a47793e8f3af157ee1,100,assumed,unverified
2026-01-28T12:00:00Z,2026-01-28T00:00:00Z,2026-01-28T12:00:00Z,2026-01-29T10:00:00Z,turbine_2,22,5.02,0.8,0.08447717786093933,january-backtest-v1,bc781886f00f59e8ca445d0499e557775f0ddd100dc689290ef2f3ac4fec1e9b,100,assumed,unverified
2026-01-28T12:00:00Z,2026-01-28T00:00:00Z,2026-01-28T12:00:00Z,2026-01-29T11:00:00Z,turbine_1,23,5.45,-0.8,0.12457974933604596,january-backtest-v1,d094eb03a52f303931989830f7b4efb0d2e6c3faabb6b6a47793e8f3af157ee1,100,assumed,unverified
2026-01-28T12:00:00Z,2026-01-28T00:00:00Z,2026-01-28T12:00:00Z,2026-01-29T11:00:00Z,turbine_2,23,5.45,-0.8,0.11093702976915643,january-backtest-v1,bc781886f00f59e8ca445d0499e557775f0ddd100dc689290ef2f3ac4fec1e9b,100,assumed,unverified
2026-01-28T12:00:00Z,2026-01-28T00:00:00Z,2026-01-28T12:00:00Z,2026-01-29T12:00:00Z,turbine_1,24,6.01,-2.6,0.18162952722605402,january-backtest-v1,d094eb03a52f303931989830f7b4efb0d2e6c3faabb6b6a47793e8f3af157ee1,100,assumed,unverified
2026-01-28T12:00:00Z,2026-01-28T00:00:00Z,2026-01-28T12:00:00Z,2026-01-29T12:00:00Z,turbine_2,24,6.01,-2.6,0.16527068009052545,january-backtest-v1,bc781886f00f59e8ca445d0499e557775f0ddd100dc689290ef2f3ac4fec1e9b,100,assumed,unverified
2026-01-28T12:00:00Z,2026-01-28T00:00:00Z,2026-01-28T12:00:00Z,2026-01-29T13:00:00Z,turbine_1,25,6.44,-2.7,0.2501817157921731,january-backtest-v1,d094eb03a52f303931989830f7b4efb0d2e6c3faabb6b6a47793e8f3af157ee1,100,assumed,unverified
2026-01-28T12:00:00Z,2026-01-28T00:00:00Z,2026-01-28T12:00:00Z,2026-01-29T13:00:00Z,turbine_2,25,6.44,-2.7,0.22783044424804688,january-backtest-v1,bc781886f00f59e8ca445d0499e557775f0ddd100dc689290ef2f3ac4fec1e9b,100,assumed,unverified
2026-01-28T12:00:00Z,2026-01-28T00:00:00Z,2026-01-28T12:00:00Z,2026-01-29T14:00:00Z,turbine_1,26,7.11,-2.8,0.3532813223896895,january-backtest-v1,d094eb03a52f303931989830f7b4efb0d2e6c3faabb6b6a47793e8f3af157ee1,100,assumed,unverified
2026-01-28T12:00:00Z,2026-01-28T00:00:00Z,2026-01-28T12:00:00Z,2026-01-29T14:00:00Z,turbine_2,26,7.11,-2.8,0.34191766515511846,january-backtest-v1,bc781886f00f59e8ca445d0499e557775f0ddd100dc689290ef2f3ac4fec1e9b,100,assumed,unverified
2026-01-28T12:00:00Z,2026-01-28T00:00:00Z,2026-01-28T12:00:00Z,2026-01-29T15:00:00Z,turbine_1,27,7.54,-3.5,0.452854853102784,january-backtest-v1,d094eb03a52f303931989830f7b4efb0d2e6c3faabb6b6a47793e8f3af157ee1,100,assumed,unverified
2026-01-28T12:00:00Z,2026-01-28T00:00:00Z,2026-01-28T12:00:00Z,2026-01-29T15:00:00Z,turbine_2,27,7.54,-3.5,0.4119270591462548,january-backtest-v1,bc781886f00f59e8ca445d0499e557775f0ddd100dc689290ef2f3ac4fec1e9b,100,assumed,unverified
2026-01-28T12:00:00Z,2026-01-28T00:00:00Z,2026-01-28T12:00:00Z,2026-01-29T16:00:00Z,turbine_1,28,8.01,-4.0,0.5111613664222503,january-backtest-v1,d094eb03a52f303931989830f7b4efb0d2e6c3faabb6b6a47793e8f3af157ee1,100,assumed,unverified
2026-01-28T12:00:00Z,2026-01-28T00:00:00Z,2026-01-28T12:00:00Z,2026-01-29T16:00:00Z,turbine_2,28,8.01,-4.0,0.4909710985078606,january-backtest-v1,bc781886f00f59e8ca445d0499e557775f0ddd100dc689290ef2f3ac4fec1e9b,100,assumed,unverified
2026-01-28T12:00:00Z,2026-01-28T00:00:00Z,2026-01-28T12:00:00Z,2026-01-29T17:00:00Z,turbine_1,29,8.45,-4.2,0.5995845342780242,january-backtest-v1,d094eb03a52f303931989830f7b4efb0d2e6c3faabb6b6a47793e8f3af157ee1,100,assumed,unverified
2026-01-28T12:00:00Z,2026-01-28T00:00:00Z,2026-01-28T12:00:00Z,2026-01-29T17:00:00Z,turbine_2,29,8.45,-4.2,0.5625900381043153,january-backtest-v1,bc781886f00f59e8ca445d0499e557775f0ddd100dc689290ef2f3ac4fec1e9b,100,assumed,unverified
2026-01-28T12:00:00Z,2026-01-28T00:00:00Z,2026-01-28T12:00:00Z,2026-01-29T18:00:00Z,turbine_1,30,8.79,-4.3,0.6520458564628926,january-backtest-v1,d094eb03a52f303931989830f7b4efb0d2e6c3faabb6b6a47793e8f3af157ee1,100,assumed,unverified
2026-01-28T12:00:00Z,2026-01-28T00:00:00Z,2026-01-28T12:00:00Z,2026-01-29T18:00:00Z,turbine_2,30,8.79,-4.3,0.6191551836458813,january-backtest-v1,bc781886f00f59e8ca445d0499e557775f0ddd100dc689290ef2f3ac4fec1e9b,100,assumed,unverified
2026-01-28T12:00:00Z,2026-01-28T00:00:00Z,2026-01-28T12:00:00Z,2026-01-29T19:00:00Z,turbine_1,31,8.45,-4.7,0.5972564782700807,january-backtest-v1,d094eb03a52f303931989830f7b4efb0d2e6c3faabb6b6a47793e8f3af157ee1,100,assumed,unverified
2026-01-28T12:00:00Z,2026-01-28T00:00:00Z,2026-01-28T12:00:00Z,2026-01-29T19:00:00Z,turbine_2,31,8.45,-4.7,0.5591943029186613,january-backtest-v1,bc781886f00f59e8ca445d0499e557775f0ddd100dc689290ef2f3ac4fec1e9b,100,assumed,unverified
2026-01-28T12:00:00Z,2026-01-28T00:00:00Z,2026-01-28T12:00:00Z,2026-01-29T20:00:00Z,turbine_1,32,8.34,-4.9,0.5715291557425355,january-backtest-v1,d094eb03a52f303931989830f7b4efb0d2e6c3faabb6b6a47793e8f3af157ee1,100,assumed,unverified
2026-01-28T12:00:00Z,2026-01-28T00:00:00Z,2026-01-28T12:00:00Z,2026-01-29T20:00:00Z,turbine_2,32,8.34,-4.9,0.5555352202530941,january-backtest-v1,bc781886f00f59e8ca445d0499e557775f0ddd100dc689290ef2f3ac4fec1e9b,100,assumed,unverified
2026-01-28T12:00:00Z,2026-01-28T00:00:00Z,2026-01-28T12:00:00Z,2026-01-29T21:00:00Z,turbine_1,33,7.85,-5.3,0.4809757217633914,january-backtest-v1,d094eb03a52f303931989830f7b4efb0d2e6c3faabb6b6a47793e8f3af157ee1,100,assumed,unverified
2026-01-28T12:00:00Z,2026-01-28T00:00:00Z,2026-01-28T12:00:00Z,2026-01-29T21:00:00Z,turbine_2,33,7.85,-5.3,0.44358493203576776,january-backtest-v1,bc781886f00f59e8ca445d0499e557775f0ddd100dc689290ef2f3ac4fec1e9b,100,assumed,unverified
2026-01-28T12:00:00Z,2026-01-28T00:00:00Z,2026-01-28T12:00:00Z,2026-01-29T22:00:00Z,turbine_1,34,7.9,-5.5,0.4816732567813976,january-backtest-v1,d094eb03a52f303931989830f7b4efb0d2e6c3faabb6b6a47793e8f3af157ee1,100,assumed,unverified
2026-01-28T12:00:00Z,2026-01-28T00:00:00Z,2026-01-28T12:00:00Z,2026-01-29T22:00:00Z,turbine_2,34,7.9,-5.5,0.43541647006669837,january-backtest-v1,bc781886f00f59e8ca445d0499e557775f0ddd100dc689290ef2f3ac4fec1e9b,100,assumed,unverified
2026-01-28T12:00:00Z,2026-01-28T00:00:00Z,2026-01-28T12:00:00Z,2026-01-29T23:00:00Z,turbine_1,35,8.01,-5.7,0.5034285127870584,january-backtest-v1,d094eb03a52f303931989830f7b4efb0d2e6c3faabb6b6a47793e8f3af157ee1,100,assumed,unverified
2026-01-28T12:00:00Z,2026-01-28T00:00:00Z,2026-01-28T12:00:00Z,2026-01-29T23:00:00Z,turbine_2,35,8.01,-5.7,0.4706421284922774,january-backtest-v1,bc781886f00f59e8ca445d0499e557775f0ddd100dc689290ef2f3ac4fec1e9b,100,assumed,unverified
2026-01-28T12:00:00Z,2026-01-28T00:00:00Z,2026-01-28T12:00:00Z,2026-01-30T00:00:00Z,turbine_1,36,7.99,-5.7,0.5034285127870584,january-backtest-v1,d094eb03a52f303931989830f7b4efb0d2e6c3faabb6b6a47793e8f3af157ee1,100,assumed,unverified
2026-01-28T12:00:00Z,2026-01-28T00:00:00Z,2026-01-28T12:00:00Z,2026-01-30T00:00:00Z,turbine_2,36,7.99,-5.7,0.4519055338500403,january-backtest-v1,bc781886f00f59e8ca445d0499e557775f0ddd100dc689290ef2f3ac4fec1e9b,100,assumed,unverified
2026-01-28T12:00:00Z,2026-01-28T00:00:00Z,2026-01-28T12:00:00Z,2026-01-30T01:00:00Z,turbine_1,37,8.16,-5.7,0.5413587053796863,january-backtest-v1,d094eb03a52f303931989830f7b4efb0d2e6c3faabb6b6a47793e8f3af157ee1,100,assumed,unverified
2026-01-28T12:00:00Z,2026-01-28T00:00:00Z,2026-01-28T12:00:00Z,2026-01-30T01:00:00Z,turbine_2,37,8.16,-5.7,0.49368443581968385,january-backtest-v1,bc781886f00f59e8ca445d0499e557775f0ddd100dc689290ef2f3ac4fec1e9b,100,assumed,unverified
2026-01-28T12:00:00Z,2026-01-28T00:00:00Z,2026-01-28T12:00:00Z,2026-01-30T02:00:00Z,turbine_1,38,8.25,-5.8,0.5512344483336508,january-backtest-v1,d094eb03a52f303931989830f7b4efb0d2e6c3faabb6b6a47793e8f3af157ee1,100,assumed,unverified
2026-01-28T12:00:00Z,2026-01-28T00:00:00Z,2026-01-28T12:00:00Z,2026-01-30T02:00:00Z,turbine_2,38,8.25,-5.8,0.500758249066245,january-backtest-v1,bc781886f00f59e8ca445d0499e557775f0ddd100dc689290ef2f3ac4fec1e9b,100,assumed,unverified
2026-01-28T12:00:00Z,2026-01-28T00:00:00Z,2026-01-28T12:00:00Z,2026-01-30T03:00:00Z,turbine_1,39,8.32,-5.0,0.5659707093967454,january-backtest-v1,d094eb03a52f303931989830f7b4efb0d2e6c3faabb6b6a47793e8f3af157ee1,100,assumed,unverified
2026-01-28T12:00:00Z,2026-01-28T00:00:00Z,2026-01-28T12:00:00Z,2026-01-30T03:00:00Z,turbine_2,39,8.32,-5.0,0.5450340330846883,january-backtest-v1,bc781886f00f59e8ca445d0499e557775f0ddd100dc689290ef2f3ac4fec1e9b,100,assumed,unverified
2026-01-28T12:00:00Z,2026-01-28T00:00:00Z,2026-01-28T12:00:00Z,2026-01-30T04:00:00Z,turbine_1,40,8.43,-2.6,0.6062253785537893,january-backtest-v1,d094eb03a52f303931989830f7b4efb0d2e6c3faabb6b6a47793e8f3af157ee1,100,assumed,unverified
2026-01-28T12:00:00Z,2026-01-28T00:00:00Z,2026-01-28T12:00:00Z,2026-01-30T04:00:00Z,turbine_2,40,8.43,-2.6,0.5621463799990858,january-backtest-v1,bc781886f00f59e8ca445d0499e557775f0ddd100dc689290ef2f3ac4fec1e9b,100,assumed,unverified
2026-01-28T12:00:00Z,2026-01-28T00:00:00Z,2026-01-28T12:00:00Z,2026-01-30T05:00:00Z,turbine_1,41,8.68,-0.8,0.6477902300593991,january-backtest-v1,d094eb03a52f303931989830f7b4efb0d2e6c3faabb6b6a47793e8f3af157ee1,100,assumed,unverified
2026-01-28T12:00:00Z,2026-01-28T00:00:00Z,2026-01-28T12:00:00Z,2026-01-30T05:00:00Z,turbine_2,41,8.68,-0.8,0.6100654829201271,january-backtest-v1,bc781886f00f59e8ca445d0499e557775f0ddd100dc689290ef2f3ac4fec1e9b,100,assumed,unverified
2026-01-28T12:00:00Z,2026-01-28T00:00:00Z,2026-01-28T12:00:00Z,2026-01-30T06:00:00Z,turbine_1,42,9.34,0.9,0.7425049336645044,january-backtest-v1,d094eb03a52f303931989830f7b4efb0d2e6c3faabb6b6a47793e8f3af157ee1,100,assumed,unverified
2026-01-28T12:00:00Z,2026-01-28T00:00:00Z,2026-01-28T12:00:00Z,2026-01-30T06:00:00Z,turbine_2,42,9.34,0.9,0.7209793660240142,january-backtest-v1,bc781886f00f59e8ca445d0499e557775f0ddd100dc689290ef2f3ac4fec1e9b,100,assumed,unverified
2026-01-28T12:00:00Z,2026-01-28T00:00:00Z,2026-01-28T12:00:00Z,2026-01-30T07:00:00Z,turbine_1,43,9.64,2.3,0.8012850129087656,january-backtest-v1,d094eb03a52f303931989830f7b4efb0d2e6c3faabb6b6a47793e8f3af157ee1,100,assumed,unverified
2026-01-28T12:00:00Z,2026-01-28T00:00:00Z,2026-01-28T12:00:00Z,2026-01-30T07:00:00Z,turbine_2,43,9.64,2.3,0.7740407519610064,january-backtest-v1,bc781886f00f59e8ca445d0499e557775f0ddd100dc689290ef2f3ac4fec1e9b,100,assumed,unverified
2026-01-28T12:00:00Z,2026-01-28T00:00:00Z,2026-01-28T12:00:00Z,2026-01-30T08:00:00Z,turbine_1,44,9.93,3.1,0.8395041526591069,january-backtest-v1,d094eb03a52f303931989830f7b4efb0d2e6c3faabb6b6a47793e8f3af157ee1,100,assumed,unverified
2026-01-28T12:00:00Z,2026-01-28T00:00:00Z,2026-01-28T12:00:00Z,2026-01-30T08:00:00Z,turbine_2,44,9.93,3.1,0.8028553502690168,january-backtest-v1,bc781886f00f59e8ca445d0499e557775f0ddd100dc689290ef2f3ac4fec1e9b,100,assumed,unverified
2026-01-28T12:00:00Z,2026-01-28T00:00:00Z,2026-01-28T12:00:00Z,2026-01-30T09:00:00Z,turbine_1,45,9.68,3.8,0.805829647468558,january-backtest-v1,d094eb03a52f303931989830f7b4efb0d2e6c3faabb6b6a47793e8f3af157ee1,100,assumed,unverified
2026-01-28T12:00:00Z,2026-01-28T00:00:00Z,2026-01-28T12:00:00Z,2026-01-30T09:00:00Z,turbine_2,45,9.68,3.8,0.7793824545629249,january-backtest-v1,bc781886f00f59e8ca445d0499e557775f0ddd100dc689290ef2f3ac4fec1e9b,100,assumed,unverified
2026-01-28T12:00:00Z,2026-01-28T00:00:00Z,2026-01-28T12:00:00Z,2026-01-30T10:00:00Z,turbine_1,46,11.07,2.8,0.9657802439789367,january-backtest-v1,d094eb03a52f303931989830f7b4efb0d2e6c3faabb6b6a47793e8f3af157ee1,100,assumed,unverified
2026-01-28T12:00:00Z,2026-01-28T00:00:00Z,2026-01-28T12:00:00Z,2026-01-30T10:00:00Z,turbine_2,46,11.07,2.8,0.9478324696460659,january-backtest-v1,bc781886f00f59e8ca445d0499e557775f0ddd100dc689290ef2f3ac4fec1e9b,100,assumed,unverified
2026-01-28T12:00:00Z,2026-01-28T00:00:00Z,2026-01-28T12:00:00Z,2026-01-30T11:00:00Z,turbine_1,47,8.77,1.8,0.6664448738656608,january-backtest-v1,d094eb03a52f303931989830f7b4efb0d2e6c3faabb6b6a47793e8f3af157ee1,100,assumed,unverified
2026-01-28T12:00:00Z,2026-01-28T00:00:00Z,2026-01-28T12:00:00Z,2026-01-30T11:00:00Z,turbine_2,47,8.77,1.8,0.6240127467130472,january-backtest-v1,bc781886f00f59e8ca445d0499e557775f0ddd100dc689290ef2f3ac4fec1e9b,100,assumed,unverified
2026-01-28T12:00:00Z,2026-01-28T00:00:00Z,2026-01-28T12:00:00Z,2026-01-30T12:00:00Z,turbine_1,48,7.53,-0.8,0.4457864628304587,january-backtest-v1,d094eb03a52f303931989830f7b4efb0d2e6c3faabb6b6a47793e8f3af157ee1,100,assumed,unverified
2026-01-28T12:00:00Z,2026-01-28T00:00:00Z,2026-01-28T12:00:00Z,2026-01-30T12:00:00Z,turbine_2,48,7.53,-0.8,0.4149720998311596,january-backtest-v1,bc781886f00f59e8ca445d0499e557775f0ddd100dc689290ef2f3ac4fec1e9b,100,assumed,unverified
2026-01-29T12:00:00Z,2026-01-29T00:00:00Z,2026-01-29T12:00:00Z,2026-01-29T13:00:00Z,turbine_1,1,7.03,-2.7,0.34752563576201434,january-backtest-v1,d094eb03a52f303931989830f7b4efb0d2e6c3faabb6b6a47793e8f3af157ee1,100,assumed,unverified
2026-01-29T12:00:00Z,2026-01-29T00:00:00Z,2026-01-29T12:00:00Z,2026-01-29T13:00:00Z,turbine_2,1,7.03,-2.7,0.33526536790464334,january-backtest-v1,bc781886f00f59e8ca445d0499e557775f0ddd100dc689290ef2f3ac4fec1e9b,100,assumed,unverified
2026-01-29T12:00:00Z,2026-01-29T00:00:00Z,2026-01-29T12:00:00Z,2026-01-29T14:00:00Z,turbine_1,2,7.49,-3.5,0.4463560574488862,january-backtest-v1,d094eb03a52f303931989830f7b4efb0d2e6c3faabb6b6a47793e8f3af157ee1,100,assumed,unverified
2026-01-29T12:00:00Z,2026-01-29T00:00:00Z,2026-01-29T12:00:00Z,2026-01-29T14:00:00Z,turbine_2,2,7.49,-3.5,0.3982751852837881,january-backtest-v1,bc781886f00f59e8ca445d0499e557775f0ddd100dc689290ef2f3ac4fec1e9b,100,assumed,unverified
2026-01-29T12:00:00Z,2026-01-29T00:00:00Z,2026-01-29T12:00:00Z,2026-01-29T15:00:00Z,turbine_1,3,7.85,-4.0,0.4905425887826331,january-backtest-v1,d094eb03a52f303931989830f7b4efb0d2e6c3faabb6b6a47793e8f3af157ee1,100,assumed,unverified
2026-01-29T12:00:00Z,2026-01-29T00:00:00Z,2026-01-29T12:00:00Z,2026-01-29T15:00:00Z,turbine_2,3,7.85,-4.0,0.45374098399879625,january-backtest-v1,bc781886f00f59e8ca445d0499e557775f0ddd100dc689290ef2f3ac4fec1e9b,100,assumed,unverified
2026-01-29T12:00:00Z,2026-01-29T00:00:00Z,2026-01-29T12:00:00Z,2026-01-29T16:00:00Z,turbine_1,4,7.98,-4.0,0.49890954013987543,january-backtest-v1,d094eb03a52f303931989830f7b4efb0d2e6c3faabb6b6a47793e8f3af157ee1,100,assumed,unverified
2026-01-29T12:00:00Z,2026-01-29T00:00:00Z,2026-01-29T12:00:00Z,2026-01-29T16:00:00Z,turbine_2,4,7.98,-4.0,0.47223450386562354,january-backtest-v1,bc781886f00f59e8ca445d0499e557775f0ddd100dc689290ef2f3ac4fec1e9b,100,assumed,unverified
2026-01-29T12:00:00Z,2026-01-29T00:00:00Z,2026-01-29T12:00:00Z,2026-01-29T17:00:00Z,turbine_1,5,7.87,-4.1,0.4905425887826331,january-backtest-v1,d094eb03a52f303931989830f7b4efb0d2e6c3faabb6b6a47793e8f3af157ee1,100,assumed,unverified
2026-01-29T12:00:00Z,2026-01-29T00:00:00Z,2026-01-29T12:00:00Z,2026-01-29T17:00:00Z,turbine_2,5,7.87,-4.1,0.45374098399879625,january-backtest-v1,bc781886f00f59e8ca445d0499e557775f0ddd100dc689290ef2f3ac4fec1e9b,100,assumed,unverified
2026-01-29T12:00:00Z,2026-01-29T00:00:00Z,2026-01-29T12:00:00Z,2026-01-29T18:00:00Z,turbine_1,6,8.1,-4.0,0.5242873841186688,january-backtest-v1,d094eb03a52f303931989830f7b4efb0d2e6c3faabb6b6a47793e8f3af157ee1,100,assumed,unverified
2026-01-29T12:00:00Z,2026-01-29T00:00:00Z,2026-01-29T12:00:00Z,2026-01-29T18:00:00Z,turbine_2,6,8.1,-4.0,0.4940556035280972,january-backtest-v1,bc781886f00f59e8ca445d0499e557775f0ddd100dc689290ef2f3ac4fec1e9b,100,assumed,unverified
2026-01-29T12:00:00Z,2026-01-29T00:00:00Z,2026-01-29T12:00:00Z,2026-01-29T19:00:00Z,turbine_1,7,8.13,-4.2,0.5197324424143993,january-backtest-v1,d094eb03a52f303931989830f7b4efb0d2e6c3faabb6b6a47793e8f3af157ee1,100,assumed,unverified
2026-01-29T12:00:00Z,2026-01-29T00:00:00Z,2026-01-29T12:00:00Z,2026-01-29T19:00:00Z,turbine_2,7,8.13,-4.2,0.494577131786164,january-backtest-v1,bc781886f00f59e8ca445d0499e557775f0ddd100dc689290ef2f3ac4fec1e9b,100,assumed,unverified
2026-01-29T12:00:00Z,2026-01-29T00:00:00Z,2026-01-29T12:00:00Z,2026-01-29T20:00:00Z,turbine_1,8,8.42,-4.3,0.5790569524317519,january-backtest-v1,d094eb03a52f303931989830f7b4efb0d2e6c3faabb6b6a47793e8f3af157ee1,100,assumed,unverified
2026-01-29T12:00:00Z,2026-01-29T00:00:00Z,2026-01-29T12:00:00Z,2026-01-29T20:00:00Z,turbine_2,8,8.42,-4.3,0.5609737365381338,january-backtest-v1,bc781886f00f59e8ca445d0499e557775f0ddd100dc689290ef2f3ac4fec1e9b,100,assumed,unverified
2026-01-29T12:00:00Z,2026-01-29T00:00:00Z,2026-01-29T12:00:00Z,2026-01-29T21:00:00Z,turbine_1,9,8.2,-4.6,0.5498441105295149,january-backtest-v1,d094eb03a52f303931989830f7b4efb0d2e6c3faabb6b6a47793e8f3af157ee1,100,assumed,unverified
2026-01-29T12:00:00Z,2026-01-29T00:00:00Z,2026-01-29T12:00:00Z,2026-01-29T21:00:00Z,turbine_2,9,8.2,-4.6,0.5114237060636767,january-backtest-v1,bc781886f00f59e8ca445d0499e557775f0ddd100dc689290ef2f3ac4fec1e9b,100,assumed,unverified
2026-01-29T12:00:00Z,2026-01-29T00:00:00Z,2026-01-29T12:00:00Z,2026-01-29T22:00:00Z,turbine_1,10,8.19,-4.8,0.5422085613026654,january-backtest-v1,d094eb03a52f303931989830f7b4efb0d2e6c3faabb6b6a47793e8f3af157ee1,100,assumed,unverified
2026-01-29T12:00:00Z,2026-01-29T00:00:00Z,2026-01-29T12:00:00Z,2026-01-29T22:00:00Z,turbine_2,10,8.19,-4.8,0.5114237060636767,january-backtest-v1,bc781886f00f59e8ca445d0499e557775f0ddd100dc689290ef2f3ac4fec1e9b,100,assumed,unverified
2026-01-29T12:00:00Z,2026-01-29T00:00:00Z,2026-01-29T12:00:00Z,2026-01-29T23:00:00Z,turbine_1,11,8.48,-5.0,0.5963290709173372,january-backtest-v1,d094eb03a52f303931989830f7b4efb0d2e6c3faabb6b6a47793e8f3af157ee1,100,assumed,unverified
2026-01-29T12:00:00Z,2026-01-29T00:00:00Z,2026-01-29T12:00:00Z,2026-01-29T23:00:00Z,turbine_2,11,8.48,-5.0,0.5699975839526688,january-backtest-v1,bc781886f00f59e8ca445d0499e557775f0ddd100dc689290ef2f3ac4fec1e9b,100,assumed,unverified
2026-01-29T12:00:00Z,2026-01-29T00:00:00Z,2026-01-29T12:00:00Z,2026-01-30T00:00:00Z,turbine_1,12,8.47,-5.2,0.594572608963052,january-backtest-v1,d094eb03a52f303931989830f7b4efb0d2e6c3faabb6b6a47793e8f3af157ee1,100,assumed,unverified
2026-01-29T12:00:00Z,2026-01-29T00:00:00Z,2026-01-29T12:00:00Z,2026-01-30T00:00:00Z,turbine_2,12,8.47,-5.2,0.5699975839526688,january-backtest-v1,bc781886f00f59e8ca445d0499e557775f0ddd100dc689290ef2f3ac4fec1e9b,100,assumed,unverified
2026-01-29T12:00:00Z,2026-01-29T00:00:00Z,2026-01-29T12:00:00Z,2026-01-30T01:00:00Z,turbine_1,13,8.05,-5.3,0.5093205083714509,january-backtest-v1,d094eb03a52f303931989830f7b4efb0d2e6c3faabb6b6a47793e8f3af157ee1,100,assumed,unverified
2026-01-29T12:00:00Z,2026-01-29T00:00:00Z,2026-01-29T12:00:00Z,2026-01-30T01:00:00Z,turbine_2,13,8.05,-5.3,0.48197392841861103,january-backtest-v1,bc781886f00f59e8ca445d0499e557775f0ddd100dc689290ef2f3ac4fec1e9b,100,assumed,unverified
2026-01-29T12:00:00Z,2026-01-29T00:00:00Z,2026-01-29T12:00:00Z,2026-01-30T02:00:00Z,turbine_1,14,7.95,-5.5,0.48934267312063406,january-backtest-v1,d094eb03a52f303931989830f7b4efb0d2e6c3faabb6b6a47793e8f3af157ee1,100,assumed,unverified
2026-01-29T12:00:00Z,2026-01-29T00:00:00Z,2026-01-29T12:00:00Z,2026-01-30T02:00:00Z,turbine_2,14,7.95,-5.5,0.4519055338500403,january-backtest-v1,bc781886f00f59e8ca445d0499e557775f0ddd100dc689290ef2f3ac4fec1e9b,100,assumed,unverified
2026-01-29T12:00:00Z,2026-01-29T00:00:00Z,2026-01-29T12:00:00Z,2026-01-30T03:00:00Z,turbine_1,15,8.15,-4.9,0.5417285425189089,january-backtest-v1,d094eb03a52f303931989830f7b4efb0d2e6c3faabb6b6a47793e8f3af157ee1,100,assumed,unverified
2026-01-29T12:00:00Z,2026-01-29T00:00:00Z,2026-01-29T12:00:00Z,2026-01-30T03:00:00Z,turbine_2,15,8.15,-4.9,0.4911813966005098,january-backtest-v1,bc781886f00f59e8ca445d0499e557775f0ddd100dc689290ef2f3ac4fec1e9b,100,assumed,unverified
2026-01-29T12:00:00Z,2026-01-29T00:00:00Z,2026-01-29T12:00:00Z,2026-01-30T04:00:00Z,turbine_1,16,8.5,-2.2,0.6067144594819729,january-backtest-v1,d094eb03a52f303931989830f7b4efb0d2e6c3faabb6b6a47793e8f3af157ee1,100,assumed,unverified
2026-01-29T12:00:00Z,2026-01-29T00:00:00Z,2026-01-29T12:00:00Z,2026-01-30T04:00:00Z,turbine_2,16,8.5,-2.2,0.5766500835682519,january-backtest-v1,bc781886f00f59e8ca445d0499e557775f0ddd100dc689290ef2f3ac4fec1e9b,100,assumed,unverified
2026-01-29T12:00:00Z,2026-01-29T00:00:00Z,2026-01-29T12:00:00Z,2026-01-30T05:00:00Z,turbine_1,17,9.05,0.2,0.6923981760047657,january-backtest-v1,d094eb03a52f303931989830f7b4efb0d2e6c3faabb6b6a47793e8f3af157ee1,100,assumed,unverified
2026-01-29T12:00:00Z,2026-01-29T00:00:00Z,2026-01-29T12:00:00Z,2026-01-30T05:00:00Z,turbine_2,17,9.05,0.2,0.6614133343727154,january-backtest-v1,bc781886f00f59e8ca445d0499e557775f0ddd100dc689290ef2f3ac4fec1e9b,100,assumed,unverified
2026-01-29T12:00:00Z,2026-01-29T00:00:00Z,2026-01-29T12:00:00Z,2026-01-30T06:00:00Z,turbine_1,18,9.63,1.6,0.8009986575151233,january-backtest-v1,d094eb03a52f303931989830f7b4efb0d2e6c3faabb6b6a47793e8f3af157ee1,100,assumed,unverified
2026-01-29T12:00:00Z,2026-01-29T00:00:00Z,2026-01-29T12:00:00Z,2026-01-30T06:00:00Z,turbine_2,18,9.63,1.6,0.7725100686740931,january-backtest-v1,bc781886f00f59e8ca445d0499e557775f0ddd100dc689290ef2f3ac4fec1e9b,100,assumed,unverified
2026-01-29T12:00:00Z,2026-01-29T00:00:00Z,2026-01-29T12:00:00Z,2026-01-30T07:00:00Z,turbine_1,19,10.02,2.7,0.8585933994297359,january-backtest-v1,d094eb03a52f303931989830f7b4efb0d2e6c3faabb6b6a47793e8f3af157ee1,100,assumed,unverified
2026-01-29T12:00:00Z,2026-01-29T00:00:00Z,2026-01-29T12:00:00Z,2026-01-30T07:00:00Z,turbine_2,19,10.02,2.7,0.8225017431655519,january-backtest-v1,bc781886f00f59e8ca445d0499e557775f0ddd100dc689290ef2f3ac4fec1e9b,100,assumed,unverified
2026-01-29T12:00:00Z,2026-01-29T00:00:00Z,2026-01-29T12:00:00Z,2026-01-30T08:00:00Z,turbine_1,20,10.58,3.7,0.9186211409277255,january-backtest-v1,d094eb03a52f303931989830f7b4efb0d2e6c3faabb6b6a47793e8f3af157ee1,100,assumed,unverified
2026-01-29T12:00:00Z,2026-01-29T00:00:00Z,2026-01-29T12:00:00Z,2026-01-30T08:00:00Z,turbine_2,20,10.58,3.7,0.8977968044671498,january-backtest-v1,bc781886f00f59e8ca445d0499e557775f0ddd100dc689290ef2f3ac4fec1e9b,100,assumed,unverified
2026-01-29T12:00:00Z,2026-01-29T00:00:00Z,2026-01-29T12:00:00Z,2026-01-30T09:00:00Z,turbine_1,21,10.46,3.8,0.9048886677804616,january-backtest-v1,d094eb03a52f303931989830f7b4efb0d2e6c3faabb6b6a47793e8f3af157ee1,100,assumed,unverified
2026-01-29T12:00:00Z,2026-01-29T00:00:00Z,2026-01-29T12:00:00Z,2026-01-30T09:00:00Z,turbine_2,21,10.46,3.8,0.8832404106888858,january-backtest-v1,bc781886f00f59e8ca445d0499e557775f0ddd100dc689290ef2f3ac4fec1e9b,100,assumed,unverified
2026-01-29T12:00:00Z,2026-01-29T00:00:00Z,2026-01-29T12:00:00Z,2026-01-30T10:00:00Z,turbine_1,22,10.42,3.4,0.9030214716641679,january-backtest-v1,d094eb03a52f303931989830f7b4efb0d2e6c3faabb6b6a47793e8f3af157ee1,100,assumed,unverified
2026-01-29T12:00:00Z,2026-01-29T00:00:00Z,2026-01-29T12:00:00Z,2026-01-30T10:00:00Z,turbine_2,22,10.42,3.4,0.8842058141694566,january-backtest-v1,bc781886f00f59e8ca445d0499e557775f0ddd100dc689290ef2f3ac4fec1e9b,100,assumed,unverified
2026-01-29T12:00:00Z,2026-01-29T00:00:00Z,2026-01-29T12:00:00Z,2026-01-30T11:00:00Z,turbine_1,23,9.56,1.7,0.7882371851512044,january-backtest-v1,d094eb03a52f303931989830f7b4efb0d2e6c3faabb6b6a47793e8f3af157ee1,100,assumed,unverified
2026-01-29T12:00:00Z,2026-01-29T00:00:00Z,2026-01-29T12:00:00Z,2026-01-30T11:00:00Z,turbine_2,23,9.56,1.7,0.7466525549896625,january-backtest-v1,bc781886f00f59e8ca445d0499e557775f0ddd100dc689290ef2f3ac4fec1e9b,100,assumed,unverified
2026-01-29T12:00:00Z,2026-01-29T00:00:00Z,2026-01-29T12:00:00Z,2026-01-30T12:00:00Z,turbine_1,24,9.04,-1.0,0.6860312233920194,january-backtest-v1,d094eb03a52f303931989830f7b4efb0d2e6c3faabb6b6a47793e8f3af157ee1,100,assumed,unverified
2026-01-29T12:00:00Z,2026-01-29T00:00:00Z,2026-01-29T12:00:00Z,2026-01-30T12:00:00Z,turbine_2,24,9.04,-1.0,0.6660739736611534,january-backtest-v1,bc781886f00f59e8ca445d0499e557775f0ddd100dc689290ef2f3ac4fec1e9b,100,assumed,unverified
2026-01-29T12:00:00Z,2026-01-29T00:00:00Z,2026-01-29T12:00:00Z,2026-01-30T13:00:00Z,turbine_1,25,8.08,-2.7,0.5231547722167758,january-backtest-v1,d094eb03a52f303931989830f7b4efb0d2e6c3faabb6b6a47793e8f3af157ee1,100,assumed,unverified
2026-01-29T12:00:00Z,2026-01-29T00:00:00Z,2026-01-29T12:00:00Z,2026-01-30T13:00:00Z,turbine_2,25,8.08,-2.7,0.4966492438202469,january-backtest-v1,bc781886f00f59e8ca445d0499e557775f0ddd100dc689290ef2f3ac4fec1e9b,100,assumed,unverified
2026-01-29T12:00:00Z,2026-01-29T00:00:00Z,2026-01-29T12:00:00Z,2026-01-30T14:00:00Z,turbine_1,26,8.06,-3.3,0.530291329509673,january-backtest-v1,d094eb03a52f303931989830f7b4efb0d2e6c3faabb6b6a47793e8f3af157ee1,100,assumed,unverified
2026-01-29T12:00:00Z,2026-01-29T00:00:00Z,2026-01-29T12:00:00Z,2026-01-30T14:00:00Z,turbine_2,26,8.06,-3.3,0.4980984363506793,january-backtest-v1,bc781886f00f59e8ca445d0499e557775f0ddd100dc689290ef2f3ac4fec1e9b,100,assumed,unverified
2026-01-29T12:00:00Z,2026-01-29T00:00:00Z,2026-01-29T12:00:00Z,2026-01-30T15:00:00Z,turbine_1,27,8.12,-3.6,0.5271649501650173,january-backtest-v1,d094eb03a52f303931989830f7b4efb0d2e6c3faabb6b6a47793e8f3af157ee1,100,assumed,unverified
2026-01-29T12:00:00Z,2026-01-29T00:00:00Z,2026-01-29T12:00:00Z,2026-01-30T15:00:00Z,turbine_2,27,8.12,-3.6,0.494577131786164,january-backtest-v1,bc781886f00f59e8ca445d0499e557775f0ddd100dc689290ef2f3ac4fec1e9b,100,assumed,unverified
2026-01-29T12:00:00Z,2026-01-29T00:00:00Z,2026-01-29T12:00:00Z,2026-01-30T16:00:00Z,turbine_1,28,8.12,-3.7,0.5271649501650173,january-backtest-v1,d094eb03a52f303931989830f7b4efb0d2e6c3faabb6b6a47793e8f3af157ee1,100,assumed,unverified
2026-01-29T12:00:00Z,2026-01-29T00:00:00Z,2026-01-29T12:00:00Z,2026-01-30T16:00:00Z,turbine_2,28,8.12,-3.7,0.494577131786164,january-backtest-v1,bc781886f00f59e8ca445d0499e557775f0ddd100dc689290ef2f3ac4fec1e9b,100,assumed,unverified
2026-01-29T12:00:00Z,2026-01-29T00:00:00Z,2026-01-29T12:00:00Z,2026-01-30T17:00:00Z,turbine_1,29,7.63,-3.9,0.4418766212931272,january-backtest-v1,d094eb03a52f303931989830f7b4efb0d2e6c3faabb6b6a47793e8f3af157ee1,100,assumed,unverified
2026-01-29T12:00:00Z,2026-01-29T00:00:00Z,2026-01-29T12:00:00Z,2026-01-30T17:00:00Z,turbine_2,29,7.63,-3.9,0.41301850744377083,january-backtest-v1,bc781886f00f59e8ca445d0499e557775f0ddd100dc689290ef2f3ac4fec1e9b,100,assumed,unverified
2026-01-29T12:00:00Z,2026-01-29T00:00:00Z,2026-01-29T12:00:00Z,2026-01-30T18:00:00Z,turbine_1,30,7.67,-4.0,0.46180232785876907,january-backtest-v1,d094eb03a52f303931989830f7b4efb0d2e6c3faabb6b6a47793e8f3af157ee1,100,assumed,unverified
2026-01-29T12:00:00Z,2026-01-29T00:00:00Z,2026-01-29T12:00:00Z,2026-01-30T18:00:00Z,turbine_2,30,7.67,-4.0,0.42880932738221444,january-backtest-v1,bc781886f00f59e8ca445d0499e557775f0ddd100dc689290ef2f3ac4fec1e9b,100,assumed,unverified
2026-01-29T12:00:00Z,2026-01-29T00:00:00Z,2026-01-29T12:00:00Z,2026-01-30T19:00:00Z,turbine_1,31,8.04,-4.2,0.5143324336864232,january-backtest-v1,d094eb03a52f303931989830f7b4efb0d2e6c3faabb6b6a47793e8f3af157ee1,100,assumed,unverified
2026-01-29T12:00:00Z,2026-01-29T00:00:00Z,2026-01-29T12:00:00Z,2026-01-30T19:00:00Z,turbine_2,31,8.04,-4.2,0.4909710985078606,january-backtest-v1,bc781886f00f59e8ca445d0499e557775f0ddd100dc689290ef2f3ac4fec1e9b,100,assumed,unverified
2026-01-29T12:00:00Z,2026-01-29T00:00:00Z,2026-01-29T12:00:00Z,2026-01-30T20:00:00Z,turbine_1,32,8.37,-4.3,0.5743372305342355,january-backtest-v1,d094eb03a52f303931989830f7b4efb0d2e6c3faabb6b6a47793e8f3af157ee1,100,assumed,unverified
2026-01-29T12:00:00Z,2026-01-29T00:00:00Z,2026-01-29T12:00:00Z,2026-01-30T20:00:00Z,turbine_2,32,8.37,-4.3,0.5573146538725665,january-backtest-v1,bc781886f00f59e8ca445d0499e557775f0ddd100dc689290ef2f3ac4fec1e9b,100,assumed,unverified
2026-01-29T12:00:00Z,2026-01-29T00:00:00Z,2026-01-29T12:00:00Z,2026-01-30T21:00:00Z,turbine_1,33,8.52,-4.5,0.5991371457090372,january-backtest-v1,d094eb03a52f303931989830f7b4efb0d2e6c3faabb6b6a47793e8f3af157ee1,100,assumed,unverified
2026-01-29T12:00:00Z,2026-01-29T00:00:00Z,2026-01-29T12:00:00Z,2026-01-30T21:00:00Z,turbine_2,33,8.52,-4.5,0.5771146641419362,january-backtest-v1,bc781886f00f59e8ca445d0499e557775f0ddd100dc689290ef2f3ac4fec1e9b,100,assumed,unverified
2026-01-29T12:00:00Z,2026-01-29T00:00:00Z,2026-01-29T12:00:00Z,2026-01-30T22:00:00Z,turbine_1,34,8.3,-4.8,0.5664507281805019,january-backtest-v1,d094eb03a52f303931989830f7b4efb0d2e6c3faabb6b6a47793e8f3af157ee1,100,assumed,unverified
2026-01-29T12:00:00Z,2026-01-29T00:00:00Z,2026-01-29T12:00:00Z,2026-01-30T22:00:00Z,turbine_2,34,8.3,-4.8,0.5514415034023475,january-backtest-v1,bc781886f00f59e8ca445d0499e557775f0ddd100dc689290ef2f3ac4fec1e9b,100,assumed,unverified
2026-01-29T12:00:00Z,2026-01-29T00:00:00Z,2026-01-29T12:00:00Z,2026-01-30T23:00:00Z,turbine_1,35,8.34,-5.2,0.5693253052192633,january-backtest-v1,d094eb03a52f303931989830f7b4efb0d2e6c3faabb6b6a47793e8f3af157ee1,100,assumed,unverified
2026-01-29T12:00:00Z,2026-01-29T00:00:00Z,2026-01-29T12:00:00Z,2026-01-30T23:00:00Z,turbine_2,35,8.34,-5.2,0.5491277499354348,january-backtest-v1,bc781886f00f59e8ca445d0499e557775f0ddd100dc689290ef2f3ac4fec1e9b,100,assumed,unverified
2026-01-29T12:00:00Z,2026-01-29T00:00:00Z,2026-01-29T12:00:00Z,2026-01-31T00:00:00Z,turbine_1,36,8.28,-5.5,0.5637668588734732,january-backtest-v1,d094eb03a52f303931989830f7b4efb0d2e6c3faabb6b6a47793e8f3af157ee1,100,assumed,unverified
2026-01-29T12:00:00Z,2026-01-29T00:00:00Z,2026-01-29T12:00:00Z,2026-01-31T00:00:00Z,turbine_2,36,8.28,-5.5,0.5337022331583547,january-backtest-v1,bc781886f00f59e8ca445d0499e557775f0ddd100dc689290ef2f3ac4fec1e9b,100,assumed,unverified
2026-01-29T12:00:00Z,2026-01-29T00:00:00Z,2026-01-29T12:00:00Z,2026-01-31T01:00:00Z,turbine_1,37,8.29,-5.6,0.5678410659846378,january-backtest-v1,d094eb03a52f303931989830f7b4efb0d2e6c3faabb6b6a47793e8f3af157ee1,100,assumed,unverified
2026-01-29T12:00:00Z,2026-01-29T00:00:00Z,2026-01-29T12:00:00Z,2026-01-31T01:00:00Z,turbine_2,37,8.29,-5.6,0.5337022331583547,january-backtest-v1,bc781886f00f59e8ca445d0499e557775f0ddd100dc689290ef2f3ac4fec1e9b,100,assumed,unverified
2026-01-29T12:00:00Z,2026-01-29T00:00:00Z,2026-01-29T12:00:00Z,2026-01-31T02:00:00Z,turbine_1,38,8.4,-5.6,0.5781192342279444,january-backtest-v1,d094eb03a52f303931989830f7b4efb0d2e6c3faabb6b6a47793e8f3af157ee1,100,assumed,unverified
2026-01-29T12:00:00Z,2026-01-29T00:00:00Z,2026-01-29T12:00:00Z,2026-01-31T02:00:00Z,turbine_2,38,8.4,-5.6,0.5425248564225328,january-backtest-v1,bc781886f00f59e8ca445d0499e557775f0ddd100dc689290ef2f3ac4fec1e9b,100,assumed,unverified
2026-01-29T12:00:00Z,2026-01-29T00:00:00Z,2026-01-29T12:00:00Z,2026-01-31T03:00:00Z,turbine_1,39,8.84,-4.3,0.6647207686333454,january-backtest-v1,d094eb03a52f303931989830f7b4efb0d2e6c3faabb6b6a47793e8f3af157ee1,100,assumed,unverified
2026-01-29T12:00:00Z,2026-01-29T00:00:00Z,2026-01-29T12:00:00Z,2026-01-31T03:00:00Z,turbine_2,39,8.84,-4.3,0.6326277839731742,january-backtest-v1,bc781886f00f59e8ca445d0499e557775f0ddd100dc689290ef2f3ac4fec1e9b,100,assumed,unverified
2026-01-29T12:00:00Z,2026-01-29T00:00:00Z,2026-01-29T12:00:00Z,2026-01-31T04:00:00Z,turbine_1,40,9.24,-1.3,0.7338591028350883,january-backtest-v1,d094eb03a52f303931989830f7b4efb0d2e6c3faabb6b6a47793e8f3af157ee1,100,assumed,unverified
2026-01-29T12:00:00Z,2026-01-29T00:00:00Z,2026-01-29T12:00:00Z,2026-01-31T04:00:00Z,turbine_2,40,9.24,-1.3,0.6840765854459252,january-backtest-v1,bc781886f00f59e8ca445d0499e557775f0ddd100dc689290ef2f3ac4fec1e9b,100,assumed,unverified
2026-01-29T12:00:00Z,2026-01-29T00:00:00Z,2026-01-29T12:00:00Z,2026-01-31T05:00:00Z,turbine_1,41,8.31,0.9,0.5871422112822181,january-backtest-v1,d094eb03a52f303931989830f7b4efb0d2e6c3faabb6b6a47793e8f3af157ee1,100,assumed,unverified
2026-01-29T12:00:00Z,2026-01-29T00:00:00Z,2026-01-29T12:00:00Z,2026-01-31T05:00:00Z,turbine_2,41,8.31,0.9,0.564525263542376,january-backtest-v1,bc781886f00f59e8ca445d0499e557775f0ddd100dc689290ef2f3ac4fec1e9b,100,assumed,unverified
2026-01-29T12:00:00Z,2026-01-29T00:00:00Z,2026-01-29T12:00:00Z,2026-01-31T06:00:00Z,turbine_1,42,8.46,2.4,0.616777294853947,january-backtest-v1,d094eb03a52f303931989830f7b4efb0d2e6c3faabb6b6a47793e8f3af157ee1,100,assumed,unverified
2026-01-29T12:00:00Z,2026-01-29T00:00:00Z,2026-01-29T12:00:00Z,2026-01-31T06:00:00Z,turbine_2,42,8.46,2.4,0.5736658655121079,january-backtest-v1,bc781886f00f59e8ca445d0499e557775f0ddd100dc689290ef2f3ac4fec1e9b,100,assumed,unverified
2026-01-29T12:00:00Z,2026-01-29T00:00:00Z,2026-01-29T12:00:00Z,2026-01-31T07:00:00Z,turbine_1,43,8.51,3.4,0.6154752521289194,january-backtest-v1,d094eb03a52f303931989830f7b4efb0d2e6c3faabb6b6a47793e8f3af157ee1,100,assumed,unverified
2026-01-29T12:00:00Z,2026-01-29T00:00:00Z,2026-01-29T12:00:00Z,2026-01-31T07:00:00Z,turbine_2,43,8.51,3.4,0.5854887030415676,january-backtest-v1,bc781886f00f59e8ca445d0499e557775f0ddd100dc689290ef2f3ac4fec1e9b,100,assumed,unverified
2026-01-29T12:00:00Z,2026-01-29T00:00:00Z,2026-01-29T12:00:00Z,2026-01-31T08:00:00Z,turbine_1,44,8.37,4.2,0.5953901904297445,january-backtest-v1,d094eb03a52f303931989830f7b4efb0d2e6c3faabb6b6a47793e8f3af157ee1,100,assumed,unverified
2026-01-29T12:00:00Z,2026-01-29T00:00:00Z,2026-01-29T12:00:00Z,2026-01-31T08:00:00Z,turbine_2,44,8.37,4.2,0.5697378459175929,january-backtest-v1,bc781886f00f59e8ca445d0499e557775f0ddd100dc689290ef2f3ac4fec1e9b,100,assumed,unverified
2026-01-29T12:00:00Z,2026-01-29T00:00:00Z,2026-01-29T12:00:00Z,2026-01-31T09:00:00Z,turbine_1,45,8.6,4.9,0.6306361084907899,january-backtest-v1,d094eb03a52f303931989830f7b4efb0d2e6c3faabb6b6a47793e8f3af157ee1,100,assumed,unverified
2026-01-29T12:00:00Z,2026-01-29T00:00:00Z,2026-01-29T12:00:00Z,2026-01-31T09:00:00Z,turbine_2,45,8.6,4.9,0.6063372975643617,january-backtest-v1,bc781886f00f59e8ca445d0499e557775f0ddd100dc689290ef2f3ac4fec1e9b,100,assumed,unverified
2026-01-29T12:00:00Z,2026-01-29T00:00:00Z,2026-01-29T12:00:00Z,2026-01-31T10:00:00Z,turbine_1,46,9.19,3.8,0.7397363350249345,january-backtest-v1,d094eb03a52f303931989830f7b4efb0d2e6c3faabb6b6a47793e8f3af157ee1,100,assumed,unverified
2026-01-29T12:00:00Z,2026-01-29T00:00:00Z,2026-01-29T12:00:00Z,2026-01-31T10:00:00Z,turbine_2,46,9.19,3.8,0.6834651126495384,january-backtest-v1,bc781886f00f59e8ca445d0499e557775f0ddd100dc689290ef2f3ac4fec1e9b,100,assumed,unverified
2026-01-29T12:00:00Z,2026-01-29T00:00:00Z,2026-01-29T12:00:00Z,2026-01-31T11:00:00Z,turbine_1,47,8.72,2.4,0.6538237958308026,january-backtest-v1,d094eb03a52f303931989830f7b4efb0d2e6c3faabb6b6a47793e8f3af157ee1,100,assumed,unverified
2026-01-29T12:00:00Z,2026-01-29T00:00:00Z,2026-01-29T12:00:00Z,2026-01-31T11:00:00Z,turbine_2,47,8.72,2.4,0.6131720186790339,january-backtest-v1,bc781886f00f59e8ca445d0499e557775f0ddd100dc689290ef2f3ac4fec1e9b,100,assumed,unverified
2026-01-29T12:00:00Z,2026-01-29T00:00:00Z,2026-01-29T12:00:00Z,2026-01-31T12:00:00Z,turbine_1,48,7.95,0.4,0.5147501751350158,january-backtest-v1,d094eb03a52f303931989830f7b4efb0d2e6c3faabb6b6a47793e8f3af157ee1,100,assumed,unverified
2026-01-29T12:00:00Z,2026-01-29T00:00:00Z,2026-01-29T12:00:00Z,2026-01-31T12:00:00Z,turbine_2,48,7.95,0.4,0.4883870483786257,january-backtest-v1,bc781886f00f59e8ca445d0499e557775f0ddd100dc689290ef2f3ac4fec1e9b,100,assumed,unverified
2026-01-30T12:00:00Z,2026-01-30T00:00:00Z,2026-01-30T12:00:00Z,2026-01-30T13:00:00Z,turbine_1,1,7.69,-2.1,0.4684830392440661,january-backtest-v1,d094eb03a52f303931989830f7b4efb0d2e6c3faabb6b6a47793e8f3af157ee1,100,assumed,unverified
2026-01-30T12:00:00Z,2026-01-30T00:00:00Z,2026-01-30T12:00:00Z,2026-01-30T13:00:00Z,turbine_2,1,7.69,-2.1,0.43350573037925866,january-backtest-v1,bc781886f00f59e8ca445d0499e557775f0ddd100dc689290ef2f3ac4fec1e9b,100,assumed,unverified
2026-01-30T12:00:00Z,2026-01-30T00:00:00Z,2026-01-30T12:00:00Z,2026-01-30T14:00:00Z,turbine_1,2,7.9,-2.7,0.4955075206267224,january-backtest-v1,d094eb03a52f303931989830f7b4efb0d2e6c3faabb6b6a47793e8f3af157ee1,100,assumed,unverified
2026-01-30T12:00:00Z,2026-01-30T00:00:00Z,2026-01-30T12:00:00Z,2026-01-30T14:00:00Z,turbine_2,2,7.9,-2.7,0.4588497706151083,january-backtest-v1,bc781886f00f59e8ca445d0499e557775f0ddd100dc689290ef2f3ac4fec1e9b,100,assumed,unverified
2026-01-30T12:00:00Z,2026-01-30T00:00:00Z,2026-01-30T12:00:00Z,2026-01-30T15:00:00Z,turbine_1,3,8.01,-2.9,0.5154287632483334,january-backtest-v1,d094eb03a52f303931989830f7b4efb0d2e6c3faabb6b6a47793e8f3af157ee1,100,assumed,unverified
2026-01-30T12:00:00Z,2026-01-30T00:00:00Z,2026-01-30T12:00:00Z,2026-01-30T15:00:00Z,turbine_2,3,8.01,-2.9,0.49581146447275337,january-backtest-v1,bc781886f00f59e8ca445d0499e557775f0ddd100dc689290ef2f3ac4fec1e9b,100,assumed,unverified
2026-01-30T12:00:00Z,2026-01-30T00:00:00Z,2026-01-30T12:00:00Z,2026-01-30T16:00:00Z,turbine_1,4,7.85,-2.9,0.49480998560871614,january-backtest-v1,d094eb03a52f303931989830f7b4efb0d2e6c3faabb6b6a47793e8f3af157ee1,100,assumed,unverified
2026-01-30T12:00:00Z,2026-01-30T00:00:00Z,2026-01-30T12:00:00Z,2026-01-30T16:00:00Z,turbine_2,4,7.85,-2.9,0.4585813499636887,january-backtest-v1,bc781886f00f59e8ca445d0499e557775f0ddd100dc689290ef2f3ac4fec1e9b,100,assumed,unverified
2026-01-30T12:00:00Z,2026-01-30T00:00:00Z,2026-01-30T12:00:00Z,2026-01-30T17:00:00Z,turbine_1,5,7.81,-3.0,0.4914741088723717,january-backtest-v1,d094eb03a52f303931989830f7b4efb0d2e6c3faabb6b6a47793e8f3af157ee1,100,assumed,unverified
2026-01-30T12:00:00Z,2026-01-30T00:00:00Z,2026-01-30T12:00:00Z,2026-01-30T17:00:00Z,turbine_2,5,7.81,-3.0,0.4545658978984491,january-backtest-v1,bc781886f00f59e8ca445d0499e557775f0ddd100dc689290ef2f3ac4fec1e9b,100,assumed,unverified
2026-01-30T12:00:00Z,2026-01-30T00:00:00Z,2026-01-30T12:00:00Z,2026-01-30T18:00:00Z,turbine_1,6,7.57,-3.1,0.44705356837839283,january-backtest-v1,d094eb03a52f303931989830f7b4efb0d2e6c3faabb6b6a47793e8f3af157ee1,100,assumed,unverified
2026-01-30T12:00:00Z,2026-01-30T00:00:00Z,2026-01-30T12:00:00Z,2026-01-30T18:00:00Z,turbine_2,6,7.57,-3.1,0.4134460721067975,january-backtest-v1,bc781886f00f59e8ca445d0499e557775f0ddd100dc689290ef2f3ac4fec1e9b,100,assumed,unverified
2026-01-30T12:00:00Z,2026-01-30T00:00:00Z,2026-01-30T12:00:00Z,2026-01-30T19:00:00Z,turbine_1,7,7.4,-3.5,0.42155706973568435,january-backtest-v1,d094eb03a52f303931989830f7b4efb0d2e6c3faabb6b6a47793e8f3af157ee1,100,assumed,unverified
2026-01-30T12:00:00Z,2026-01-30T00:00:00Z,2026-01-30T12:00:00Z,2026-01-30T19:00:00Z,turbine_2,7,7.4,-3.5,0.3895456424594392,january-backtest-v1,bc781886f00f59e8ca445d0499e557775f0ddd100dc689290ef2f3ac4fec1e9b,100,assumed,unverified
2026-01-30T12:00:00Z,2026-01-30T00:00:00Z,2026-01-30T12:00:00Z,2026-01-30T20:00:00Z,turbine_1,8,7.56,-3.6,0.4466498123846947,january-backtest-v1,d094eb03a52f303931989830f7b4efb0d2e6c3faabb6b6a47793e8f3af157ee1,100,assumed,unverified
2026-01-30T12:00:00Z,2026-01-30T00:00:00Z,2026-01-30T12:00:00Z,2026-01-30T20:00:00Z,turbine_2,8,7.56,-3.6,0.4078842263236727,january-backtest-v1,bc781886f00f59e8ca445d0499e557775f0ddd100dc689290ef2f3ac4fec1e9b,100,assumed,unverified
2026-01-30T12:00:00Z,2026-01-30T00:00:00Z,2026-01-30T12:00:00Z,2026-01-30T21:00:00Z,turbine_1,9,7.6,-3.9,0.4418766212931272,january-backtest-v1,d094eb03a52f303931989830f7b4efb0d2e6c3faabb6b6a47793e8f3af157ee1,100,assumed,unverified
2026-01-30T12:00:00Z,2026-01-30T00:00:00Z,2026-01-30T12:00:00Z,2026-01-30T21:00:00Z,turbine_2,9,7.6,-3.9,0.41301850744377083,january-backtest-v1,bc781886f00f59e8ca445d0499e557775f0ddd100dc689290ef2f3ac4fec1e9b,100,assumed,unverified
2026-01-30T12:00:00Z,2026-01-30T00:00:00Z,2026-01-30T12:00:00Z,2026-01-30T22:00:00Z,turbine_1,10,8.09,-3.8,0.5217649414370411,january-backtest-v1,d094eb03a52f303931989830f7b4efb0d2e6c3faabb6b6a47793e8f3af157ee1,100,assumed,unverified
2026-01-30T12:00:00Z,2026-01-30T00:00:00Z,2026-01-30T12:00:00Z,2026-01-30T22:00:00Z,turbine_2,10,8.09,-3.8,0.4940556035280972,january-backtest-v1,bc781886f00f59e8ca445d0499e557775f0ddd100dc689290ef2f3ac4fec1e9b,100,assumed,unverified
2026-01-30T12:00:00Z,2026-01-30T00:00:00Z,2026-01-30T12:00:00Z,2026-01-30T23:00:00Z,turbine_1,11,8.36,-3.7,0.5824403786780489,january-backtest-v1,d094eb03a52f303931989830f7b4efb0d2e6c3faabb6b6a47793e8f3af157ee1,100,assumed,unverified
2026-01-30T12:00:00Z,2026-01-30T00:00:00Z,2026-01-30T12:00:00Z,2026-01-30T23:00:00Z,turbine_2,11,8.36,-3.7,0.558930955438748,january-backtest-v1,bc781886f00f59e8ca445d0499e557775f0ddd100dc689290ef2f3ac4fec1e9b,100,assumed,unverified
2026-01-30T12:00:00Z,2026-01-30T00:00:00Z,2026-01-30T12:00:00Z,2026-01-31T00:00:00Z,turbine_1,12,8.16,-4.0,0.5476118843566772,january-backtest-v1,d094eb03a52f303931989830f7b4efb0d2e6c3faabb6b6a47793e8f3af157ee1,100,assumed,unverified
2026-01-30T12:00:00Z,2026-01-30T00:00:00Z,2026-01-30T12:00:00Z,2026-01-31T00:00:00Z,turbine_2,12,8.16,-4.0,0.5148194412493307,january-backtest-v1,bc781886f00f59e8ca445d0499e557775f0ddd100dc689290ef2f3ac4fec1e9b,100,assumed,unverified
2026-01-30T12:00:00Z,2026-01-30T00:00:00Z,2026-01-30T12:00:00Z,2026-01-31T01:00:00Z,turbine_1,13,7.97,-4.4,0.4943545984356062,january-backtest-v1,d094eb03a52f303931989830f7b4efb0d2e6c3faabb6b6a47793e8f3af157ee1,100,assumed,unverified
2026-01-30T12:00:00Z,2026-01-30T00:00:00Z,2026-01-30T12:00:00Z,2026-01-31T01:00:00Z,turbine_2,13,7.97,-4.4,0.47061820229944207,january-backtest-v1,bc781886f00f59e8ca445d0499e557775f0ddd100dc689290ef2f3ac4fec1e9b,100,assumed,unverified
2026-01-30T12:00:00Z,2026-01-30T00:00:00Z,2026-01-30T12:00:00Z,2026-01-31T02:00:00Z,turbine_1,14,8.22,-4.7,0.5498441105295149,january-backtest-v1,d094eb03a52f303931989830f7b4efb0d2e6c3faabb6b6a47793e8f3af157ee1,100,assumed,unverified
2026-01-30T12:00:00Z,2026-01-30T00:00:00Z,2026-01-30T12:00:00Z,2026-01-31T02:00:00Z,turbine_2,14,8.22,-4.7,0.5184975193102378,january-backtest-v1,bc781886f00f59e8ca445d0499e557775f0ddd100dc689290ef2f3ac4fec1e9b,100,assumed,unverified
2026-01-30T12:00:00Z,2026-01-30T00:00:00Z,2026-01-30T12:00:00Z,2026-01-31T03:00:00Z,turbine_1,15,8.38,-3.4,0.595061731081831,january-backtest-v1,d094eb03a52f303931989830f7b4efb0d2e6c3faabb6b6a47793e8f3af157ee1,100,assumed,unverified
2026-01-30T12:00:00Z,2026-01-30T00:00:00Z,2026-01-30T12:00:00Z,2026-01-31T03:00:00Z,turbine_2,15,8.38,-3.4,0.559936489863951,january-backtest-v1,bc781886f00f59e8ca445d0499e557775f0ddd100dc689290ef2f3ac4fec1e9b,100,assumed,unverified
2026-01-30T12:00:00Z,2026-01-30T00:00:00Z,2026-01-30T12:00:00Z,2026-01-31T04:00:00Z,turbine_1,16,8.64,-0.1,0.6392234139309654,january-backtest-v1,d094eb03a52f303931989830f7b4efb0d2e6c3faabb6b6a47793e8f3af157ee1,100,assumed,unverified
2026-01-30T12:00:00Z,2026-01-30T00:00:00Z,2026-01-30T12:00:00Z,2026-01-31T04:00:00Z,turbine_2,16,8.64,-0.1,0.6078499894834289,january-backtest-v1,bc781886f00f59e8ca445d0499e557775f0ddd100dc689290ef2f3ac4fec1e9b,100,assumed,unverified
2026-01-30T12:00:00Z,2026-01-30T00:00:00Z,2026-01-30T12:00:00Z,2026-01-31T05:00:00Z,turbine_1,17,8.54,2.5,0.6319823385214602,january-backtest-v1,d094eb03a52f303931989830f7b4efb0d2e6c3faabb6b6a47793e8f3af157ee1,100,assumed,unverified
2026-01-30T12:00:00Z,2026-01-30T00:00:00Z,2026-01-30T12:00:00Z,2026-01-31T05:00:00Z,turbine_2,17,8.54,2.5,0.5840578489940454,january-backtest-v1,bc781886f00f59e8ca445d0499e557775f0ddd100dc689290ef2f3ac4fec1e9b,100,assumed,unverified
2026-01-30T12:00:00Z,2026-01-30T00:00:00Z,2026-01-30T12:00:00Z,2026-01-31T06:00:00Z,turbine_1,18,8.68,4.0,0.6535460032907983,january-backtest-v1,d094eb03a52f303931989830f7b4efb0d2e6c3faabb6b6a47793e8f3af157ee1,100,assumed,unverified
2026-01-30T12:00:00Z,2026-01-30T00:00:00Z,2026-01-30T12:00:00Z,2026-01-31T06:00:00Z,turbine_2,18,8.68,4.0,0.610707800385123,january-backtest-v1,bc781886f00f59e8ca445d0499e557775f0ddd100dc689290ef2f3ac4fec1e9b,100,assumed,unverified
2026-01-30T12:00:00Z,2026-01-30T00:00:00Z,2026-01-30T12:00:00Z,2026-01-31T07:00:00Z,turbine_1,19,8.64,5.1,0.6373706291825946,january-backtest-v1,d094eb03a52f303931989830f7b4efb0d2e6c3faabb6b6a47793e8f3af157ee1,100,assumed,unverified
2026-01-30T12:00:00Z,2026-01-30T00:00:00Z,2026-01-30T12:00:00Z,2026-01-31T07:00:00Z,turbine_2,19,8.64,5.1,0.6050369293728615,january-backtest-v1,bc781886f00f59e8ca445d0499e557775f0ddd100dc689290ef2f3ac4fec1e9b,100,assumed,unverified
2026-01-30T12:00:00Z,2026-01-30T00:00:00Z,2026-01-30T12:00:00Z,2026-01-31T08:00:00Z,turbine_1,20,8.98,5.7,0.6782608954401392,january-backtest-v1,d094eb03a52f303931989830f7b4efb0d2e6c3faabb6b6a47793e8f3af157ee1,100,assumed,unverified
2026-01-30T12:00:00Z,2026-01-30T00:00:00Z,2026-01-30T12:00:00Z,2026-01-31T08:00:00Z,turbine_2,20,8.98,5.7,0.648342547589754,january-backtest-v1,bc781886f00f59e8ca445d0499e557775f0ddd100dc689290ef2f3ac4fec1e9b,100,assumed,unverified
2026-01-30T12:00:00Z,2026-01-30T00:00:00Z,2026-01-30T12:00:00Z,2026-01-31T09:00:00Z,turbine_1,21,8.13,6.0,0.5350720868449941,january-backtest-v1,d094eb03a52f303931989830f7b4efb0d2e6c3faabb6b6a47793e8f3af157ee1,100,assumed,unverified
2026-01-30T12:00:00Z,2026-01-30T00:00:00Z,2026-01-30T12:00:00Z,2026-01-31T09:00:00Z,turbine_2,21,8.13,6.0,0.5069749361044338,january-backtest-v1,bc781886f00f59e8ca445d0499e557775f0ddd100dc689290ef2f3ac4fec1e9b,100,assumed,unverified
2026-01-30T12:00:00Z,2026-01-30T00:00:00Z,2026-01-30T12:00:00Z,2026-01-31T10:00:00Z,turbine_1,22,7.77,5.3,0.4976441639276896,january-backtest-v1,d094eb03a52f303931989830f7b4efb0d2e6c3faabb6b6a47793e8f3af157ee1,100,assumed,unverified
2026-01-30T12:00:00Z,2026-01-30T00:00:00Z,2026-01-30T12:00:00Z,2026-01-31T10:00:00Z,turbine_2,22,7.77,5.3,0.46738881899407003,january-backtest-v1,bc781886f00f59e8ca445d0499e557775f0ddd100dc689290ef2f3ac4fec1e9b,100,assumed,unverified
2026-01-30T12:00:00Z,2026-01-30T00:00:00Z,2026-01-30T12:00:00Z,2026-01-31T11:00:00Z,turbine_1,23,8.25,3.4,0.5722170960604859,january-backtest-v1,d094eb03a52f303931989830f7b4efb0d2e6c3faabb6b6a47793e8f3af157ee1,100,assumed,unverified
2026-01-30T12:00:00Z,2026-01-30T00:00:00Z,2026-01-30T12:00:00Z,2026-01-31T11:00:00Z,turbine_2,23,8.25,3.4,0.5385072919091759,january-backtest-v1,bc781886f00f59e8ca445d0499e557775f0ddd100dc689290ef2f3ac4fec1e9b,100,assumed,unverified
2026-01-30T12:00:00Z,2026-01-30T00:00:00Z,2026-01-30T12:00:00Z,2026-01-31T12:00:00Z,turbine_1,24,6.49,1.5,0.2757197513264393,january-backtest-v1,d094eb03a52f303931989830f7b4efb0d2e6c3faabb6b6a47793e8f3af157ee1,100,assumed,unverified
2026-01-30T12:00:00Z,2026-01-30T00:00:00Z,2026-01-30T12:00:00Z,2026-01-31T12:00:00Z,turbine_2,24,6.49,1.5,0.2591095963701741,january-backtest-v1,bc781886f00f59e8ca445d0499e557775f0ddd100dc689290ef2f3ac4fec1e9b,100,assumed,unverified
2026-01-30T12:00:00Z,2026-01-30T00:00:00Z,2026-01-30T12:00:00Z,2026-01-31T13:00:00Z,turbine_1,25,4.35,0.2,0.053752123814370945,january-backtest-v1,d094eb03a52f303931989830f7b4efb0d2e6c3faabb6b6a47793e8f3af157ee1,100,assumed,unverified
2026-01-30T12:00:00Z,2026-01-30T00:00:00Z,2026-01-30T12:00:00Z,2026-01-31T13:00:00Z,turbine_2,25,4.35,0.2,0.05069201964455533,january-backtest-v1,bc781886f00f59e8ca445d0499e557775f0ddd100dc689290ef2f3ac4fec1e9b,100,assumed,unverified
2026-01-30T12:00:00Z,2026-01-30T00:00:00Z,2026-01-30T12:00:00Z,2026-01-31T14:00:00Z,turbine_1,26,3.09,0.4,0.016930879393647902,january-backtest-v1,d094eb03a52f303931989830f7b4efb0d2e6c3faabb6b6a47793e8f3af157ee1,100,assumed,unverified
2026-01-30T12:00:00Z,2026-01-30T00:00:00Z,2026-01-30T12:00:00Z,2026-01-31T14:00:00Z,turbine_2,26,3.09,0.4,0.013858207823078117,january-backtest-v1,bc781886f00f59e8ca445d0499e557775f0ddd100dc689290ef2f3ac4fec1e9b,100,assumed,unverified
2026-01-30T12:00:00Z,2026-01-30T00:00:00Z,2026-01-30T12:00:00Z,2026-01-31T15:00:00Z,turbine_1,27,2.03,0.8,0.008715920779889197,january-backtest-v1,d094eb03a52f303931989830f7b4efb0d2e6c3faabb6b6a47793e8f3af157ee1,100,assumed,unverified
2026-01-30T12:00:00Z,2026-01-30T00:00:00Z,2026-01-30T12:00:00Z,2026-01-31T15:00:00Z,turbine_2,27,2.03,0.8,0.009388738266308538,january-backtest-v1,bc781886f00f59e8ca445d0499e557775f0ddd100dc689290ef2f3ac4fec1e9b,100,assumed,unverified
2026-01-30T12:00:00Z,2026-01-30T00:00:00Z,2026-01-30T12:00:00Z,2026-01-31T16:00:00Z,turbine_1,28,0.9,1.2,0.008499679568658991,january-backtest-v1,d094eb03a52f303931989830f7b4efb0d2e6c3faabb6b6a47793e8f3af157ee1,100,assumed,unverified
2026-01-30T12:00:00Z,2026-01-30T00:00:00Z,2026-01-30T12:00:00Z,2026-01-31T16:00:00Z,turbine_2,28,0.9,1.2,0.008829168121070707,january-backtest-v1,bc781886f00f59e8ca445d0499e557775f0ddd100dc689290ef2f3ac4fec1e9b,100,assumed,unverified
2026-01-30T12:00:00Z,2026-01-30T00:00:00Z,2026-01-30T12:00:00Z,2026-01-31T17:00:00Z,turbine_1,29,0.45,1.0,0.008486271247109267,january-backtest-v1,d094eb03a52f303931989830f7b4efb0d2e6c3faabb6b6a47793e8f3af157ee1,100,assumed,unverified
2026-01-30T12:00:00Z,2026-01-30T00:00:00Z,2026-01-30T12:00:00Z,2026-01-31T17:00:00Z,turbine_2,29,0.45,1.0,0.009154552222259082,january-backtest-v1,bc781886f00f59e8ca445d0499e557775f0ddd100dc689290ef2f3ac4fec1e9b,100,assumed,unverified
2026-01-30T12:00:00Z,2026-01-30T00:00:00Z,2026-01-30T12:00:00Z,2026-01-31T18:00:00Z,turbine_1,30,1.0,-0.6,0.0071628227773904984,january-backtest-v1,d094eb03a52f303931989830f7b4efb0d2e6c3faabb6b6a47793e8f3af157ee1,100,assumed,unverified
2026-01-30T12:00:00Z,2026-01-30T00:00:00Z,2026-01-30T12:00:00Z,2026-01-31T18:00:00Z,turbine_2,30,1.0,-0.6,0.008822099573258246,january-backtest-v1,bc781886f00f59e8ca445d0499e557775f0ddd100dc689290ef2f3ac4fec1e9b,100,assumed,unverified
