timestamp,mean_normalized_power,observations_count,Linear Regression,Random Forest,CatBoost
2025-08-01 00:00:00,0.01,6,-0.12918521463908883,0.009959202841322685,0.011862784948668992
2025-08-01 01:00:00,0.01,6,-0.06993046441386619,0.01169139659177838,0.012140038294019495
2025-08-01 02:00:00,0.0133333333333333,6,-0.05039242482554568,0.014031895492623878,0.01662765389536841
2025-08-01 03:00:00,0.01,6,-0.10467493059925108,0.010037212856482628,0.011905184032905303
2025-08-01 04:00:00,0.0116666666666666,6,-0.06049600336733316,0.014507231604329922,0.012794659802091213
2025-08-01 05:00:00,0.0166666666666666,6,-0.0474285250043317,0.013917086602037549,0.0162757565905709
2025-08-01 06:00:00,0.3283333333333333,6,0.43636931515222344,0.39504608669145214,0.3860524226811718
2025-08-01 07:00:00,0.4299999999999999,6,0.4547424524062852,0.4052489831838288,0.4055738511842422
2025-08-01 08:00:00,0.4283333333333332,6,0.4648391894329893,0.4267623454441942,0.43274543219088646
2025-08-01 09:00:00,0.5033333333333333,6,0.5099920608288717,0.5001840296093719,0.4854022359513687
2025-08-01 10:00:00,0.485,6,0.49794135741816403,0.48065874224529825,0.47178653296899353
2025-08-01 11:00:00,0.2266666666666666,6,0.3159615491299853,0.22653708366460795,0.23501064764181395
2025-08-01 12:00:00,0.1216666666666666,6,0.1946393031016167,0.1294825643123528,0.12247846115485245
2025-08-01 13:00:00,0.0599999999999999,6,0.07697754306631704,0.05429027745437651,0.05775646262852424
2025-08-01 14:00:00,0.0066666666666666,6,-0.09741998429236493,0.009759919314546334,0.01346925077549771
2025-08-01 15:00:00,0.01,6,-0.10404548920087987,0.010155163035173014,0.012954178392754201
2025-08-01 16:00:00,0.01,6,-0.11386669948058149,0.008823724229385129,0.014495675485464043
2025-08-01 17:00:00,0.01,6,-0.1107039313074631,0.009646474835853291,0.012954178392754201
2025-08-01 18:00:00,0.0766666666666666,6,0.08174664626068084,0.06052583293844914,0.05803981782354528
2025-08-01 19:00:00,0.485,6,0.4877978984273861,0.45373587839523005,0.4555579069975123
2025-08-01 20:00:00,0.385,6,0.4255954495932447,0.3601244517179664,0.3640806074893518
2025-08-01 21:00:00,0.135,6,0.22438980379358753,0.15356053383212617,0.1461508637581311
2025-08-01 22:00:00,0.1616666666666666,6,0.26139924370402823,0.189722860480619,0.186720198940244
2025-08-01 23:00:00,0.4733333333333333,6,0.6821023343136995,0.6646940286203495,0.7008435223267697
2025-08-02 00:00:00,0.94,6,1.0350360847767979,0.9751906246392019,0.9668517562861563
2025-08-02 01:00:00,0.6283333333333333,6,0.5769645023856489,0.5413155155337722,0.5880696985009655
2025-08-02 02:00:00,0.5316666666666667,6,0.5258667145124898,0.4842484740073985,0.5139360748001413
2025-08-02 03:00:00,0.955,6,0.8121631160594869,0.9265093903907784,0.9060251550408919
2025-08-02 04:00:00,0.815,6,0.728256592455866,0.7634852330074048,0.7930807355775614
2025-08-02 05:00:00,0.9233333333333335,6,0.8134972564025724,0.922615490527597,0.9048851959065729
2025-08-02 06:00:00,0.8449999999999998,6,0.7531065220352939,0.8545912700347094,0.8408858248283254
2025-08-02 07:00:00,0.945,6,0.8445226871791789,0.9463720773659784,0.9386499763126303
2025-08-02 08:00:00,0.9083333333333332,6,0.800516583924314,0.9119839825276271,0.9070466329945512
2025-08-02 09:00:00,0.3349999999999999,6,0.3917373321337909,0.31912720476008205,0.3259507687910863
2025-08-02 10:00:00,0.1266666666666666,6,0.19969006152676255,0.11456089442506193,0.12196415047265202
2025-08-02 11:00:00,0.0766666666666666,6,0.12152152370335928,0.07585796932874873,0.07739154616166444
2025-08-02 12:00:00,0.0516666666666666,6,0.07477752723441544,0.05094039483636989,0.05403639201064181
2025-08-02 13:00:00,0.0483333333333333,6,0.06892630946509926,0.05488349653887704,0.05153140996849598
2025-08-02 14:00:00,0.2766666666666666,6,0.33244834823887115,0.26161678768381397,0.25883811956091596
2025-08-02 15:00:00,0.4299999999999999,6,0.4471881236187325,0.3973290063024857,0.3986243662351097
2025-08-02 16:00:00,0.4849999999999999,6,0.4940128731301978,0.48267070625586805,0.4639996772427189
2025-08-02 17:00:00,0.2566666666666666,6,0.32039319366508856,0.24240715393570486,0.24514534564650667
2025-08-02 18:00:00,0.2699999999999999,6,0.34767359596619896,0.27566669041200514,0.28099406952287825
2025-08-02 19:00:00,0.2916666666666666,6,0.3447464227829584,0.2645523168209529,0.2804586454889563
2025-08-02 20:00:00,0.3383333333333333,6,0.3756147734237443,0.2943934886602183,0.30507218231953664
2025-08-02 21:00:00,0.535,6,0.5106245534219922,0.5037378468929352,0.48599401918553536
2025-08-02 22:00:00,0.515,6,0.5207550919611839,0.5103067924800018,0.5049828520732343
2025-08-02 23:00:00,0.3866666666666666,6,0.42795384203259546,0.35869129818736584,0.37535110914231545
2025-08-03 00:00:00,0.315,6,0.3817774559051753,0.3166778394023283,0.3182311412708133
2025-08-03 01:00:00,0.3233333333333333,6,0.3997405716327298,0.34914357925221895,0.33889200513244944
2025-08-03 02:00:00,0.3083333333333333,6,0.38749814659271853,0.3243822143936802,0.3236602624439486
2025-08-03 03:00:00,0.27,6,0.3538556082570896,0.2809014650504215,0.2875777096878426
2025-08-03 04:00:00,0.1933333333333333,6,0.2644885072930654,0.1822816102699618,0.18457057933840398
2025-08-03 05:00:00,0.0533333333333333,6,0.059162121683089375,0.04569676206233624,0.028560114228106392
2025-08-03 06:00:00,0.135,6,0.20991234057911612,0.11813547692556685,0.1310920005450761
2025-08-03 07:00:00,0.1083333333333333,6,0.17418067935680998,0.10867997059180866,0.10547042109223298
2025-08-03 08:00:00,0.0733333333333333,6,0.10511702888843644,0.07256332694349214,0.06731996364561138
2025-08-03 09:00:00,0.0499999999999999,6,0.06782224516271868,0.052657127673436596,0.05000629653661304
2025-08-03 10:00:00,0.0816666666666666,6,0.1251145084072925,0.0841438311163919,0.08135715642717523
2025-08-03 11:00:00,0.14,6,0.20027560347027779,0.12941441011447127,0.1251086953470783
2025-08-03 12:00:00,0.1533333333333333,6,0.24766183395905828,0.1639545947161893,0.1690665199546915
2025-08-03 13:00:00,0.2216666666666666,6,0.2975527025963429,0.21152951745797244,0.20988738862687356
2025-08-03 14:00:00,0.2949999999999999,6,0.35289918875175974,0.27809508065400507,0.2857818914148165
2025-08-03 15:00:00,0.2316666666666666,6,0.3044897487389594,0.23009520167850123,0.2146246005408156
2025-08-03 16:00:00,0.1183333333333333,6,0.19657879778259213,0.12871049696297335,0.12273123287769355
2025-08-03 17:00:00,0.26,6,0.32343507444731123,0.24297111740881902,0.24354238884768262
2025-08-03 18:00:00,0.5166666666666667,6,0.5161689611139471,0.5142382834558554,0.4859472483767816
2025-08-03 19:00:00,0.0999999999999999,6,0.14261177484643783,0.09360547328924387,0.09528714065144278
2025-08-03 20:00:00,0.3116666666666667,6,0.3434554184357198,0.2612037768146837,0.28025018577844907
2025-08-03 21:00:00,0.7383333333333334,6,0.6980770708492985,0.7785828184433761,0.7545974020762527
2025-08-03 22:00:00,0.96,6,0.9300782244288301,0.9425369697190522,0.9434698851440746
2025-08-03 23:00:00,0.24,6,0.30629930065891586,0.22371684947799086,0.21465373958346945
2025-08-04 00:00:00,0.025,6,0.008524332847367366,0.02653196394433288,0.02636337441909853
2025-08-04 01:00:00,0.0116666666666666,6,-0.04462012885364397,0.012920119316720557,0.015803158385998273
2025-08-04 02:00:00,0.0166666666666666,6,-0.022462921775662892,0.01906462838755408,0.019451566296824985
2025-08-04 03:00:00,0.0383333333333333,6,0.034591228296904086,0.030277952254191127,0.033074392091191895
2025-08-04 04:00:00,0.0566666666666666,6,0.12884404694093898,0.0746427494669161,0.07120869298723687
2025-08-04 05:00:00,0.1499999999999999,6,0.23628955555225406,0.15116172693609398,0.13849597485762208
2025-08-04 06:00:00,0.2049999999999999,6,0.27271442044986705,0.16437534268903603,0.17342181183098365
2025-08-04 07:00:00,0.3999999999999999,6,0.42762271620922176,0.3788437766888737,0.3762067442499527
2025-08-04 08:00:00,0.5733333333333333,6,0.5477877666132625,0.5539722309463775,0.5644069520390204
2025-08-04 09:00:00,0.4266666666666665,6,0.45153952379051054,0.40626090887328226,0.4088789800834104
2025-08-04 10:00:00,0.275,6,0.3542726747703583,0.28036806341156534,0.28449501703982344
2025-08-04 11:00:00,0.1216666666666666,6,0.18743397867043776,0.11601185093147932,0.11466890532424728
2025-08-04 12:00:00,0.0216666666666666,6,-0.028090319818174114,0.016376240641616285,0.019966350326257987
2025-08-04 13:00:00,0.0083333333333333,6,-0.09782695374369402,0.00963955121230601,0.01409621341826739
2025-08-04 14:00:00,0.025,6,-0.02773767730501084,0.021464500870848918,0.019337766447007465
2025-08-04 15:00:00,0.2466666666666666,6,0.30504525251561077,0.22616795558854633,0.21655078467069702
2025-08-04 16:00:00,0.4016666666666666,6,0.4304471370752365,0.34496890840637384,0.3756567645325601
2025-08-04 17:00:00,0.3933333333333333,6,0.44040403775066095,0.38492698274872744,0.38711198544665537
2025-08-04 18:00:00,0.4566666666666667,6,0.4689854397251101,0.37996818117636527,0.4320375551537374
2025-08-04 19:00:00,0.3116666666666667,6,0.3172803777890477,0.23157400363711114,0.23771591860521443
2025-08-04 20:00:00,0.2616666666666666,6,0.298215232475898,0.20833714548485455,0.209870579716598
2025-08-04 21:00:00,0.2899999999999999,6,0.3491487421825017,0.2707057370792596,0.2799313767231305
2025-08-04 22:00:00,0.4049999999999999,6,0.4273576691340919,0.36161728895144424,0.37565175706067494
2025-08-04 23:00:00,0.5266666666666667,6,0.5090565728121481,0.5046918364124567,0.4919727782840272
2025-08-05 00:00:00,0.82,6,0.6873572774486729,0.7669942491602075,0.7406583606788404
2025-08-05 01:00:00,0.4733333333333333,6,0.47192365080669596,0.4469500697416128,0.43708803769543647
2025-08-05 02:00:00,0.2683333333333333,6,0.3241888865885366,0.24252679283743936,0.24325042988349121
2025-08-05 03:00:00,0.0649999999999999,6,0.07629255389970885,0.05248744470790484,0.05339377462473627
2025-08-05 04:00:00,0.01,6,-0.08087372102564508,0.011221988123523088,0.007956690831904312
2025-08-05 05:00:00,0.01,6,-0.16309778598640032,0.010004511064152484,0.009053439895955917
2025-08-05 06:00:00,0.01,6,-0.16977403186485435,0.010004511064152484,0.009194633614846126
2025-08-05 07:00:00,0.01,6,-0.08719027940417426,0.01027099450280738,0.007353986864597428
2025-08-05 08:00:00,0.0083333333333333,6,-0.059097565973833865,0.014354696268293322,0.012794659802091213
2025-08-05 09:00:00,0.0283333333333333,6,0.006990866781315108,0.029270576751477796,0.02878357148794425
2025-08-05 10:00:00,0.0883333333333333,6,0.1413530972822319,0.09327074128443102,0.08946331684287118
2025-08-05 11:00:00,0.0766666666666666,6,0.11166600323197384,0.07309727001723432,0.07062837983011239
2025-08-05 12:00:00,0.07,6,0.10010294579313,0.07481696944548626,0.0631754189977779
2025-08-05 13:00:00,0.1883333333333333,6,0.25043653033309765,0.16479052980209716,0.17119925607216596
2025-08-05 14:00:00,0.1416666666666666,6,0.3420388216351268,0.26125595036780697,0.25744097523026016
2025-08-05 15:00:00,0.445,6,0.4713295387192593,0.44487018227425096,0.42556282025501524
2025-08-05 16:00:00,0.3916666666666666,6,0.42807096607786743,0.36209171240473964,0.36588252515977726
2025-08-05 17:00:00,0.5983333333333333,6,0.5733676273863998,0.5766731478682307,0.5658190743009752
2025-08-05 18:00:00,0.6099999999999999,6,0.5868856181399346,0.6106228023596189,0.5807890926993672
2025-08-05 19:00:00,0.4249999999999999,6,0.46042351742465015,0.4095799287524185,0.41879390786284393
2025-08-05 20:00:00,0.1333333333333333,6,0.1768100969523833,0.1063666557039276,0.10871757160894124
2025-08-05 21:00:00,0.1116666666666666,6,0.1876147380429536,0.11523156927046463,0.11386214759304131
2025-08-05 22:00:00,0.2933333333333333,6,0.3710672256734402,0.300325211752088,0.2985776068842586
2025-08-05 23:00:00,0.4299999999999999,6,0.43294602670860793,0.3931629893906214,0.3866994967753212
2025-08-06 00:00:00,0.55,6,0.5160385861957183,0.5155691313406602,0.49576057852038535
2025-08-06 01:00:00,0.5083333333333334,6,0.5103217614700671,0.493949123814508,0.49643288962672844
2025-08-06 02:00:00,0.0383333333333333,6,0.01605795883184452,0.02830772319685722,0.02550352106076087
2025-08-06 03:00:00,0.01,6,-0.05602763219425641,0.010944460537942756,0.018310096537934306
2025-08-06 04:00:00,0.01,6,-0.09265144196576053,0.010047743544058978,0.011116486114299828
2025-08-06 05:00:00,0.01,6,-0.1109585778739935,0.010004961039820754,0.011139883011277274
2025-08-06 06:00:00,0.0166666666666666,6,-0.008714117616695632,0.019484922302521888,0.01710965304758766
2025-08-06 07:00:00,0.0283333333333333,6,-0.005835777636300943,0.018860242901971417,0.022826751367749976
2025-08-06 08:00:00,0.01,6,-0.11585843683566144,0.010011899705640622,0.0027771973760237767
2025-08-06 09:00:00,0.01,6,-0.10369689178786348,0.01002708520349479,0.011640282435575577
2025-08-06 10:00:00,0.01,6,-0.13907000981832912,0.009930697991720482,0.011275033966167913
2025-08-06 11:00:00,0.0083333333333333,6,-0.11326973878964532,0.009868667432403607,0.013130244614365627
2025-08-06 12:00:00,0.01,6,-0.07692656777095966,0.010828567096104812,0.013319022611669395
2025-08-06 13:00:00,0.05,6,0.057772663137726665,0.05143562377351412,0.03945209858763854
2025-08-06 14:00:00,0.015,6,-0.03282953788964749,0.016658070445489545,0.017857546088765663
2025-08-06 15:00:00,0.0416666666666666,6,0.03335666300703216,0.04117058049170308,0.037551753680630184
2025-08-06 16:00:00,0.1683333333333333,6,0.2423702911358031,0.1566753680963495,0.1637000871298425
2025-08-06 17:00:00,0.3183333333333333,6,0.38532476121728,0.32066626778387286,0.3197043835285374
2025-08-06 18:00:00,0.4733333333333333,6,0.49234130022213296,0.46180305672355776,0.46049222528906997
2025-08-06 19:00:00,0.6433333333333333,6,0.6089556628175206,0.6186151438026836,0.5955926889665709
2025-08-06 20:00:00,0.6583333333333333,6,0.6106998499009663,0.6194383757033796,0.6059173374032087
2025-08-06 21:00:00,0.5999999999999999,6,0.5976760162130078,0.5993918381133126,0.5883259498911564
2025-08-06 22:00:00,0.225,6,0.29990936552642644,0.20500280748423044,0.2100860125204614
2025-08-06 23:00:00,0.0133333333333333,6,-0.05349621142574476,0.013861966723811544,0.015823629558322616
2025-08-07 00:00:00,0.01,6,-0.14290064944277822,0.009965164772902211,0.010819431032059124
2025-08-07 01:00:00,0.01,6,-0.16733992186681115,0.009971214189236497,0.010523644019049538
2025-08-07 02:00:00,0.01,6,-0.18652905795416855,0.00999473538707022,0.011376065220476295
2025-08-07 03:00:00,0.01,6,-0.16692285535354257,0.010013880309099743,0.009268504363064478
2025-08-07 04:00:00,0.01,6,-0.13466278188464884,0.010002721497787581,0.007674434071446912
2025-08-07 05:00:00,0.01,6,-0.134499114133129,0.010002721497787581,0.007075352615695529
2025-08-07 06:00:00,0.01,6,-0.05377995356187515,0.012369508683628,0.01546800377137253
2025-08-07 07:00:00,0.01,6,-0.1620535423575058,0.010010436915974781,0.0019492526833638224
2025-08-07 08:00:00,0.0116666666666666,6,-0.10230730541238,0.01002866416612699,0.01175252478269867
2025-08-07 09:00:00,0.1716666666666666,6,0.22856784609526332,0.15022189876260625,0.15092729410871528
2025-08-07 10:00:00,0.3166666666666666,6,0.39575325881581747,0.33059658768381095,0.32789650128031433
2025-08-07 11:00:00,0.3283333333333333,6,0.3928087653260499,0.3217023659006964,0.32746896665697633
2025-08-07 12:00:00,0.19,6,0.267719744566436,0.1872779741924871,0.18690189976390148
2025-08-07 13:00:00,0.045,6,0.08687889597350446,0.06526633254657697,0.05985288578528286
2025-08-07 14:00:00,0.0333333333333333,6,0.021872222158085153,0.03398144510192666,0.033931737734070044
2025-08-07 15:00:00,0.0249999999999999,6,0.007910026636051587,0.0334867537780315,0.031148417614875468
2025-08-07 16:00:00,0.1083333333333333,6,0.14438895043608563,0.0906311822640923,0.09681074852077542
2025-08-07 17:00:00,0.52,6,0.5226154874673475,0.5067034954564551,0.4906343876118904
2025-08-07 18:00:00,0.7866666666666666,6,0.6942877620698713,0.7028054943347803,0.6794517476039429
2025-08-07 19:00:00,0.3899999999999999,6,0.4112681745718054,0.3640759154639161,0.3530437464609484
2025-08-07 20:00:00,0.2066666666666666,6,0.28895926739956435,0.20895365605562896,0.1983567916073588
2025-08-07 21:00:00,0.0633333333333333,6,0.10617203130244007,0.07158307288125605,0.06986384335951906
2025-08-07 22:00:00,0.1499999999999999,6,0.20973987311771458,0.133942929721522,0.1341161531302364
2025-08-07 23:00:00,0.2083333333333332,6,0.3128657483529538,0.2286796512098124,0.2208048538133366
2025-08-08 00:00:00,0.0216666666666666,6,-0.05287847052931763,0.013749562615034702,0.015823629558322616
2025-08-08 01:00:00,0.01,6,-0.1522894310974827,0.009963759237640746,0.011296155195810065
2025-08-08 02:00:00,0.0116666666666666,6,-0.04182371143770766,0.015387049408342379,0.01568052764820399
2025-08-08 03:00:00,0.0433333333333333,6,0.05692599050867875,0.04855149762732985,0.03782194450447218
2025-08-08 04:00:00,0.0399999999999999,6,0.032051466070001866,0.03521374876869213,0.0342897938000275
2025-08-08 05:00:00,0.0183333333333333,6,-0.032400110912123026,0.014140321379095525,0.016571746325056813
2025-08-08 06:00:00,0.0483333333333333,6,0.059843218793524056,0.050818552843962354,0.03775917038515897
2025-08-08 07:00:00,0.3383333333333333,6,0.374870320099302,0.30751582505082714,0.30406516421062624
2025-08-08 08:00:00,0.055,6,0.044910919855565334,0.04282001208309785,0.036065064038785066
2025-08-08 09:00:00,0.1449999999999999,6,0.1901762213117526,0.10440281526259704,0.11594361295175198
2025-08-08 10:00:00,0.0233333333333333,6,-0.034645601783745816,0.017054138237657834,0.017375942575240166
2025-08-08 11:00:00,0.0316666666666666,6,0.0026942004910598394,0.025950643117382023,0.030608620221688754
2025-08-08 12:00:00,0.01,6,-0.05997119771985726,0.013053160056720803,0.01315393456986419
2025-08-08 13:00:00,0.01,6,-0.07696586301876732,0.011273639770715065,0.013881285011952904
2025-08-08 14:00:00,0.0116666666666666,6,-0.06898528539813126,0.011091750952080077,0.013585765739398736
2025-08-08 15:00:00,0.0316666666666666,6,0.005910431287924844,0.033224225286891396,0.031575446410788854
2025-08-08 16:00:00,0.1033333333333333,6,0.16219236610985138,0.09907526126551865,0.10714555527642133
2025-08-08 17:00:00,0.2866666666666666,6,0.36498514407098603,0.2782686942805832,0.2866702148772286
2025-08-08 18:00:00,0.2483333333333333,6,0.3295078989688214,0.2475241302203364,0.23923281589502332
2025-08-08 19:00:00,0.1999999999999999,6,0.2862989734169894,0.20585395769237805,0.1971200165790299
2025-08-08 20:00:00,0.2066666666666666,6,0.2705221130887547,0.1878019627631396,0.18790883443887957
2025-08-08 21:00:00,0.1299999999999999,6,0.1824723660543378,0.11551879164993875,0.11073937860148347
2025-08-08 22:00:00,0.0916666666666666,6,0.13707637121647198,0.08513820560691944,0.08537572665595505
2025-08-08 23:00:00,0.0233333333333333,6,-0.0010575938579612254,0.025073214824224997,0.029276565745129046
2025-08-09 00:00:00,0.0116666666666666,6,-0.0638914161909909,0.012405861343843702,0.012171596400001428
2025-08-09 01:00:00,0.0216666666666666,6,-0.005585710062966209,0.021334308424329342,0.02471656617397916
2025-08-09 02:00:00,0.0683333333333333,6,0.08704141853651093,0.059821968713635126,0.056852672502703094
2025-08-09 03:00:00,0.3066666666666667,6,0.36042637928408183,0.28699180350335907,0.29449595913477117
2025-08-09 04:00:00,0.3683333333333333,6,0.3580267325216957,0.2827071769917356,0.28341355675486635
2025-08-09 05:00:00,0.1483333333333333,6,0.2166308320447164,0.13131726713691347,0.14536265367840978
2025-08-09 06:00:00,0.2066666666666666,6,0.2802541001569947,0.19662562259139363,0.18961894891893194
2025-08-09 07:00:00,0.1883333333333333,6,0.24270919843023708,0.15639620532332535,0.16088356237780632
2025-08-09 08:00:00,0.4166666666666666,6,0.45139566931379427,0.4103151916592431,0.41066479692525576
2025-08-09 09:00:00,0.845,6,0.7594543646246106,0.8348784877767084,0.7960122505481628
2025-08-09 10:00:00,0.6633333333333333,6,0.6193118010204905,0.5916917893062826,0.5997289774396297
2025-08-09 11:00:00,0.1916666666666666,6,0.2636993928156161,0.18530927942764222,0.18389613245080436
2025-08-09 12:00:00,0.025,6,-0.024826094919030123,0.020077098352070433,0.022081205147546967
2025-08-09 13:00:00,0.01,6,-0.07344589943357144,0.009039236754087625,0.014233746241023859
2025-08-09 14:00:00,0.1133333333333333,6,0.16563055929413334,0.09864011148414073,0.09899587548025285
2025-08-09 15:00:00,0.18,6,0.26083290550070987,0.17314784799264551,0.17956701340010361
2025-08-09 16:00:00,0.405,6,0.4355650933428583,0.31823867375688747,0.35580821641348165
2025-08-09 17:00:00,0.3183333333333333,6,0.3611802184000177,0.2675335414555627,0.28246373577352313
2025-08-09 18:00:00,0.1083333333333333,6,0.15782138134880086,0.09599475964428138,0.10394816471280355
2025-08-09 19:00:00,0.065,6,0.06391647406118917,0.05595131967777901,0.046077071127684666
2025-08-09 20:00:00,0.0916666666666666,6,0.137113886527307,0.08675310366309102,0.08505574174275476
2025-08-09 21:00:00,0.1466666666666666,6,0.23337573673866735,0.14178289788808993,0.1544501687012083
2025-08-09 22:00:00,0.1683333333333333,6,0.24950455264304305,0.1605163765703926,0.16866106413135531
2025-08-09 23:00:00,0.5716666666666665,6,0.5719841199474196,0.5802253891375557,0.5538650059516326
2025-08-10 00:00:00,0.5316666666666666,6,0.5302993520725621,0.5155584593843363,0.49570418485596024
2025-08-10 01:00:00,0.1466666666666667,6,0.12614725588635056,0.08474463558430113,0.081466147634908
2025-08-10 02:00:00,0.0083333333333333,6,-0.06529595773484584,0.011039181104600261,0.012396510499883606
2025-08-10 03:00:00,0.01,6,-0.15688909281134134,0.009934406322924607,0.010708404213309097
2025-08-10 04:00:00,0.01,6,-0.06540621417075318,0.011087983726094298,0.011323559495635627
2025-08-10 05:00:00,0.01,6,-0.0919527184608519,0.01003702838631402,0.01197861942271028
2025-08-10 06:00:00,0.0083333333333333,6,-0.06840958749760076,0.011285903812108682,0.012472121984478168
2025-08-10 07:00:00,0.01,6,-0.1567054083133395,0.009894653110435372,0.012058365349890632
2025-08-10 08:00:00,0.01,6,-0.06792634138067785,0.01107685284506245,0.013328936518766321
2025-08-10 09:00:00,0.0383333333333333,6,0.044859492829032954,0.04430035182757817,0.03878672221278723
2025-08-10 10:00:00,0.0433333333333333,6,0.037609430722860326,0.045370929941561326,0.03879870007128883
2025-08-10 11:00:00,0.0933333333333333,6,0.1446684700946721,0.0903926877528582,0.09689684820252664
2025-08-10 12:00:00,0.1949999999999999,6,0.2752930223143726,0.17563260929954697,0.1859836503829379
2025-08-10 13:00:00,0.3166666666666666,6,0.37029273594299206,0.29106193413972264,0.28431511764231576
2025-08-10 14:00:00,0.4566666666666666,6,0.48097177044384654,0.41223559603422694,0.424353624684808
2025-08-10 15:00:00,0.5966666666666666,6,0.5776990882141116,0.48103525456947804,0.5547159108463791
2025-08-10 16:00:00,0.7399999999999998,6,0.6843624508127524,0.6764246660900438,0.671871140259086
2025-08-10 17:00:00,0.8633333333333332,6,0.791811698436268,0.7191413045349832,0.7723432549234057
2025-08-10 18:00:00,0.83,6,0.7374440649789528,0.6815763561165459,0.7042551504223038
2025-08-10 19:00:00,0.6483333333333333,6,0.6049893841054831,0.5130845284939807,0.573666777833229
2025-08-10 20:00:00,0.785,6,0.7233644149902766,0.6879690424177854,0.6891985063828323
2025-08-10 21:00:00,0.7933333333333333,6,0.7039132578086857,0.7179734647061328,0.6965645378594512
2025-08-10 22:00:00,0.8416666666666666,6,0.7510865038777573,0.7035352139313372,0.7359306935542942
2025-08-10 23:00:00,0.825,6,0.8380612830598224,0.8422697756221054,0.8457953433208707
2025-08-11 00:00:00,0.8399999999999999,6,0.7636576887225577,0.7790332676333733,0.7509830844229788
2025-08-11 01:00:00,0.7483333333333334,6,0.666479044675045,0.6771511952697926,0.6606174831328839
2025-08-11 02:00:00,0.8166666666666667,6,0.7257052071294351,0.7682808727071587,0.7161287861772578
2025-08-11 03:00:00,0.8233333333333333,6,0.75175582484469,0.7643711416849907,0.7535929108628918
2025-08-11 04:00:00,0.7249999999999999,6,0.6762921160876061,0.7144996414419857,0.6884507269098781
2025-08-11 05:00:00,0.625,6,0.5862619000428435,0.6052759404242838,0.5868571111594261
2025-08-11 06:00:00,0.55,6,0.5305948946856179,0.5310175730042174,0.5086080264627353
2025-08-11 07:00:00,0.4883333333333332,6,0.5158371492339799,0.514248604415712,0.4862167073044923
2025-08-11 08:00:00,0.2366666666666666,6,0.3358124012101834,0.2591084951216934,0.25838353306231826
2025-08-11 09:00:00,0.265,6,0.3497079597575006,0.2707741503547791,0.2813008049418561
2025-08-11 10:00:00,0.2383333333333333,6,0.3166296492668472,0.22737680134283642,0.23743757521245765
2025-08-11 11:00:00,0.2116666666666666,6,0.30276163591811744,0.21423614711113279,0.21149667670674258
2025-08-11 12:00:00,0.2616666666666666,6,0.34240550369410816,0.271522813767581,0.25633776687838555
2025-08-11 13:00:00,0.4233333333333333,6,0.45957676915404455,0.41598442452167966,0.4080515109169285
2025-08-11 14:00:00,0.54,6,0.5395387089932432,0.44347376725392756,0.504270065094734
2025-08-11 15:00:00,0.4016666666666666,6,0.45609409219415287,0.4117219639428888,0.3994851002755135
2025-08-11 16:00:00,0.3383333333333333,6,0.4145468459601247,0.332210076044975,0.34652919781544844
2025-08-11 17:00:00,0.4099999999999999,6,0.4609372590794991,0.3795322206744835,0.4053384866725013
2025-08-11 18:00:00,0.4483333333333332,6,0.48066765592601124,0.43845856173232,0.43372959676424555
2025-08-11 19:00:00,0.3766666666666667,6,0.42229889879149685,0.36814497421201703,0.3537450559770139
2025-08-11 20:00:00,0.63,6,0.6158201713067434,0.6001803227025388,0.5946040561445264
2025-08-11 21:00:00,0.455,6,0.49184246330795034,0.4560509563282914,0.4599068847826182
2025-08-11 22:00:00,0.2166666666666666,6,0.3433393126292694,0.2602920226541006,0.2810482019922892
2025-08-11 23:00:00,0.2716666666666666,6,0.40258124413874496,0.3149168182162258,0.3384102503645764
2025-08-12 00:00:00,0.3466666666666666,6,0.43390163320765296,0.3968801006875609,0.3777797130441396
2025-08-12 01:00:00,0.3333333333333333,6,0.39888415845739433,0.32637760337504784,0.33649807760089423
2025-08-12 02:00:00,0.1016666666666666,6,0.10580890999783288,0.07204958489750783,0.06874374727972521
2025-08-12 03:00:00,0.01,6,-0.12079235208962948,0.01001468072155776,0.011940876511556675
2025-08-12 04:00:00,0.01,6,-0.10810205979090597,0.009965938494272915,0.012088407409818647
2025-08-12 05:00:00,0.01,6,-0.11851626394424153,0.010008874293390407,0.007412136654150192
2025-08-12 06:00:00,0.01,6,-0.17079052682348295,0.009998379142611893,0.009268504363064478
2025-08-12 07:00:00,0.01,6,-0.17868213601247002,0.009967654990760752,0.010818210738287204
2025-08-12 08:00:00,0.01,6,-0.15418835839244527,0.009898465833238862,0.011556320941290998
2025-08-12 09:00:00,0.01,6,-0.107549455045459,0.009854116157396071,0.01351504897046546
2025-08-12 10:00:00,0.0066666666666666,6,-0.07424770655750487,0.011009423492394012,0.013008805495472398
2025-08-12 11:00:00,0.01,6,-0.10031167688155554,0.010516186726440809,0.012954178392754201
2025-08-12 12:00:00,0.01,6,-0.13535990106912388,0.009639063578369012,0.007346033025125098
2025-08-12 13:00:00,0.01,6,-0.031348770107903795,0.017611570649386604,0.011990719165664077
2025-08-12 14:00:00,0.01,6,-0.02422302919730923,0.018283311970595212,0.015615344902867756
2025-08-12 15:00:00,0.01,6,0.27453030784699706,0.12462433148662735,0.1212820054094787
2025-08-12 16:00:00,0.01,6,0.03283478336547124,0.02062532235207601,0.02379195172659171
2025-08-12 17:00:00,0.01,6,0.09859132771866641,0.04969056540663113,0.03919211126887073
2025-08-12 18:00:00,0.14,6,0.24112377144460329,0.11193638455194453,0.14767673520767868
2025-08-12 19:00:00,0.4299999999999999,6,0.47215108259600946,0.42318778226004405,0.4167227794196092
2025-08-12 20:00:00,0.65,6,0.619942513676638,0.5518129613382747,0.6218005789187981
2025-08-12 21:00:00,0.7316666666666668,6,0.7175385294449367,0.7425441594556003,0.7138825769384802
2025-08-12 22:00:00,0.99,6,0.9485622798419686,0.9414913570400573,0.9303837254386769
2025-08-12 23:00:00,0.5366666666666666,6,0.5274895820478295,0.5274150688307828,0.4980495016423147
2025-08-13 00:00:00,0.9683333333333332,6,0.8820949567271268,0.9055008814158657,0.9032111177531463
2025-08-13 01:00:00,0.99,6,0.9199814369744206,0.9272694341857315,0.9181016483842624
2025-08-13 02:00:00,0.9883333333333334,6,1.044493691166977,0.9744786252623786,0.9722611047760669
2025-08-13 03:00:00,0.8416666666666666,6,0.7484535255278095,0.804976421595518,0.7566383183543129
2025-08-13 04:00:00,0.9733333333333332,6,0.8518773346085418,0.9309011916744837,0.9159826037646188
2025-08-13 05:00:00,0.9783333333333332,6,0.8631786509468173,0.9143457975731142,0.9168653700015487
2025-08-13 06:00:00,0.9633333333333332,6,0.8247068835358209,0.9023677638770152,0.8767602111190991
2025-08-13 07:00:00,0.655,6,0.6263779499431301,0.6645141480426522,0.6327146196234859
2025-08-13 08:00:00,0.2883333333333333,6,0.3694558551683659,0.3074851725464059,0.29827146373856184
2025-08-13 09:00:00,0.2749999999999999,6,0.3565379032752267,0.2803353945986235,0.2877342572219797
2025-08-13 10:00:00,0.2399999999999999,6,0.32717600827538373,0.24249878547108916,0.24516761843078583
2025-08-13 11:00:00,0.2216666666666666,6,0.3123850969401465,0.23075800232059507,0.2174448611452481
2025-08-13 12:00:00,0.22,6,0.3067524842755516,0.21082985001418153,0.2145023267621727
2025-08-13 13:00:00,0.1933333333333333,6,0.28825645012766155,0.2076370107761277,0.19504384234923836
2025-08-13 14:00:00,0.3966666666666666,6,0.4471508378738577,0.4076667575387933,0.38685491889292783
2025-08-13 15:00:00,0.5166666666666666,6,0.5292850953023971,0.4639028478970035,0.48547574219227935
2025-08-13 16:00:00,0.4499999999999999,6,0.4995037173429958,0.43441982369455595,0.46258597692168096
2025-08-13 17:00:00,0.4333333333333333,6,0.48092794751097734,0.44071354751574615,0.4307835273408868
2025-08-13 18:00:00,0.4299999999999999,6,0.45927222247899957,0.4169107783218978,0.4080515109169285
2025-08-13 19:00:00,0.7266666666666665,6,0.6832031943773577,0.6247063859795616,0.5678301011467339
2025-08-13 20:00:00,0.8799999999999998,6,0.8797938415652806,0.9255834853236613,0.8961210594221151
2025-08-13 21:00:00,0.7466666666666667,6,0.799668233974562,0.825722357068682,0.7948182481879025
2025-08-13 22:00:00,0.7633333333333333,6,0.6998636061361585,0.7247393751534478,0.6852033775923008
2025-08-13 23:00:00,0.6383333333333333,6,0.568591504419127,0.551787175512705,0.5660205769955845
2025-08-14 00:00:00,0.6033333333333333,6,0.5574588408884953,0.5666393682339739,0.5433809620933706
2025-08-14 01:00:00,0.565,6,0.5542102328808921,0.5612910034342555,0.5407472437523495
2025-08-14 02:00:00,0.285,6,0.3113088317357371,0.22440753133594085,0.2216998728160173
2025-08-14 03:00:00,0.01,6,-0.07157405996613403,0.011150635443605008,0.011085406337166648
2025-08-14 04:00:00,0.5299999999999999,6,0.5042408493895499,0.4688921323174185,0.48058435857331316
2025-08-14 05:00:00,0.5366666666666666,6,0.5101967029097616,0.48952576576055973,0.48271356987584224
2025-08-14 06:00:00,0.0949999999999999,6,0.18967639225303007,0.115951508885661,0.11326464427326816
2025-08-14 07:00:00,0.4083333333333333,6,0.4097400744109524,0.36449298397157,0.35483127840225126
2025-08-14 08:00:00,0.435,6,0.4612383971637143,0.37395388258074946,0.4214596870616124
2025-08-14 09:00:00,0.195,6,0.2695372831899891,0.18734921021072942,0.1889376891652831
2025-08-14 10:00:00,0.0199999999999999,6,-0.020889217864539095,0.022274068223083403,0.02318153272264667
2025-08-14 11:00:00,0.0299999999999999,6,0.03401489476748554,0.039898863485810294,0.03696505437772285
2025-08-14 12:00:00,0.105,6,0.13870572375124318,0.08790389940680872,0.09095331864728207
2025-08-14 13:00:00,0.325,6,0.3795015460176133,0.31363384555986884,0.31338358833599117
2025-08-14 14:00:00,0.325,6,0.38690924824693673,0.32328622483143377,0.32130186523284415
2025-08-14 15:00:00,0.1483333333333333,6,0.20415751795771486,0.12991902119955845,0.12516107934234322
2025-08-14 16:00:00,0.0216666666666666,6,-0.03925970998677958,0.014639305402923011,0.017850721921354895
2025-08-14 17:00:00,0.0266666666666666,6,-0.012039026623315935,0.029021917738295582,0.024760253875804883
2025-08-14 18:00:00,0.0533333333333333,6,0.04936057251464687,0.04249746894467584,0.03895077773455713
2025-08-14 19:00:00,0.0516666666666666,6,0.04240307746833877,0.04087650773898715,0.038957181535727636
2025-08-14 20:00:00,0.065,6,0.08460641901019583,0.06433806659997961,0.05972547947234569
2025-08-14 21:00:00,0.1633333333333333,6,0.14202798850647164,0.09273076010301955,0.09127098351674878
2025-08-14 22:00:00,0.3316666666666666,6,0.43404556420635576,0.39727253107245697,0.3778335321143692
2025-08-14 23:00:00,0.32,6,0.43961642321651906,0.3939062210113344,0.38658651863938265
2025-08-15 00:00:00,0.1116666666666666,6,0.15256631038370655,0.09448783398891493,0.10563230444473987
2025-08-15 01:00:00,0.32,6,0.37303932713111365,0.3096976556421302,0.29720306665464935
2025-08-15 02:00:00,0.3616666666666667,6,0.4125964394500665,0.3635685442520547,0.35905123768982306
2025-08-15 03:00:00,0.0999999999999999,6,0.18466050312646948,0.1150661970355085,0.1088549957269796
2025-08-15 04:00:00,0.13,6,0.19082288040038276,0.10444450934253428,0.11432370720265306
2025-08-15 05:00:00,0.0166666666666666,6,-0.10242783716805276,0.010010464701007048,0.01006075657707306
2025-08-15 06:00:00,0.0599999999999999,6,0.11598525487854522,0.07385322657795883,0.07131640467031258
2025-08-15 07:00:00,0.2549999999999999,6,0.32230107371390615,0.2400501762702283,0.24523288478951766
2025-08-15 08:00:00,0.1666666666666666,6,0.2494173641483668,0.16585536360431868,0.16999872185527085
2025-08-15 09:00:00,0.1233333333333333,6,0.2038025607341012,0.1203017978908333,0.12231711342896967
2025-08-15 10:00:00,0.0299999999999999,6,0.0017668513414772768,0.026197561013309875,0.029859556766448414
2025-08-15 11:00:00,0.04,6,0.07099048185730461,0.05607470444550988,0.05270933185450033
2025-08-15 12:00:00,0.0483333333333333,6,0.045856352770684006,0.043986130818088526,0.03905636082007302
2025-08-15 13:00:00,0.0566666666666666,6,0.08896478852717782,0.06640352139789907,0.06005664319180293
2025-08-15 14:00:00,0.0083333333333333,6,-0.09263111913133174,0.010005546244511488,0.012346174431587476
2025-08-15 15:00:00,0.01,6,-0.11973849398371025,0.009889709046949472,0.010535191033358426
2025-08-15 16:00:00,0.0316666666666666,6,0.020130628898326508,0.03527219935855858,0.03304193510988246
2025-08-15 17:00:00,0.03,6,-0.003076925958904825,0.025008677935521282,0.029276565745129046
2025-08-15 18:00:00,0.1183333333333333,6,0.16206812055583114,0.09944841602927729,0.10678218543477974
2025-08-15 19:00:00,0.2399999999999999,6,0.312172544677647,0.22708588587825612,0.21888971039984884
2025-08-15 20:00:00,0.2866666666666666,6,0.3782420797805457,0.3032132098610884,0.31240277644698355
2025-08-15 21:00:00,0.1983333333333333,6,0.2860330350527299,0.1981848638371857,0.1963018093445015
2025-08-15 22:00:00,0.1283333333333333,6,0.19267831606427538,0.12383005537528924,0.1162034343472304
2025-08-15 23:00:00,0.0299999999999999,6,0.027600618675130806,0.033445204155636586,0.03303100811704879
2025-08-16 00:00:00,0.02,6,-0.027864771462530524,0.017697493194296317,0.01765587676706465
2025-08-16 01:00:00,0.01,6,-0.08684241847545635,0.010249933325792361,0.01186006560926045
2025-08-16 02:00:00,0.0166666666666666,6,0.0034336678789494146,0.023078429330357073,0.028144961346769082
2025-08-16 03:00:00,0.0133333333333333,6,-0.03546205886853293,0.014294131425842054,0.014879978119431203
2025-08-16 04:00:00,0.0133333333333333,6,-0.0589343816876578,0.01181701461057629,0.010876361598040618
2025-08-16 05:00:00,0.0883333333333333,6,0.17583050600912536,0.10724383346678586,0.1040500243315925
2025-08-16 06:00:00,0.225,6,0.32273617268457666,0.24002849629386308,0.24232206534792525
2025-08-16 07:00:00,0.3566666666666666,6,0.4005261001419522,0.3179170763161239,0.3416418211311544
2025-08-16 08:00:00,0.3816666666666666,6,0.43401949373722337,0.39355737850387745,0.3854499606775575
2025-08-16 09:00:00,0.5799999999999998,6,0.5616094397274229,0.5689817821133564,0.5641544389625557
2025-08-16 10:00:00,0.8766666666666665,6,0.7803312244046228,0.6792957062351422,0.7977857950536121
2025-08-16 11:00:00,0.8399999999999999,6,0.744109984229507,0.5909857367371201,0.6757961145308244
2025-08-16 12:00:00,0.8483333333333332,6,0.7691538736267021,0.7457781301268324,0.7627701531888273
2025-08-16 13:00:00,0.7733333333333333,6,0.7160654431592719,0.7049502023238167,0.693816761337824
2025-08-16 14:00:00,0.6283333333333333,6,0.5994342941504056,0.5797985541932021,0.5765007943918248
2025-08-16 15:00:00,0.3616666666666666,6,0.4263734505307908,0.3406269601561518,0.3362536354065654
2025-08-16 16:00:00,0.2333333333333333,6,0.32031165283013463,0.23764362091385863,0.24008512563846993
2025-08-16 17:00:00,0.2383333333333333,6,0.32621717232376424,0.24156566323089815,0.2402209339570013
2025-08-16 18:00:00,0.265,6,0.35323494311560555,0.2789249568373482,0.2821439556204082
2025-08-16 19:00:00,0.3683333333333333,6,0.41176373072527905,0.36189075957196476,0.3476378169505686
2025-08-16 20:00:00,0.475,6,0.49755633769426333,0.4353602720178644,0.4673647416441466
2025-08-16 21:00:00,0.01,6,-0.05741396214245456,0.011768988989894591,0.014956744798242216
2025-08-16 22:00:00,0.2216666666666666,6,0.25245059738425213,0.1642880095322359,0.1708705241110667
2025-08-16 23:00:00,0.255,6,0.326503990868496,0.24071861724302734,0.24437222856618898
2025-08-17 00:00:00,0.5016666666666665,6,0.5203028500613833,0.5114721735904925,0.5065766053717777
2025-08-17 01:00:00,0.4600000000000001,6,0.45171801976071013,0.41591360594983795,0.4106185838224215
2025-08-17 02:00:00,0.0366666666666666,6,0.041267855904862594,0.038303294447314076,0.03260332740698385
2025-08-17 03:00:00,0.3633333333333333,6,0.4331530339276535,0.39324756432103086,0.3833471916556923
2025-08-17 04:00:00,0.3133333333333333,6,0.3524755850504969,0.27773130634216225,0.28758019993203304
2025-08-17 05:00:00,0.515,6,0.5330713772204991,0.5380776492070588,0.5179593507865764
2025-08-17 06:00:00,0.2799999999999999,6,0.3380637927604836,0.25849653468618994,0.2572178900558254
2025-08-17 07:00:00,0.01,6,-0.11782987657016517,0.010063503283722332,0.012027872219024571
2025-08-17 08:00:00,0.1083333333333333,6,0.09966092790496067,0.06465455384985123,0.06026992269639353
2025-08-17 09:00:00,0.4266666666666665,6,0.4704448421001799,0.41960664333122627,0.4399370071429775
2025-08-17 10:00:00,0.0566666666666666,6,0.07846850876541056,0.05316493932487218,0.05439021907543018
2025-08-17 11:00:00,0.05,6,0.07363297206800873,0.054034859207610995,0.05435745796711283
2025-08-17 12:00:00,0.01,6,-0.0712126681707943,0.010982143330989232,0.01268755478834166
2025-08-17 13:00:00,0.01,6,-0.06220453159890266,0.011825780871047709,0.01330277393173801
2025-08-17 14:00:00,0.01,6,-0.07483431628711792,0.010910451846980175,0.013150617397903352
2025-08-17 15:00:00,0.0083333333333333,6,-0.059167814130629715,0.012527847371577016,0.013892234613442966
2025-08-17 16:00:00,0.0283333333333333,6,0.015888518231768234,0.03432444756054763,0.032258424116688666
2025-08-17 17:00:00,0.065,6,0.08477802215717806,0.06432678330149258,0.05985525663318242
2025-08-17 18:00:00,0.1366666666666666,6,0.19400818350211207,0.1325298370081532,0.11732282908213054
2025-08-17 19:00:00,0.1866666666666666,6,0.24568830819963516,0.16257603342332957,0.16959089037242886
2025-08-17 20:00:00,0.5916666666666666,6,0.5781155182180633,0.566153583789699,0.5848733308321006
2025-08-17 21:00:00,0.9716666666666666,6,0.8724495711915223,0.9300398718528946,0.9282664447850418
2025-08-17 22:00:00,0.8283333333333334,6,0.7444014574089924,0.7874564488510921,0.776627188128258
2025-08-17 23:00:00,0.4516666666666666,6,0.4818494203153064,0.45422032716045607,0.45231431299445524
2025-08-18 00:00:00,0.6083333333333333,6,0.5741456526573697,0.5688567013733486,0.5877554254508954
2025-08-18 01:00:00,0.6099999999999999,6,0.5662563068706992,0.5833367309694425,0.5858868991963014
2025-08-18 02:00:00,0.4249999999999999,6,0.4212913557062945,0.3716252041633198,0.36407390861078387
2025-08-18 03:00:00,0.6883333333333334,6,0.6177543496297956,0.6619232297867503,0.6404692461990762
2025-08-18 04:00:00,0.15,6,0.08278501354432177,0.04789706050491105,0.05397847448869636
2025-08-18 05:00:00,0.0133333333333333,6,-0.07470880035575028,0.011340845702768944,0.011557064876822676
2025-08-18 06:00:00,0.0833333333333333,6,0.12690007588303592,0.07580415231890064,0.07833491191409697
2025-08-18 07:00:00,0.0983333333333333,6,0.1519529432479389,0.08747563932990801,0.09440883858647436
2025-08-18 08:00:00,0.0833333333333333,6,0.14217374986985248,0.08539916825512021,0.0805950663453247
2025-08-18 09:00:00,0.01,6,-0.14907859318052752,0.010004645095211961,0.010935982076795026
2025-08-18 10:00:00,0.01,6,-0.09510134623274186,0.00999141316919352,0.009689466345500719
2025-08-18 11:00:00,0.0116666666666666,6,-0.05771919663495076,0.011148068522720192,0.010071310737100048
2025-08-18 12:00:00,0.4166666666666666,6,0.43569516129271113,0.3995773267753971,0.386819105219394
2025-08-18 13:00:00,0.2799999999999999,6,0.3175613973909416,0.23315316799042782,0.24006125200952586
2025-08-18 14:00:00,0.0416666666666666,6,0.054068022909988966,0.03693672834295525,0.03464343163283595
2025-08-18 15:00:00,0.1783333333333333,6,0.2748210679951787,0.1869208056461039,0.18826982152236948
2025-08-18 16:00:00,0.0816666666666666,6,0.13494034722746612,0.08405661340888236,0.07706639387439368
2025-08-18 17:00:00,0.0249999999999999,6,0.016969869347711858,0.028211443177713593,0.02548085994801741
2025-08-18 18:00:00,0.0149999999999999,6,-0.018465867532033997,0.017035104139257465,0.018866349257271653
2025-08-18 19:00:00,0.1816666666666666,6,0.27410304077509207,0.18765600133353688,0.18893893355684058
2025-08-18 20:00:00,0.1883333333333333,6,0.28761991243439466,0.19844096792371715,0.19652477518771455
2025-08-18 21:00:00,0.2116666666666666,6,0.3093899885497029,0.23413265893394056,0.21322852025307804
2025-08-18 22:00:00,0.4599999999999999,6,0.5159175961885546,0.5093618652932503,0.5018428154933748
2025-08-18 23:00:00,0.72,6,0.6587737129273178,0.7075298151173025,0.7324265010429003
2025-08-19 00:00:00,0.3166666666666667,6,0.3714338051161534,0.2951110450797992,0.2908620382426487
2025-08-19 01:00:00,0.2916666666666666,6,0.3521320726685857,0.26870926613471685,0.27609549805075273
2025-08-19 02:00:00,0.5116666666666666,6,0.4988066207310864,0.5038160596437009,0.49416284466365834
2025-08-19 03:00:00,0.49,6,0.47900554269014006,0.46867214058118956,0.4651062391887391
2025-08-19 04:00:00,0.4683333333333333,6,0.4452238549402534,0.4135323842589846,0.4044062425573193
2025-08-19 05:00:00,0.515,6,0.48830451681262876,0.464649614505331,0.4822961547779787
2025-08-19 06:00:00,0.3833333333333333,6,0.4213401628148584,0.3770920179221049,0.3635301658651991
2025-08-19 07:00:00,0.5866666666666666,6,0.5476179434032528,0.5757663932836578,0.5740797139317627
2025-08-19 08:00:00,0.9516666666666668,6,0.860795052352753,0.9656362579985004,0.9605762329028261
2025-08-19 09:00:00,0.9766666666666666,6,0.9183459794088646,0.9450663483229271,0.9497030985224892
2025-08-19 10:00:00,0.8966666666666666,6,0.7706450680113273,0.885836242847396,0.8589602164081205
2025-08-19 11:00:00,0.7483333333333334,6,0.6671224734306715,0.6815570102949903,0.7058457512872075
2025-08-19 12:00:00,0.4666666666666667,6,0.48267393974524797,0.46508361785496516,0.4555955020965755
2025-08-19 13:00:00,0.2366666666666666,6,0.32071442501777236,0.2408754115374732,0.24530418186036007
2025-08-19 14:00:00,0.08,6,0.0955138898204071,0.0697000227595452,0.05981787482323342
2025-08-19 15:00:00,0.0133333333333333,6,-0.06796713745222188,0.011057662562849582,0.012941721949229712
2025-08-19 16:00:00,0.01,6,-0.08734486657171822,0.009800106960796372,0.012748744971938564
2025-08-19 17:00:00,0.01,6,-0.10111938468416617,0.010038129027637076,0.011296409512123629
2025-08-19 18:00:00,0.01,6,-0.06461943873717793,0.010954820803894351,0.013576691218281811
2025-08-19 19:00:00,0.0316666666666666,6,-3.682599408363907e-05,0.024609747798849956,0.02766226077114753
2025-08-19 20:00:00,0.0366666666666666,6,0.0003797318399886007,0.02359207044211408,0.026619410065638893
2025-08-19 21:00:00,0.02,6,-0.009531082500250115,0.020761781246023504,0.022092601087633224
2025-08-19 22:00:00,0.01,6,-0.09276787819358123,0.010001812693665128,0.011013557490697379
2025-08-19 23:00:00,0.01,6,-0.12994637785502272,0.009993615351371872,0.011865275192859515
2025-08-20 00:00:00,0.01,6,-0.07521051108728477,0.011210918114663397,0.012202500076785139
2025-08-20 01:00:00,0.0333333333333333,6,-0.004133022253287794,0.02118335241459915,0.02023005386856841
2025-08-20 02:00:00,0.2933333333333333,6,0.35110301377402264,0.27797475261291477,0.2853088278095787
2025-08-20 03:00:00,0.1916666666666666,6,0.2508871435790412,0.17136160007631054,0.173214535772412
2025-08-20 04:00:00,0.3349999999999999,6,0.40095974959702063,0.33076411351863616,0.339002759306389
2025-08-20 05:00:00,0.2316666666666666,6,0.30677074453805564,0.21285151689224044,0.2034229061421111
2025-08-20 06:00:00,0.4416666666666666,6,0.4518742347016822,0.4053706499177164,0.41134615448108025
2025-08-20 07:00:00,0.1566666666666666,6,0.21674195279504288,0.12614954215453664,0.12686619174017458
2025-08-20 08:00:00,0.65,6,0.589579026697975,0.6349345539388944,0.6160725538846472
2025-08-20 09:00:00,0.97,6,0.8851481040932261,0.9522554234081728,0.9392655724310154
2025-08-20 10:00:00,0.9766666666666663,6,0.9408723615141039,0.9685251833401882,0.9498747913485663
2025-08-20 11:00:00,0.3766666666666665,6,0.7870127605467188,0.6691872652219938,0.8125068506561206
2025-08-20 17:00:00,0.0125,4,0.06805005780110751,0.05472570452380779,0.05284023986743708
2025-08-20 18:00:00,0.105,6,0.16871300658193983,0.11495954629457307,0.1077234376516919
2025-08-20 19:00:00,0.3383333333333333,6,0.3915712488164105,0.31969580517306695,0.32479722254704335
2025-08-20 20:00:00,0.4433333333333333,6,0.46168077068710645,0.3595385241530162,0.4177680504940216
2025-08-20 21:00:00,0.3333333333333333,6,0.3857558672763667,0.3208908604650593,0.3211715140423931
2025-08-20 22:00:00,0.0966666666666666,6,0.138472188692003,0.08812690172386341,0.0917258755993523
2025-08-20 23:00:00,0.0116666666666666,6,-0.08581122224783988,0.00998639668734717,0.012663561467744833
2025-08-21 00:00:00,0.01,6,-0.179226957525999,0.009936430369976173,0.011060978409944744
2025-08-21 01:00:00,0.01,6,-0.12609366155345375,0.009961071010263075,0.010899961579864836
2025-08-21 02:00:00,0.0116666666666666,6,-0.060320737730137464,0.014392738077204523,0.012881655509559109
2025-08-21 03:00:00,0.0216666666666666,6,0.015825008973787275,0.03422487090007204,0.029744698208094167
2025-08-21 04:00:00,0.4483333333333334,6,0.4897884897135236,0.4605286617428038,0.47183849754778306
2025-08-21 05:00:00,0.495,6,0.4858825655680209,0.46818107543738713,0.45299666591310966
2025-08-21 06:00:00,0.2999999999999999,6,0.2654634688154225,0.18359171678133404,0.18421680554006675
2025-08-21 07:00:00,0.0999999999999999,6,0.08783218688166994,0.06097115896815501,0.056067561768504415
2025-08-21 08:00:00,0.0233333333333333,6,-0.011336107615574076,0.02733264907590146,0.02316327369258253
2025-08-21 09:00:00,0.0116666666666666,6,-0.08395911865279035,0.010053266586838094,0.012663561467744833
2025-08-21 10:00:00,0.01,6,-0.06718471144588231,0.01099724645022444,0.010969224835493119
2025-08-21 11:00:00,0.0749999999999999,6,0.08084269635412855,0.05456097508372873,0.05758563539568373
2025-08-21 12:00:00,0.2233333333333333,6,0.44483481797134483,0.4072974947183259,0.3963392934233501
2025-08-21 13:00:00,0.35,6,0.41144860352295076,0.3629357101399822,0.3476378169505686
2025-08-21 14:00:00,0.2983333333333333,6,0.3562205126705823,0.27885611764333995,0.2852896540631735
2025-08-21 15:00:00,0.32,6,0.3807097373916928,0.3200993791267761,0.3129150989330861
2025-08-21 16:00:00,0.4016666666666666,6,0.4337371263555664,0.38966929976283965,0.3719741727777736
2025-08-21 17:00:00,0.4633333333333333,6,0.47188776414971834,0.4437571664181155,0.43149214085815296
2025-08-21 18:00:00,0.1825,4,0.24621008698578578,0.1652053188035602,0.17033177066458005
2025-08-21 19:00:00,0.085,6,0.14057115474123605,0.0892255463314739,0.09092686083789259
2025-08-21 20:00:00,0.14,6,0.24308185768988227,0.1548930238187411,0.1622428435152503
2025-08-21 21:00:00,0.185,6,0.25996677523208134,0.18083953724757104,0.18079584402616145
2025-08-21 22:00:00,0.105,6,0.12101030023063941,0.07564703536954508,0.06778268775185126
2025-08-21 23:00:00,0.35,6,0.37405912806430375,0.3060167075947954,0.3049462338087493
2025-08-22 00:00:00,0.5816666666666666,6,0.546290238512322,0.5522879182956192,0.5525714775282515
2025-08-22 01:00:00,0.33,6,0.3707662901804747,0.29957745627438587,0.2984598804588985
2025-08-22 02:00:00,0.2383333333333333,6,0.3155549092195976,0.22404385635411345,0.2316300992736508
2025-08-22 03:00:00,0.285,6,0.3386774381290587,0.25304308145413,0.2502035371462372
2025-08-22 04:00:00,0.2033333333333333,6,0.2917065194304266,0.19732828947903483,0.18639231642923645
2025-08-22 05:00:00,0.4183333333333333,6,0.4325689162858878,0.39451867324222567,0.3894453371416655
2025-08-22 06:00:00,0.6483333333333333,6,0.5669480349361222,0.5991317408342813,0.6077033203125825
2025-08-22 07:00:00,0.79,6,0.7080799813379219,0.7584349478757642,0.7867857044379463
2025-08-22 08:00:00,0.825,6,0.7645112785082464,0.8750162906557688,0.845774728576582
2025-08-22 09:00:00,0.915,6,0.847040093615725,0.9237540400447466,0.9252131646970725
2025-08-22 10:00:00,0.9033333333333334,6,0.8077153972617805,0.8972474113381278,0.8833775028034927
2025-08-22 11:00:00,0.8066666666666666,6,0.7124048041222293,0.7274912540322818,0.7346221386209373
2025-08-22 12:00:00,0.565,6,0.5391247449828575,0.5322539650048878,0.52018638040998
2025-08-22 13:00:00,0.3033333333333333,6,0.3798077969880732,0.31318123359606265,0.30842345362529344
2025-08-22 14:00:00,0.0883333333333333,6,0.12500725361885795,0.08621381547364033,0.08121815421122996
2025-08-22 15:00:00,0.0183333333333333,6,-0.020789668905606795,0.02145464495949052,0.023476436765643705
2025-08-22 16:00:00,0.0083333333333333,6,-0.11740082956128733,0.009258989301975344,0.013064804451495049
2025-08-22 17:00:00,0.01,6,-0.11782122814339897,0.0100191500794419,0.01308094113175906
2025-08-22 18:00:00,0.0116666666666666,6,-0.06656109508463054,0.011125549723842585,0.014339105547223896
2025-08-22 19:00:00,0.0116666666666666,6,-0.025408813472898528,0.020180620401678978,0.02107276774708855
2025-08-22 20:00:00,0.0116666666666666,6,-0.04737254419845621,0.013458759428056967,0.01708709939849551
2025-08-22 21:00:00,0.01,6,-0.0626936018725161,0.01180630947505641,0.010969224835493119
2025-08-22 22:00:00,0.0599999999999999,6,0.09900579952781924,0.07162323515554746,0.061564840134687326
2025-08-22 23:00:00,0.2999999999999999,6,0.41058481405905434,0.3618839225464439,0.35017045222724524
2025-08-23 00:00:00,0.2283333333333333,6,0.3500827041616362,0.27343103630948196,0.2883627474263554
2025-08-23 01:00:00,0.1616666666666666,6,0.21566932574742326,0.1351470493182311,0.14242098661109118
2025-08-23 02:00:00,0.18,6,0.2984179920035469,0.201480913691058,0.2098136336221862
2025-08-23 03:00:00,0.32,6,0.4006928712767842,0.3295446537360162,0.33898123792020174
2025-08-23 04:00:00,0.0266666666666666,6,-0.041084065791992225,0.015666201588614447,0.014134120721487675
2025-08-23 05:00:00,0.01,6,-0.13386659632615633,0.01000477550598945,0.016021676006890584
2025-08-23 06:00:00,0.0116666666666666,6,-0.023159075790308375,0.015426108058565105,0.021963471808365276
2025-08-23 07:00:00,0.01,6,-0.09438008867965125,0.009978049609617451,0.010579302712711403
2025-08-23 08:00:00,0.01,6,-0.1370221664685397,0.010003797814133868,0.011414659974425923
2025-08-23 09:00:00,0.0083333333333333,6,-0.09745460057199551,0.010025804061595834,0.011533043171820079
2025-08-23 10:00:00,0.0333333333333333,6,0.019413212093275345,0.03258479134667983,0.033623833118105406
2025-08-23 11:00:00,0.0133333333333333,6,-0.013916665914020243,0.02611719343184864,0.025114841961301537
2025-08-23 12:00:00,0.01,6,-0.06609684835579702,0.011078788058769516,0.014339105547223896
2025-08-23 13:00:00,0.0116666666666666,6,-0.07871106746060516,0.011818406327893945,0.013990250349281808
2025-08-23 14:00:00,0.01,6,-0.05996867953772825,0.012838122067424225,0.014754411750851737
2025-08-23 15:00:00,0.0616666666666666,6,0.06640524141876858,0.05425872064185262,0.051273665505333244
2025-08-23 16:00:00,0.5,6,0.5145483326474997,0.4700124210684844,0.4757822076885695
2025-08-23 17:00:00,0.7416666666666667,6,0.6926766202503284,0.6195605758238617,0.570068308123049
2025-08-23 18:00:00,0.755,6,0.6866723404706282,0.7144479928945822,0.6740996910385944
2025-08-23 19:00:00,0.3433333333333333,6,0.3953447381130467,0.33257812912030504,0.3279595470031386
2025-08-23 20:00:00,0.6466666666666666,6,0.6144682524056394,0.6308236093088901,0.6089853172259083
2025-08-23 21:00:00,0.985,6,0.8973228748001281,0.9522388530964531,0.9441001111279903
2025-08-23 22:00:00,0.7883333333333332,6,0.7181733358680782,0.7924687648891988,0.7747231098925926
2025-08-23 23:00:00,0.2849999999999999,6,0.3507931516214835,0.2745206045884812,0.2877539381830628
2025-08-24 00:00:00,0.405,6,0.40555394366984066,0.35879189350133284,0.35320336038322725
2025-08-24 01:00:00,0.6783333333333332,6,0.5853144324109396,0.6237375469153903,0.6104077465278165
2025-08-24 02:00:00,0.5433333333333333,6,0.5085666121298339,0.49945188990982453,0.4786615046948596
2025-08-24 03:00:00,0.5933333333333333,6,0.5553707092659288,0.5574078647951447,0.5582357000700553
2025-08-24 04:00:00,0.4533333333333333,6,0.4777241023922205,0.4362025220355841,0.45364405500718474
2025-08-24 05:00:00,0.8549999999999998,6,0.7151813056470938,0.8143882871503233,0.7949527185904386
2025-08-24 06:00:00,0.9733333333333332,6,0.8128728261546068,0.9341502588124113,0.9136658678391862
2025-08-24 07:00:00,0.88,6,0.7511544373241025,0.8409561017822936,0.8474027940769443
2025-08-24 08:00:00,0.8016666666666667,6,0.7022690509609534,0.7408730947271156,0.7705739132838174
2025-08-24 09:00:00,0.7066666666666666,6,0.6454309373832737,0.6840516892646473,0.6683484408003642
2025-08-24 10:00:00,0.5833333333333333,6,0.5665546224456965,0.5866437743724402,0.5856213749601981
2025-08-24 11:00:00,0.8133333333333334,6,0.7030558011806762,0.7680886162170233,0.750737679816712
2025-08-24 12:00:00,0.8616666666666666,6,0.7467434199505167,0.7999634405873287,0.7566383183543129
2025-08-24 13:00:00,0.905,6,0.7765066889305294,0.8587878397625331,0.8362742599071163
2025-08-24 14:00:00,0.8433333333333333,6,0.7143274106538873,0.7593893986856193,0.7414619093495793
2025-08-24 15:00:00,0.8816666666666667,6,0.7642149220084765,0.7321403449652286,0.7713385781773974
2025-08-24 16:00:00,0.8233333333333333,6,0.7030890435862622,0.7602866108659698,0.7204867767832717
2025-08-24 17:00:00,0.8033333333333332,6,0.7196768159558299,0.7703963213950613,0.7339373557538582
2025-08-24 18:00:00,0.7216666666666666,6,0.6332178635731041,0.6628187050259868,0.6394019904172366
2025-08-24 19:00:00,0.6633333333333332,6,0.6208640630029536,0.5144808039684261,0.5974052958439505
2025-08-24 20:00:00,0.6266666666666665,6,0.580303706598329,0.5742689339466198,0.589043459943247
2025-08-24 21:00:00,0.5899999999999999,6,0.5831688461334721,0.6149101018049126,0.5919284657314792
2025-08-24 22:00:00,0.5316666666666666,6,0.5549708361094957,0.5658749298720049,0.5616767469932069
2025-08-24 23:00:00,0.5883333333333332,6,0.5777587045354904,0.5823133521923222,0.5968764282895926
2025-08-25 00:00:00,0.6283333333333333,6,0.6097090428015365,0.6363648984461293,0.627787910283498
2025-08-25 01:00:00,0.7,6,0.63763943626012,0.6598443556067589,0.6717480447398569
2025-08-25 02:00:00,0.835,6,0.7272305343283468,0.8020809791373609,0.7791416764295617
2025-08-25 03:00:00,0.8716666666666667,6,0.7464431713945736,0.8243416345109617,0.8037932121820697
2025-08-25 04:00:00,0.8133333333333334,6,0.7103460489433573,0.779273249246079,0.764282605887972
2025-08-25 05:00:00,0.7716666666666666,6,0.6839918001756111,0.7566548224709709,0.7394125094086084
2025-08-25 06:00:00,0.33,6,0.2919566887396008,0.19753547366734583,0.1941885396763758
2025-08-25 07:00:00,0.01,6,-0.07447465488147453,0.011274405060663482,0.0075469638418885765
2025-08-25 08:00:00,0.01,6,-0.13605470818443532,0.010002721497787581,0.007674434071446912
2025-08-25 09:00:00,0.01,6,-0.1330946995389659,0.009972466625599747,0.01159650223705283
2025-08-25 10:00:00,0.01,6,-0.05580788190102179,0.01242512414914067,0.015250747070116755
2025-08-25 11:00:00,0.0266666666666666,6,0.019468556389833802,0.030911287355275197,0.03195732522641881
2025-08-25 12:00:00,0.025,6,0.02869560327396442,0.035956444161873095,0.035387975997419385
2025-08-25 13:00:00,0.0266666666666666,6,0.017023306757605883,0.0354950127902834,0.03235760340103405
2025-08-25 14:00:00,0.0366666666666666,6,0.03372805012847219,0.03917736018300968,0.035395127804337345
2025-08-25 15:00:00,0.0483333333333333,6,0.05340696864031785,0.048871948312858876,0.04070354177426355
2025-08-25 16:00:00,0.1116666666666666,6,0.18596552180567372,0.11685903718109311,0.1098220810561435
2025-08-25 17:00:00,0.2083333333333333,6,0.2872183358629754,0.205697151288298,0.19839700995320741
2025-08-25 18:00:00,0.265,6,0.34416772323495526,0.26380748229032885,0.28154770520885125
2025-08-25 19:00:00,0.295,6,0.35245226232945337,0.27701324287929474,0.2879202190204235
2025-08-25 20:00:00,0.3183333333333333,6,0.3789783177158603,0.3088839806590641,0.3118169648574682
2025-08-25 21:00:00,0.1616666666666667,6,0.2201212670226736,0.13478766973584969,0.14331119513411472
2025-08-25 22:00:00,0.0433333333333333,6,0.027158652095095603,0.03321065787601175,0.032317730561491675
2025-08-25 23:00:00,0.0566666666666666,6,0.06526686604427528,0.05003428469624619,0.048625276445720234
2025-08-26 00:00:00,0.0283333333333333,6,-0.007576759600594979,0.022234235102813606,0.022370186456152907
2025-08-26 01:00:00,0.01,6,-0.0585572208372325,0.012091301828116996,0.01095023234625897
2025-08-26 02:00:00,0.01,6,-0.0743141409409718,0.011269331364518359,0.0028893634510187005
2025-08-26 03:00:00,0.01,6,-0.0752314434563201,0.01129435098585634,0.010286306782225252
2025-08-26 04:00:00,0.01,6,-0.07534220857142376,0.011328144837333753,0.01000979934354218
2025-08-26 05:00:00,0.01,6,-0.09361994282211006,0.009980118611076698,0.011347839219600142
2025-08-26 06:00:00,0.0116666666666666,6,-0.06963665131007787,0.010631038586300785,0.007203805573634647
2025-08-26 07:00:00,0.0433333333333333,6,0.02454828431531675,0.027379276744727853,0.030167080302925586
2025-08-26 08:00:00,0.1633333333333333,6,0.2380670363494194,0.15241299436921735,0.15542269118240887
2025-08-26 09:00:00,0.2216666666666666,6,0.3128054694279768,0.22698579022569462,0.2189277033692537
2025-08-26 10:00:00,0.1966666666666666,6,0.2776623509162296,0.1868894207635905,0.1918797965140326
2025-08-26 11:00:00,0.0316666666666666,6,0.009780493109873417,0.030186705320805755,0.03151136885551875
2025-08-26 12:00:00,0.0083333333333333,6,-0.07359283207974715,0.010902282758572994,0.013150617397903352
2025-08-26 13:00:00,0.0083333333333333,6,-0.06589197758937612,0.01099798818693673,0.014491998974791198
2025-08-26 14:00:00,0.02,6,-0.03182324172879769,0.017958175319322266,0.019077385915326206
2025-08-26 15:00:00,0.0666666666666666,6,0.09996590761764423,0.07547941723386896,0.06457428463519888
2025-08-26 16:00:00,0.1666666666666666,6,0.25331232691751077,0.16839510068017172,0.1701348809702211
2025-08-26 17:00:00,0.2716666666666666,6,0.3455980804681301,0.26365481542544317,0.2791834504150236
2025-08-26 18:00:00,0.6283333333333334,6,0.5884276813246192,0.6016716041515707,0.5807890926993672
2025-08-26 19:00:00,0.82,6,0.7376134803651762,0.5098300604845272,0.6626715009346132
2025-08-26 20:00:00,0.7233333333333334,6,0.6537756284530569,0.6720619752099201,0.6525208561151175
2025-08-26 21:00:00,0.505,6,0.5077518854347431,0.497625246857164,0.483246506745205
2025-08-26 22:00:00,0.4433333333333333,6,0.47480349161082736,0.4448073935402878,0.4402936052872693
2025-08-26 23:00:00,0.445,6,0.47375009175639915,0.4423336979730842,0.44260319909533197
2025-08-27 00:00:00,0.51,6,0.5158932056814131,0.5140792567974366,0.4858092989326791
2025-08-27 01:00:00,0.5166666666666667,6,0.5269117468142457,0.5312062235942628,0.5049480824114932
2025-08-27 02:00:00,0.315,6,0.3370364120670539,0.2547409146598316,0.25648208512133464
2025-08-27 03:00:00,0.035,6,0.027515109262016668,0.0282915971133693,0.027936777897196452
2025-08-27 04:00:00,0.0599999999999999,6,0.06522439089116894,0.04901027311516439,0.04497210293037224
2025-08-27 05:00:00,0.055,6,0.055166593477049275,0.0394199017035872,0.034502237913945744
2025-08-27 06:00:00,0.01,6,-0.08755767361403047,0.010107968042250646,0.010579302712711403
2025-08-27 07:00:00,0.0816666666666666,6,0.11840446013592215,0.07241145250185098,0.07141385809789091
2025-08-27 08:00:00,0.07,6,0.0868694336600242,0.057115281547688565,0.05223823034996372
2025-08-27 09:00:00,0.0533333333333333,6,0.07669982855855573,0.051870825415193396,0.053779068511331574
2025-08-27 10:00:00,0.0183333333333333,6,-0.00048377763024262666,0.023016106578605866,0.02716219225510541
2025-08-27 11:00:00,0.0216666666666666,6,0.03786712760371069,0.039474352218533564,0.03870191342346929
2025-08-27 12:00:00,0.0183333333333333,6,-0.0026811474498945054,0.024259194043820414,0.027392069595494672
2025-08-27 13:00:00,0.0116666666666666,6,-0.02896980181516956,0.017800988090895944,0.019337766447007465
2025-08-27 14:00:00,0.015,6,-0.048691856322862215,0.013264130670332238,0.019039946964408083
2025-08-27 15:00:00,0.02,6,-0.00019830598484482653,0.02481887507639647,0.029714080692778533
2025-08-27 16:00:00,0.1016666666666666,6,0.1526847822087417,0.09432322985957882,0.10625274427942033
2025-08-27 17:00:00,0.3133333333333333,6,0.37629065679252405,0.2975863587209061,0.30985788729681313
2025-08-27 18:00:00,0.2399999999999999,6,0.3172862532538723,0.23002426036606868,0.237839363334541
2025-08-27 19:00:00,0.2866666666666666,6,0.32820705145902695,0.2422287148927692,0.2445253626943266
2025-08-27 20:00:00,0.3683333333333334,6,0.40605262842047873,0.3554428283174911,0.3481594595200237
2025-08-27 21:00:00,0.2616666666666666,6,0.3513415851975208,0.26928289387347365,0.2874892129401752
2025-08-27 22:00:00,0.2316666666666666,6,0.320817051265735,0.24063752631912594,0.24585710266291425
2025-08-27 23:00:00,0.1833333333333333,6,0.2713750672455552,0.18119789318905707,0.18897567276175514
2025-08-28 00:00:00,0.05,6,0.032252343924839,0.035554936836592825,0.03502730292370543
2025-08-28 01:00:00,0.01,6,-0.11317418362272581,0.010006676769192199,0.011788217261350042
2025-08-28 02:00:00,0.01,6,-0.11276484903324113,0.01001316437575364,0.007434797766893653
2025-08-28 03:00:00,0.01,6,-0.16941515825164355,0.010005151484337779,0.010663086303412284
2025-08-28 04:00:00,0.01,6,-0.08939929841763608,0.010151667526985864,0.00980879243550864
2025-08-28 05:00:00,0.0416666666666666,6,0.039694991974734306,0.03315946452347735,0.03395508806504999
2025-08-28 06:00:00,0.0516666666666666,6,0.06134288334708893,0.04878450190817416,0.04042369748347474
2025-08-28 07:00:00,0.0216666666666666,6,-0.0001037177486128138,0.02229084377922832,0.02267567994969466
2025-08-28 08:00:00,0.01,6,-0.11306512280303706,0.010011899705640622,0.0027771973760237767
2025-08-28 09:00:00,0.01,6,-0.11360760439226297,0.010005260603799707,0.011555582624961369
2025-08-28 10:00:00,0.01,6,-0.12850228628354743,0.009961474767540682,0.010702151477962163
2025-08-28 11:00:00,0.0083333333333333,6,-0.059313856368104656,0.011933888197515684,0.013485975927363003
2025-08-28 12:00:00,0.01,6,-0.024992459110504767,0.020258538559454208,0.02167518903931076
2025-08-28 13:00:00,0.0116666666666666,6,-0.015642540546398354,0.02326963234863696,0.02401900266319229
2025-08-28 14:00:00,0.025,6,0.014066096287930652,0.032873379071333544,0.03304287304819914
2025-08-28 15:00:00,0.1299999999999999,6,0.19684946642316292,0.12964858913744165,0.1240885468703607
2025-08-28 16:00:00,0.2766666666666666,6,0.34648058932645076,0.2668686469262292,0.27753241075149027
2025-08-28 17:00:00,0.295,6,0.3683727232350207,0.2924247882260284,0.2932981538727104
2025-08-28 18:00:00,0.6833333333333332,6,0.6229836562137042,0.5946890900715873,0.6201190459150894
2025-08-28 19:00:00,0.815,6,0.7276821153854065,0.7095550510187711,0.7108440599895609
2025-08-28 20:00:00,0.9366666666666664,6,0.8549395625586169,0.7844288086734372,0.8597636334875024
2025-08-28 21:00:00,0.8666666666666665,6,0.78285435326202,0.8075296940204523,0.7898082171894725
2025-08-28 22:00:00,0.5749999999999998,6,0.5661623542633551,0.5703899571858034,0.5649848763139752
2025-08-28 23:00:00,0.2899999999999999,6,0.3655451746522703,0.2854210578118378,0.2952237554384688
2025-08-29 00:00:00,0.4383333333333333,6,0.4421902417357215,0.37277742857446705,0.38833471398591085
2025-08-29 01:00:00,0.4683333333333333,6,0.4569345580565767,0.3986854493308441,0.4178752787269522
2025-08-29 02:00:00,0.24,6,0.247094375781079,0.16364552557659912,0.16959089037242886
2025-08-29 03:00:00,0.0116666666666666,6,0.01859838278191636,0.03371879599709137,0.030541272264065666
2025-08-29 04:00:00,0.0366666666666666,6,0.018506947476272517,0.02875542620024125,0.02608972255821218
2025-08-29 05:00:00,0.0316666666666666,6,0.04829483652938649,0.03378770426521222,0.03166389831326549
2025-08-29 06:00:00,0.0816666666666666,6,0.13246388990643743,0.08269750404747254,0.07417843564507376
2025-08-29 07:00:00,0.0983333333333333,6,0.14608582947384519,0.08736792772945531,0.09000526577013301
2025-08-29 08:00:00,0.0083333333333333,6,-0.08962677975422567,0.010203759146355594,0.011993274419562605
2025-08-29 09:00:00,0.01,6,-0.13331930705820355,0.00992703680871145,0.011275033966167913
2025-08-29 10:00:00,0.0466666666666666,6,0.08255913476730786,0.05966781783019441,0.058735160553388566
2025-08-29 11:00:00,0.045,6,0.039690033012892034,0.04026703641914225,0.0393552778303255
2025-08-29 12:00:00,0.0366666666666666,6,0.014474006575665666,0.033731273921542265,0.03208796479374826
2025-08-29 13:00:00,0.02,6,0.0198124244069679,0.03351954038227404,0.03445824912284984
2025-08-29 14:00:00,0.0383333333333333,6,0.0807011818017152,0.05743735590536808,0.05775646262852424
2025-08-29 15:00:00,0.0783333333333333,6,0.22610891343286915,0.15033618750617248,0.14418764013996968
2025-08-29 16:00:00,0.1816666666666666,6,0.2738520845539145,0.192093551578376,0.18884724910540251
2025-08-29 17:00:00,0.1466666666666666,6,0.22844255884942682,0.14968499286974019,0.15214773743646995
2025-08-29 18:00:00,0.0983333333333333,6,0.1447902478942686,0.09083919543090606,0.09687644838525833
2025-08-29 19:00:00,0.1649999999999999,6,0.21806894729595666,0.1417691950197512,0.14346799602589047
2025-08-29 20:00:00,0.6033333333333333,6,0.6039008088645231,0.5260249831150968,0.5843065939178602
2025-08-29 21:00:00,0.4749999999999999,6,0.48889636725860697,0.4554507797150879,0.45718184651120863
2025-08-29 22:00:00,0.2433333333333333,6,0.32304000808917577,0.2422285705415791,0.24540714042494827
2025-08-29 23:00:00,0.1483333333333333,6,0.22541726100900372,0.15222161141366375,0.14639054067425888
2025-08-30 00:00:00,0.1166666666666666,6,0.17567937786011634,0.11050155709078875,0.11019332306321372
2025-08-30 01:00:00,0.01,6,-0.12364894581427475,0.009964715030544592,0.011374328837342684
2025-08-30 02:00:00,0.01,6,-0.12915042098206128,0.010053849463697055,0.011812770382057802
2025-08-30 03:00:00,0.01,6,-0.1426102188355381,0.010005064406876788,0.011414659974425923
2025-08-30 04:00:00,0.01,6,-0.1505034305841008,0.010003797814133868,0.011294267685160342
2025-08-30 05:00:00,0.01,6,-0.10795281331470878,0.010016509394168953,0.0027415048973724043
2025-08-30 06:00:00,0.01,6,-0.09879522679494143,0.010069416371601615,0.010049093021073763
2025-08-30 07:00:00,0.01,6,-0.09297923483986234,0.010044835849958559,0.008584042598563102
2025-08-30 08:00:00,0.065,6,0.09942250952543602,0.06077555697126736,0.056106168907573306
2025-08-30 09:00:00,0.2049999999999999,6,0.2938242309683654,0.20085015351108712,0.20913845677977702
2025-08-30 10:00:00,0.1066666666666666,6,0.17260613722554846,0.10886981956077355,0.1083316421529395
2025-08-30 11:00:00,0.0216666666666666,6,-0.053609977307892104,0.014329884134875733,0.017113370674535056
2025-08-30 12:00:00,0.0083333333333333,6,-0.10086623982180107,0.010303636147723933,0.013578216112826613
2025-08-30 13:00:00,0.0299999999999999,6,0.0037529671311162527,0.029777901982469435,0.031230632473105258
2025-08-30 14:00:00,0.2949999999999999,6,0.356760425649974,0.27846326675699723,0.2806494056494869
2025-08-30 15:00:00,0.2099999999999999,6,0.2641749070087552,0.18329394541798721,0.18133301848463534
2025-08-30 16:00:00,0.035,6,0.03316163540316708,0.03959206636128305,0.037227138066020904
2025-08-30 17:00:00,0.0333333333333333,6,-0.009123171332086177,0.02741992013223695,0.026001785784827702
2025-08-30 18:00:00,0.6316666666666666,6,0.5925836982573093,0.5872726721153434,0.5713492697290381
2025-08-30 19:00:00,0.6683333333333333,6,0.5976475049641621,0.5902336033285287,0.5823070393642938
2025-08-30 20:00:00,0.8933333333333332,6,0.8076141448878622,0.8005109702145503,0.8079460790200655
2025-08-30 21:00:00,0.8083333333333332,6,0.7256732620759069,0.6941446178321242,0.7101109617457242
2025-08-30 22:00:00,0.9116666666666666,6,0.8243263401888472,0.6790403895953868,0.8287992921870765
2025-08-30 23:00:00,0.9116666666666668,6,0.8206621151835782,0.8546296952514574,0.843247437590826
2025-08-31 00:00:00,0.9833333333333332,6,0.8898964531763807,0.952978709225953,0.9457020424566327
2025-08-31 01:00:00,0.9533333333333334,6,0.8160492782383202,0.7993370605761075,0.895982382285166
2025-08-31 02:00:00,0.99,6,0.8984366292210908,0.9297047253700637,0.9563997871577935
2025-08-31 03:00:00,0.9833333333333332,6,0.9212670232278972,0.9539387340863108,0.9449192367591659
2025-08-31 04:00:00,0.87,6,0.7535914211394975,0.8718627389052843,0.8366605244378941
2025-08-31 05:00:00,0.9183333333333332,6,0.8170480963747702,0.8908545945776389,0.9205934383734623
2025-08-31 06:00:00,0.8650000000000001,6,0.7733662765477674,0.8747796902405609,0.8805140801462382
2025-08-31 07:00:00,0.99,6,0.9488761088118098,0.9617756872588141,0.9522397225617032
2025-08-31 08:00:00,0.99,6,1.0687511859796728,0.9663943728272241,0.9706854516588266
2025-08-31 09:00:00,0.99,6,1.1274929580090558,0.9637195565999827,0.9798544255526765
2025-08-31 10:00:00,0.99,6,1.062999465861155,0.9480255441622066,0.968668861487684
2025-08-31 11:00:00,0.9866666666666668,6,1.0020604509618125,0.95208440490629,0.9659909163074247
2025-08-31 12:00:00,0.965,6,0.9427928820208422,0.9715874455136327,0.9493163834384929
2025-08-31 13:00:00,0.9816666666666668,6,0.9512657854619482,0.907947841509566,0.9140709328047854
2025-08-31 14:00:00,0.9616666666666664,6,0.915247686543986,0.9218106817964081,0.9113596464114931
2025-08-31 15:00:00,0.975,6,0.9380211084808052,0.972498698857929,0.9538217141188525
2025-08-31 16:00:00,0.9,6,0.8307187421953315,0.934822282085488,0.9213934674242433
2025-08-31 17:00:00,0.7216666666666666,6,0.6336926395210866,0.6864296758645458,0.6745773811191502
2025-08-31 18:00:00,0.4933333333333333,6,0.4905049395878873,0.47410040472446696,0.474956199090248
2025-08-31 19:00:00,0.375,6,0.41057870902826965,0.3684867133685939,0.3637940079093036
2025-08-31 20:00:00,0.4283333333333332,6,0.4805281239018202,0.46986571084710865,0.45792916863912236
2025-08-31 21:00:00,0.16,6,0.25345933432481543,0.17287608350486672,0.16408237804790363
2025-08-31 22:00:00,0.02,6,0.051053610804367044,0.032888158205869766,0.033558701910889666
2025-08-31 23:00:00,0.01,6,-0.02487892279431747,0.013060209467869316,0.015806420234502905
2025-09-01 00:00:00,0.0116666666666666,6,-0.03861742641966673,0.012278493962806138,0.012739969049285371
2025-09-01 01:00:00,0.1883333333333333,6,0.2790384055446624,0.19654396598948864,0.17934217783562073
2025-09-01 02:00:00,0.2299999999999999,6,0.32904522782485324,0.24056847536879478,0.2382842201702069
2025-09-01 03:00:00,0.1966666666666666,6,0.31011801109589,0.23732037066541883,0.21242336012772386
2025-09-01 04:00:00,0.0616666666666666,6,0.06464871732406213,0.041898981911876715,0.03472189228757522
2025-09-01 05:00:00,0.01,6,-0.053628214997830465,0.011503219326192714,0.009314172983956093
2025-09-01 06:00:00,0.045,6,0.0992594513085227,0.054692072007006744,0.047686755334323816
2025-09-01 07:00:00,0.0933333333333333,6,0.19205591965266572,0.10407039204457653,0.09771808006162347
2025-09-01 08:00:00,0.0316666666666666,6,0.07656289123848026,0.04173647669091894,0.04478887533286424
2025-09-01 09:00:00,0.1083333333333333,6,0.19873994876303802,0.11365821158932839,0.11550610217242496
2025-09-01 10:00:00,0.1916666666666666,6,0.300673758194935,0.19640504487549154,0.21459175259373078
2025-09-01 11:00:00,0.1366666666666666,6,0.2336007503208331,0.15142386994804954,0.1521869112404077
2025-09-01 12:00:00,0.0949999999999999,6,0.17693037392824362,0.10550838763451795,0.1024178417797274
2025-09-01 13:00:00,0.0616666666666666,6,0.12010497733047137,0.07058578396293043,0.07730455045419654
2025-09-01 14:00:00,0.0083333333333333,6,-0.05582548220121408,0.012202979495855625,0.015823629558322616
2025-09-01 15:00:00,0.01,6,-0.07334754697128676,0.011019598696782727,0.012171596400001428
2025-09-01 16:00:00,0.0116666666666666,6,-0.020921824641236902,0.022004177531579388,0.020657081965721802
2025-09-01 17:00:00,0.055,6,0.06997210434543516,0.051035847738313996,0.04959803267751217
2025-09-01 18:00:00,0.1099999999999999,6,0.1798251951145986,0.11161413020304928,0.10716841090432888
2025-09-01 19:00:00,0.1283333333333333,6,0.19250299911894547,0.11784679467485569,0.11250510688294141
2025-09-01 20:00:00,0.2149999999999999,6,0.2806090060724742,0.1960558989000701,0.19172845251607049
2025-09-01 21:00:00,0.5966666666666666,6,0.5946178829103558,0.63704726393699,0.6164738457358772
2025-09-01 22:00:00,0.4149999999999999,6,0.4781604735010966,0.4325023477359417,0.4508815975346451
2025-09-01 23:00:00,0.1616666666666666,6,0.2473409834554498,0.16753647965256635,0.1649802178873916
2025-09-02 00:00:00,0.0433333333333333,6,0.06612887469077017,0.04771441795325005,0.04329880959118959
2025-09-02 01:00:00,0.01,6,-0.08173547577275644,0.01076984134999835,0.01018926085821531
2025-09-02 02:00:00,0.01,6,-0.16648533993658232,0.010005151484337779,0.0093054495045653
2025-09-02 03:00:00,0.01,6,-0.12304743222442437,0.010005151484337779,0.01046570680187886
2025-09-02 04:00:00,0.02,6,0.04006172446142087,0.02580082111292125,0.03258228945586
2025-09-02 05:00:00,0.0216666666666666,6,0.0581230152738631,0.0330600994445067,0.03060572314734855
2025-09-02 06:00:00,0.01,6,-0.10258237478832052,0.01001968133857509,0.008760235245347858
2025-09-02 07:00:00,0.01,6,-0.11995552350356635,0.010006117108943655,0.009064869609572368
2025-09-02 08:00:00,0.01,6,-0.13967709454591531,0.010004645095211961,0.010352737875366558
2025-09-02 09:00:00,0.01,6,-0.13344151789543862,0.010005151484337779,0.0103987986752066
2025-09-02 10:00:00,0.01,6,-0.11688591926493028,0.010006193047890242,0.011788217261350042
2025-09-02 11:00:00,0.0366666666666666,6,0.029229666002384136,0.034047341665221095,0.03195910894094556
2025-09-02 12:00:00,0.18,6,0.28297383396398,0.1972035264067171,0.19395853757379838
2025-09-02 13:00:00,0.3349999999999999,6,0.39423215321402083,0.3414602860216748,0.32791577190818816
2025-09-02 14:00:00,0.5683333333333332,6,0.553566676295145,0.5405661773105844,0.5471439607200074
2025-09-02 15:00:00,0.8133333333333334,6,0.7234881509846716,0.7783957336958628,0.7512846188944228
2025-09-02 16:00:00,0.805,6,0.7262725122634411,0.792242788843076,0.7512846188944228
2025-09-02 17:00:00,0.645,6,0.5982454577996382,0.5608184749984518,0.598317958491292
2025-09-02 18:00:00,0.8349999999999999,6,0.7372343100118183,0.6892393853791587,0.7447307747982972
2025-09-02 19:00:00,0.8716666666666665,6,0.7670881238887738,0.8546154588517402,0.8440257679329796
2025-09-02 20:00:00,0.7883333333333332,6,0.7141638950659118,0.7270586972834829,0.7856584148725814
2025-09-02 21:00:00,0.8266666666666667,6,0.7483793340067062,0.8484707977193471,0.8318954462111956
2025-09-02 22:00:00,0.7400000000000001,6,0.6679718668330978,0.7308411513088157,0.7275352840881667
2025-09-02 23:00:00,0.8833333333333333,6,0.7467438007995925,0.8231210407926965,0.8410338631755562
2025-09-03 00:00:00,0.9833333333333332,6,0.8270779416469454,0.9438566461905727,0.939156126217945
2025-09-03 01:00:00,0.99,6,0.8892808226382964,0.968858308820712,0.9625100768594059
2025-09-03 02:00:00,0.99,6,0.9001851396374903,0.9470535745287244,0.9486141643735236
2025-09-03 03:00:00,0.99,6,0.931058068391043,0.974111299572433,0.9656282772291968
2025-09-03 04:00:00,0.9866666666666668,6,0.8759059742106032,0.9681996353786573,0.9713332843907716
2025-09-03 05:00:00,0.99,6,0.9021267707710907,0.9627308321001038,0.9511753044168199
2025-09-03 06:00:00,0.99,6,0.873608648488662,0.968281084163856,0.9624676668555948
2025-09-03 07:00:00,0.98,6,0.8502934571134917,0.9642478605145449,0.9589834740473191
2025-09-03 08:00:00,0.9716666666666666,6,0.8786065051578205,0.9652609128388743,0.9636348371195346
2025-09-03 09:00:00,0.9816666666666668,6,0.891883814129514,0.966118657809908,0.9597228094106236
2025-09-03 10:00:00,0.985,6,0.9387923687586788,0.967352400821369,0.9525975378613305
2025-09-03 11:00:00,0.9883333333333332,6,0.9801382032448207,0.9012528051719301,0.9560061889446495
2025-09-03 12:00:00,0.99,6,0.9963551989079844,0.9492295147988972,0.9557478200302494
2025-09-03 13:00:00,0.9783333333333336,6,0.9245180728956421,0.9534341479678559,0.9538217141188525
2025-09-03 14:00:00,0.975,6,0.8829293184391951,0.9423949904929064,0.9423929234155497
2025-09-03 15:00:00,0.9766666666666663,6,0.8878692108938273,0.9556184387101234,0.9447447795049871
2025-09-03 16:00:00,0.9783333333333332,6,0.8968458345693999,0.954990326314032,0.9396024514548894
2025-09-03 17:00:00,0.94,6,0.8179451282442529,0.8496760864754377,0.8976630549371083
2025-09-03 18:00:00,0.855,6,0.7539668524806556,0.8613976297465797,0.8317618839129418
2025-09-03 19:00:00,0.9566666666666666,6,0.8478411624945017,0.9387388874046612,0.9353388186987284
2025-09-03 20:00:00,0.99,6,0.931427879047189,0.9547371624158052,0.9532737676635966
2025-09-03 21:00:00,0.8349999999999999,6,0.7437429708687263,0.8345972414299446,0.814767535397135
2025-09-03 22:00:00,0.8166666666666667,6,0.7161849818899754,0.7542393849668317,0.7962093897028346
2025-09-03 23:00:00,0.805,6,0.696517864735484,0.7646652773883219,0.7783609713437472
2025-09-04 00:00:00,0.6416666666666666,6,0.5965467205420616,0.6464057028883715,0.6382551118693964
2025-09-04 01:00:00,0.4083333333333333,6,0.44384032228742054,0.4117319052545635,0.4079379806696905
2025-09-04 02:00:00,0.17,6,0.2880490855125355,0.20062770392363302,0.18980730024262704
2025-09-04 03:00:00,0.0999999999999999,6,0.12348904616783707,0.07287014121817294,0.06869717665113134
2025-09-04 04:00:00,0.0299999999999999,6,0.025539090534317244,0.023645690786302652,0.02308626600706204
2025-09-04 05:00:00,0.0933333333333333,6,0.20818331125529188,0.10870159811476973,0.10403431583617118
2025-09-04 06:00:00,0.3783333333333333,6,0.4598975665886609,0.4323300123057078,0.43595520046042435
2025-09-04 07:00:00,0.2583333333333333,6,0.319051549203321,0.21178810614715315,0.23071416408517467
2025-09-04 08:00:00,0.495,6,0.49877925379032495,0.5033375326184976,0.49403272886203436
2025-09-04 09:00:00,0.91,6,0.7928800264843567,0.9163625039964385,0.9192608502385333
2025-09-04 10:00:00,0.9316666666666666,6,0.8167151654005713,0.8834261914092381,0.9226078421165149
2025-09-04 11:00:00,0.9816666666666668,6,0.9703703790668792,0.9457758657109969,0.9619528553046481
2025-09-04 12:00:00,0.9816666666666664,6,0.9718388872397772,0.9565952408023387,0.9485749615980543
2025-09-04 13:00:00,0.9716666666666663,6,0.9181328176117589,0.9484679589551661,0.9345649175401973
2025-09-04 14:00:00,0.8833333333333333,6,0.7790272996057981,0.8706822814464251,0.8579873565764436
2025-09-04 15:00:00,0.6049999999999999,6,0.5850447307010563,0.5974632030499978,0.5933088214602928
2025-09-04 16:00:00,0.3316666666666667,6,0.3991348103514829,0.3294645218242195,0.33486832410106815
2025-09-04 17:00:00,0.2166666666666666,6,0.31447943356847863,0.2280599637361279,0.21926995106221683
2025-09-04 18:00:00,0.2166666666666666,6,0.3183989903164427,0.23445014008288761,0.24460992161258477
2025-09-04 19:00:00,0.3533333333333333,6,0.41618563383366547,0.36246448026764755,0.36355101533394196
2025-09-04 20:00:00,0.1366666666666666,6,0.20855612355891046,0.12067835257244645,0.12718738616469047
2025-09-04 21:00:00,0.11,6,0.21552989633950043,0.1340375607728999,0.1310648577975408
2025-09-04 22:00:00,0.0816666666666666,6,0.11937476702352579,0.07118148163079858,0.07326163200220931
2025-09-04 23:00:00,0.11,6,0.19668826466520906,0.11639377299277723,0.1133460851274753
2025-09-05 00:00:00,0.1149999999999999,6,0.248692367583076,0.16919285750191265,0.16315054494273937
2025-09-05 01:00:00,0.1499999999999999,6,0.26565020450817334,0.16559613472802412,0.1752737036063134
2025-09-05 02:00:00,0.2016666666666666,6,0.2975001547147207,0.18334060778167371,0.1958320484932006
2025-09-05 03:00:00,0.0866666666666666,6,0.12260930939102893,0.06143068121872724,0.06223322141501941
2025-09-05 04:00:00,0.1483333333333333,6,0.19763501926580906,0.10600949406839931,0.10341190746660234
2025-09-05 05:00:00,0.625,6,0.5973417870063222,0.6538603521663287,0.6558001285898736
2025-09-05 06:00:00,0.5333333333333333,6,0.4897184945756826,0.4680625946922954,0.48024790810512347
2025-09-05 07:00:00,0.6783333333333333,6,0.647115354220938,0.7143009598000869,0.7085695826820876
2025-09-05 08:00:00,0.6399999999999999,6,0.5862090982618378,0.6401611084277351,0.6358624751373635
2025-09-05 09:00:00,0.5783333333333333,6,0.5607290925355793,0.5651955456059302,0.5710722451346378
2025-09-05 10:00:00,0.665,6,0.6154225102444925,0.6281537909063115,0.6331395283418815
2025-09-05 11:00:00,0.815,6,0.7354283692739412,0.767286089279445,0.7103162108386998
2025-09-05 12:00:00,0.53,6,0.5289966733176606,0.5278808632212895,0.5084069267426978
2025-09-05 13:00:00,0.215,6,0.2912450969716688,0.20787604031013393,0.19923507371742497
2025-09-05 14:00:00,0.0266666666666666,6,0.004661952521497592,0.026743052706530122,0.030249674949724026
2025-09-05 15:00:00,0.0166666666666666,6,-0.03738402889087386,0.015737243103690127,0.01918891062352207
2025-09-05 16:00:00,0.08,6,0.11444993235353346,0.07676378428144441,0.07086748321125602
2025-09-05 17:00:00,0.2666666666666666,6,0.3328485013889696,0.25937651236162274,0.2583335666293906
2025-09-05 18:00:00,0.325,6,0.3738390482301278,0.30849053735693827,0.3051747457553252
2025-09-05 19:00:00,0.5899999999999999,6,0.5610282985192773,0.5349528493754568,0.5555133961866853
2025-09-05 20:00:00,0.8016666666666667,6,0.723196117817856,0.7737118940613624,0.7620863485398386
2025-09-05 21:00:00,0.5783333333333333,6,0.5684549236147034,0.5335529187192777,0.5724074506504553
2025-09-05 22:00:00,0.5666666666666667,6,0.5269172405495659,0.5315646178106274,0.5066658929853893
2025-09-05 23:00:00,0.5749999999999998,6,0.5441481877753764,0.5220665503370996,0.5295829204311067
2025-09-06 00:00:00,0.6733333333333333,6,0.6251010868775488,0.6257261500880751,0.6511817171077883
2025-09-06 01:00:00,0.6633333333333332,6,0.6277560653826295,0.6376996073801922,0.6524373008270681
2025-09-06 02:00:00,0.6183333333333334,6,0.6012529005600563,0.5742133547444438,0.6060874689158067
2025-09-06 03:00:00,0.3216666666666667,6,0.310154356884788,0.2353433440988512,0.22005766310067398
2025-09-06 04:00:00,0.0166666666666666,6,-0.06842601827585607,0.01152431484251678,0.0028893634510187005
2025-09-06 05:00:00,0.0749999999999999,6,0.0884782355552644,0.055530122678336416,0.053828258200311174
2025-09-06 06:00:00,0.025,6,-0.05457804688746104,0.012575979510567699,0.013920738238092034
2025-09-06 07:00:00,0.0116666666666666,6,-0.05049563627469136,0.011421181720607073,0.01469946726448379
2025-09-06 08:00:00,0.01,6,-0.0956204537927901,0.010072175383633808,0.010579302712711403
2025-09-06 09:00:00,0.0133333333333333,6,-0.002385579622986106,0.02329471833142016,0.017411971028933992
2025-09-06 10:00:00,0.0216666666666666,6,-0.0015680799659537892,0.02289859203803717,0.02676780315747118
2025-09-06 11:00:00,0.0116666666666666,6,-0.045636165560781455,0.012985755916342549,0.017175170389690686
2025-09-06 12:00:00,0.0066666666666666,6,-0.08934212199554192,0.010035341288674737,0.01149921809135629
2025-09-06 13:00:00,0.0083333333333333,6,-0.11286014942034797,0.00951377820867069,0.012574771693337705
2025-09-06 14:00:00,0.01,6,-0.07305241042115904,0.011081043831929455,0.0143456905383465
2025-09-06 15:00:00,0.0433333333333333,6,0.08011467380794152,0.05674247652305894,0.05936654834403243
2025-09-06 16:00:00,0.12,6,0.18165962276789827,0.11481210333574497,0.11068166675552144
2025-09-06 17:00:00,0.1566666666666666,6,0.25425099395910417,0.1765811010070758,0.1726532581004254
2025-09-06 18:00:00,0.2533333333333333,6,0.34251537840051094,0.2597686024029533,0.258886968227672
2025-09-06 19:00:00,0.255,6,0.33975563719484303,0.25896347625981586,0.2576648168360591
2025-09-06 20:00:00,0.2866666666666666,6,0.3518474166707599,0.27392702278979486,0.28600573302061544
2025-09-06 21:00:00,0.135,6,0.19189647525911874,0.130975291411442,0.11821031989288
2025-09-06 22:00:00,0.01,6,-0.0911820938118667,0.010087256080551069,0.01197861942271028
2025-09-06 23:00:00,0.01,6,-0.16682696888482373,0.009936430369976173,0.010983558629469037
2025-09-07 00:00:00,0.01,6,-0.1006450408933931,0.010047839872801773,0.012000724943359797
2025-09-07 01:00:00,0.01,6,-0.09280338400148369,0.01000386504923399,0.011487924748175227
2025-09-07 02:00:00,0.0616666666666666,6,0.09756409830835217,0.061138363305554846,0.056106168907573306
2025-09-07 03:00:00,0.03,6,0.006565610092771429,0.026496286203695138,0.02486994167073925
2025-09-07 04:00:00,0.1633333333333333,6,0.1968606564850528,0.11764672049621017,0.11836915306414647
2025-09-07 05:00:00,0.6316666666666666,6,0.5635242378133104,0.5855195487731205,0.5710722451346378
2025-09-07 06:00:00,0.4566666666666666,6,0.4538632243086732,0.42290374652461904,0.41262142228871956
2025-09-07 07:00:00,0.3883333333333333,6,0.4063081375405706,0.36420960872135205,0.35376276528323997
2025-09-07 08:00:00,0.3766666666666666,6,0.4114091291368881,0.36492400457432994,0.35789960795116726
2025-09-07 09:00:00,0.7283333333333333,6,0.6634821311337761,0.7292558027319659,0.7008855489152526
2025-09-07 10:00:00,0.8516666666666665,6,0.7753032539270428,0.8564836526642309,0.8457736784888905
2025-09-07 11:00:00,0.7983333333333332,6,0.7288286035327595,0.7732521517455727,0.7192319869322574
2025-09-07 12:00:00,0.6283333333333333,6,0.6055941280283373,0.5264100583591398,0.5861491175453193
2025-09-07 13:00:00,0.4733333333333333,6,0.4919948131674593,0.43016696620506667,0.44950726339026054
2025-09-07 14:00:00,0.24,6,0.3277243401155818,0.2394793998808226,0.23805581590570996
2025-09-07 15:00:00,0.0633333333333333,6,0.09684391030221723,0.06552918671746298,0.06213767151840016
2025-09-07 16:00:00,0.0133333333333333,6,-0.06909404101030217,0.009220334119506145,0.01488191858877741
2025-09-07 17:00:00,0.01,6,-0.1085582685080089,0.009136554995001931,0.013103052697105932
2025-09-07 18:00:00,0.0933333333333333,6,0.09247539241516162,0.07172209136878595,0.05971564595287898
2025-09-07 19:00:00,0.29,6,0.38851883881503857,0.3218976532438455,0.3217961807843686
2025-09-07 20:00:00,0.2033333333333333,6,0.28222910152630154,0.20447045801684616,0.19329501353163422
2025-09-07 21:00:00,0.3083333333333333,6,0.3594394390269732,0.28399027091263707,0.29115892335243637
2025-09-07 22:00:00,0.6299999999999998,6,0.5906477130225738,0.6093171800207362,0.5875995964155918
2025-09-07 23:00:00,0.8216666666666665,6,0.7419885345597972,0.7037614995344217,0.693458331839422
2025-09-08 00:00:00,0.3566666666666666,6,0.3990170002496177,0.3300450267374432,0.335035912018319
2025-09-08 01:00:00,0.0883333333333333,6,0.1247857486025033,0.08346989532809233,0.08154210572551512
2025-09-08 02:00:00,0.0083333333333333,6,-0.11509885008502167,0.009900013840878474,0.012344486508655883
2025-09-08 03:00:00,0.0216666666666666,6,-0.021470181695287444,0.02130925187672351,0.020788756209373815
2025-09-08 04:00:00,0.0116666666666666,6,-0.06975764043681282,0.011533733328290446,0.011900383336344966
2025-09-08 05:00:00,0.01,6,-0.11069508116987628,0.010005529924135155,0.011992179740373199
2025-09-08 06:00:00,0.0166666666666666,6,-0.0355412093514787,0.013597715503933629,0.0169101191963672
2025-09-08 07:00:00,0.0733333333333333,6,0.12054775779722071,0.06907511503936976,0.07748777383110989
2025-09-08 08:00:00,0.0383333333333333,6,0.054980620362878596,0.04726680727078381,0.03780893403313046
2025-09-08 09:00:00,0.0383333333333333,6,0.03483419957534306,0.036825295169937794,0.03447550742113137
2025-09-08 10:00:00,0.0366666666666666,6,0.015880022848975467,0.03147148285428766,0.029926540470721075
2025-09-08 11:00:00,0.1399999999999999,6,0.21901740619197174,0.13684023698059125,0.14400545538189
2025-09-08 12:00:00,0.2333333333333333,6,0.31506075303445,0.2285065620077517,0.23749124143137385
2025-09-08 13:00:00,0.1116666666666666,6,0.18308931827790353,0.11631972078403806,0.11184073717195442
2025-09-08 14:00:00,0.5666666666666667,6,0.5585084765168704,0.5640469517133572,0.541011879294927
2025-09-08 15:00:00,0.5799999999999998,6,0.5718598491795467,0.5757812349370912,0.5645485681002222
2025-09-08 16:00:00,0.4399999999999999,6,0.4630136902001212,0.4071180527186969,0.4212247903526968
2025-09-08 17:00:00,0.315,6,0.3754573880804061,0.31149594645392337,0.30507287474486533
2025-09-08 18:00:00,0.6483333333333334,6,0.6236996739308581,0.6567352012703528,0.6282670905925496
2025-09-08 19:00:00,0.99,6,1.263119207645954,0.8957835300924492,0.9230326620705687
2025-09-08 20:00:00,0.9883333333333332,6,0.9194062973003627,0.9502287545716839,0.9481501223137974
2025-09-08 21:00:00,0.92,6,0.7936408592789201,0.8835896339878593,0.9026194280639812
2025-09-08 22:00:00,0.7183333333333332,6,0.6838267585500464,0.7787266734598408,0.7687178056094761
2025-09-08 23:00:00,0.3616666666666666,6,0.42340258048394397,0.37685717455382756,0.36764169451022116
2025-09-09 00:00:00,0.0883333333333333,6,0.1591739854260693,0.08776090409954768,0.0938571679430456
2025-09-09 01:00:00,0.1666666666666666,6,0.25867307444488774,0.1661062088552466,0.17036060473980416
2025-09-09 02:00:00,0.0183333333333333,6,-0.019849808008652825,0.012663290410020395,0.017513328781751214
2025-09-09 03:00:00,0.0166666666666666,6,-0.04541603529890023,0.012174234566399718,0.0125958466105488
2025-09-09 04:00:00,0.01,6,-0.09133742010499599,0.010046316519326064,0.00941344482172235
2025-09-09 05:00:00,0.01,6,-0.02186313769507997,0.014094377409257378,0.01649188903096982
2025-09-09 06:00:00,0.01,6,-0.1300719207611008,0.010004988467930201,0.009176066558336193
2025-09-09 07:00:00,0.01,6,-0.16158293757893288,0.010004645095211961,0.008389582753905556
2025-09-09 08:00:00,0.01,6,-0.11623516552887714,0.010005773736225415,0.009870337078949853
2025-09-09 09:00:00,0.01,6,-0.13703068706518512,0.010005151484337779,0.009872079257424227
2025-09-09 10:00:00,0.0183333333333333,6,-0.03159804988880591,0.014609698623990648,0.013448382564566097
2025-09-09 11:00:00,0.01,6,-0.0680643212729985,0.011594536993744149,0.012140038294019495
2025-09-09 12:00:00,0.025,6,0.022364318412594897,0.03128901377844163,0.031313606411927264
2025-09-09 13:00:00,0.0966666666666666,6,0.15131884897567205,0.09625722869296113,0.10256898738248327
2025-09-09 14:00:00,0.1083333333333333,6,0.16218898273287424,0.09945151167606356,0.10425738685432118
2025-09-09 15:00:00,0.2566666666666666,6,0.331781188938415,0.2473381313216207,0.2573976790069301
2025-09-09 16:00:00,0.2666666666666666,6,0.3240721955809033,0.24230923595239034,0.2441883858410965
2025-09-09 17:00:00,0.2083333333333333,6,0.28829620274653167,0.2016535179576421,0.19693279121472118
2025-09-09 18:00:00,0.1683333333333333,6,0.24399074134442433,0.15796321451216536,0.16327961817830045
2025-09-09 19:00:00,0.2066666666666666,6,0.2971786442488007,0.20205697412359452,0.2098136336221862
2025-09-09 20:00:00,0.3166666666666667,6,0.4109693755314644,0.36314536916608836,0.3588834747942681
2025-09-09 21:00:00,0.105,6,0.19783032774376835,0.11260262055744777,0.12145175808451403
2025-09-09 22:00:00,0.0233333333333333,6,-0.04457813716588141,0.014257331282825648,0.012011918330494142
2025-09-09 23:00:00,0.01,6,-0.08649613489246141,0.010224964464440338,0.01005258329492903
2025-09-10 00:00:00,0.0533333333333333,6,0.06917212846660853,0.04575813247978461,0.04675059622466404
2025-09-10 01:00:00,0.155,6,0.23735399418545655,0.151461055686336,0.15644036133467953
2025-09-10 02:00:00,0.4816666666666666,6,0.517224878270075,0.5133594025235445,0.5009787126432995
2025-09-10 03:00:00,0.64,6,0.592812806486898,0.6462312506978575,0.636118033884649
2025-09-10 04:00:00,0.2216666666666666,6,0.26123588027959715,0.1817519876707823,0.17279004186311708
2025-09-10 05:00:00,0.385,6,0.4108854173697917,0.36698743053977734,0.35814558556901116
2025-09-10 06:00:00,0.1333333333333333,6,0.1820663365589857,0.10292060453748837,0.09982175555958483
2025-09-10 07:00:00,0.1266666666666666,6,0.2026868724517633,0.1156608836870434,0.11385254099366637
2025-09-10 08:00:00,0.01,6,-0.11320272096585324,0.0100061078848778,0.010296434240001318
2025-09-10 09:00:00,0.01,6,-0.07416153718207899,0.010470484374019201,0.014382908963453067
2025-09-10 10:00:00,0.02,6,0.019614877740544934,0.027796100460380106,0.026165191656865816
2025-09-10 11:00:00,0.0433333333333333,6,0.056230955588265186,0.04839482851846675,0.03809754325646947
2025-09-10 12:00:00,0.0266666666666666,6,-0.00839957473512154,0.024440819014603543,0.02343842810874247
2025-09-10 13:00:00,0.0266666666666666,6,-0.0064026245188155695,0.023879637811702943,0.02529224617461584
2025-09-10 14:00:00,0.0116666666666666,6,-0.12469881012818125,0.010002265590323689,0.01212395099988467
2025-09-10 15:00:00,0.0149999999999999,6,-0.023664906383118522,0.019056599041286384,0.021802420411542955
2025-09-10 16:00:00,0.0166666666666666,6,-0.02241457115773196,0.02049104108203699,0.02105644143112828
2025-09-10 17:00:00,0.1349999999999999,6,0.23426127157788457,0.15533180775692518,0.15521577527443053
2025-09-10 18:00:00,0.1116666666666666,6,0.18396302654591346,0.11394939977779807,0.10917559744785932
2025-09-10 19:00:00,0.08,6,0.10818480100153671,0.07274643510368811,0.06687478300013222
2025-09-10 20:00:00,0.01,6,-0.0441889714864232,0.014587988383007199,0.016387998937693993
2025-09-10 21:00:00,0.0733333333333333,6,0.09004479186335851,0.05966976022779798,0.05704727869736964
2025-09-10 22:00:00,0.1933333333333333,6,0.1578915781974627,0.09556756992361318,0.0973243416838182
2025-09-10 23:00:00,0.2,6,0.23361580722504405,0.15146687027057815,0.15249831210607132
2025-09-11 00:00:00,0.6883333333333334,6,0.6490988500926087,0.6914902861712579,0.6884554637946385
2025-09-11 01:00:00,0.8883333333333332,6,0.8110604760588562,0.9253278292204729,0.906321741915751
2025-09-11 02:00:00,0.0199999999999999,6,-0.03607346692907329,0.014946525383786517,0.01438547811509372
2025-09-11 03:00:00,0.1183333333333333,6,0.2019806213751783,0.11624195436189808,0.11631747307242957
2025-09-11 04:00:00,0.2099999999999999,6,0.3007650152427529,0.1941125847740727,0.20549512473433376
2025-09-11 05:00:00,0.2433333333333333,6,0.3719282421753952,0.3022830991768127,0.29558240771908134
2025-09-11 06:00:00,0.0766666666666666,6,0.14818782150397464,0.08411737981042045,0.08238662108411204
2025-09-11 07:00:00,0.055,6,0.1356767625401778,0.06339902171153226,0.06855314309780275
2025-09-11 08:00:00,0.0166666666666666,6,-0.02065532805050488,0.013590726067950983,0.01759816501464595
2025-09-11 09:00:00,0.0116666666666666,6,0.020210083708361082,0.019963113198631734,0.028139740928753987
2025-09-11 10:00:00,0.015,6,-0.031134693568673155,0.014864697759274636,0.015986905773361093
2025-09-11 11:00:00,0.01,6,-0.02891010897180432,0.015196642502509527,0.014101384148368923
2025-09-11 12:00:00,0.0166666666666666,6,-0.01147828389115696,0.0204120639180811,0.022529229637273884
2025-09-11 13:00:00,0.05,6,0.04830478142778161,0.041680119988210036,0.03542900903829871
2025-09-11 14:00:00,0.1483333333333333,6,0.21372110699812386,0.1333058280546018,0.13514716860552317
2025-09-11 15:00:00,0.3533333333333333,6,0.39123399362882827,0.32566779102940724,0.32737387444466637
2025-09-11 16:00:00,0.4516666666666666,6,0.44645506470828755,0.41011154542376194,0.40641644830960955
2025-09-11 17:00:00,0.18,6,0.26135524251333286,0.18327297432720122,0.18079584402616145
2025-09-11 18:00:00,0.15,6,0.22774353013700044,0.1495251028445111,0.14467248762221205
2025-09-11 19:00:00,0.1366666666666666,6,0.21907013057056185,0.13776563144349577,0.13966439694583038
2025-09-11 20:00:00,0.1083333333333333,6,0.18111927675086786,0.11171119395510487,0.1030567686624384
2025-09-11 21:00:00,0.0216666666666666,6,0.013302490531425543,0.02743504609758708,0.026875397625192643
2025-09-11 22:00:00,0.095,6,0.22943669625684138,0.1406506795337942,0.14542417221471046
2025-09-11 23:00:00,0.1833333333333333,6,0.2771212927483244,0.19102850995309015,0.18144607662904386
2025-09-12 00:00:00,0.1816666666666666,6,0.2631952134492288,0.16868863907201978,0.1728857778303759
2025-09-12 01:00:00,0.1049999999999999,6,0.15655107892420855,0.07731540929251454,0.08993480277006649
2025-09-12 02:00:00,0.0466666666666666,6,0.03997313775927647,0.024115609762068814,0.029126965279628436
2025-09-12 03:00:00,0.0666666666666666,6,0.08696491230495695,0.04681170466181399,0.04776570221726639
2025-09-12 04:00:00,0.0133333333333333,6,-0.03195593223790563,0.011988098857849135,0.01280698186071505
2025-09-12 05:00:00,0.01,6,-0.08540697533074726,0.01017215798996711,0.009431428035891032
2025-09-12 06:00:00,0.105,6,0.17357789274832547,0.09257767527419712,0.08989085108315348
2025-09-12 07:00:00,0.1816666666666666,6,0.26146244599363355,0.16859814980429308,0.16397693143173567
2025-09-12 08:00:00,0.1216666666666666,6,0.1812116015847836,0.10400916694049878,0.09473305046783453
2025-09-12 09:00:00,0.5633333333333334,6,0.5447204266573719,0.5413663501435512,0.5448690285142024
2025-09-12 10:00:00,0.7516666666666668,6,0.6729666714270788,0.6999612525464592,0.7280160129135409
2025-09-12 11:00:00,0.7166666666666666,6,0.6421638134529254,0.6684204082294839,0.6683484408003642
2025-09-12 12:00:00,0.7066666666666666,6,0.6363355879832819,0.6726427814276954,0.6644411756738187
2025-09-12 13:00:00,0.435,6,0.46276441129964807,0.41317180637964046,0.42517039856935895
2025-09-12 14:00:00,0.26,6,0.3450432375342195,0.2660124213983158,0.28099406952287825
2025-09-12 15:00:00,0.1299999999999999,6,0.21277254636626952,0.14239727306649905,0.13713382432692442
2025-09-12 16:00:00,0.0283333333333333,6,0.018179459809688547,0.03257428886488626,0.033623833118105406
2025-09-12 17:00:00,0.01,6,-0.12475405268890047,0.00987569522584936,0.013356334635988065
2025-09-12 18:00:00,0.01,6,-0.13025664695091888,0.009934904602422327,0.011775102482210142
2025-09-12 19:00:00,0.01,6,-0.07745984270694684,0.010870113242871186,0.011101655017098033
2025-09-12 20:00:00,0.0083333333333333,6,-0.05938146027350863,0.014291046745196106,0.01264200055188458
2025-09-12 21:00:00,0.0266666666666666,6,0.01757102730233931,0.0289428749915864,0.026004472305115156
2025-09-12 22:00:00,0.0183333333333333,6,-0.07327478063236187,0.010841665338053141,0.008047915086242863
2025-09-12 23:00:00,0.01,6,-0.16036419089142268,0.010028041811848227,0.006584191961490238
2025-09-13 00:00:00,0.01,6,-0.045790830130741034,0.014528713543851221,0.007376979052367727
2025-09-13 01:00:00,0.0166666666666666,6,-0.019721696492740637,0.0179185519246151,0.019007542976161862
2025-09-13 02:00:00,0.0516666666666666,6,0.08554396607712828,0.04984862830118858,0.04964156503337547
2025-09-13 03:00:00,0.01,6,-0.10213127719660436,0.01001933796585685,0.009834644600298481
2025-09-13 04:00:00,0.01,6,-0.08057298988478692,0.010380767487580923,0.011171251842193641
2025-09-13 05:00:00,0.0533333333333333,6,0.12563226730714894,0.07241177670726423,0.07276342041922929
2025-09-13 06:00:00,0.0233333333333333,6,0.024836883677450183,0.02109090938659256,0.027694359780888245
2025-09-13 07:00:00,0.015,6,-0.009617991001261345,0.018240622009693213,0.02063206636411563
2025-09-13 08:00:00,0.0116666666666666,6,-0.058950634208087105,0.011474061463245715,0.012309658747424124
2025-09-13 09:00:00,0.0216666666666666,6,-0.025089821189107353,0.017666469292976127,0.017892624203873053
2025-09-13 10:00:00,0.08,6,0.13759715697765362,0.08231582217606977,0.07252815097938914
2025-09-13 11:00:00,0.1083333333333333,6,0.18123034707348934,0.11214989483911672,0.10696138304282377
2025-09-13 12:00:00,0.1633333333333333,6,0.2592477054397494,0.18130681532991338,0.1800645104619006
2025-09-13 13:00:00,0.2083333333333333,6,0.29809988924802755,0.20228331547401956,0.20898364258374819
2025-09-13 14:00:00,0.325,6,0.38906785671182975,0.31259692026071917,0.32452795679259094
2025-09-13 15:00:00,0.7833333333333333,6,0.685467811586762,0.7494137584070143,0.7019707218096694
2025-09-13 16:00:00,0.9716666666666663,6,0.8961692651440272,0.9179775963071829,0.9286181346968115
2025-09-13 17:00:00,0.985,6,0.9768139550809412,0.9360309164643392,0.9523931994258129
2025-09-13 18:00:00,0.5416666666666666,6,0.526101877345158,0.49256631091648617,0.5143882588397063
2025-09-13 19:00:00,0.5499999999999999,6,0.5463825894405192,0.5499835652628584,0.5377784820528901
2025-09-13 20:00:00,0.9683333333333332,6,0.8498321102962914,0.9483733509069322,0.939315760296737
2025-09-13 21:00:00,0.77,6,0.6833685907577163,0.7642627656732643,0.7483033875349616
2025-09-13 22:00:00,0.2483333333333333,6,0.30252809997844843,0.20770407910610053,0.21456695818593874
2025-09-13 23:00:00,0.48,6,0.5051310640773732,0.5008420827867281,0.4968575182505084
2025-09-14 00:00:00,0.5216666666666666,6,0.534909288225757,0.5477552655618838,0.541365908126674
2025-09-14 01:00:00,0.6616666666666666,6,0.6116728775619483,0.6564353222230375,0.6400981305502673
2025-09-14 02:00:00,0.9883333333333334,6,0.85700040200155,0.962517460400788,0.9524873375370414
2025-09-14 03:00:00,0.92,6,0.8072013756132663,0.9222039453936317,0.9172211496068523
2025-09-14 04:00:00,0.8983333333333334,6,0.7632232497141987,0.8882235060440379,0.8726627700262108
2025-09-14 05:00:00,0.92,6,0.7795371996321787,0.8742398111778963,0.905843388695473
2025-09-14 06:00:00,0.9183333333333332,6,0.7553999304872091,0.8767585005443939,0.8737217168948297
2025-09-14 07:00:00,0.8083333333333333,6,0.6913778065768899,0.7955620475653028,0.7876936351036368
2025-09-14 08:00:00,0.54,6,0.5226399284021942,0.5127172818263341,0.5138369591636675
2025-09-14 09:00:00,0.45,6,0.482074561727593,0.4629801073025093,0.45792916863912236
2025-09-14 10:00:00,0.2899999999999999,6,0.36665386749512274,0.29058958225544174,0.2955966686813305
2025-09-14 11:00:00,0.2583333333333333,6,0.34350966885189893,0.26737421948711154,0.27875381507694574
2025-09-14 12:00:00,0.35,6,0.40486297818299755,0.34544214452094046,0.3513126009512664
2025-09-14 13:00:00,0.52,6,0.5086997591295751,0.5005372804950025,0.4879032859568373
2025-09-14 14:00:00,0.5366666666666666,6,0.5232348300429214,0.5226468564433933,0.5081676547333206
2025-09-14 15:00:00,0.5466666666666667,6,0.54059383747651,0.47205432318100427,0.5388954391627465
2025-09-14 16:00:00,0.6083333333333333,6,0.568663685556869,0.5686479985831095,0.5858206166391426
2025-09-14 17:00:00,0.7483333333333331,6,0.6651187069131348,0.6997307309295498,0.7058457512872075
2025-09-14 18:00:00,0.7666666666666666,6,0.6619236119569839,0.7171219157847608,0.708937899590059
2025-09-14 19:00:00,0.6266666666666665,6,0.5826221420667023,0.6133440635392885,0.6041476067966958
2025-09-14 20:00:00,0.6699999999999999,6,0.6183432227617255,0.6777874012444406,0.6470265956485501
2025-09-14 21:00:00,0.7616666666666667,6,0.7098234562704927,0.7532742558734508,0.7881204974705989
2025-09-14 22:00:00,0.7083333333333333,6,0.65944412777463,0.7231723786578775,0.7200920704641982
2025-09-14 23:00:00,0.6066666666666666,6,0.5656789803163114,0.6033314601285362,0.6045061268109033
2025-09-15 00:00:00,0.4899999999999999,6,0.4929886453673563,0.4710938763480869,0.48079283895528274
2025-09-15 01:00:00,0.4333333333333333,6,0.4652585445624269,0.4464311550575463,0.4386616375246112
2025-09-15 02:00:00,0.2549999999999999,6,0.28235667738830694,0.19623467405506678,0.18867408032802283
2025-09-15 03:00:00,0.025,6,0.06100778982598393,0.03650979379120083,0.033035232688911564
2025-09-15 04:00:00,0.01,6,-0.12697149144359735,0.010004988467930201,0.008126894185819133
2025-09-15 05:00:00,0.01,6,-0.14572059393186557,0.010004988467930201,0.008126894185819133
2025-09-15 06:00:00,0.01,6,-0.154569767814696,0.010004988467930201,0.007531940831903339
2025-09-15 07:00:00,0.01,6,-0.1005286559737065,0.010094250170961773,0.008776721749945982
2025-09-15 08:00:00,0.01,6,-0.0936794078603731,0.010002538930159392,0.009136716544269285
2025-09-15 09:00:00,0.01,6,-0.07021023885226532,0.010886902490471527,0.010193513938394794
2025-09-15 10:00:00,0.0166666666666666,6,-0.02149332703893403,0.019320502547648864,0.018933959263514877
2025-09-15 11:00:00,0.1183333333333333,6,0.20755359162411324,0.11966243075690429,0.11893392944754938
2025-09-15 12:00:00,0.1233333333333333,6,0.202964917380895,0.11645990164678835,0.11816950137127225
2025-09-15 13:00:00,0.0466666666666666,6,0.0918846871576966,0.06072338160525035,0.05709978350817135
2025-09-15 14:00:00,0.02,6,-0.00042843333368416947,0.023450981605296736,0.0263360245716881
2025-09-15 15:00:00,0.0149999999999999,6,-0.015354729857126465,0.02417977339826662,0.022780967751934666
2025-09-15 16:00:00,0.01,6,-0.09444758996878705,0.009931756861984237,0.012203533522592458
2025-09-15 17:00:00,0.0083333333333333,6,-0.09051694401434354,0.010085514658727285,0.011130582518344478
2025-09-15 18:00:00,0.01,6,-0.0462459458478936,0.013668816128687427,0.01672637180900438
2025-09-15 19:00:00,0.01,6,-0.08925793602876717,0.010156071821853753,0.010015638153428208
2025-09-15 20:00:00,0.01,6,-0.1890300083986068,0.010010436915974781,0.0020266724638395295
2025-09-15 21:00:00,0.01,6,-0.15408708080467454,0.010005151484337779,0.0093054495045653
2025-09-15 22:00:00,0.0083333333333333,6,-0.06954196045757763,0.010511845855761901,0.011657477047607279
2025-09-15 23:00:00,0.0466666666666666,6,0.04384261526047095,0.03428345739674745,0.029934369956391593
2025-09-16 00:00:00,0.1316666666666666,6,0.23869243264764378,0.1514859540485436,0.15423201179001186
2025-09-16 01:00:00,0.0999999999999999,6,0.18318970545697338,0.10761216326291717,0.10637866871246737
2025-09-16 02:00:00,0.03,6,0.0025844518539199224,0.020796999941101787,0.029847257148083006
2025-09-16 03:00:00,0.01,6,-0.10355830236093623,0.01001933796585685,0.010578360336516324
2025-09-16 04:00:00,0.0116666666666666,6,-0.05031230829234143,0.010894993717717436,0.015310623401756429
2025-09-16 05:00:00,0.0416666666666666,6,0.11577059137727364,0.0553783301538778,0.05757818431278794
2025-09-16 06:00:00,0.1383333333333333,6,0.23503911859102822,0.14973332538245798,0.1388857059608334
2025-09-16 07:00:00,0.0749999999999999,6,0.09701202745595411,0.05376703442777923,0.05156567045461369
2025-09-16 08:00:00,0.0966666666666666,6,0.13995486247998212,0.08428318048736917,0.07624605281036395
2025-09-16 09:00:00,0.0733333333333333,6,0.12105295276114258,0.07133988034766225,0.071089068081431
2025-09-16 10:00:00,0.1466666666666666,6,0.2367238415166394,0.15192976229647603,0.1546422586032046
2025-09-16 11:00:00,0.175,6,0.2659411698888913,0.18223288011152738,0.17987949552129542
2025-09-16 12:00:00,0.2516666666666666,6,0.23726914649551212,0.15205854608813388,0.15274504005354372
2025-09-16 13:00:00,0.7366666666666668,6,0.6435418271565853,0.6708529083192301,0.675836184649586
2025-09-16 14:00:00,0.6133333333333334,6,0.5703116557502251,0.5454050486628743,0.5877743779920314
2025-09-16 15:00:00,0.2666666666666666,6,0.33377676528067657,0.26311850151237265,0.25800866701516495
2025-09-16 16:00:00,0.0966666666666666,6,0.1871202244617251,0.11316572373392546,0.11290264965472341
2025-09-16 17:00:00,0.2783333333333333,6,0.3496084612262734,0.2776731485820522,0.28032942465810917
2025-09-16 18:00:00,0.6216666666666667,6,0.5791183292660965,0.559768639520961,0.6044618487860568
2025-09-16 19:00:00,0.925,6,0.771256729971251,0.8810826326855415,0.879068148150433
2025-09-16 20:00:00,0.99,6,0.9332244600878543,0.9585236816550137,0.9544431510372359
2025-09-16 21:00:00,0.99,6,0.9742519370386642,0.967486941187551,0.9607277367227638
2025-09-16 22:00:00,0.9333333333333333,6,0.7802363292000152,0.9117880252048739,0.9188443881036887
2025-09-16 23:00:00,0.8599999999999999,6,0.7075107936506755,0.7894582528234845,0.8016953253373789
2025-09-17 00:00:00,0.1566666666666666,6,0.22900235986475087,0.13870335996514924,0.14465257811328414
2025-09-17 01:00:00,0.045,6,0.011060254326230257,0.027551137352911433,0.021689293118363318
2025-09-17 02:00:00,0.2216666666666666,6,0.271544533059484,0.17956718610834854,0.1778124944840638
2025-09-17 03:00:00,0.0816666666666666,6,0.11901533342298459,0.06075709332272506,0.06476975736643409
2025-09-17 04:00:00,0.2416666666666666,6,0.31435933308958675,0.20915250321847514,0.20140367969692125
2025-09-17 05:00:00,0.2349999999999999,6,0.3235161057226399,0.23860731369072094,0.23029558263362154
2025-09-17 06:00:00,0.2349999999999999,6,0.3238861450643169,0.2424047907102552,0.23200023348809024
2025-09-17 07:00:00,0.0933333333333333,6,0.09275793717421549,0.05120465320070954,0.04609407409199345
2025-09-17 08:00:00,0.01,6,-0.021013260827309727,0.014218447846521955,0.01598797135677782
2025-09-17 09:00:00,0.01,6,-0.031041885269413733,0.011728676041404346,0.013084946832298161
2025-09-17 10:00:00,0.01,6,-0.06463419131429982,0.011170471529721348,0.010473627786290962
2025-09-17 11:00:00,0.01,6,-0.06346727947710806,0.011420810795654424,0.014382908963453067
2025-09-17 12:00:00,0.01,6,-0.11152438218426301,0.01001316437575364,0.007434797766893653
2025-09-17 13:00:00,0.01,6,-0.16076518314208788,0.010004153717706604,0.010960272568690088
2025-09-17 14:00:00,0.01,6,-0.10354533060121587,0.01002708520349479,0.011640282435575577
2025-09-17 15:00:00,0.01,6,-0.06152335884691021,0.01275032025864384,0.011667748699956293
2025-09-17 16:00:00,0.0216666666666666,6,-0.0030818605873234595,0.023144165876193393,0.02384988748228184
2025-09-17 17:00:00,0.23,6,0.295311508963393,0.19715713881238492,0.20653561221496183
2025-09-17 18:00:00,0.3449999999999999,6,0.38500942966284435,0.3231594206441058,0.3279421266721628
2025-09-17 19:00:00,0.135,6,0.2139201275135727,0.12608382178864966,0.1293482049350921
2025-09-17 20:00:00,0.2116666666666666,6,0.2900520381433579,0.20203948808583358,0.19173143383490718
2025-09-17 21:00:00,0.4333333333333333,6,0.4688005083027559,0.4259554480186654,0.4432411533114675
2025-09-17 22:00:00,0.4366666666666667,6,0.45934559835253097,0.43296124792713386,0.42908265577076676
2025-09-17 23:00:00,0.4666666666666666,6,0.4570170397279366,0.4323053627646839,0.4294267565854735
2025-09-18 00:00:00,0.4183333333333332,6,0.4511194556297695,0.4154595142019219,0.4109270349406992
2025-09-18 01:00:00,0.2166666666666666,6,0.3209242547460356,0.24153911319233784,0.24042472702363832
2025-09-18 02:00:00,0.0966666666666666,6,0.1505840092478255,0.0875355124588275,0.08839583681011248
2025-09-18 03:00:00,0.01,6,-0.08843079756128647,0.010086196717933302,0.00926238940111701
2025-09-18 04:00:00,0.01,6,-0.14527132758525607,0.010004988467930201,0.009176066558336193
2025-09-18 05:00:00,0.0133333333333333,6,-0.08449598043743325,0.010137963109925855,0.009468750329053588
2025-09-18 06:00:00,0.2749999999999999,6,0.30386574976777425,0.1876094877120317,0.19911555596641753
2025-09-18 07:00:00,0.3716666666666666,6,0.4049294621137408,0.32986765224159337,0.34974056915407414
2025-09-18 08:00:00,0.1916666666666666,6,0.28044335403187426,0.1935712970273328,0.17821797076108373
2025-09-18 09:00:00,0.1733333333333333,6,0.25159525111458547,0.15832937904355443,0.15678117475890496
2025-09-18 10:00:00,0.4583333333333333,6,0.461404429172961,0.44052813962588144,0.43500779611918244
2025-09-18 11:00:00,0.1566666666666666,6,0.21571530946634077,0.1255698216741576,0.11859769303477585
2025-09-18 12:00:00,0.2716666666666666,6,0.3099549789732583,0.23255291559606775,0.2045986880708886
2025-09-18 13:00:00,0.6633333333333334,6,0.587711611418902,0.6478556501910453,0.6433163528666298
2025-09-18 14:00:00,0.3116666666666667,6,0.34572374856304233,0.264208302655966,0.26965230469308754
2025-09-18 15:00:00,0.0566666666666666,6,0.11009710611914786,0.06247655443215023,0.05483417855242523
2025-09-18 16:00:00,0.26,6,0.3155214633423332,0.2253563069121284,0.22429186235079437
2025-09-18 17:00:00,0.16,6,0.2498070376265923,0.1540808500986162,0.15353048113721274
2025-09-18 18:00:00,0.0933333333333333,6,0.18843460195771244,0.11226871198612441,0.09839241227692863
2025-09-18 19:00:00,0.19,6,0.3006192782127959,0.15318995509952252,0.19496924883655795
2025-09-18 20:00:00,0.4316666666666666,6,0.46959954246474767,0.4267688554530353,0.4475610423222707
2025-09-18 21:00:00,0.5166666666666666,6,0.4951621072647815,0.49000702883156244,0.4938127889581577
2025-09-18 22:00:00,0.2616666666666666,6,0.34853598546176934,0.2707927356084376,0.2694946173109685
2025-09-18 23:00:00,0.1083333333333333,6,0.19505672436967925,0.11714303238118379,0.10520980717975154
2025-09-19 00:00:00,0.0266666666666666,6,0.007175084291936834,0.028420831598045003,0.0210864199100671
2025-09-19 01:00:00,0.01,6,-0.09464907911908865,0.009994372501721008,0.00888780235320008
2025-09-19 02:00:00,0.01,6,-0.06766549156923929,0.010569818640480342,0.008924580303592278
2025-09-19 03:00:00,0.0233333333333333,6,0.02906131752182939,0.028848178470479362,0.024712288280130612
2025-09-19 04:00:00,0.0333333333333333,6,0.044062593358807745,0.023475203904480182,0.026271662627733394
2025-09-19 05:00:00,0.0333333333333333,6,0.04068165223817771,0.021154189918769203,0.026730202516413892
2025-09-19 06:00:00,0.0283333333333333,6,0.056556992858817934,0.0266219488419953,0.02636773431698647
2025-09-19 07:00:00,0.03,6,0.037317192323508164,0.018730736725725054,0.025032837245296424
2025-09-19 08:00:00,0.0166666666666666,6,0.006238375445142136,0.018455563068924846,0.019603008190757887
2025-09-19 09:00:00,0.0733333333333333,6,0.15369328958334483,0.08008736814141246,0.08675764887735965
2025-09-19 10:00:00,0.14,6,0.23073688204346626,0.14510579760937878,0.1445546730095124
2025-09-19 11:00:00,0.1116666666666666,6,0.200281096325169,0.1154465918497908,0.11633565701561682
2025-09-19 12:00:00,0.0733333333333333,6,0.12885134670751314,0.07873034718205556,0.07639733506516838
2025-09-19 13:00:00,0.0133333333333333,6,-0.05390020532388268,0.013281702334949522,0.011964675650464107
2025-09-19 14:00:00,0.01,6,-0.08404137251904806,0.010312337981226053,0.012105454152775197
2025-09-19 15:00:00,0.0333333333333333,6,0.11089776893499687,0.07491106634020088,0.062764688534446
2025-09-19 16:00:00,0.4199999999999999,6,0.41441585974643136,0.3650991019070241,0.3644233350175428
2025-09-19 17:00:00,0.9566666666666666,6,1.0269861737414905,0.9783037979275457,0.9787648133048946
2025-09-19 18:00:00,0.7933333333333333,6,0.7194941479357917,0.7083022411774335,0.7721167265781906
2025-09-19 19:00:00,0.3466666666666666,6,0.4093350118462876,0.36076036615808305,0.35814558556901116
2025-09-19 20:00:00,0.1266666666666666,6,0.21322071795207082,0.12444906783143267,0.12820903560313607
2025-09-19 21:00:00,0.0383333333333333,6,0.08057907181989049,0.046086473847037776,0.046089246341126267
2025-09-19 22:00:00,0.0116666666666666,6,-0.035933351464557034,0.013721014110944868,0.012551204548083339
2025-09-19 23:00:00,0.0183333333333333,6,-0.0768379315215389,0.010352121841124747,0.009156386200017852
2025-09-20 00:00:00,0.0233333333333333,6,-0.06143314525176646,0.011082556475277268,0.008790501577001897
2025-09-20 01:00:00,0.105,6,0.22418315132933614,0.11376897266362831,0.12573686994678562
2025-09-20 02:00:00,0.1283333333333333,6,0.23175380915930444,0.12812840529578176,0.1324541866194044
2025-09-20 03:00:00,0.09,6,0.16711445303175454,0.09099871777948275,0.0874284769122406
2025-09-20 04:00:00,0.055,6,0.11453098884271468,0.05037467320166792,0.05156780460600552
2025-09-20 05:00:00,0.1166666666666666,6,0.2103480490843932,0.10533342065465645,0.10557603140295913
2025-09-20 06:00:00,0.2549999999999999,6,0.28928029351971174,0.18113675190643028,0.1744398762942564
2025-09-20 07:00:00,0.3899999999999999,6,0.4009399867499224,0.31617997062371644,0.33623228456284954
2025-09-20 08:00:00,0.3999999999999999,6,0.42394216216153646,0.3809779490212125,0.3656037829882677
2025-09-20 09:00:00,0.2716666666666666,6,0.341020468456681,0.24918758375226574,0.2452389711750222
2025-09-20 10:00:00,0.2466666666666666,6,0.31687635779662826,0.22481340978267758,0.22616456599243717
2025-09-20 11:00:00,0.115,6,0.20014560940112464,0.11596168095926371,0.11514609947256493
2025-09-20 12:00:00,0.0116666666666666,6,-0.044028534067907216,0.014688058880010985,0.014134120721487675
2025-09-20 13:00:00,0.01,6,-0.04533868996677967,0.014152275298606683,0.012011918330494142
2025-09-20 14:00:00,0.085,6,0.1568513022662993,0.09219976889000646,0.09954229466216163
2025-09-20 15:00:00,0.2566666666666666,6,0.32367735790829877,0.2426070992410555,0.24292571760493933
2025-09-20 16:00:00,0.4866666666666666,6,0.48120932274809425,0.4698892097835167,0.45701919704026306
2025-09-20 17:00:00,0.47,6,0.4645248248092413,0.44516051228767906,0.4409020303160993
2025-09-20 18:00:00,0.5116666666666666,6,0.48412349895776174,0.46789562689320957,0.45769962797322716
2025-09-20 19:00:00,0.5166666666666667,6,0.49115638026096287,0.4735424708403734,0.481731914713266
2025-09-20 20:00:00,0.5066666666666667,6,0.5269867000335003,0.5308883660846513,0.5232341584996574
2025-09-20 21:00:00,0.1383333333333333,6,0.23092486466056955,0.14588417270248347,0.14102201497875005
2025-09-20 22:00:00,0.0549999999999999,6,0.11934002379420339,0.0577763413287076,0.06449179239485098
2025-09-20 23:00:00,0.0083333333333333,6,-0.07069958911954399,0.010426348043153795,0.009549547573132144
2025-09-21 00:00:00,0.01,6,-0.181515331374514,0.010004988467930201,0.008670165920622197
2025-09-21 01:00:00,0.01,6,-0.19357160504252846,0.010004988467930201,0.008298078160739075
2025-09-21 02:00:00,0.01,6,-0.1854815596588466,0.010004988467930201,0.008082520944244886
2025-09-21 03:00:00,0.01,6,-0.16993508057883489,0.010004988467930201,0.007518633466762514
2025-09-21 04:00:00,0.01,6,-0.1413920330157873,0.010004988467930201,0.008098570584762155
2025-09-21 05:00:00,0.01,6,-0.07141158871126174,0.010246344925303753,0.00889430229197763
2025-09-21 06:00:00,0.1266666666666666,6,0.21700392258114237,0.11664905058977858,0.12126958507922703
2025-09-21 07:00:00,0.115,6,0.23718595091241956,0.13928282208836215,0.13300511976265955
2025-09-21 08:00:00,0.11,6,0.19822460454861335,0.10113254429617682,0.10074271411573182
2025-09-21 09:00:00,0.165,6,0.25790003334961287,0.1611730450021593,0.1564867400676043
2025-09-21 10:00:00,0.3699999999999999,6,0.4216180294861641,0.37455609348933677,0.364713053714759
2025-09-21 11:00:00,0.4233333333333333,6,0.4557539875226425,0.431576797797292,0.42836187912769225
2025-09-21 12:00:00,0.48,6,0.4860442490304604,0.4751442702013541,0.45925930895888795
2025-09-21 13:00:00,0.6666666666666666,6,0.6050249907687957,0.6419600060628373,0.6297658934688075
2025-09-21 14:00:00,0.7033333333333333,6,0.6401708309343503,0.630967470171245,0.6552796912641237
2025-09-21 15:00:00,0.6649999999999999,6,0.6082053340282539,0.6418240963738183,0.6224276962032742
2025-09-21 16:00:00,0.6783333333333333,6,0.6241547131260243,0.6647652169695876,0.6486515324601316
2025-09-21 17:00:00,0.7916666666666666,6,0.7213650987553862,0.8073171365062491,0.7788337039857394
2025-09-21 18:00:00,0.7833333333333333,6,0.6915087666963013,0.7683441822415626,0.7546704607777688
2025-09-21 19:00:00,0.9483333333333333,6,0.8808658581978646,0.9497750577168735,0.9454519487705989
2025-09-21 20:00:00,0.9433333333333332,6,0.8845815615378003,0.9492990010880268,0.9454519487705989
2025-09-21 21:00:00,0.87,6,0.8537469871956493,0.9457479239591786,0.9345187792266479
2025-09-21 22:00:00,0.9466666666666665,6,0.836856702867822,0.8957013336936435,0.9290393054186981
2025-09-21 23:00:00,0.8233333333333333,6,0.7282477666517029,0.8116119659484133,0.7984943682800456
2025-09-22 00:00:00,0.8449999999999998,6,0.7362044615639649,0.8060082160670249,0.8034660972681372
2025-09-22 01:00:00,0.915,6,0.8025702262169419,0.9436602192394319,0.9319129143061591
2025-09-22 02:00:00,0.7800000000000001,6,0.6301364066689795,0.6843013626773516,0.7067231748893856
2025-09-22 03:00:00,0.6983333333333333,6,0.5728525874990642,0.6118637181846416,0.6177429815643893
2025-09-22 04:00:00,0.905,6,0.7880489148557486,0.94546441930175,0.9322538597585251
2025-09-22 05:00:00,0.9616666666666668,6,0.8239307129629523,0.9512716914445182,0.951721308276131
2025-09-22 06:00:00,0.99,6,0.8859637203165887,0.9695585380306502,0.9712007642242966
2025-09-22 07:00:00,0.7833333333333332,6,0.6636441954452915,0.7265860991232613,0.7544684708293978
2025-09-22 08:00:00,0.915,6,0.7701747675598429,0.8817591588051298,0.8999508138843814
2025-09-22 09:00:00,0.9883333333333332,6,0.9906704209717001,0.9748951345754362,0.9560061889446495
2025-09-22 10:00:00,0.9416666666666664,6,0.9082521422937941,0.9363858416452909,0.9266890364028179
2025-09-22 11:00:00,0.935,6,0.8889544540659442,0.955700244265679,0.9447447795049871
2025-09-22 12:00:00,0.905,6,0.8184706964703086,0.8173033863357823,0.890687383635575
2025-09-22 13:00:00,0.9133333333333332,6,0.8126746195258718,0.904575177597661,0.8808744231955659
2025-09-22 14:00:00,0.7866666666666667,6,0.798652298122835,0.8456006534721306,0.8259993864518295
2025-09-22 15:00:00,0.9333333333333332,6,0.8288566180603294,0.7722895690805348,0.8490836745777808
2025-09-22 16:00:00,0.7916666666666666,6,0.717085524086127,0.7639636087034525,0.7337614557689018
2025-09-22 17:00:00,0.4333333333333332,6,0.4650656029834812,0.43066410018864987,0.42718482525731155
2025-09-22 18:00:00,0.1449999999999999,6,0.22700818261038652,0.15294020004486375,0.1450446764614711
2025-09-22 19:00:00,0.0383333333333333,6,0.023377252616849364,0.03260406924667921,0.03165838929024256
2025-09-22 20:00:00,0.1766666666666666,6,0.29763617641224294,0.20181392979138355,0.2098136336221862
2025-09-22 21:00:00,0.3649999999999999,6,0.40474964445805983,0.3434187377361407,0.35331554541840826
2025-09-22 22:00:00,0.6416666666666667,6,0.6279232938885236,0.6596713917971917,0.6521800805083522
2025-09-22 23:00:00,0.9783333333333336,6,0.9441260815275221,0.9662672243121874,0.9452831787827349
2025-09-23 00:00:00,0.99,6,1.051905411521737,0.9777497553422783,0.9749028122260848
2025-09-23 01:00:00,0.985,6,0.8879143816064594,0.959854161036751,0.9467341861914447
2025-09-23 02:00:00,0.9633333333333332,6,0.8406414596287641,0.9460850015558097,0.9328967870525268
2025-09-23 03:00:00,0.6849999999999999,6,0.5975885990328006,0.6258229231382973,0.623249395147087
2025-09-23 04:00:00,0.8116666666666666,6,0.6970527926587522,0.7794503606321886,0.7727118783140532
2025-09-23 05:00:00,0.9233333333333335,6,0.8264365980358095,0.9152932410694514,0.9366695589139935
2025-09-23 06:00:00,0.9883333333333332,6,0.8997226989399112,0.9331078965080519,0.9352388681913332
2025-09-23 07:00:00,0.7599999999999999,6,0.6774513968564239,0.7495509648074722,0.7489644080004244
2025-09-23 08:00:00,0.575,6,0.5472830542342555,0.5761525364856844,0.5694122109719741
2025-09-23 09:00:00,0.5516666666666666,6,0.521894127297989,0.5054032597114261,0.5157777127345434
2025-09-23 10:00:00,0.5316666666666667,6,0.514662809800093,0.512714024857395,0.5038684853895418
2025-09-23 11:00:00,0.3766666666666666,6,0.41288127370571814,0.34763326745771894,0.3625352375749075
2025-09-23 12:00:00,0.8083333333333332,6,0.7046941055888734,0.822850884160253,0.8104311625845276
2025-09-23 13:00:00,0.73,6,0.6281214492091243,0.6922930261622284,0.7067231748893856
2025-09-23 14:00:00,0.4799999999999999,6,0.46725643561513874,0.4338200431385158,0.4388381071771372
2025-09-23 15:00:00,0.6916666666666665,6,0.6054696529083571,0.674616122246355,0.6531856213425972
2025-09-23 16:00:00,0.6049999999999999,6,0.5682945105296109,0.5978255682895685,0.6103530614688681
2025-09-23 17:00:00,0.1399999999999999,6,0.12690165234832995,0.06175979644117919,0.06426680935583057
2025-09-23 18:00:00,0.01,6,-0.1350649958458141,0.010004988467930201,0.008417020562205946
2025-09-23 19:00:00,0.7133333333333332,6,0.6708205755899859,0.7668179348929124,0.7590659717222679
2025-09-23 20:00:00,0.9316666666666668,6,0.7516575210492525,0.9061413461798541,0.894477065224187
2025-09-23 21:00:00,0.99,6,1.025269098818994,0.9809878768431725,0.9807704934105748
2025-09-23 22:00:00,0.99,6,1.0671121424458903,0.9846972397541517,0.9695382032605621
2025-09-23 23:00:00,0.3583333333333333,6,0.3631580405176845,0.2893970529287931,0.28413430405761814
2025-09-24 00:00:00,0.3733333333333333,6,0.402849037201106,0.3303277363025244,0.34188076773972054
2025-09-24 01:00:00,0.3024999999999999,4,0.5638642259409826,0.5956986889979564,0.5979986440403131
2025-09-24 02:00:00,0.2366666666666666,6,0.6392801823284597,0.7148547424231467,0.726584158343244
2025-09-24 03:00:00,0.7066666666666666,6,0.6272897065345953,0.6950018352023151,0.7139684694941393
2025-09-24 04:00:00,0.47,6,0.48821623531800196,0.47982556480690564,0.48419268922037695
2025-09-24 05:00:00,0.3966666666666666,6,0.4300824375444774,0.38208949235774936,0.37751202273291984
2025-09-24 06:00:00,0.3683333333333333,6,0.4153434114872636,0.35614554851771524,0.3631485788090993
2025-09-24 07:00:00,0.3233333333333333,6,0.3897428992191849,0.33520465877147826,0.32262324506245654
2025-09-24 08:00:00,0.2633333333333333,6,0.3464742547297063,0.24606662972284268,0.26778996645649983
2025-09-24 09:00:00,0.2199999999999999,6,0.328424968746297,0.24138180311736296,0.23187685428488994
2025-09-24 10:00:00,0.1533333333333333,6,0.25548764439346655,0.15549469090143242,0.15753797840244166
2025-09-24 11:00:00,0.2149999999999999,6,0.3048943260774225,0.21278253277500794,0.20381441413666843
2025-09-24 12:00:00,0.1866666666666666,6,0.2730756087735283,0.1848210782952344,0.1798631996180505
2025-09-24 13:00:00,0.1533333333333333,6,0.2352110017316757,0.14828455444514238,0.1485186094870471
2025-09-24 14:00:00,0.1783333333333333,6,0.26370938726128734,0.18010446201727015,0.1772118703659267
2025-09-24 15:00:00,0.2516666666666666,6,0.329586361634316,0.24565521304676916,0.23954235647161626
2025-09-24 16:00:00,0.2483333333333333,6,0.3432340403690569,0.26576051503230214,0.2544994036828204
2025-09-24 17:00:00,0.1666666666666666,6,0.26529112742328387,0.1760989746980121,0.17841049810894194
2025-09-24 18:00:00,0.175,6,0.27867098612095353,0.20070238977086255,0.18340467820720918
2025-09-24 19:00:00,0.0616666666666666,6,0.10662968953514523,0.05455245666315684,0.0567056216292538
2025-09-24 20:00:00,0.01,6,-0.1326755226673543,0.010004988467930201,0.009138744265173526
2025-09-24 21:00:00,0.0266666666666666,6,0.025305326789546057,0.027373999187306458,0.02364959529808336
2025-09-24 22:00:00,0.4383333333333333,6,0.4587765124011237,0.4308823538269659,0.42961119937167563
2025-09-24 23:00:00,0.8516666666666665,6,0.7336778989018851,0.8611522711710898,0.8479299014664186
2025-09-25 00:00:00,0.9716666666666666,6,0.8381811774257488,0.9540945997028408,0.9582406407490373
2025-09-25 01:00:00,0.99,6,0.8999407692711543,0.9515047146507908,0.9528053358767506
2025-09-25 02:00:00,0.99,6,0.9774438520895168,0.9542079716757301,0.9706125969972856
2025-09-25 03:00:00,0.99,6,0.9173385380595014,0.9253663382431032,0.938759223311502
2025-09-25 04:00:00,0.99,6,0.9999720393455809,0.9174435719183037,0.9415163828539126
2025-09-25 05:00:00,0.99,6,1.0292841855200245,0.8988910798837425,0.9443024600424551
2025-09-25 06:00:00,0.99,6,1.0778051027988036,0.9266560106433955,0.9328346777760708
2025-09-25 07:00:00,0.99,6,1.0804000571587198,0.9734213597430265,0.9642720617367952
2025-09-25 08:00:00,0.99,6,1.1361298083149178,0.9862753352470799,0.993523538898399
2025-09-25 09:00:00,0.99,6,1.1033381389915988,0.986575570512745,0.980997944422752
2025-09-25 10:00:00,0.99,6,1.0871268153215818,0.9801425881389519,0.9783121981180959
2025-09-25 11:00:00,0.99,6,1.208546066912901,0.9787116176350665,0.96445323843288
2025-09-25 12:00:00,0.99,6,1.0881510935121284,0.9571930585257445,0.9795877835803651
2025-09-25 13:00:00,0.99,6,1.1361358368237156,0.9715324317638969,0.9758584074552656
2025-09-25 14:00:00,0.9833333333333332,6,1.0869088719400302,0.9174257281501103,0.8649632336779578
2025-09-25 15:00:00,0.9866666666666666,6,0.9924360491033768,0.9718919990428251,0.9632462756273088
2025-09-25 16:00:00,0.985,6,0.9911594660314609,0.9725114901290827,0.952365898824442
2025-09-25 17:00:00,0.9066666666666666,6,0.8202876246788262,0.9162083917439166,0.8995746379986481
2025-09-25 18:00:00,0.4716666666666666,6,0.48810475893245253,0.45023729820225183,0.46788749936955865
2025-09-25 19:00:00,0.3583333333333333,6,0.401508691852254,0.3296820384504127,0.34305801673342595
2025-09-25 20:00:00,0.3033333333333333,6,0.377245092008774,0.29853625363045194,0.31711833404364825
2025-09-25 21:00:00,0.3133333333333333,6,0.3518771226553954,0.27200602653844763,0.2854774592042437
2025-09-25 22:00:00,0.2566666666666666,6,0.35182516085538507,0.27422494817249166,0.28331564577655427
2025-09-25 23:00:00,0.5366666666666667,6,0.55600485484633,0.5606101265040556,0.572149828024145
2025-09-26 00:00:00,0.2916666666666666,6,0.40027872900857253,0.33554320150633016,0.339974829157704
2025-09-26 01:00:00,0.1116666666666666,6,0.2091305241073831,0.11232161006521854,0.11070115486333437
2025-09-26 02:00:00,0.1916666666666666,6,0.2876216158493805,0.19057300121745172,0.18057639644849224
2025-09-26 03:00:00,0.1816666666666666,6,0.2534873621083175,0.1549331565620493,0.1517158964647649
2025-09-26 04:00:00,0.1083333333333333,6,0.17980454185879963,0.09667093603574602,0.09008092613838609
2025-09-26 05:00:00,0.0666666666666666,6,0.10924359197501676,0.06282308039006063,0.053881118158192576
2025-09-26 06:00:00,0.1666666666666666,6,0.22766325967939383,0.13638200649761684,0.12804785635828717
2025-09-26 07:00:00,0.0116666666666666,6,-0.06410613100039653,0.010645715504301767,0.009080779330491229
2025-09-26 08:00:00,0.0149999999999999,6,-0.035943219840965435,0.013532660501358146,0.012886394143485635
2025-09-26 09:00:00,0.01,6,-0.06289712573960293,0.011085194562031823,0.011252049086272198
2025-09-26 10:00:00,0.01,6,-0.13111224711996924,0.010005151484337779,0.0103987986752066
2025-09-26 11:00:00,0.01,6,-0.11280503468974958,0.010003037442396374,0.007935749011247939
2025-09-26 12:00:00,0.01,6,-0.14113408047469533,0.009961308960940048,0.010833053453192576
2025-09-26 13:00:00,0.01,6,-0.1275349297352823,0.009964715030544592,0.010711925322370697
2025-09-26 14:00:00,0.02,6,-0.028251800689364254,0.015026585093433586,0.018630124005775406
2025-09-26 15:00:00,0.0349999999999999,6,0.03131990798329326,0.0345617567671539,0.03413713454982087
2025-09-26 16:00:00,0.1416666666666666,6,0.24030800041640954,0.1529524769368028,0.1545227336338067
2025-09-26 17:00:00,0.1433333333333333,6,0.2200493902120207,0.13466368810383111,0.13786404225282395
2025-09-26 18:00:00,0.2416666666666666,6,0.3098479024426495,0.23889848388138574,0.21779589680375513
2025-09-26 19:00:00,0.1433333333333333,6,0.21747101879390407,0.1366588941846929,0.13947252104956467
2025-09-26 20:00:00,0.1499999999999999,6,0.23870654871544877,0.15295668620640454,0.15494033191914386
2025-09-26 21:00:00,0.2416666666666666,6,0.3329222085643003,0.25834573164335856,0.24824408353394542
2025-09-26 22:00:00,0.1833333333333333,6,0.27260296927817007,0.18507870027429868,0.18376308875356068
2025-09-26 23:00:00,0.1833333333333333,6,0.2781387294237878,0.1976023178654932,0.18972671205301905
2025-09-27 00:00:00,0.6866666666666666,6,0.6314804414827551,0.6677230758530547,0.6673397175079798
2025-09-27 01:00:00,0.2216666666666666,6,0.28086532995970914,0.19682575042552816,0.1902284231005348
2025-09-27 02:00:00,0.1483333333333333,6,0.22145718730273206,0.14131557539597667,0.13912980768482294
2025-09-27 03:00:00,0.1983333333333333,6,0.24040810848224325,0.15086532190334925,0.15494033191914386
2025-09-27 04:00:00,0.135,6,0.1576484799693318,0.09319687405431981,0.09893282048055874
2025-09-27 05:00:00,0.0583333333333333,6,0.07149336211077612,0.04581475634143662,0.04675059622466404
2025-09-27 06:00:00,0.1,6,0.144678489754196,0.08409451759849745,0.08762205954079827
2025-09-27 07:00:00,0.3549999999999999,6,0.36489213053919023,0.2928072319767309,0.2888594262577601
2025-09-27 08:00:00,0.1816666666666666,6,0.23536195250328779,0.14819960074143865,0.14847252123488566
2025-09-27 09:00:00,0.2983333333333332,6,0.3636046365186205,0.28732245281622215,0.29852721061428983
2025-09-27 10:00:00,0.0949999999999999,6,0.15977084526159524,0.10807952449401143,0.09278609878881366
2025-09-27 11:00:00,0.0916666666666666,6,0.14169866871435188,0.08751348864706718,0.08739179609417147
2025-09-27 12:00:00,0.0116666666666666,6,-0.07177160575212801,0.011165800439134068,0.011323559495635627
2025-09-27 13:00:00,0.01,6,-0.13591479531116868,0.009898874190313886,0.013289426509315805
2025-09-27 14:00:00,0.01,6,-0.10210502846964586,0.009937758776521864,0.013094552135714255
2025-09-27 15:00:00,0.0116666666666666,6,-0.0616227799757216,0.011890319585657377,0.01270457958652832
2025-09-27 16:00:00,0.055,6,0.07935691830240849,0.05376016951404189,0.0556763791191931
2025-09-27 17:00:00,0.0766666666666666,6,0.12390743612744481,0.08115134545649774,0.07706215664473237
2025-09-27 18:00:00,0.0733333333333333,6,0.10707463254880062,0.07116733065860868,0.06692728781093393
2025-09-27 19:00:00,0.0533333333333333,6,0.06587710370244959,0.05096165766424862,0.047735108071835786
2025-09-27 20:00:00,0.01,6,-0.09050969555590338,0.010078770503969242,0.011474771722665145
2025-09-27 21:00:00,0.01,6,-0.17773561009740102,0.010007745652376953,0.006661611741965945
2025-09-27 22:00:00,0.01,6,0.020016887349602774,0.02683432483577175,0.029561408791626498
2025-09-27 23:00:00,0.04,6,0.05137563082991231,0.03309655077526249,0.03952188814362406
2025-09-28 00:00:00,0.0933333333333333,6,0.20109099100810923,0.1165417799854738,0.11407508283302437
2025-09-28 01:00:00,0.2283333333333333,6,0.3469734481595407,0.2699491395031786,0.27843831540407415
2025-09-28 02:00:00,0.64,6,0.6706718125791326,0.7555325006029175,0.7364078616470955
2025-09-28 03:00:00,0.415,6,0.4254786046612088,0.3711967943930295,0.36868496677072843
2025-09-28 04:00:00,0.4883333333333333,6,0.4971431101681759,0.5052394444636187,0.495069017634715
2025-09-28 05:00:00,0.5999999999999999,6,0.5817341899007665,0.5825994692988214,0.6250543352277735
2025-09-28 06:00:00,0.6816666666666666,6,0.6719226816975676,0.7427809698913986,0.7632026923981245
2025-09-28 07:00:00,0.6633333333333334,6,0.5869820880489784,0.6448542299396945,0.6413110700331073
2025-09-28 08:00:00,0.6750000000000002,6,0.6066102403770323,0.6761510303417914,0.6574551311086315
2025-09-28 09:00:00,0.9783333333333332,6,0.906450117945514,0.9552958392536379,0.9415599015015765
2025-09-28 10:00:00,0.97,6,0.8975805716809782,0.9561346761854981,0.9494710501353513
2025-09-28 11:00:00,0.9666666666666666,6,0.8915537830669489,0.914335680537868,0.9383552382857862
2025-09-28 12:00:00,0.8866666666666666,6,0.76495993443982,0.828826225267208,0.8337239604919517
2025-09-28 13:00:00,0.8066666666666668,6,0.7135702151356846,0.7358874511039737,0.7470149340378289
2025-09-28 14:00:00,0.54,6,0.5270350254375785,0.5286912527884294,0.504738776841696
2025-09-28 15:00:00,0.2983333333333333,6,0.3611338007630328,0.2869877986179916,0.2930734093522444
2025-09-28 16:00:00,0.1049999999999999,6,0.1699824933589602,0.10814776442199468,0.1084826194650586
2025-09-28 17:00:00,0.0166666666666666,6,-0.0453046588883321,0.013000616308950321,0.016884126101232633
2025-09-28 18:00:00,0.01,6,-0.12676511897301118,0.009964715030544592,0.01070531433304489
2025-09-28 19:00:00,0.0116666666666666,6,-0.053694240677082505,0.015199650884511593,0.01616345353794607
2025-09-28 20:00:00,0.0416666666666666,6,0.06617106985021137,0.05017978836927063,0.04802097613234446
2025-09-28 21:00:00,0.04,6,0.06680040863231435,0.05012925606207166,0.0479747630295102
2025-09-28 22:00:00,0.0266666666666666,6,-0.009436061226379522,0.01982254376838899,0.02229659500088521
2025-09-28 23:00:00,0.0483333333333333,6,0.08936013399854953,0.05759528259006686,0.05193045007972669
2025-09-29 00:00:00,0.0116666666666666,6,-0.09842668827700077,0.010044045179517508,0.011392957643244994
2025-09-29 01:00:00,0.01,6,-0.19679645729144918,0.010004645095211961,0.013596184211710827
2025-09-29 02:00:00,0.01,6,-0.139571111015257,0.010004645095211961,0.014009427948657116
2025-09-29 03:00:00,0.01,6,-0.09243642282926598,0.010039948080201406,0.011375064554593362
2025-09-29 04:00:00,0.01,6,-0.09569398359072395,0.010065614040737199,0.011375064554593362
2025-09-29 05:00:00,0.01,6,-0.05879040026124968,0.011496532679267011,0.00977304260056533
2025-09-29 06:00:00,0.01,6,-0.06975837868196916,0.010352759492357932,0.009405425134395573
2025-09-29 07:00:00,0.01,6,-0.13352590821432084,0.010004645095211961,0.00934628133762938
2025-09-29 08:00:00,0.01,6,-0.1135780505711719,0.0100061078848778,0.011197297016596053
2025-09-29 09:00:00,0.01,6,-0.033155628229192324,0.011971129507232675,0.0140846111215846
2025-09-29 10:00:00,0.0333333333333333,6,0.051822277258553595,0.03261040721047948,0.034229198066961564
2025-09-29 11:00:00,0.0266666666666666,6,0.044669449400862815,0.040090753932889814,0.035494056531085894
2025-09-29 12:00:00,0.0483333333333333,6,0.08997744273776714,0.06000335584280622,0.05683101055236467
2025-09-29 13:00:00,0.0633333333333333,6,0.09332582838983328,0.06582518196470659,0.057492459342848745
2025-09-29 14:00:00,0.0183333333333333,6,0.012961980677415996,0.030550262776278102,0.030518396267854186
2025-09-29 15:00:00,0.01,6,-0.08676769306130402,0.00997504856447953,0.013297360714946915
2025-09-29 16:00:00,0.01,6,-0.11014817363142795,0.009894805435839754,0.01234857315529958
2025-09-29 17:00:00,0.01,6,-0.10910817769392987,0.00997665361588745,0.011045053493208778
2025-09-29 18:00:00,0.0183333333333333,6,-0.039128038596922154,0.01377413696041019,0.015694150069337442
2025-09-29 19:00:00,0.04,6,0.04051940966883649,0.03564459644469443,0.031192262475431276
2025-09-29 20:00:00,0.0133333333333333,6,-0.05012844553651363,0.012306459899838378,0.007376979052367727
2025-09-29 21:00:00,0.33,6,0.37606503103446487,0.3048779397925792,0.3049462338087493
2025-09-29 22:00:00,0.4316666666666666,6,0.442712019641443,0.3624592648741976,0.3942459523359916
2025-09-29 23:00:00,0.6549999999999999,6,0.7441239976810439,0.8169981559207732,0.807230080705398
2025-09-30 00:00:00,0.99,6,1.1487703013605368,0.9140260683580113,0.8081195497802096
2025-09-30 01:00:00,0.8616666666666668,6,0.7911477424941054,0.9170294731595046,0.9110527881707309
2025-09-30 02:00:00,0.6049999999999999,6,0.5507126250860527,0.5804004860215144,0.5743967367667602
2025-09-30 03:00:00,0.8766666666666665,6,0.7922384794015425,0.9193499317260632,0.9152618509229983
2025-09-30 04:00:00,0.99,6,0.890854118725634,0.9691895948669943,0.9636529377479737
2025-09-30 05:00:00,0.7349999999999999,6,0.6693216997092825,0.7505883602688838,0.739832432244105
2025-09-30 06:00:00,0.4283333333333334,6,0.49008934780407354,0.46266062011694375,0.4800404658658686
2025-09-30 07:00:00,0.0633333333333333,6,0.10681978339102055,0.05773684891692307,0.06043593470646175
2025-09-30 08:00:00,0.0216666666666666,6,-0.0022884984184777246,0.021336339405058156,0.024069202859166194
2025-09-30 09:00:00,0.01,6,-0.1116061273713244,0.010004961039820754,0.010361461711296038
2025-09-30 10:00:00,0.0183333333333333,6,0.0030725047691406993,0.021267772260711165,0.022668153758264586
2025-09-30 11:00:00,0.0983333333333333,6,0.14993460329153535,0.09210693188232263,0.09241122559131237
2025-09-30 12:00:00,0.275,6,0.3653688403485479,0.2920671139127918,0.2932036583879416
2025-09-30 13:00:00,0.3449999999999999,6,0.40204657011486067,0.3128830608337405,0.3388302630619345
2025-09-30 14:00:00,0.2866666666666666,6,0.37382373654610446,0.3036904844826144,0.30261541578889806
2025-09-30 15:00:00,0.6483333333333334,6,0.6026800526740801,0.6350163072025743,0.6213619163513573
2025-09-30 16:00:00,0.8216666666666665,6,0.7369787234893108,0.6716758588700322,0.7846872597994665
2025-09-30 17:00:00,0.7433333333333332,6,0.6813656381268938,0.7231823222560708,0.7303496293260301
2025-09-30 18:00:00,0.7566666666666667,6,0.6860625340892341,0.7727688321855841,0.7594997174108915
2025-09-30 19:00:00,0.5133333333333334,6,0.5078448458975471,0.49216635442643264,0.4984837868967346
2025-09-30 20:00:00,0.5616666666666666,6,0.5361062373493837,0.5404580926975501,0.5459753035314938
2025-09-30 21:00:00,0.3916666666666666,6,0.4204721517538472,0.3782703062060408,0.36768778276238256
2025-09-30 22:00:00,0.0899999999999999,6,0.17186125086346749,0.09879189383275777,0.0967148525533934
2025-09-30 23:00:00,0.3933333333333333,6,0.4404364140809698,0.4012755811995219,0.3955816178551265
2025-10-01 00:00:00,0.2666666666666666,6,0.36450408395396394,0.28972233064360914,0.28417520238649396
2025-10-01 01:00:00,0.415,6,0.44606719550045815,0.41434297334598363,0.40673092609830114
2025-10-01 02:00:00,0.54,6,0.5256162652096507,0.4500639060560618,0.5263205951163938
2025-10-01 03:00:00,0.3583333333333333,6,0.39577322337373644,0.34166406760298873,0.3239424954812665
2025-10-01 04:00:00,0.4533333333333333,6,0.47176293251408585,0.45716818966779593,0.4493588607803126
2025-10-01 05:00:00,0.7383333333333332,6,0.639971656494499,0.7109443237215031,0.7194352500117678
2025-10-01 06:00:00,0.9299999999999998,6,0.7889392573736922,0.9440219196111481,0.9265674803116475
2025-10-01 07:00:00,0.8649999999999998,6,0.7299315982881841,0.8847652930359539,0.8747245534832777
2025-10-01 08:00:00,0.88,6,0.7640494725591264,0.9156332361948846,0.9032440680686239
2025-10-01 09:00:00,0.9783333333333332,6,0.8612311686818162,0.9667560583823208,0.9670881413632527
2025-10-01 10:00:00,0.9633333333333332,6,0.9326960936860043,0.9761420774286569,0.9728884143022947
2025-10-01 11:00:00,0.99,6,1.1807318044746204,0.8983366758741386,0.9514724692882249
2025-10-01 12:00:00,0.99,6,1.1369610927379556,0.9876653223586374,0.9954910361814017
2025-10-01 13:00:00,0.985,6,0.9643172138957699,0.983103043071019,0.9774886113932086
2025-10-01 14:00:00,0.99,6,0.9866320863107545,0.9829419397408776,0.9786971787652269
2025-10-01 15:00:00,0.985,6,0.978454064639964,0.9761699856907228,0.9769817053722696
2025-10-01 16:00:00,0.9883333333333334,6,0.9884783144409794,0.9790345941122225,0.9684396366564917
2025-10-01 17:00:00,0.9766666666666663,6,0.8832850112666784,0.9737121219046001,0.9675650838126129
2025-10-01 18:00:00,0.97,6,0.8358767041007782,0.9737978509153411,0.9688906723806778
2025-10-01 19:00:00,0.9733333333333332,6,0.8139864014373153,0.968669229149719,0.9542469483688677
2025-10-01 20:00:00,0.8983333333333334,6,0.7062358626856112,0.8350976750414653,0.8380764888656891
2025-10-01 21:00:00,0.965,6,0.7632698690620046,0.886192350093141,0.9049628704139547
2025-10-01 22:00:00,0.9283333333333332,6,0.7331556618642431,0.8972296637510857,0.8890865013055859
2025-10-01 23:00:00,0.8599999999999998,6,0.7217996116444451,0.8798673858519853,0.8645157815862017
2025-10-02 00:00:00,0.475,6,0.4681799431362531,0.4734953227661441,0.430970067799011
2025-10-02 01:00:00,0.54,6,0.5277084140772242,0.5566111331484093,0.532299033668821
2025-10-02 02:00:00,0.3783333333333333,6,0.4142528519572234,0.33965886033707227,0.3449406679709471
2025-10-02 03:00:00,0.1083333333333333,6,0.181558266016854,0.08133824266983192,0.07357371301687948
2025-10-02 04:00:00,0.0516666666666666,6,0.10236440743065883,0.03773011152445699,0.03867687456867519
2025-10-02 05:00:00,0.01,6,-0.12286947190813167,0.010004988467930201,0.005378516347777584
2025-10-02 06:00:00,0.01,6,-0.04551367737116807,0.010619272010041989,0.008474314516565273
2025-10-02 07:00:00,0.0733333333333333,6,0.14671544648875529,0.05845581941811513,0.05809105289480054
2025-10-02 08:00:00,0.145,6,0.2642332755253519,0.13244359242510015,0.1447437673614248
2025-10-02 09:00:00,0.1716666666666666,6,0.2909807594061271,0.1918470443393746,0.16471286561195383
2025-10-02 10:00:00,0.1716666666666666,6,0.2881848767636688,0.1816532021024717,0.1744398762942564
2025-10-02 11:00:00,0.1999999999999999,6,0.30483793832818984,0.20496687608783057,0.1917306197467023
2025-10-02 12:00:00,0.2633333333333333,6,0.34818387684165497,0.2651997664740135,0.26801239765571205
2025-10-02 13:00:00,0.4299999999999999,6,0.4597507104644718,0.4398839984839114,0.4319583825364197
2025-10-02 14:00:00,0.62,6,0.5699357913714286,0.6128892006149778,0.6219449137807851
2025-10-02 15:00:00,0.8033333333333333,6,0.6888093287490347,0.8099034222213083,0.7932975653308963
2025-10-02 16:00:00,0.8983333333333334,6,0.7723566735319269,0.9170012259867457,0.9151744092979557
2025-10-02 17:00:00,0.965,6,0.850189431777632,0.9641624457319725,0.9657157998060926
2025-10-02 18:00:00,0.9766666666666666,6,0.8342780001479062,0.9137078970957834,0.9561858990853765
2025-10-02 19:00:00,0.79,6,0.7428711181792467,0.8990428492517265,0.8799281320238983
2025-10-02 20:00:00,0.6699999999999999,6,0.5970499060030509,0.6616331799754542,0.6610325761214664
2025-10-02 21:00:00,0.6216666666666667,6,0.578457756700911,0.6269782298342089,0.6327082560692366
2025-10-02 22:00:00,0.5966666666666667,6,0.528722416948005,0.5545457317321619,0.5377178032798469
2025-10-02 23:00:00,0.4083333333333332,6,0.42165737516167723,0.36170871297374496,0.36520899970846205
2025-10-03 00:00:00,0.1499999999999999,6,0.25694058610252857,0.14417791494880308,0.1449416110061054
2025-10-03 01:00:00,0.2299999999999999,6,0.34296581250819946,0.2537053869492086,0.24034798626642315
2025-10-03 02:00:00,0.4183333333333333,6,0.4691299028560043,0.4711395187109952,0.43960977559227365
2025-10-03 03:00:00,0.1416666666666666,6,0.25075781035262873,0.12468342577668627,0.12917757414929665
2025-10-03 04:00:00,0.105,6,0.22602637781208834,0.09562549280680205,0.10783798042855414
2025-10-03 05:00:00,0.0516666666666666,6,0.11595918352898366,0.03374048955965012,0.040475322276070536
2025-10-03 06:00:00,0.0283333333333333,6,0.03390130450187723,0.017347178679875633,0.02246215024195153
2025-10-03 07:00:00,0.01,6,-0.12300752744201006,0.010004988467930201,0.00961286452044452
2025-10-03 08:00:00,0.01,6,-0.11337613102451854,0.01000645125759604,0.009991074679959522
2025-10-03 09:00:00,0.01,6,-0.07499205990696586,0.010048316909789292,0.009533452137638398
2025-10-03 10:00:00,0.0,1,-0.12742045258268903,0.010004988467930201,0.009709541228157592
2025-10-05 14:00:00,0.9866666666666668,6,0.8996869383521959,0.9499743277083588,0.9512817789227327
2025-10-05 15:00:00,0.9833333333333332,6,0.9254289399588356,0.9725019497927078,0.968793343128378
2025-10-05 16:00:00,0.9866666666666666,6,0.9181739180103914,0.9175196603333048,0.9651589180422041
2025-10-05 17:00:00,0.91,6,0.8089143802217631,0.944498296393403,0.9397011015702466
2025-10-05 18:00:00,0.4699999999999999,6,0.4552296905543628,0.4210114096260634,0.4135432045599383
2025-10-05 19:00:00,0.4983333333333333,6,0.4934472705307489,0.4740464011802215,0.49050012912111085
2025-10-05 20:00:00,0.7933333333333333,6,0.6782922948760577,0.7760751600671483,0.7905188633950346
2025-10-05 21:00:00,0.935,6,0.7665429449791641,0.9247668023629156,0.91987851241607
2025-10-05 22:00:00,0.9083333333333332,6,0.741911111825261,0.8974000563282902,0.8865809099944244
2025-10-05 23:00:00,0.845,6,0.7033329539402492,0.845986319420496,0.8317635577891334
2025-10-06 00:00:00,0.81,6,0.6920616496745556,0.825387876907585,0.8185259099964955
2025-10-06 01:00:00,0.6633333333333334,6,0.5905501718057161,0.6655301041889614,0.6636913845023702
2025-10-06 02:00:00,0.2666666666666667,6,0.34258743082770304,0.251656464117071,0.23600843450476075
2025-10-06 03:00:00,0.1166666666666666,6,0.2531013241455949,0.12264597603440915,0.1293422434610773
2025-10-06 04:00:00,0.11,6,0.2237313154924636,0.08638645901288619,0.09959965648022717
2025-10-06 05:00:00,0.0966666666666666,6,0.22872665397949316,0.10805007752438087,0.10123264863745596
2025-10-06 06:00:00,0.1266666666666666,6,0.28186613062438093,0.14027408820711013,0.15142044708176508
2025-10-06 07:00:00,0.1033333333333333,6,0.24941766759502665,0.12638196313290706,0.13000388716028063
2025-10-06 08:00:00,0.0266666666666666,6,0.10052461387216,0.03735376043198969,0.032136257833390136
2025-10-06 09:00:00,0.01,6,-0.05400695319397886,0.010477882692493303,0.01317289983315273
2025-10-06 10:00:00,0.01,6,-0.10424349499922292,0.010012791208502009,0.010837486046073708
2025-10-06 11:00:00,0.01,6,-0.07114486255456967,0.01013131099036088,0.009904846330427097
2025-10-06 12:00:00,0.01,6,-0.02767839228543162,0.01199361164672218,0.013246187452302105
2025-10-06 13:00:00,0.01,6,-0.09431004399453397,0.010000813301418388,0.008690961427625987
2025-10-06 14:00:00,0.01,1,-0.11000025060157012,0.010005304412538994,0.008932920776844933
2025-10-06 15:00:00,0.01,5,-0.10748429925165415,0.01000785127137366,0.009284954443552706
2025-10-06 16:00:00,0.0333333333333333,6,0.02282541044998232,0.028185930416133445,0.02364959529808336
2025-10-06 17:00:00,0.1233333333333333,6,0.2353841813439519,0.14080531514142872,0.1345491288712445
2025-10-06 18:00:00,0.1316666666666666,6,0.22620230517245365,0.1063621103854352,0.12147489456639077
2025-10-06 19:00:00,0.0499999999999999,6,0.12490526123892559,0.06199702223299077,0.05670116116342033
2025-10-06 20:00:00,0.0716666666666666,6,0.16058056080628053,0.06430009657020293,0.07767154581271374
2025-10-06 21:00:00,0.1233333333333333,6,0.25437022660186104,0.14724094941604118,0.14356003297618866
2025-10-06 22:00:00,0.0583333333333333,6,0.15484776355386504,0.060804116515078235,0.07741432989862956
2025-10-06 23:00:00,0.0149999999999999,6,0.07563620293163842,0.032353437102556136,0.03888948637033962
2025-10-07 00:00:00,0.01,6,-0.05674209954039802,0.010416786737055199,0.010112777290831487
2025-10-07 01:00:00,0.01,6,-0.16709827491514054,0.010004988467930201,0.008976366279255465
2025-10-07 02:00:00,0.01,6,-0.14427825796393928,0.010004988467930201,0.009321898355437619
2025-10-07 03:00:00,0.01,6,-0.1941590547531371,0.010004988467930201,0.009093914964339478
2025-10-07 04:00:00,0.01,6,-0.13584734621059597,0.010004988467930201,0.009729759740158495
2025-10-07 05:00:00,0.01,6,-0.004503622462724205,0.01493746796165455,0.015534356281158734
2025-10-07 06:00:00,0.01,6,0.03923160867989117,0.018044640341052843,0.019426513208886276
2025-10-07 07:00:00,0.0333333333333333,6,0.12280123361158196,0.04657039079358339,0.04881047412262074
2025-10-07 08:00:00,0.025,6,0.06401571517131677,0.03055838556742935,0.02632710640780689
2025-10-07 09:00:00,0.04,6,0.06453406015278501,0.028287658135335108,0.029646824247727355
2025-10-07 10:00:00,0.0599999999999999,6,0.14715420883006836,0.05561765742029478,0.0711436525848908
2025-10-07 11:00:00,0.1883333333333333,6,0.2830507453780331,0.18615209653513226,0.1774307532578713
2025-10-07 12:00:00,0.3566666666666666,6,0.41501706812876415,0.3468294372971872,0.3627390517494594
2025-10-07 13:00:00,0.2183333333333333,6,0.30936630931300735,0.23200670349428512,0.211717457348252
2025-10-07 14:00:00,0.0666666666666666,6,0.14202401992831154,0.08414988153147075,0.0805950663453247
2025-10-07 15:00:00,0.0116666666666666,6,0.0035360393470994234,0.021404644060175167,0.022668153758264586
2025-10-07 16:00:00,0.01,6,-0.11677713843890677,0.010005773736225415,0.011455875456889586
2025-10-07 17:00:00,0.01,6,-0.13280299767394943,0.010004645095211961,0.010935982076795026
2025-10-07 18:00:00,0.1333333333333333,6,0.267912965258618,0.16802862650949102,0.17236690471140523
2025-10-07 19:00:00,0.455,6,0.4608717394381566,0.438919993694459,0.4351171497855846
2025-10-07 20:00:00,0.475,6,0.47035167640483966,0.458522894532837,0.4497897959288658
2025-10-07 21:00:00,0.45,6,0.4742309457604562,0.4683746827411282,0.4598642770679109
2025-10-07 22:00:00,0.5783333333333333,6,0.5487769450588349,0.5738312577316343,0.5751160027044434
2025-10-07 23:00:00,0.4683333333333333,6,0.4878562426105594,0.4808755140892068,0.4798621175705947
2025-10-08 00:00:00,0.0116666666666666,6,-0.025587641625326257,0.014221275404559253,0.013505947278110997
2025-10-08 01:00:00,0.01,6,-0.10591361839168556,0.010005003445142269,0.010125621511646976
2025-10-08 02:00:00,0.01,6,-0.18075460119621875,0.010004988467930201,0.009386629212227549
2025-10-08 03:00:00,0.01,6,-0.12121687229387468,0.010004988467930201,0.009804310971915309
2025-10-08 04:00:00,0.01,6,-0.09669804244353897,0.01004474331611858,0.009547520816587274
2025-10-08 05:00:00,0.01,6,-0.1546630856735807,0.010004988467930201,0.008755268602578803
2025-10-08 06:00:00,0.0983333333333333,6,0.2130540989807833,0.09529846832287704,0.10820066642041198
2025-10-08 07:00:00,0.265,6,0.3764738812781768,0.2773666909827915,0.2920072590765464
2025-10-08 08:00:00,0.1549999999999999,6,0.2829512216329534,0.17375300486773707,0.17073437463488353
2025-10-08 09:00:00,0.0966666666666666,6,0.22373014597052643,0.0994983048675029,0.11629100445992502
2025-10-08 10:00:00,0.07,6,0.16487300549942085,0.074206693526422,0.08129249056909271
2025-10-08 11:00:00,0.0833333333333333,6,0.17277107535441544,0.0862164671990154,0.08667415659176603
2025-10-08 12:00:00,0.0983333333333333,6,0.20598413540438593,0.11130322307856945,0.10487442164023258
2025-10-08 13:00:00,0.1433333333333333,6,0.24561182718193386,0.15474114347653056,0.14666448039893054
2025-10-08 14:00:00,0.1899999999999999,6,0.2900634577712078,0.18455016560843204,0.18268242603688828
2025-10-08 15:00:00,0.2716666666666666,6,0.37160174577292215,0.29594750003414894,0.2897303076957517
2025-10-08 16:00:00,0.3666666666666666,6,0.4258879140368411,0.3668766303685624,0.3684805899813496
2025-10-08 17:00:00,0.6633333333333333,6,0.5911742464184592,0.6533119395154791,0.6481944577807861
2025-10-08 18:00:00,0.6966666666666665,6,0.6113948326328167,0.6753782550693063,0.6639995195533115
2025-10-08 19:00:00,0.745,6,0.6402604341144587,0.7041676359167136,0.6813213965173418
2025-10-08 20:00:00,0.8533333333333333,6,0.6979301886308285,0.801133492393247,0.8038547651606173
2025-10-08 21:00:00,0.965,6,0.7833557831194604,0.9310991218759567,0.9222535156158567
2025-10-08 22:00:00,0.9366666666666666,6,0.7864580184682182,0.9369102975228536,0.9222535156158567
2025-10-08 23:00:00,0.7466666666666665,6,0.6637020579239792,0.7226675305569771,0.74792386641706
2025-10-09 00:00:00,0.62,6,0.5714840604423079,0.6212724417494679,0.6219449137807851
2025-10-09 01:00:00,0.34,6,0.4076698222018148,0.35813547318702055,0.35051136009992273
2025-10-09 02:00:00,0.2083333333333333,6,0.3367597905592429,0.24820064137557513,0.24140586789822835
2025-10-09 03:00:00,0.1666666666666666,6,0.2999943897133389,0.1865774402710662,0.1867648390634447
2025-10-09 04:00:00,0.1999999999999999,6,0.2802521149874856,0.1711424876679632,0.16323594533977132
2025-10-09 05:00:00,0.07,6,0.14881868544323762,0.05712031451027191,0.06275116203977343
2025-10-09 06:00:00,0.0999999999999999,6,0.23901195882448384,0.11200092550554203,0.12607006463602127
2025-10-09 07:00:00,0.045,6,0.16642791261370493,0.08065459611952906,0.07699988458577534
2025-10-09 08:00:00,0.0166666666666666,6,0.0884118515995026,0.03564022802128089,0.0395234723812774
2025-10-09 09:00:00,0.01,5,0.006819007798005483,0.01548684545539011,0.019934828376420632
2025-10-09 10:00:00,0.012,5,0.03853417332192838,0.021042339407999665,0.024145078773485706
2025-10-09 11:00:00,0.01,6,-0.012814358095617623,0.014813500212636261,0.01653881290985637
2025-10-09 12:00:00,0.0116666666666666,6,-0.024546170077944462,0.012966663593575137,0.014575347375482772
2025-10-09 13:00:00,0.0149999999999999,6,0.05928628983469403,0.03324243161658214,0.028854745974092155
2025-10-09 14:00:00,0.0299999999999999,6,0.11258699257095922,0.05410192688281378,0.05514340133093354
2025-10-09 15:00:00,0.0816666666666666,6,0.16731695866002,0.09801243700453768,0.08927199341280678
2025-10-09 16:00:00,0.11,6,0.21679902660086892,0.12397200016295586,0.1260529270155136
2025-10-09 17:00:00,0.1583333333333333,6,0.2683386793182238,0.16664495647479544,0.17070101794845702
2025-10-09 18:00:00,0.1816666666666666,6,0.2868309492400607,0.18842983331739216,0.18017443434768154
2025-10-09 19:00:00,0.16,6,0.2740002866970086,0.17788154337233777,0.16973733017422424
2025-10-09 20:00:00,0.1783333333333333,6,0.2932375438363367,0.19457046425996172,0.17992821561748817
2025-10-09 21:00:00,0.2033333333333332,6,0.3087277629972368,0.20329938487159036,0.19805286098355734
2025-10-09 22:00:00,0.1116666666666666,6,0.23292939375668603,0.14029694921547653,0.12966925898496892
2025-10-09 23:00:00,0.0533333333333333,6,0.1259670799541598,0.06099964631288129,0.06084736320879952
2025-10-10 00:00:00,0.0116666666666666,6,-0.0059018050764107766,0.013837099454228764,0.01722535177318474
2025-10-10 01:00:00,0.01,6,-0.11764194614162486,0.010006117108943655,0.009804310971915309
2025-10-10 02:00:00,0.01,6,-0.14600342044544257,0.010004988467930201,0.009542996032114281
2025-10-10 03:00:00,0.01,6,-0.033306376409554805,0.011412303183896352,0.013112469997899723
2025-10-10 04:00:00,0.01,6,0.029507836120349906,0.01779858264034078,0.02223420681125543
2025-10-10 05:00:00,0.01,6,-0.0683699122811465,0.010093442581368886,0.009612655181253205
2025-10-10 06:00:00,0.01,6,-0.168473287851757,0.010004988467930201,0.007984230379702861
2025-10-10 07:00:00,0.01,6,-0.15176752712249814,0.010004988467930201,0.009969141970531226
2025-10-10 08:00:00,0.01,6,-0.1320309496036436,0.010004988467930201,0.009321898355437619
2025-10-10 09:00:00,0.0116666666666666,6,0.02850405814162904,0.02007641202254258,0.022529317344226918
2025-10-10 10:00:00,0.0266666666666666,6,0.09228153257237581,0.047308761388518965,0.03965002166220316
2025-10-10 11:00:00,0.0183333333333333,6,0.027067342858714705,0.01584857144454702,0.023091656869282273
2025-10-10 12:00:00,0.01,6,-0.05243271538980612,0.01104262062336044,0.012038336567726737
2025-10-10 13:00:00,0.0116666666666666,6,-0.00894711878288687,0.014681793022913973,0.016998341485901958
2025-10-10 14:00:00,0.0816666666666666,6,0.1466087516876512,0.06854159375812226,0.07798764074578296
2025-10-10 15:00:00,0.3,6,0.3904696757214483,0.3206026484214963,0.3222192329134692
2025-10-10 16:00:00,0.565,6,0.5467426577895198,0.5760352212058722,0.5750876791033864
2025-10-10 17:00:00,0.5983333333333333,6,0.5569946437069375,0.6009345018350205,0.5802047703413229
2025-10-10 18:00:00,0.6350000000000001,6,0.5815519297045145,0.6066188595578992,0.630356125591483
2025-10-10 19:00:00,0.7666666666666667,6,0.6606187454413239,0.7195857694241653,0.7521361725227493
2025-10-10 20:00:00,0.7583333333333333,6,0.6618753882887448,0.7240422920819689,0.7538628234192724
2025-10-10 21:00:00,0.7349999999999998,6,0.6530744371937247,0.7356490853348384,0.7542789384765534
2025-10-10 22:00:00,0.5999999999999999,6,0.5557135077361075,0.5729943004432209,0.5862140365658426
2025-10-10 23:00:00,0.4766666666666667,6,0.481921143201557,0.47118344842474963,0.468389534593247
2025-10-11 00:00:00,0.4616666666666666,6,0.46735778972489617,0.4565434734558656,0.4438505897132845
2025-10-11 01:00:00,0.2849999999999999,6,0.3780734765201783,0.2934006521192849,0.30572863016911567
2025-10-11 02:00:00,0.0533333333333333,6,0.09817993055725699,0.05229540601559243,0.04215287889529451
2025-10-11 03:00:00,0.01,6,-0.08401344735181415,0.010108438485253734,0.009638284875629177
2025-10-11 04:00:00,0.01,6,-0.033382246131791665,0.010922828584853578,0.013299233705943936
2025-10-11 05:00:00,0.0333333333333333,6,0.12505338862089072,0.05261777131751235,0.05332590808263049
2025-10-11 06:00:00,0.1066666666666666,6,0.24705896994815796,0.1295209021619627,0.13905281639198921
2025-10-11 07:00:00,0.3616666666666666,6,0.4030371719817537,0.318732441675405,0.33780660239903293
2025-10-11 08:00:00,0.6816666666666666,6,0.577904236332911,0.6404425341528884,0.6347280350300399
2025-10-11 09:00:00,0.6683333333333333,6,0.6131307278051477,0.684411912721058,0.6813955012668944
2025-10-11 10:00:00,0.5549999999999999,6,0.534744297027898,0.5728410457321299,0.5625564181269471
2025-10-11 11:00:00,0.5133333333333333,6,0.511778696090713,0.5197167958236313,0.5070768875047937
2025-10-11 12:00:00,0.665,6,0.6004612157119152,0.6697087502655372,0.6553604673362514
2025-10-11 13:00:00,0.4983333333333333,6,0.499147767094413,0.4904879383622598,0.4934863818675794
2025-10-11 14:00:00,0.3033333333333333,6,0.3804942339094257,0.3086291851740831,0.31167405297110234
2025-10-11 15:00:00,0.1333333333333333,6,0.23115412681456082,0.14522041477085382,0.14350003862243033
2025-10-11 16:00:00,0.08,6,0.16945282960505248,0.09254034667698816,0.09793484157186688
2025-10-11 17:00:00,0.0533333333333333,6,0.09926977793642233,0.0551774824553917,0.056158578208939325
2025-10-11 18:00:00,0.0433333333333333,6,0.0849641978625984,0.046553045943595744,0.04667179074177136
2025-10-11 19:00:00,0.0116666666666666,6,-0.0296785215266073,0.011935992007755017,0.012298749167108325
2025-10-11 20:00:00,0.0383333333333333,6,0.07843984359216238,0.041910888696203276,0.04240913159680754
2025-10-11 21:00:00,0.0699999999999999,6,0.12683992390775062,0.06238833809552755,0.06276049087322572
2025-10-11 22:00:00,0.0183333333333333,6,0.03559030033273741,0.018118275649918344,0.024764634007410358
2025-10-11 23:00:00,0.0333333333333333,6,0.0645791804377121,0.034850956540471385,0.031087058893715158
2025-10-12 00:00:00,0.01,6,-0.045911261031003486,0.011403529247492666,0.01281002592005892
2025-10-12 01:00:00,0.01,6,-0.08546613516149254,0.010164530265060956,0.009616108041013038
2025-10-12 02:00:00,0.0183333333333333,6,0.039561742358724894,0.021226693784900004,0.024145078773485706
2025-10-12 03:00:00,0.035,6,0.1491043857741663,0.06097345627110382,0.07015411385888554
2025-10-12 04:00:00,0.01,6,-0.03814527038965229,0.011711434151620367,0.013240934135201499
2025-10-12 05:00:00,0.01,6,-0.05737560949191073,0.010453476846051349,0.010112777290831487
2025-10-12 06:00:00,0.03,6,0.06776852687873053,0.029236919899507198,0.03489868663456652
2025-10-12 07:00:00,0.1566666666666666,6,0.27358695831551105,0.15362752861357182,0.15866560354262466
2025-10-12 08:00:00,0.2399999999999999,6,0.3006383784562956,0.1872371601542153,0.18630027080739842
2025-10-12 09:00:00,0.12,6,0.20656286016624165,0.10508332127864113,0.10204064513002037
2025-10-12 10:00:00,0.1333333333333333,6,0.23836629188039382,0.15236368520472313,0.13570111381464475
2025-10-12 11:00:00,0.4166666666666666,6,0.4638705346522374,0.44365640028724507,0.43680900701024683
2025-10-12 12:00:00,0.3383333333333333,6,0.40123756496019214,0.3345500920120561,0.3367756564845493
2025-10-12 13:00:00,0.2266666666666666,6,0.32875736582744697,0.2404386002663953,0.23691188328822102
2025-10-12 14:00:00,0.1199999999999999,6,0.2069017179133994,0.11523476610409954,0.1103532273504611
2025-10-12 15:00:00,0.2066666666666666,6,0.2875143610609462,0.19593715962106253,0.1865243311284989
2025-10-12 16:00:00,0.06,6,0.07726006261151841,0.04226268393595185,0.0506821540954519
2025-10-12 17:00:00,0.01,6,-0.08211261140932916,0.010055161688595384,0.01122866584751242
2025-10-12 18:00:00,0.1183333333333333,6,0.20340126239548922,0.11522710377743584,0.10658125918225697
2025-10-12 19:00:00,0.01,6,-0.044345645559315444,0.011964861777243579,0.012739969049285371
2025-10-12 20:00:00,0.2733333333333333,6,0.2656567156018861,0.1648472053266327,0.17392890125179855
2025-10-12 21:00:00,0.6883333333333334,6,0.6191627058274086,0.6924854001699287,0.6693751932552507
2025-10-12 22:00:00,0.4799999999999999,6,0.4840588453916963,0.4725127171782751,0.46370890779625873
2025-10-12 23:00:00,0.5233333333333333,6,0.5175063048153261,0.5157540697412549,0.5074249926320274
2025-10-13 00:00:00,0.62,6,0.5959254693189655,0.6535864187004061,0.613709302913178
2025-10-13 01:00:00,0.1216666666666666,6,0.14600271041273927,0.06676874918096544,0.07735538387385915
2025-10-13 02:00:00,0.0666666666666666,6,0.1645955970796063,0.0778488045371947,0.08450483899229555
2025-10-13 03:00:00,0.0233333333333333,6,0.019796958798542236,0.01470043406878442,0.021246887936507253
2025-10-13 04:00:00,0.0233333333333333,6,-0.013598411875385408,0.014225763092027718,0.015598226981266783
2025-10-13 05:00:00,0.445,6,0.4868436136138229,0.47768126785578546,0.48125986600529813
2025-10-13 06:00:00,0.1016666666666666,6,0.17879994999336474,0.10972347913725976,0.09189340805041402
2025-10-13 07:00:00,0.2266666666666666,6,0.3215309316498358,0.23921439274751852,0.23387293712973306
2025-10-13 08:00:00,0.5583333333333333,6,0.5309590576820413,0.5439780156402714,0.5336019740017817
2025-10-13 09:00:00,0.7483333333333334,6,0.6509455103800433,0.7259567364360364,0.7235631909890875
2025-10-13 10:00:00,0.8966666666666665,6,0.7425603151903016,0.8518191052376476,0.849167433762239
2025-10-13 11:00:00,0.8166666666666667,6,0.6986499201463299,0.8069151483825349,0.7918769607270686
2025-10-13 12:00:00,0.8166666666666667,6,0.6908583172873375,0.7929417257335742,0.7796137708502909
2025-10-13 13:00:00,0.805,6,0.6850974409432855,0.7792617396421004,0.7720225914867738
2025-10-13 14:00:00,0.8983333333333334,6,0.7556136270577933,0.87415996631061,0.8594820649079533
2025-10-13 15:00:00,0.935,6,0.8008897005550217,0.9264714757770791,0.9133676663047947
2025-10-13 16:00:00,0.6583333333333333,6,0.5917671385562538,0.6453304960502941,0.6397852045191368
2025-10-13 17:00:00,0.4883333333333333,6,0.4946404815226043,0.4893990606086123,0.48329291200964275
2025-10-13 18:00:00,0.9783333333333332,6,0.8554401533154905,0.9653561485878756,0.9638528144034054
2025-10-13 19:00:00,0.99,6,0.8900202395984806,0.9690520598905272,0.9694795506276361
2025-10-13 20:00:00,0.99,6,0.9225817059314021,0.9739347956823942,0.9639352598738398
2025-10-13 21:00:00,0.99,6,0.8088358401538529,0.9478263061633949,0.9377785185704693
2025-10-13 22:00:00,0.9883333333333332,6,0.8123945903076604,0.9518565825908831,0.9377785185704693
2025-10-13 23:00:00,0.9033333333333332,6,0.7654734204344277,0.9054300836914916,0.894056540390989
2025-10-14 00:00:00,0.945,6,0.7983190097525548,0.9513198767875569,0.9390591767429344
2025-10-14 01:00:00,0.9833333333333332,6,0.8172810201385459,0.9459489559644892,0.954419319374975
2025-10-14 02:00:00,0.99,6,0.8568269415151799,0.9470648495579197,0.9671328346803113
2025-10-14 03:00:00,0.985,6,0.8495265453824252,0.9638417767976484,0.9683242761442874
2025-10-14 04:00:00,0.7916666666666666,6,0.6646536706310109,0.7523799903744695,0.7622128186396759
2025-10-14 05:00:00,0.9816666666666668,6,0.7899083686450774,0.9424733078502086,0.941969268674588
2025-10-14 06:00:00,0.7199999999999998,6,0.6590402860400366,0.7257753748742195,0.7573898319284429
2025-10-14 07:00:00,0.725,6,0.6431207155431697,0.7408022041702673,0.7331969580666896
2025-10-14 08:00:00,0.8783333333333333,6,0.7467572038360933,0.8985576477216269,0.887005388757239
2025-10-14 09:00:00,0.8033333333333333,6,0.6854283876284044,0.8088856965952612,0.7984727577264799
2025-10-14 10:00:00,0.765,6,0.6561982153265533,0.7223900781707232,0.7480444587003278
2025-10-14 11:00:00,0.875,6,0.7525542477112173,0.810587831930977,0.8739269267007226
2025-10-14 12:00:00,0.9283333333333332,6,0.7718694092895673,0.8898734567610296,0.9095151718412979
2025-10-14 13:00:00,0.9566666666666664,6,0.8169508873401412,0.943113805754249,0.9380638660431414
2025-10-14 14:00:00,0.9666666666666668,6,0.8098142606947452,0.9515534924002067,0.9320468258782972
2025-10-14 15:00:00,0.9416666666666664,6,0.7814462752972149,0.907000622557863,0.9152467173477228
2025-10-14 16:00:00,0.8483333333333332,6,0.7103216062476528,0.8154829122218493,0.81525728871749
2025-10-14 17:00:00,0.6833333333333332,6,0.6099342346415283,0.6813315623950927,0.6626072040239319
2025-10-14 18:00:00,0.4666666666666666,6,0.46351461137836525,0.43992778564178225,0.4351171497855846
2025-10-14 19:00:00,0.3016666666666666,6,0.3904257510527398,0.30518600416668795,0.3241537878327717
2025-10-14 20:00:00,0.7116666666666667,6,0.6380753230232233,0.7058291565310331,0.7267481362246742
2025-10-14 21:00:00,0.92,6,0.7506551925861339,0.8937715692516719,0.8881326429209644
2025-10-14 22:00:00,0.9883333333333334,6,0.8408643367583055,0.9527411944904329,0.9606018311457909
2025-10-14 23:00:00,0.99,6,0.8614855848019576,0.9607694768364031,0.9677777459310621
2025-10-15 00:00:00,0.9483333333333333,6,0.7831295982545001,0.9326341155191794,0.9395806318050106
2025-10-15 01:00:00,0.8266666666666665,6,0.6968502861500578,0.8197878266865224,0.823288193387891
2025-10-15 02:00:00,0.9016666666666668,6,0.7587672381249488,0.9265092488335201,0.9179162378928056
2025-10-15 03:00:00,0.99,6,0.9863577551799703,0.9829314811870858,0.9786299851377175
2025-10-15 04:00:00,0.99,6,0.9764737991012964,0.9811895136495997,0.9693832090471278
2025-10-15 05:00:00,0.9783333333333332,6,0.814363053608544,0.9451729838702376,0.9592763978028742
2025-10-15 06:00:00,0.99,6,0.8358191216157558,0.9733716642724244,0.9548729621486419
2025-10-15 07:00:00,0.99,6,0.9492689865287582,0.9822528784716841,0.9663592393409982
2025-10-15 08:00:00,0.9583333333333331,6,0.8021142192106594,0.9526735976562768,0.946445401637752
2025-10-15 09:00:00,0.99,6,0.8822078817478496,0.9664524524079909,0.9734282911209685
2025-10-15 10:00:00,0.9866666666666666,6,0.8670874984569483,0.9643122822639429,0.9716451217097538
2025-10-15 11:00:00,0.985,6,0.9014047245451384,0.9589028841815218,0.909092540419841
2025-10-15 12:00:00,0.91,6,0.759770762204286,0.9085917663097132,0.9048167198697119
2025-10-15 13:00:00,0.8166666666666667,6,0.6960164583310384,0.8231266040398342,0.8122312947489692
2025-10-15 14:00:00,0.6366666666666666,6,0.5905890862044485,0.6581993475764791,0.6520177166382134
2025-10-15 15:00:00,0.5966666666666666,6,0.5645579000344924,0.5989533339931375,0.5979986440403131
2025-10-15 16:00:00,0.4049999999999999,6,0.46816107157828446,0.46347195086019716,0.45266875210153895
2025-10-15 17:00:00,0.33,6,0.40530100139872505,0.3252880941841898,0.3534641822145173
2025-10-15 18:00:00,0.3033333333333333,6,0.383063956900776,0.2903174086706624,0.30903501790297055
2025-10-15 19:00:00,0.3549999999999999,6,0.42250419995426947,0.35909982194871487,0.3643715809563978
2025-10-15 20:00:00,0.4666666666666667,6,0.47353351960760526,0.47313796492597004,0.4667739622517938
2025-10-15 21:00:00,0.3349999999999999,6,0.41790303741667456,0.35839639161960374,0.36525581378052097
2025-10-15 22:00:00,0.18,6,0.3081845431628544,0.2024584861976284,0.18338289796426901
2025-10-15 23:00:00,0.0183333333333333,6,-0.014643393749436295,0.012445788443602118,0.01116228090606003
2025-10-16 00:00:00,0.01,6,-0.05051224619120154,0.01085468958473106,0.010427211589535967
2025-10-16 01:00:00,0.01,6,-0.13436016995140776,0.010004988467930201,0.006632862685965302
2025-10-16 02:00:00,0.01,6,-0.13947349679812865,0.010004988467930201,0.008212408416572614
2025-10-16 03:00:00,0.01,6,-0.1445655608544438,0.010004988467930201,0.009080552194917768
2025-10-16 04:00:00,0.01,6,-0.13212742127354538,0.010004988467930201,0.008301671620108642
2025-10-16 05:00:00,0.01,6,-0.18031377980469698,0.010004988467930201,0.008711851353257472
2025-10-16 06:00:00,0.01,6,-0.116248926841888,0.010006117108943655,0.00835160373157423
2025-10-16 07:00:00,0.01,6,0.011509697169807764,0.014639251174949939,0.012937334071327244
2025-10-16 08:00:00,0.01,6,0.006515681248688482,0.01453968915421222,0.0145133929625616
2025-10-16 09:00:00,0.08,6,0.19707669121908195,0.08224627235016498,0.08024992053395957
2025-10-16 10:00:00,0.1083333333333333,6,0.2238459213556065,0.09416554767284832,0.11074055835969149
2025-10-16 11:00:00,0.01,6,0.5660431180988823,0.6056909677642095,0.6265049248919987
2025-10-16 12:00:00,0.555,6,0.7880827928902225,0.9503870412253921,0.9340538329520245
2025-10-16 13:00:00,0.9383333333333332,6,0.7993342586672598,0.9450420995043413,0.9345884414279233
2025-10-16 14:00:00,0.7566666666666667,6,0.6586659233654054,0.6886312517196029,0.7480161350992708
2025-10-16 15:00:00,0.5883333333333333,6,0.5597261023492908,0.598713572914895,0.5837266143359227
2025-10-16 16:00:00,0.435,6,0.46438318242670684,0.447057406976435,0.44033945652185036
2025-10-16 17:00:00,0.3133333333333333,6,0.39099242055785743,0.3286614600849724,0.32262324506245654
2025-10-16 18:00:00,0.2033333333333333,6,0.2903158643884165,0.190271421224865,0.17965958510225405
2025-10-16 19:00:00,0.2433333333333333,6,0.3016834107580516,0.19389028898339566,0.19390641347337967
2025-10-16 20:00:00,0.1299999999999999,6,0.23440464170882813,0.13616192879735686,0.1309019427485524
2025-10-16 21:00:00,0.1533333333333333,6,0.2377392165006072,0.1343215893139072,0.13235677020762185
2025-10-16 22:00:00,0.464,5,0.5146991390519932,0.5278578861460594,0.5147633646658841
2025-10-16 23:00:00,0.34,6,0.4110153079422475,0.35904617065124694,0.35434536990864157
2025-10-17 00:00:00,0.18,6,0.29804484839812884,0.1968759782295231,0.18545157115739802
2025-10-17 01:00:00,0.175,6,0.2776891056810975,0.16870580215479852,0.15568155943268322
2025-10-17 02:00:00,0.12,6,0.22380939818931161,0.0952314828147761,0.11323402887774797
2025-10-17 03:00:00,0.0466666666666666,6,0.09532389593951324,0.044910989095773554,0.035855829053278665
2025-10-17 04:00:00,0.0183333333333333,6,-0.05486229858321662,0.010314677301792294,0.01087557858114968
2025-10-17 05:00:00,0.01,6,-0.17194029749240256,0.010004988467930201,0.009851660391319794
2025-10-17 06:00:00,0.01,6,-0.16295797660983086,0.010004988467930201,0.009475858537845716
2025-10-17 07:00:00,0.01,6,-0.13935512670893296,0.010004988467930201,0.007655458771118229
2025-10-17 08:00:00,0.01,6,-0.11965476714885562,0.010005307253127304,0.009804310971915309
2025-10-17 09:00:00,0.01,6,-0.15404984636793367,0.010004988467930201,0.0090663481378776
2025-10-17 10:00:00,0.01,6,-0.042498680064363054,0.011501293237971244,0.01281002592005892
2025-10-17 11:00:00,0.0249999999999999,6,0.07831076602599152,0.04119911096111045,0.0425549246311433
2025-10-17 12:00:00,0.0183333333333333,6,0.05445909547611166,0.03751936541713756,0.028395941463446595
2025-10-17 13:00:00,0.01,6,-0.008140911804012635,0.01775994886724115,0.021254020335154833
2025-10-17 14:00:00,0.01,6,-0.07970289279885623,0.01067642930371526,0.010704862054788211
2025-10-17 15:00:00,0.01,6,-0.1493622074865371,0.010004645095211961,0.014085394184094047
2025-10-17 16:00:00,0.01,6,-0.17688245246892187,0.010004645095211961,0.009863527902983449
2025-10-17 17:00:00,0.01,6,-0.12860972021023692,0.010004645095211961,0.010935982076795026
2025-10-17 18:00:00,0.01,6,-0.19656297354034313,0.010004988467930201,0.008563365775048182
2025-10-17 19:00:00,0.01,6,-0.18052365996066533,0.010004988467930201,0.008238719971143837
2025-10-17 20:00:00,0.01,6,-0.16312904498333525,0.010004988467930201,0.007850390809347019
2025-10-17 21:00:00,0.01,6,-0.09069940856270317,0.010054355596217514,0.008307398223324047
2025-10-17 22:00:00,0.01,6,-0.1302100276031133,0.010004988467930201,0.00569285697843519
2025-10-17 23:00:00,0.01,6,-0.08159490293717797,0.01000270088870194,0.009616108041013038
2025-10-18 00:00:00,0.01,6,0.04557487315644104,0.02751203929216951,0.025619961138066583
2025-10-18 01:00:00,0.01,6,-0.05468616775117277,0.010905486295790995,0.01307611798373065
2025-10-18 02:00:00,0.0183333333333333,6,0.010469930798269744,0.015164607906344975,0.02412993810778913
2025-10-18 03:00:00,0.0116666666666666,6,-0.06295470910505407,0.010239340892079906,0.010050512659048272
2025-10-18 04:00:00,0.015,6,0.0005869920779887072,0.014245717929341428,0.017974388282714304
2025-10-18 05:00:00,0.0183333333333333,6,0.0007504563578300261,0.0140241208802145,0.01792959678899586
2025-10-18 06:00:00,0.04,6,0.06575479024894637,0.028519336494956436,0.03489868663456652
2025-10-18 07:00:00,0.0916666666666666,6,0.17776147921302649,0.08185667207335208,0.07826655812743116
2025-10-18 08:00:00,0.0883333333333333,6,0.1673567112788898,0.08058650953265743,0.07699988458577534
2025-10-18 09:00:00,0.025,6,0.06452589607179149,0.030665130163001795,0.02988089020365331
2025-10-18 10:00:00,0.0116666666666666,6,-0.04091991545555759,0.013333185531529915,0.011690796676768422
2025-10-18 11:00:00,0.01,6,-0.12327300667434948,0.010004988467930201,0.009299848910889807
2025-10-18 12:00:00,0.01,6,-0.1044973763458865,0.01001933796585685,0.010248117853997318
2025-10-18 13:00:00,0.01,6,-0.1470814647063957,0.010005151484337779,0.0103987986752066
2025-10-18 14:00:00,0.01,6,-0.1474295543206447,0.0100047610667734,0.009620069648814844
2025-10-18 15:00:00,0.01,6,-0.14865130177519864,0.010005151484337779,0.01116733518209534
2025-10-18 16:00:00,0.01,6,-0.18505175007138874,0.010005151484337779,0.00990958870282338
2025-10-18 17:00:00,0.01,6,-0.13069945351194967,0.010004645095211961,0.010022495392847552
2025-10-18 18:00:00,0.01,6,-0.07776146513693472,0.01035787717166995,0.011325711771522362
2025-10-18 19:00:00,0.01,6,-0.15346532178281103,0.010004988467930201,0.008465314366740695
2025-10-18 20:00:00,0.01,6,-0.1244613847736255,0.010004988467930201,0.009205652391845787
2025-10-18 21:00:00,0.01,6,-0.15681462305743057,0.010004988467930201,0.00814066856283635
2025-10-18 22:00:00,0.01,6,-0.17323496344942574,0.010004988467930201,0.0079844695359374
2025-10-18 23:00:00,0.01,6,-0.05687834904302225,0.010713019704837358,0.006128602625014468
2025-10-19 00:00:00,0.0199999999999999,6,-0.02933651084886138,0.012196750247406397,0.012958297979463573
2025-10-19 01:00:00,0.01,6,-0.14822032354623269,0.010004988467930201,0.009424299341636189
2025-10-19 02:00:00,0.01,6,-0.1288519541239484,0.010004988467930201,0.009388824013678021
2025-10-19 03:00:00,0.01,6,-0.06652284416992596,0.010160631617553215,0.009619604443905694
2025-10-19 04:00:00,0.0233333333333333,6,0.06868712674613658,0.03232904932775654,0.03496705178490167
2025-10-19 05:00:00,0.01,6,-0.11232224770474673,0.01000645125759604,0.008711540312662525
2025-10-19 06:00:00,0.01,6,-0.10581129735124072,0.010013302253293358,0.008675847834011152
2025-10-19 07:00:00,0.025,6,0.004034341487804155,0.014648350489703723,0.02012147625121813
2025-10-19 08:00:00,0.0133333333333333,6,-0.01605269078345503,0.014011574164982351,0.016810489107822846
2025-10-19 09:00:00,0.01,6,-0.058326331790242075,0.011230207960863076,0.008852766208785112
2025-10-19 10:00:00,0.01,6,-0.007998074685688944,0.01608753047509587,0.017171027017399032
2025-10-19 11:00:00,0.01,6,-0.11390721731931822,0.0100061078848778,0.009870337078949853
2025-10-19 12:00:00,0.0083333333333333,6,-0.08019674465691493,0.01081570308550642,0.01430211171937451
2025-10-19 13:00:00,0.01,6,-0.10518826531074296,0.010012578246561259,0.01624729846804024
2025-10-19 14:00:00,0.16,6,0.2134219010144257,0.12576598824953145,0.1325278409460846
2025-10-19 15:00:00,0.3083333333333333,6,0.3835300357551452,0.32194589210283986,0.3163781659510151
2025-10-19 16:00:00,0.7600000000000001,6,0.6862104579995209,0.7864704036269076,0.7735851571196306
2025-10-19 17:00:00,0.8366666666666664,6,0.7069180797707069,0.79397644357641,0.8067687766772773
2025-10-19 18:00:00,0.5916666666666666,6,0.5217276361568224,0.4995767412245514,0.5170433644784472
2025-10-19 19:00:00,0.5983333333333332,6,0.540513465283064,0.502017999685857,0.555500401775536
2025-10-19 20:00:00,0.395,6,0.43493758404500404,0.3957721014407427,0.3875198279542484
2025-10-19 21:00:00,0.3683333333333333,6,0.43028433275770706,0.3817357376895281,0.37658349252235995
2025-10-19 22:00:00,0.2299999999999999,6,0.32578413152287355,0.24276411393372727,0.23186347817586525
2025-10-19 23:00:00,0.0883333333333333,6,0.11189216112222405,0.05257655816659038,0.05394781516798847
2025-10-20 00:00:00,0.0083333333333333,6,-0.06059120377945862,0.010561354665734709,0.008646168234950957
2025-10-20 01:00:00,0.01,6,-0.1520014430308138,0.010004988467930201,0.008827005130485899
2025-10-20 02:00:00,0.01,6,-0.12034100147895858,0.010004988467930201,0.009697625691697465
2025-10-20 03:00:00,0.01,6,-0.055050433363864504,0.010859512545013281,0.012867439434630534
2025-10-20 04:00:00,0.0116666666666666,6,0.033626821207548674,0.01965958588202427,0.024560956496890107
2025-10-20 05:00:00,0.0116666666666666,6,0.004412011017425832,0.018420110051593858,0.020784073890763033
2025-10-20 06:00:00,0.1016666666666666,6,0.17203585477749345,0.09767716014648724,0.08637933647596285
2025-10-20 07:00:00,0.0383333333333333,6,0.0729697282767211,0.03361019503460198,0.0367414710815826
2025-10-20 08:00:00,0.0166666666666666,6,0.03504837785041287,0.025672560608713455,0.023545497038099217
2025-10-20 09:00:00,0.1366666666666666,6,0.22670612714276012,0.11024471388232553,0.11912059593814989
2025-10-20 10:00:00,0.1316666666666666,6,0.24391141172322373,0.15038142819998776,0.1430221053304546
2025-10-20 11:00:00,0.1133333333333333,6,0.2119840405429978,0.12454093285488611,0.11507745371430766
2025-10-20 12:00:00,0.225,6,0.31151237905581863,0.22289954583506164,0.21242336012772386
2025-10-20 13:00:00,0.2516666666666666,6,0.33607482836734515,0.2553768947625073,0.2542561231327951
2025-10-20 14:00:00,0.1083333333333333,6,0.19479750145123997,0.1167085088014647,0.12212451140383734
2025-10-20 15:00:00,0.0333333333333333,6,0.04021122571743074,0.03343795857259833,0.034388041430364225
2025-10-20 16:00:00,0.01,6,-0.05045250027884432,0.010960360599302442,0.018337886730984132
2025-10-20 17:00:00,0.0749999999999999,6,0.13341603650651834,0.07828249361312639,0.07310320963315065
2025-10-20 18:00:00,0.105,6,0.20374162008595426,0.116681459454346,0.1058038919482634
2025-10-20 19:00:00,0.2383333333333333,6,0.3471475181805178,0.26275061072015843,0.2694946173109685
2025-10-20 20:00:00,0.1833333333333333,6,0.2904208053468297,0.18288716292831467,0.1820253603391269
2025-10-20 21:00:00,0.0566666666666666,6,0.11633087673837039,0.05519382805564388,0.05531608686243061
2025-10-20 22:00:00,0.0116666666666666,6,0.001636780750337491,0.021426343479922956,0.020758092476981627
2025-10-20 23:00:00,0.0083333333333333,6,-0.07724235757688644,0.0107003901194948,0.008806750256933282
2025-10-21 00:00:00,0.01,6,-0.1348725368517832,0.010004988467930201,0.008126894185819133
2025-10-21 01:00:00,0.01,6,-0.11841241774663668,0.010006117108943655,0.008514783145280092
2025-10-21 02:00:00,0.01,6,-0.15972417072662615,0.010004988467930201,0.008756794517436717
2025-10-21 03:00:00,0.01,6,-0.10354988438055897,0.01001968133857509,0.009935163689307358
2025-10-21 04:00:00,0.04,6,0.11340232968108543,0.04835684389909871,0.052441224411767295
2025-10-21 05:00:00,0.0466666666666666,6,0.09885627129709895,0.046280751164998725,0.04328926960175766
2025-10-21 06:00:00,0.0316666666666666,6,0.029035755731893154,0.018885460084813482,0.02199600814288566
2025-10-21 07:00:00,0.0266666666666666,6,0.017310785264649464,0.013687841854786009,0.019532417785033285
2025-10-21 08:00:00,0.01,6,-0.0966086418546803,0.010053257293218723,0.010125621511646976
2025-10-21 09:00:00,0.01,6,-0.08091093200939131,0.010000483447172985,0.009804830071672599
2025-10-21 10:00:00,0.01,6,-0.11503717383300532,0.01000645125759604,0.008388209125620272
2025-10-21 11:00:00,0.01,6,-0.04914221743027988,0.011862628479451543,0.012816363212040605
2025-10-21 12:00:00,0.01,6,-0.018382215458308093,0.013320589811631683,0.020232302410188807
2025-10-21 13:00:00,0.01,6,-0.04607937906516932,0.012025707069263675,0.014278374374905867
2025-10-21 14:00:00,0.01,6,-0.047674039678752195,0.012129770406785602,0.02026493108159616
2025-10-21 15:00:00,0.01,6,-0.10802034069812612,0.010013187337017546,0.010624421136356255
2025-10-21 16:00:00,0.0466666666666666,6,0.025865154779580568,0.02829334958339567,0.02843573296787355
2025-10-21 17:00:00,0.2316666666666666,6,0.327887980892391,0.24207773452172654,0.23400874544826444
2025-10-21 18:00:00,0.275,6,0.3599028196805296,0.279873327345061,0.2823115317558001
2025-10-21 19:00:00,0.3333333333333333,6,0.39679040526938714,0.3400169698952559,0.3275718782304594
2025-10-21 20:00:00,0.3133333333333333,6,0.3893447555720191,0.3378314444586623,0.3234000091527123
2025-10-21 21:00:00,0.1533333333333333,6,0.25602717564335387,0.15587978498327398,0.15668108337254383
2025-10-21 22:00:00,0.03,6,0.06303363302064019,0.039165211911080175,0.03299459079023642
2025-10-21 23:00:00,0.0216666666666666,6,0.04383066085914311,0.02909711897889792,0.027238807213394
2025-10-22 00:00:00,0.01,6,-0.06602535503550638,0.010220660525827475,0.006066337993231252
2025-10-22 01:00:00,0.01,6,-0.16130428311519457,0.010004988467930201,0.008468165430622954
2025-10-22 02:00:00,0.01,6,-0.17674414303565983,0.010004988467930201,0.00895572099708486
2025-10-22 03:00:00,0.01,6,-0.16495202691450334,0.010004988467930201,0.008925320183634344
2025-10-22 04:00:00,0.01,6,-0.15842968214699996,0.010004988467930201,0.00903985365608756
2025-10-22 05:00:00,0.01,6,-0.16307672754810207,0.010004988467930201,0.009142911475298776
2025-10-22 06:00:00,0.01,6,-0.18786164792624177,0.010004988467930201,0.009219796417270942
2025-10-22 07:00:00,0.0183333333333333,6,-0.01805958589815604,0.013827856317034124,0.01891053228225842
2025-10-22 08:00:00,0.0866666666666666,6,0.21559299689326644,0.12141316441528155,0.10998210053637403
2025-10-22 09:00:00,0.0283333333333333,6,0.06218736733494934,0.030095309000397207,0.030114791976302735
2025-10-22 10:00:00,0.0233333333333333,6,0.0709276838697695,0.03547095527125071,0.037034597569480354
2025-10-22 11:00:00,0.01,6,0.022707218618612635,0.026040533061382702,0.023822280829580433
2025-10-22 12:00:00,0.01,6,-0.006425922906435483,0.01801229000308073,0.021016454676861196
2025-10-22 13:00:00,0.01,6,-0.05721590855769321,0.011024978748750303,0.011137593623183228
2025-10-22 14:00:00,0.01,6,-0.09820787970060102,0.010042987826875512,0.014311016645243702
2025-10-22 15:00:00,0.01,6,-0.14876165994694518,0.010005151484337779,0.011283996032811328
2025-10-22 16:00:00,0.01,6,-0.0748753932327561,0.010720910073753547,0.010742467570094005
2025-10-22 17:00:00,0.0416666666666666,6,0.1946584789866741,0.11471403823644286,0.10390721184435203
2025-10-22 18:00:00,0.2066666666666666,6,0.3124386595388744,0.22073515234259536,0.20307729596285168
2025-10-22 19:00:00,0.2999999999999999,6,0.3816170428200829,0.29964229146891097,0.3104954486260023
2025-10-22 20:00:00,0.2966666666666666,6,0.3915256189718579,0.330507916283454,0.32320566584777277
2025-10-22 21:00:00,0.2416666666666666,6,0.3335503004220507,0.2431751245419892,0.2458894114602885
2025-10-22 22:00:00,0.1783333333333333,6,0.2803790821953134,0.1904221744674796,0.17716673242624636
2025-10-22 23:00:00,0.1099999999999999,6,0.2134109639714905,0.12622749661261234,0.11799656681415166
2025-10-23 00:00:00,0.0216666666666666,6,0.029915569030687816,0.021224422637902897,0.023594770515508345
2025-10-23 01:00:00,0.01,6,-0.08609476179272071,0.010151888471724367,0.009503928307800447
2025-10-23 02:00:00,0.01,6,-0.1369193124154749,0.010004988467930201,0.009388824013678021
2025-10-23 03:00:00,0.01,6,-0.16373414542184134,0.010004988467930201,0.008822194260819205
2025-10-23 04:00:00,0.01,6,-0.07799169422161328,0.01014012712663733,0.009703503718694051
2025-10-23 05:00:00,0.01,6,-0.09160569839355859,0.010037043898235835,0.009890045265662506
2025-10-23 06:00:00,0.0116666666666666,6,0.004096705557271679,0.01431435989811298,0.01806322718172837
2025-10-23 07:00:00,0.01,6,-0.005151400645586196,0.013419811360334653,0.016834467672995124
2025-10-23 08:00:00,0.01,6,-0.121575949378764,0.010004988467930201,0.01065174646949879
2025-10-23 09:00:00,0.02,6,0.018480418755648736,0.014531475738664496,0.020867849478595157
2025-10-23 10:00:00,0.125,6,0.22203738679404256,0.12210283729523853,0.12539227653647866
2025-10-23 11:00:00,0.0733333333333333,6,0.14532026552254146,0.07761944215890332,0.07872365556830135
2025-10-23 12:00:00,0.055,6,0.113595628656112,0.05588935609213641,0.05757818431278794
2025-10-23 13:00:00,0.2266666666666666,6,0.3085090057289711,0.2208655828043491,0.21291031867004281
2025-10-23 14:00:00,0.245,6,0.3371161216569012,0.2526954254404076,0.25968029929709696
2025-10-23 15:00:00,0.1716666666666666,6,0.2687109064206595,0.18694874542876658,0.18701922538628993
2025-10-23 16:00:00,0.0999999999999999,6,0.18686746132886456,0.11170089708486472,0.11150743526352136
2025-10-23 17:00:00,0.0999999999999999,6,0.1829136448169218,0.10307410428380478,0.10319903270147501
2025-10-23 18:00:00,0.1499999999999999,6,0.22703928768291914,0.1417970678396702,0.13477861114101347
2025-10-23 19:00:00,0.01,6,-0.08723506926773106,0.01006150489657408,0.008715116821703006
2025-10-23 20:00:00,0.01,6,-0.18065711216792432,0.010004988467930201,0.008041879045569744
2025-10-23 21:00:00,0.0116666666666666,6,-0.08935631546576236,0.010177064848645612,0.008690961427625987
2025-10-23 22:00:00,0.07,6,0.13673079802349403,0.06003714871253269,0.06691808023212703
2025-10-23 23:00:00,0.45,6,0.5033891908239493,0.5082670219431001,0.5005828994265389
2025-10-24 00:00:00,0.8116666666666666,6,0.7026097642866417,0.7800084944708381,0.8066159607510548
2025-10-24 01:00:00,0.9566666666666666,6,0.7776097602079406,0.915075840424092,0.9231295846672423
2025-10-24 02:00:00,0.9866666666666668,6,0.8759371305912698,0.969158164623845,0.9735101974080946
2025-10-24 03:00:00,0.9866666666666668,6,0.8198822821204963,0.9437541291182167,0.9527203380806124
2025-10-24 04:00:00,0.935,6,0.8143327876365782,0.9499912592323906,0.9520127695174869
2025-10-24 05:00:00,0.8499999999999999,6,0.7340441227093755,0.8960494655330935,0.878354565433192
2025-10-24 06:00:00,0.9366666666666668,6,0.9212807566857684,0.9762162119703629,0.9661823580179056
2025-10-24 07:00:00,0.925,6,0.835269366354237,0.9460741872420416,0.9586104483199889
2025-10-24 08:00:00,0.9383333333333332,6,0.8217658220898778,0.9514297565040524,0.9517423068905276
2025-10-24 09:00:00,0.9433333333333332,6,0.831328445080028,0.9473592552960939,0.9561858990853765
2025-10-24 10:00:00,0.9633333333333332,6,0.8570027923535586,0.9660358326190409,0.966718662796494
2025-10-24 11:00:00,0.8983333333333331,6,0.7803326730397964,0.9187890618842437,0.9204031749636971
2025-10-24 12:00:00,0.9766666666666663,6,0.8733612521414296,0.9682429815309594,0.959715582221141
2025-10-24 13:00:00,0.9716666666666666,6,0.929033420812605,0.9488586597697304,0.9530410838917986
2025-10-24 14:00:00,0.8649999999999998,6,0.7611053355850107,0.8924236043642529,0.8582108237932711
2025-10-24 15:00:00,0.785,6,0.7051261533647952,0.7754972515067439,0.7817702431597472
2025-10-24 16:00:00,0.8166666666666665,6,0.7339652017923898,0.8258996858272585,0.8037952319646915
2025-10-24 17:00:00,0.5183333333333333,6,0.5248693963193476,0.5132852219078162,0.5155042838555938
2025-10-24 18:00:00,0.4166666666666665,6,0.45014813138377296,0.4175524020278428,0.4076760571954324
2025-10-24 19:00:00,0.2216666666666666,6,0.30504576031437824,0.21512077238157035,0.21205452734782104
2025-10-24 20:00:00,0.3449999999999999,6,0.38241925688737344,0.31514490585237726,0.3174914090008233
2025-10-24 21:00:00,0.3183333333333333,6,0.3987490775962782,0.33512611372563267,0.3408630649859181
2025-10-24 22:00:00,0.3083333333333333,6,0.393481467909102,0.3187197893827512,0.3271863895333035
2025-10-24 23:00:00,0.395,6,0.4033308590162791,0.33403877166384194,0.3400620446497169
2025-10-25 00:00:00,0.4149999999999999,6,0.42321678474717017,0.37564974206176727,0.3610961286578151
2025-10-25 01:00:00,0.2283333333333333,6,0.30067749632670615,0.1889876413778163,0.1926689229868291
2025-10-25 02:00:00,0.2349999999999999,6,0.32442427722630707,0.2368298855394155,0.2305889966872097
2025-10-25 03:00:00,0.3666666666666667,6,0.4168176420810129,0.3627673755127964,0.36402742298653973
2025-10-25 04:00:00,0.3883333333333333,6,0.43672065943290006,0.4062076434255781,0.38850205344865324
2025-10-25 05:00:00,0.5366666666666667,6,0.4871801305562483,0.48048762797953015,0.48517325598174954
2025-10-25 06:00:00,0.7133333333333332,6,0.6150938765089657,0.6815631008905867,0.6797568239159386
2025-10-25 07:00:00,0.555,6,0.5187664318951343,0.5366839262105814,0.5123536090901909
2025-10-25 08:00:00,0.55,6,0.5107170808471571,0.5204658999891959,0.5163216778963574
2025-10-25 09:00:00,0.18,6,0.2579319018811543,0.155888233008937,0.15204506109063884
2025-10-25 10:00:00,0.5749999999999998,6,0.5483605906964413,0.5748552447601254,0.573702086645767
2025-10-25 11:00:00,0.7033333333333333,6,0.6389207496083474,0.7064075090821772,0.7020326183940396
2025-10-25 12:00:00,0.7783333333333333,6,0.6911869501424345,0.7726981312034465,0.7637130233117764
2025-10-25 13:00:00,0.9133333333333332,6,0.796209667528146,0.8881214942525204,0.8961805807356187
2025-10-25 14:00:00,0.6966666666666667,6,0.6487420111961834,0.7051142126856835,0.6893223520751144
2025-10-25 15:00:00,0.4399999999999999,6,0.4732446924403697,0.4580817891132701,0.4483619704861585
2025-10-25 16:00:00,0.18,6,0.280293064983432,0.1957729810984155,0.19172845251607049
2025-10-25 17:00:00,0.0666666666666666,6,0.09870389710416616,0.057739541645516146,0.057294648951871696
2025-10-25 18:00:00,0.0666666666666666,6,0.09613335934567274,0.05536924430369295,0.05169109336406624
2025-10-25 19:00:00,0.3916666666666666,6,0.4481718335428374,0.4080246335787319,0.410887397335319
2025-10-25 20:00:00,0.4566666666666667,6,0.4796624014569776,0.4627192344911949,0.4597123104008916
2025-10-25 21:00:00,0.33,6,0.4298276910029656,0.372303163349508,0.37525443732419633
2025-10-25 22:00:00,0.2783333333333333,6,0.3687643801218975,0.28704086564491454,0.2897803693183327
2025-10-25 23:00:00,0.3999999999999999,6,0.4997914506298522,0.489708160496886,0.49261578538566553
2025-10-26 00:00:00,0.275,6,0.34797837044634605,0.2612639757842382,0.26869625589229257
2025-10-26 01:00:00,0.1666666666666666,6,0.2783628021695478,0.1922805450976283,0.17716673242624636
2025-10-26 02:00:00,0.3049999999999999,6,0.4052977971600029,0.3321729182519157,0.34908741344924343
2025-10-26 03:00:00,0.0483333333333333,6,0.10330086237806996,0.04979044444284872,0.052682895861215884
2025-10-26 04:00:00,0.01,6,-0.08437173576384188,0.010103745289772023,0.009531599595411333
2025-10-26 05:00:00,0.01,6,-0.10353485269020082,0.01001968133857509,0.008479090666628719
2025-10-26 06:00:00,0.0133333333333333,6,0.0782834242990828,0.038498444819770404,0.03977713186050563
2025-10-26 07:00:00,0.0133333333333333,6,0.026976924911463418,0.01611588105903926,0.023105570650426455
2025-10-26 08:00:00,0.01,6,-0.07133083566874038,0.01040347792322188,0.008472051599558217
2025-10-26 09:00:00,0.01,6,-0.02798855964548863,0.012200635854328764,0.013345208638868622
2025-10-26 10:00:00,0.01,6,-0.1305772687689961,0.010004645095211961,0.008956212506764483
2025-10-26 11:00:00,0.01,6,-0.12770065829786886,0.010004645095211961,0.010878568071476247
2025-10-26 12:00:00,0.01,6,-0.14331855593704243,0.010004645095211961,0.014085394184094047
2025-10-26 13:00:00,0.01,6,-0.15986942341081056,0.010010436915974781,0.009329947334638988
2025-10-26 14:00:00,0.01,6,-0.14995026673175235,0.010010436915974781,0.009896577087497915
2025-10-26 15:00:00,0.01,6,-0.15692475166321712,0.010010436915974781,0.009329947334638988
2025-10-26 16:00:00,0.01,6,-0.14714087843652462,0.010004511064152484,0.009761263367705053
2025-10-26 17:00:00,0.0083333333333333,6,-0.09807178236152123,0.010042987826875512,0.011509618493960982
2025-10-26 18:00:00,0.0149999999999999,6,-0.0646921807426791,0.010899958699546115,0.01156804153188451
2025-10-26 19:00:00,0.0483333333333333,6,0.07658189062656967,0.04452209501694705,0.04908726790417872
2025-10-26 20:00:00,0.1066666666666666,6,0.1748931867472951,0.09992131851624196,0.09890527747132116
2025-10-26 21:00:00,0.47,6,0.49348595624394986,0.48756995930125774,0.481731914713266
2025-10-26 22:00:00,0.1983333333333333,6,0.303124806770001,0.19802649447541368,0.20691456012370546
2025-10-26 23:00:00,0.1216666666666666,6,0.2204841839751734,0.12882781735494922,0.1360590751403412
2025-10-27 00:00:00,0.0616666666666666,6,0.07133602719514309,0.04520930833930905,0.0441577839387029
2025-10-27 01:00:00,0.01,6,-0.11958955359545977,0.010005773736225415,0.009343200303413235
2025-10-27 02:00:00,0.2966666666666666,6,0.30819034298612125,0.2156686901348615,0.2009068750310581
2025-10-27 03:00:00,0.5466666666666666,6,0.5271023736827412,0.5380442820529808,0.5274127324269492
2025-10-27 04:00:00,0.3383333333333333,6,0.39424741270948127,0.33243108222207546,0.32757612063651476
2025-10-27 05:00:00,0.0816666666666666,6,0.15679287980028145,0.06736041809544722,0.08701486479144382
2025-10-27 06:00:00,0.0166666666666666,6,-0.03585715132094988,0.01304819516398861,0.012164670440517944
2025-10-27 07:00:00,0.0149999999999999,6,0.029250724440682496,0.026247102483614886,0.02397627345761222
2025-10-27 08:00:00,0.01,6,-0.10086830151329679,0.010034730863534892,0.00899227896644017
2025-10-27 09:00:00,0.0133333333333333,6,-0.015687433026223357,0.012654945335311966,0.015841738129286465
2025-10-27 10:00:00,0.01,6,-0.09579950975032,0.010024266537925399,0.0083525166469689
2025-10-27 11:00:00,0.1583333333333333,6,0.22697908527992855,0.14172566024253477,0.12854353316640707
2025-10-27 12:00:00,0.2266666666666666,6,0.3020866925053147,0.19861481688366994,0.1972967075089799
2025-10-27 13:00:00,0.135,6,0.24132986128023753,0.14625116298543855,0.14017859879314237
2025-10-27 14:00:00,0.0149999999999999,6,0.003737171101320158,0.023817387272102607,0.02157135720164194
2025-10-27 15:00:00,0.01,6,-0.09801407292680711,0.010042982087312023,0.009562919415135818
2025-10-27 16:00:00,0.01,6,-0.12729885216048956,0.010004988467930201,0.009232940784217547
2025-10-27 17:00:00,0.01,6,-0.07760296069936468,0.010464215866064113,0.009097028010422614
2025-10-27 18:00:00,0.0116666666666666,6,0.01019982214502943,0.02094606008576623,0.02056216276366507
2025-10-27 19:00:00,0.01,6,-0.09809591984970775,0.010042982087312023,0.008479090666628719
2025-10-27 20:00:00,0.01,6,-0.08722069930054249,0.01006172381954997,0.008935177079087142
2025-10-27 21:00:00,0.01,6,-0.12688257432008246,0.010004988467930201,0.009393634883344715
2025-10-27 22:00:00,0.01,6,-0.09136972167417615,0.010038256019447958,0.009503928307800447
2025-10-27 23:00:00,0.1116666666666666,6,0.21824042173238933,0.11652270265243395,0.12123410975126886
2025-10-28 00:00:00,0.1533333333333333,6,0.26233157614887676,0.15873470667180428,0.16108040243961966
2025-10-28 01:00:00,0.1433333333333333,6,0.23224272638894444,0.12688694869999984,0.12392866212869158
2025-10-28 02:00:00,0.2366666666666666,6,0.32762786668482213,0.2343135472280791,0.22441308678845734
2025-10-28 03:00:00,0.5016666666666665,6,0.49032725662397314,0.4525651035459458,0.4885962079724234
2025-10-28 04:00:00,0.3466666666666666,6,0.3844670741428813,0.3041582897449292,0.30903501790297055
2025-10-28 05:00:00,0.25,6,0.32569529004091646,0.2362649585409448,0.2255435605485513
2025-10-28 06:00:00,0.1683333333333333,6,0.25101644895031416,0.14197121115070524,0.14227003097790447
2025-10-28 07:00:00,0.0699999999999999,6,0.12323747777076594,0.06249782450917087,0.05597153037737268
2025-10-28 08:00:00,0.0083333333333333,6,-0.0795463474365137,0.010049227322410419,0.009950496400293773
2025-10-28 09:00:00,0.0149999999999999,6,-0.011882380405563053,0.013839104921487252,0.01585317031103739
2025-10-28 10:00:00,0.04,6,0.08024364787741511,0.039268130355023016,0.04021086181816386
2025-10-28 11:00:00,0.29,6,0.3585281884734176,0.26724380991666874,0.27447443042879505
2025-10-28 12:00:00,0.4049999999999999,6,0.44839880620023065,0.41884934620454,0.41068740673994236
2025-10-28 13:00:00,0.695,6,0.6389990862045791,0.7079949911359598,0.7114444581597839
2025-10-28 14:00:00,0.8016666666666666,6,0.701138077088874,0.8102856586807481,0.7918769607270686
2025-10-28 15:00:00,0.6933333333333332,6,0.628881264645295,0.6818453723031608,0.6976349217487148
2025-10-28 16:00:00,0.535,6,0.5307663952163317,0.5427002779722375,0.53233686960567
2025-10-28 17:00:00,0.1033333333333333,6,0.1457319148224766,0.08407534355090045,0.07938072126606277
2025-10-28 18:00:00,0.02,6,0.017740671374094102,0.028534126131777995,0.022393636075940082
2025-10-28 19:00:00,0.0549999999999999,6,0.0726534315524559,0.037932006997414794,0.03920244456040223
2025-10-28 20:00:00,0.0266666666666666,6,-0.05581497907634653,0.010747626854580807,0.011748210191340036
2025-10-28 21:00:00,0.0116666666666666,6,0.03696086210627891,0.018515462225143265,0.025793857111587215
2025-10-28 22:00:00,0.02,6,0.04612567187063388,0.025795998048191406,0.02616952292502367
2025-10-28 23:00:00,0.1516666666666666,6,0.27419956199227,0.1769939949414032,0.1694425100584211
2025-10-29 00:00:00,0.1949999999999999,6,0.3055645113587746,0.21195836215981015,0.1958910121675921
2025-10-29 01:00:00,0.3033333333333334,6,0.35682301664411475,0.26508297482673504,0.2721537913369785
2025-10-29 02:00:00,0.3233333333333333,6,0.4081088636563641,0.3471978130969661,0.3500933363187929
2025-10-29 03:00:00,0.095,6,0.15895873672361482,0.05725235395344039,0.07921317121287313
2025-10-29 04:00:00,0.0183333333333333,6,0.005328117916555519,0.014578166078530982,0.01939043012145264
2025-10-29 05:00:00,0.025,6,0.036053046237834674,0.020988269383591954,0.024614364590908988
2025-10-29 06:00:00,0.02,6,-0.056202390032684735,0.010478584364034194,0.011893365465855732
2025-10-29 07:00:00,0.0133333333333333,6,-0.048309890434996866,0.011053484874218667,0.013163154891008388
2025-10-29 08:00:00,0.025,6,0.02765326565130538,0.01598666049896088,0.022374524520660966
2025-10-29 09:00:00,0.1366666666666666,6,0.26057334951961325,0.15853891067005135,0.15942809480011183
2025-10-29 10:00:00,0.22,6,0.3317854861770878,0.2280997637123323,0.22922897869588174
2025-10-29 11:00:00,0.145,6,0.25730925245059016,0.15859052541637708,0.1552501893423726
2025-10-29 12:00:00,0.2733333333333333,6,0.359445897932123,0.2793698451466899,0.28196670116379535
2025-10-29 13:00:00,0.2766666666666666,6,0.3599047526614757,0.2800312638529975,0.2823115317558001
2025-10-29 14:00:00,0.1849999999999999,6,0.28843830161969886,0.1916735750940305,0.18163118770205092
2025-10-29 15:00:00,0.3816666666666666,6,0.4373848431801647,0.39058344819592655,0.38670978491321784
2025-10-29 16:00:00,0.505,6,0.5147509130368937,0.5079589956206645,0.50410002461208
2025-10-29 17:00:00,0.3366666666666666,6,0.38520987448004307,0.32236371634451805,0.30956083558915265
2025-10-29 18:00:00,0.385,6,0.4348664959072128,0.4006760628376289,0.3867036824006833
2025-10-29 19:00:00,0.4249999999999999,6,0.4542799343062899,0.4269318571279884,0.4133483588900554
2025-10-29 20:00:00,0.3483333333333333,6,0.4101317312978291,0.36067371956753663,0.35628970254556624
2025-10-29 21:00:00,0.3166666666666666,6,0.3900087097533237,0.32898014320809166,0.3240992668901892
2025-10-29 22:00:00,0.2549999999999999,6,0.3483666709309562,0.2643068418597571,0.26575361180288826
2025-10-29 23:00:00,0.3466666666666666,6,0.4167581518288974,0.357808407350267,0.3624347799581653
2025-10-30 00:00:00,0.5316666666666666,6,0.5183136813161375,0.5323610742187521,0.517704676591364
2025-10-30 01:00:00,0.4533333333333333,6,0.4808112034343519,0.4592726468019389,0.471795273890097
2025-10-30 02:00:00,0.195,6,0.3011538748342645,0.19090114484945025,0.19245032425187725
2025-10-30 03:00:00,0.0683333333333333,6,0.171879537220253,0.0876383542822454,0.08237931872999893
2025-10-30 04:00:00,0.0199999999999999,6,0.038731220514267084,0.02370406070023726,0.024210420246251585
2025-10-30 05:00:00,0.01,6,0.009921573744219175,0.0169888697438458,0.01989003688270219
2025-10-30 06:00:00,0.01,6,-0.09284451225525595,0.010007763094435934,0.009723500069619084
2025-10-30 07:00:00,0.01,6,-0.09264198141313806,0.010007763094435934,0.009740601061312193
2025-10-30 08:00:00,0.01,6,-0.04818699354116851,0.011116784493072443,0.012928722610536902
2025-10-30 09:00:00,0.0366666666666666,6,0.11702161265925343,0.04939515989417542,0.05363493017053589
2025-10-30 10:00:00,0.0183333333333333,6,0.02355457730425381,0.015750541866369847,0.021997971908211844
2025-10-30 11:00:00,0.0933333333333333,6,0.18824572893190838,0.09860644365931363,0.09656565261688549
2025-10-30 12:00:00,0.1116666666666666,6,0.21094681668701254,0.11753280284309033,0.11397529787477972
2025-10-30 13:00:00,0.2733333333333333,6,0.3533347955211976,0.27391821396807964,0.27600020964188543
2025-10-30 14:00:00,0.6016666666666666,6,0.5606730865158509,0.5606395964292459,0.5860631332366117
2025-10-30 15:00:00,0.5583333333333332,6,0.5366120940364755,0.5394401109131665,0.5461626180832002
2025-10-30 16:00:00,0.4433333333333333,6,0.4639287788604294,0.4237328845822265,0.43761890396609554
2025-10-30 17:00:00,0.2033333333333333,6,0.3021615448691588,0.18702577113415622,0.19825275630977487
2025-10-30 18:00:00,0.0133333333333333,6,-0.09756231449235025,0.010040689110372819,0.00854173654633128
2025-10-30 19:00:00,0.01,6,-0.10913429947119657,0.010011257963375162,0.0083525166469689
2025-10-30 20:00:00,0.01,6,-0.035603040408326236,0.014042725008060954,0.012268471155493677
2025-10-30 21:00:00,0.0566666666666666,6,0.13619566662854754,0.06175954046071771,0.0643363951094984
2025-10-30 22:00:00,0.1133333333333333,6,0.27464101989310896,0.17630261293218005,0.17197204246812867
2025-10-30 23:00:00,0.0733333333333333,6,0.18643574397431323,0.09982869285526313,0.08894566747585325
2025-10-31 00:00:00,0.01,6,-0.06281456754625636,0.010292820093337485,0.009584129115947526
2025-10-31 01:00:00,0.01,6,-0.08786863052737787,0.010086003896109785,0.010047383700890644
2025-10-31 02:00:00,0.0816666666666666,6,0.17244936053638787,0.08592040646753762,0.0818641104043864
2025-10-31 03:00:00,0.24,6,0.3391212098599191,0.24916419893936304,0.24158603878644005
2025-10-31 04:00:00,0.3916666666666666,6,0.46751761672837644,0.4593939995503306,0.4445739348175753
2025-10-31 05:00:00,0.6083333333333332,6,0.5508344785272068,0.596996958223583,0.5877167804247843
2025-10-31 06:00:00,0.7599999999999999,6,0.6516302691002626,0.7689589678036475,0.7469743009574094
2025-10-31 07:00:00,0.7299999999999999,6,0.6578813348121596,0.7914094395022019,0.7712818554540433
2025-10-31 08:00:00,0.4233333333333333,6,0.4186129257696203,0.36565095650444573,0.3656177784668161
2025-10-31 09:00:00,0.27,6,0.31347929110526074,0.21605028053381914,0.19931978322930619
2025-10-31 10:00:00,0.97,6,0.8648882721783371,0.9651192638195473,0.9654527206621931
2025-10-31 11:00:00,0.99,6,0.9631581365986304,0.9746495862619685,0.967066066396785
2025-10-31 12:00:00,0.9883333333333334,6,1.0243008779563096,0.9771790910821183,0.9768139459454419
2025-10-31 13:00:00,0.98,6,0.9529292195028725,0.906134928352151,0.9556306425375269
2025-10-31 14:00:00,0.9416666666666664,6,0.8645103235354792,0.9495437124541576,0.9417350444973278
2025-10-31 15:00:00,0.7733333333333333,6,0.706656008248768,0.7706242890721497,0.7818483650800037
2025-10-31 16:00:00,0.445,6,0.4761437100099871,0.46206359664271945,0.4565110789222745
2025-10-31 17:00:00,0.5400000000000001,6,0.5449163446699374,0.5384662368267658,0.5482049068335244
2025-10-31 18:00:00,0.1716666666666667,6,0.23919312602078568,0.15243978645227485,0.14408685854444664
2025-10-31 19:00:00,0.1083333333333333,6,0.1925654136161184,0.11768541838358315,0.09974760754536566
2025-10-31 20:00:00,0.0133333333333333,6,-0.02742534915890582,0.012142775582801737,0.013776654588346982
2025-10-31 21:00:00,0.0499999999999999,6,0.1297949474970962,0.0644321041072533,0.06495530890751255
2025-10-31 22:00:00,0.2099999999999999,6,0.3184522990157871,0.22973590183329032,0.22405981862970203
2025-10-31 23:00:00,0.3083333333333333,6,0.37220666795360235,0.294730231223608,0.2908620382426487
2025-11-01 00:00:00,0.0966666666666666,6,0.19209648703867865,0.11706732885883796,0.10018762767141282
2025-11-01 01:00:00,0.1266666666666666,6,0.23311033138702786,0.13784893620247493,0.1378508552557692
2025-11-01 02:00:00,0.5316666666666666,6,0.5020515662484758,0.5055845179874069,0.49968495226387355
2025-11-01 03:00:00,0.6583333333333333,6,0.5986661859226914,0.6701238667213325,0.6575417478041918
2025-11-01 04:00:00,0.98,6,0.8871599320754877,0.9688339567020489,0.9703838080322365
2025-11-01 05:00:00,0.99,6,1.0903406548860095,0.9856032910746171,0.9810243295645235
2025-11-01 06:00:00,0.99,6,1.0553245027016616,0.9136739707309594,0.9653522378281534
2025-11-01 07:00:00,0.99,6,0.9023495722590742,0.9624441825655028,0.9536535735279847
2025-11-01 08:00:00,0.9866666666666666,6,0.8843712978914695,0.9695585380306502,0.9707727584076518
2025-11-01 09:00:00,0.9533333333333333,6,0.8316578152998528,0.9391906721585459,0.9571819296525853
2025-11-01 10:00:00,0.99,6,0.912128969108839,0.9229852513580632,0.9501434239862958
2025-11-01 11:00:00,0.99,6,0.9853541554590755,0.9765417503777271,0.9715224821050632
2025-11-01 12:00:00,0.99,6,1.0624411126005748,0.8410929219832122,0.932950391459444
2025-11-01 13:00:00,0.99,6,1.0886301675792127,0.8570781534108581,0.898285376418161
2025-11-01 14:00:00,0.9883333333333334,6,0.9158285216641846,0.9653259019524493,0.9532528545971037
2025-11-01 15:00:00,0.99,6,0.8800764367520397,0.963339417526595,0.9724591422714363
2025-11-01 16:00:00,0.965,6,0.8118559485860448,0.9628161940002193,0.9523985712919103
2025-11-01 17:00:00,0.8616666666666666,6,0.7126253152331858,0.861308189437638,0.8403331899778961
2025-11-01 18:00:00,0.6083333333333332,6,0.5461319870937069,0.586166375673594,0.5680748565206499
2025-11-01 19:00:00,0.2933333333333333,6,0.38184231118206136,0.2836166261310034,0.308057227429351
2025-11-01 20:00:00,0.2216666666666666,6,0.3468374516758711,0.257720992501462,0.26321468212474985
2025-11-01 21:00:00,0.2283333333333333,6,0.3491693675831612,0.260095201061878,0.26308183594099827
2025-11-01 22:00:00,0.1466666666666666,6,0.2805021312526862,0.1758001239813253,0.16700373514105887
2025-11-01 23:00:00,0.0349999999999999,6,0.12285909609026952,0.043839405517725576,0.05463682386203167
2025-11-02 00:00:00,0.0216666666666666,6,0.020453918420790335,0.01392440211111242,0.018205568392519134
2025-11-02 01:00:00,0.1516666666666666,6,0.29801994833136236,0.18317400724754787,0.17342499286219326
2025-11-02 02:00:00,0.5666666666666667,6,0.5546883391368601,0.5793058447567068,0.5866525784682087
2025-11-02 03:00:00,0.3933333333333333,6,0.4471963876747076,0.41727379228608796,0.4074934664581821
2025-11-02 04:00:00,0.9466666666666668,6,0.8471427433166825,0.9643890568531356,0.9792698267550136
2025-11-02 05:00:00,0.77,6,0.7306883859826009,0.8947417811552298,0.9005420984239066
2025-11-02 06:00:00,0.9916666666666668,6,0.9213990241586958,0.9783329504719108,0.9626075411478832
2025-11-02 07:00:00,0.9883333333333332,6,0.8320786964668794,0.9558018115331981,0.96371526586378
2025-11-02 08:00:00,0.9766666666666663,6,0.819766175433617,0.9577190941115141,0.9605899920881055
2025-11-02 09:00:00,0.8366666666666664,6,0.7018249722617174,0.8519595693874514,0.823288193387891
2025-11-02 10:00:00,0.915,6,0.7858762155369035,0.93504010508284,0.9387674571388069
2025-11-02 11:00:00,0.9633333333333332,6,0.8420645162149358,0.9606342521207771,0.9617008008269902
2025-11-02 12:00:00,0.965,6,0.8749957166820166,0.969195832364049,0.9735101974080946
2025-11-02 13:00:00,0.9633333333333332,6,0.8498219106180838,0.9629690540933402,0.9633741440741143
2025-11-02 14:00:00,0.8866666666666667,6,0.7744289847912733,0.9073129809095768,0.9109210641656581
2025-11-02 15:00:00,0.7233333333333332,6,0.6570507121122917,0.7392745416582059,0.7436755565535138
2025-11-02 16:00:00,0.4199999999999999,6,0.46871438847460634,0.45502548972475076,0.4484609136176474
2025-11-02 17:00:00,0.17,6,0.2551840385548275,0.15256504641828486,0.15498489093276374
2025-11-02 18:00:00,0.155,6,0.22815540724203764,0.11885447831052742,0.12363582200972639
2025-11-02 19:00:00,0.4949999999999999,6,0.5443877747964092,0.5631967968605385,0.5623276666904397
2025-11-02 20:00:00,0.2983333333333333,6,0.39164874455121745,0.3287728821694084,0.3213433069824408
2025-11-02 21:00:00,0.2633333333333333,6,0.3517296300218894,0.2658398293083515,0.27228350904913906
2025-11-02 22:00:00,0.0633333333333333,6,0.1255301236441011,0.06246584338686265,0.056791155067349885
2025-11-02 23:00:00,0.0616666666666666,6,0.13254214910025336,0.06621617332765302,0.0569114605579526
2025-11-03 00:00:00,0.0416666666666666,6,0.11384757702182957,0.045121792895719735,0.0472084218140994
2025-11-03 01:00:00,0.0433333333333333,6,0.10673200969516122,0.03721693017776321,0.04560271813376182
2025-11-03 02:00:00,0.0166666666666666,6,0.04145293772990366,0.021872945305124625,0.024718808934355185
2025-11-03 03:00:00,0.0749999999999999,6,0.16339974095593002,0.06691691249975497,0.07161554584422902
2025-11-03 04:00:00,0.0316666666666666,6,0.08516024194442706,0.022330409485749846,0.03077742174592707
2025-11-03 05:00:00,0.0166666666666666,6,0.011974503885971738,0.01417217182974364,0.016236106810416984
2025-11-03 06:00:00,0.01,6,-0.017120079755996165,0.012954732017446331,0.0141006949220282
2025-11-03 07:00:00,0.0216666666666666,6,0.019947044375306144,0.013289901788912447,0.01936828369072585
2025-11-03 08:00:00,0.0883333333333333,6,0.19006565790746965,0.07943727790614809,0.07929077598683443
2025-11-03 09:00:00,0.0433333333333333,6,0.11833746576512472,0.04859568549875403,0.0533398196375644
2025-11-03 10:00:00,0.045,6,0.10774407958499632,0.05167658582982224,0.05067017376965888
2025-11-03 11:00:00,0.12,6,0.23520769487668525,0.13872924845820583,0.13578574511498154
2025-11-03 12:00:00,0.1383333333333333,6,0.23635558211193503,0.1430847634186747,0.13819568584777397
2025-11-03 13:00:00,0.22,6,0.31813900305856546,0.22938795257214462,0.22405981862970203
2025-11-03 14:00:00,0.445,6,0.4633713673166845,0.4198887766613788,0.4344195922974363
2025-11-03 15:00:00,0.3983333333333333,6,0.45549850273597414,0.40649848376158726,0.41136664108882737
2025-11-03 16:00:00,0.2299999999999999,6,0.3157276566746643,0.2211677222615742,0.2234935009321184
2025-11-03 17:00:00,0.3049999999999999,6,0.37887734357474956,0.29464687272265,0.3019220863497443
2025-11-03 18:00:00,0.6049999999999999,6,0.5807346083053082,0.5878311896098679,0.5901172966201176
2025-11-03 19:00:00,0.7766666666666667,6,0.6613959829198616,0.7242461060656751,0.7521361725227493
2025-11-03 20:00:00,0.5066666666666667,6,0.48749668206032626,0.4818874060744979,0.4852465782787259
2025-11-03 21:00:00,0.3066666666666666,6,0.37185323676757764,0.2762425062226915,0.28731646564458263
2025-11-03 22:00:00,0.0533333333333333,6,0.12644536622881147,0.06052603519584403,0.06084736320879952
2025-11-03 23:00:00,0.0183333333333333,6,-0.008068120251235211,0.01540776845687985,0.016481158621591774
2025-11-04 00:00:00,0.02,6,0.021466395253982612,0.014635226085328898,0.024638128594936637
2025-11-04 01:00:00,0.0133333333333333,6,-0.05446583313718409,0.011035474042368758,0.014027978435820765
2025-11-04 02:00:00,0.0383333333333333,6,0.05930821346784054,0.025238088642446508,0.02660010373549543
2025-11-04 03:00:00,0.19,6,0.28722179312065244,0.1805471674996444,0.1747968793126395
2025-11-04 04:00:00,0.6833333333333332,6,0.6054995371508183,0.6848495050235573,0.676159663578652
2025-11-04 05:00:00,0.9716666666666668,6,0.8456524897684639,0.9663915681812928,0.9664000155689026
2025-11-04 06:00:00,0.99,6,1.0031629883461746,0.9825935442149935,0.9777476328783082
2025-11-04 07:00:00,0.99,6,1.027682428611546,0.9781102942232465,0.9797450106447568
2025-11-04 08:00:00,0.99,6,1.0944037861170248,0.9677932670577536,0.9789622930361713
2025-11-04 09:00:00,0.99,6,1.03045684499192,0.9701693584080772,0.9536373845430963
2025-11-04 10:00:00,0.99,6,0.9211752305261722,0.9670922238033222,0.9643172990247174
2025-11-04 11:00:00,0.99,6,0.9418075677763038,0.9789068766743947,0.967323136568212
2025-11-04 12:00:00,0.99,6,0.9509480626750755,0.981133758949441,0.968826387135805
2025-11-04 13:00:00,0.99,6,0.9569878482626781,0.9752864544513307,0.968826387135805
2025-11-04 14:00:00,0.9833333333333332,6,0.8603969330390111,0.9524785429126152,0.9696001736257718
2025-11-04 15:00:00,0.99,6,0.9405144017625882,0.976799205480137,0.9686262111971934
2025-11-04 16:00:00,0.99,6,0.9673234358261171,0.9826463272021655,0.9780371538130076
2025-11-04 17:00:00,0.99,6,0.8968124382394118,0.9603710337307918,0.9485801590907403
2025-11-04 18:00:00,0.9716666666666666,6,0.8256736279081924,0.9568138183991863,0.9605899920881055
2025-11-04 19:00:00,0.6749999999999999,6,0.5830985449076841,0.6433306436309111,0.6350963132704628
2025-11-04 20:00:00,0.52,6,0.5031255158620058,0.5168997527014677,0.4883782217668807
2025-11-04 21:00:00,0.5416666666666666,6,0.5046870105919896,0.37683640318497713,0.4883782217668807
2025-11-04 22:00:00,0.5033333333333333,6,0.4834561605190508,0.4330202628680057,0.46644461454541347
2025-11-04 23:00:00,0.7833333333333333,6,0.670707546192137,0.784099818420362,0.7756055031624285
2025-11-05 00:00:00,0.9666666666666668,6,0.871654324708578,0.9696727797176178,0.9709304589312002
2025-11-05 01:00:00,0.9883333333333332,6,0.9079445165688609,0.9725508099004315,0.9476443803884754
2025-11-05 02:00:00,0.99,6,0.8752173477676342,0.9727963039425399,0.9709304589312002
2025-11-05 03:00:00,0.7783333333333333,6,0.6448565089796614,0.7648546168310882,0.7426025368467501
2025-11-05 04:00:00,0.98,6,0.8251271020992486,0.9689843778187904,0.9504113705766688
2025-11-05 05:00:00,0.8666666666666668,6,0.6955572722998864,0.8216750769600923,0.8250235190362616
2025-11-05 06:00:00,0.6550000000000001,6,0.5519106159014955,0.6142706810124795,0.5981249936829975
2025-11-05 07:00:00,0.8283333333333333,6,0.670062870512158,0.7912608384692696,0.7902521973484622
2025-11-05 08:00:00,0.9916666666666668,6,0.8578245892492635,0.973360251337802,0.9778246800850419
2025-11-05 09:00:00,0.99,6,0.9421626006414756,0.9758205812578571,0.9662976221000248
2025-11-05 10:00:00,0.99,6,0.9133503087396069,0.925637497120079,0.945824767934579
2025-11-05 11:00:00,0.99,6,0.898155785235736,0.9705186929101226,0.9710470498860831
2025-11-05 12:00:00,0.99,6,0.9136427488497798,0.9305876748715988,0.944680881297901
2025-11-05 13:00:00,0.99,6,0.9681005202606805,0.9837266428453251,0.9772203984635502
2025-11-05 14:00:00,0.99,6,0.9737331329252761,0.975924674078172,0.9725111786188472
2025-11-05 15:00:00,0.99,6,0.9610594235683523,0.985642427786802,0.9738362724643437
2025-11-05 16:00:00,0.9733333333333332,6,0.855835803113951,0.9828322725569049,0.9800059257907777
2025-11-05 17:00:00,0.9716666666666666,6,0.8118068092952522,0.9732588526269756,0.9655408374696023
2025-11-05 18:00:00,0.8766666666666665,6,0.7291652708778715,0.9020630444245692,0.8959881465517437
2025-11-05 19:00:00,0.7833333333333333,6,0.6362217177240084,0.7447924613661858,0.7576173637015338
2025-11-05 20:00:00,0.7349999999999999,6,0.6320446162587384,0.7289489583848772,0.7452836133712767
2025-11-05 21:00:00,0.4649999999999999,6,0.46556583634427395,0.4615626642787558,0.4455768858909558
2025-11-05 22:00:00,0.3916666666666666,6,0.4603083750271716,0.4156247635620714,0.43291601180010264
2025-11-05 23:00:00,0.2566666666666666,6,0.38095451117966994,0.29464615347739775,0.2868282757075844
2025-11-06 00:00:00,0.2899999999999999,6,0.41134467728164337,0.3692544338103198,0.3469428451754302
2025-11-06 01:00:00,0.2133333333333332,6,0.35383299504563415,0.2597041616728398,0.25533237876398457
2025-11-06 02:00:00,0.1433333333333333,6,0.30609246905640974,0.14322553782861858,0.16696266529657747
2025-11-06 03:00:00,0.1566666666666666,6,0.31070929891325105,0.1525680443981841,0.16599535002595844
2025-11-06 04:00:00,0.1233333333333333,6,0.2896376402149049,0.14788630924289034,0.14114053188610087
2025-11-06 05:00:00,0.085,6,0.2645256895412432,0.10728195455999852,0.1262633064761282
2025-11-06 06:00:00,0.0416666666666666,6,0.2059444314523633,0.06296983506137871,0.07205447082611327
2025-11-06 07:00:00,0.01,6,-0.07650462057869328,0.009910233694690474,0.012782709954244686
2025-11-06 08:00:00,0.01,6,-0.05919169948029057,0.010492129315984,0.006911712721108909
2025-11-06 09:00:00,0.0166666666666666,6,0.07758289476291996,0.028867123764843683,0.02452662614975082
2025-11-06 10:00:00,0.0883333333333333,6,0.25318945259624825,0.12035008534228044,0.11938896145119532
2025-11-06 11:00:00,0.1716666666666666,6,0.31811504294777593,0.17874681116062519,0.19608745106704045
2025-11-06 12:00:00,0.4699999999999999,6,0.4880193242804671,0.4867858381763956,0.49498766602518696
2025-11-06 13:00:00,0.8549999999999999,6,0.710771659506266,0.864106390357296,0.8630388153618664
2025-11-06 14:00:00,0.9616666666666668,6,0.8124521971261063,0.9670742813179233,0.9649550972681201
2025-11-06 15:00:00,0.9066666666666666,6,0.7550879049073349,0.9185382078499534,0.9223770281234943
2025-11-06 16:00:00,0.8849999999999999,6,0.7293665556760657,0.9002150148348192,0.8955347216601681
2025-11-06 17:00:00,0.96,6,0.8009980987711118,0.9635517924649143,0.9601038827908491
2025-11-06 18:00:00,0.985,6,0.8540285398101632,0.9564056604683437,0.9799970348387617
2025-11-06 19:00:00,0.8783333333333333,6,0.7183963390668824,0.8965657023500181,0.8721225885361199
2025-11-06 20:00:00,0.63,6,0.5691461664539251,0.6347856163419444,0.6453865923783568
2025-11-06 21:00:00,0.4483333333333333,6,0.48019844671361955,0.48472988804337225,0.4770707779953051
2025-11-06 22:00:00,0.5616666666666666,6,0.5510632311215726,0.6184081669393208,0.6003399185883829
2025-11-06 23:00:00,0.4966666666666665,6,0.5551047439269592,0.603525365449753,0.606464308426812
2025-11-07 00:00:00,0.3766666666666666,6,0.4743831669094154,0.4701925600882084,0.4682579860168847
2025-11-07 01:00:00,0.2816666666666666,6,0.4300971370526072,0.3806030155088695,0.37713945319421793
2025-11-07 02:00:00,0.4799999999999999,6,0.49955503999240214,0.4965355636821358,0.5115165657154039
2025-11-07 03:00:00,0.4983333333333333,6,0.4853856589934973,0.45670560057261494,0.4626640911108037
2025-11-07 04:00:00,0.3733333333333333,6,0.41150114700242824,0.320472525811878,0.3246311940756344
2025-11-07 05:00:00,0.2383333333333333,6,0.34423733312157623,0.1875065483846327,0.19891939971047634
2025-11-07 06:00:00,0.3883333333333333,6,0.42298088278891643,0.36022106766301754,0.3376137000707718
2025-11-07 07:00:00,0.5783333333333333,6,0.5362765413834505,0.5670749359593098,0.5645354831793485
2025-11-07 08:00:00,0.9766666666666666,6,0.804839674558067,0.972236675563016,0.9654749951664403
2025-11-07 09:00:00,0.9816666666666668,6,0.8342680543690824,0.9810532320851408,0.9761672116414101
2025-11-07 10:00:00,0.99,6,0.9959968322131119,0.9839847858824488,0.9783761956032819
2025-11-07 11:00:00,0.99,6,1.089718029788869,0.9772507968440798,0.9724346297233759
2025-11-07 12:00:00,0.99,6,1.0650164058492322,0.9490025736470216,0.9604993069110996
2025-11-07 13:00:00,0.99,6,0.9891501788038937,0.9773146350698638,0.9710016107517367
2025-11-07 14:00:00,0.99,6,0.9791898191099346,0.9776986127987228,0.9659008632124916
2025-11-07 15:00:00,0.99,6,0.9751251105331964,0.9743646693953855,0.9695764598827634
2025-11-07 16:00:00,0.9883333333333332,6,0.9199352723563907,0.9681716916584436,0.9643172990247174
2025-11-07 17:00:00,0.99,6,0.8987510172978337,0.9735391270694774,0.9616894993431204
2025-11-07 18:00:00,0.8633333333333332,6,0.736752562957774,0.8955657305726539,0.8869256705571682
2025-11-07 19:00:00,0.7866666666666666,6,0.6603171230113363,0.7789936838688561,0.7638415356928807
2025-11-07 20:00:00,0.8966666666666668,6,0.7435976651155499,0.9073215860931589,0.8952930393214198
2025-11-07 21:00:00,0.99,6,0.8480798591068339,0.9739453706898489,0.972843661212263
2025-11-07 22:00:00,0.9183333333333332,6,0.7541494161235677,0.9121150043594035,0.9085076230532754
2025-11-07 23:00:00,0.5833333333333333,6,0.5450199360877297,0.5190939338774069,0.5692918781247718
2025-11-08 00:00:00,0.505,6,0.45813020806728755,0.44042336024290707,0.43386550333484575
2025-11-08 01:00:00,0.7566666666666668,6,0.6431196720904958,0.7525553621456899,0.7542089960438195
2025-11-08 02:00:00,0.7783333333333333,6,0.6404709246854624,0.7492858176278467,0.7588228685076714
2025-11-08 03:00:00,0.8116666666666666,6,0.6886871935533574,0.8345302181563393,0.8331056163492503
2025-11-08 04:00:00,0.66,6,0.606468088434873,0.703137102277752,0.6924933705101135
2025-11-08 05:00:00,0.905,6,0.7694034803072591,0.9331997278390071,0.9383939373405659
2025-11-08 06:00:00,0.755,6,0.6313243256363354,0.7142022277586796,0.7461748056698723
2025-11-08 07:00:00,0.87,6,0.6974397436027413,0.8215712993100747,0.8431268272743857
2025-11-08 08:00:00,0.9516666666666665,6,0.8237430598867903,0.9748992720294287,0.9719583289352827
2025-11-08 09:00:00,0.9416666666666668,6,0.7382421808771042,0.9025511768646822,0.9058945767076396
2025-11-08 10:00:00,0.9766666666666666,6,0.8101392806069054,0.9665664132248376,0.9561879159891974
2025-11-08 11:00:00,0.9366666666666666,6,0.7560742356298369,0.9138577196091232,0.9048109173238601
2025-11-08 12:00:00,0.8516666666666665,6,0.7005069061812349,0.825376368410596,0.8279763292934823
2025-11-08 13:00:00,0.6099999999999999,6,0.559368525207709,0.6057529427292748,0.5994109700021661
2025-11-08 14:00:00,0.33,6,0.4011866709462799,0.31710716085008944,0.3372289710078926
2025-11-08 15:00:00,0.4183333333333333,6,0.44446264041618544,0.41600903987675586,0.40982211474643215
2025-11-08 16:00:00,0.4899999999999999,6,0.5026470009018233,0.5022414428616048,0.502525931730285
2025-11-08 17:00:00,0.2999999999999999,6,0.3819489303416077,0.2676778158598779,0.3043317073399933
2025-11-08 18:00:00,0.2916666666666666,6,0.3627886872326007,0.2562141202692436,0.2673637723969614
2025-11-08 19:00:00,0.2949999999999999,6,0.34884470242579513,0.2506068161355621,0.2536758221147999
2025-11-08 20:00:00,0.2133333333333333,6,0.28279754920753397,0.1680301107083655,0.1588519293721738
2025-11-08 21:00:00,0.1416666666666666,6,0.2535453254424154,0.12489445396736383,0.12917757414929665
2025-11-08 22:00:00,0.1249999999999999,6,0.2662898429434653,0.13148820007904619,0.14731456219991299
2025-11-08 23:00:00,0.1016666666666666,6,0.23006455854863161,0.11540723179935955,0.1098741585251991
2025-11-09 00:00:00,0.0733333333333333,6,0.19969514655786774,0.09170710517708049,0.08087996699327615
2025-11-09 01:00:00,0.0933333333333333,6,0.21542411451966265,0.08699617542856598,0.09290079410984564
2025-11-09 02:00:00,0.0266666666666666,6,-0.03862388796610325,0.010785480261627095,0.011252880083056527
2025-11-09 03:00:00,0.03,6,0.058522607556202255,0.017097644460562923,0.018270850641014413
2025-11-09 04:00:00,0.0616666666666666,6,0.13683497464246924,0.04317116496748328,0.04876730641587479
2025-11-09 05:00:00,0.0533333333333333,6,0.15020008164344595,0.03768088711150328,0.05656441111677635
2025-11-09 06:00:00,0.0416666666666666,6,0.1440515656575247,0.03600081969102991,0.05429941543808098
2025-11-09 07:00:00,0.025,6,0.042970456483044484,0.016072434140482383,0.013698291682701202
2025-11-09 08:00:00,0.01,6,0.015123995091851972,0.011376062670198896,0.012813622659890611
2025-11-09 09:00:00,0.065,6,0.19024779027360106,0.0696999125206679,0.06823832916874562
2025-11-09 10:00:00,0.1749999999999999,6,0.2775911844955935,0.1567054363835494,0.14900301114977835
2025-11-09 11:00:00,0.245,6,0.33861865914738887,0.21343170286164248,0.22849973130606632
2025-11-09 12:00:00,0.47,6,0.4868207986915464,0.4873710727608553,0.47196431646891246
2025-11-09 13:00:00,0.64,6,0.5591313024444029,0.6070269260880355,0.5974343893349275
2025-11-09 14:00:00,0.8333333333333333,6,0.6809272314208038,0.7855926139042763,0.7905188633950346
2025-11-09 15:00:00,0.915,6,0.7790270439455564,0.9179768917511912,0.9339577127328313
2025-11-09 16:00:00,0.81,6,0.6697582481955556,0.7798605095579333,0.7686257186080505
2025-11-09 17:00:00,0.8633333333333334,6,0.7383572449917385,0.895485381473643,0.8821390608825858
2025-11-09 18:00:00,0.99,6,0.9202220917815516,0.9783306707650786,0.9712102904956452
2025-11-09 19:00:00,0.8466666666666666,6,0.751073276457795,0.8958097145147453,0.893722270582749
2025-11-09 20:00:00,0.5916666666666666,6,0.5533471538070128,0.5980899841408942,0.5947546588086219
2025-11-09 21:00:00,0.38,6,0.4018601882964752,0.3216806801095743,0.31605841415953917
2025-11-09 22:00:00,0.1866666666666666,6,0.2721123459922573,0.14476307500175073,0.15307952602723326
2025-11-09 23:00:00,0.1533333333333333,6,0.30579008492827076,0.19709591649855793,0.17831059468230392
2025-11-10 00:00:00,0.0816666666666666,6,0.1913793745607163,0.08809700169657372,0.07575967744969098
2025-11-10 01:00:00,0.0299999999999999,6,0.07647013248649714,0.025995724401286335,0.031408096045290435
2025-11-10 02:00:00,0.0483333333333333,6,0.11030055170339004,0.03434769263188529,0.0360476372453058
2025-11-10 03:00:00,0.0283333333333333,6,0.07525866035170858,0.0251508405051135,0.028466105388019747
2025-11-10 04:00:00,0.05,6,0.12257146277839454,0.05153797479986784,0.04544404489725801
2025-11-10 05:00:00,0.0133333333333333,6,0.030076692505797253,0.014080634592010132,0.01595559757030457
2025-11-10 06:00:00,0.06,6,0.24642642604690385,0.12215358261050094,0.11938932947534386
2025-11-10 07:00:00,0.0933333333333333,6,0.21852055092558237,0.08251792718972999,0.09945001865436065
2025-11-10 08:00:00,0.0233333333333333,6,0.01690264541095443,0.016251269778124897,0.014003497763649342
2025-11-10 09:00:00,0.2216666666666666,6,0.3712014134845688,0.2716640964811802,0.2740092265765288
2025-11-10 10:00:00,0.1183333333333333,6,0.26485457717615335,0.1325832881922959,0.1447437673614248
2025-11-10 11:00:00,0.2033333333333333,6,0.31963202868829677,0.22067280713670498,0.2202035229372989
2025-11-10 12:00:00,0.4383333333333333,6,0.47474865423260726,0.47344977926121773,0.46590452315753345
2025-11-10 13:00:00,0.6066666666666666,6,0.5754803512269279,0.6400752463775604,0.6320043665980852
2025-11-10 14:00:00,0.3766666666666667,6,0.416437657840941,0.35534869096915306,0.3618574090733076
2025-11-10 15:00:00,0.6016666666666666,6,0.5365700762544311,0.5646820650345517,0.5618525286557958
2025-11-10 16:00:00,0.5733333333333333,6,0.5296265190181021,0.5591110197343414,0.5475728320336322
2025-11-10 17:00:00,0.3116666666666667,6,0.3774594485416698,0.2515058161124822,0.2894930939658914
2025-11-10 18:00:00,0.3366666666666666,6,0.41350593175878625,0.33931653414752955,0.33970386919689655
2025-11-10 19:00:00,0.4566666666666667,6,0.4744693632595518,0.4583256632489583,0.46069614206889326
2025-11-10 20:00:00,0.5999999999999999,6,0.558806967708407,0.6004130312835358,0.5952265546058034
2025-11-10 21:00:00,0.3966666666666667,6,0.44456389279010344,0.4158842154043572,0.4074934664581821
2025-11-10 22:00:00,0.3516666666666667,6,0.43341484978935063,0.38956802320623424,0.38607303795762077
2025-11-10 23:00:00,0.175,6,0.31391024412037416,0.19087055437573663,0.18308610378756618
2025-11-11 00:00:00,0.2033333333333333,6,0.3401037754759394,0.22625463781651556,0.2292739811305625
2025-11-11 01:00:00,0.13,6,0.24259555773692365,0.11310028578299712,0.12313788642199797
2025-11-11 02:00:00,0.01,6,-0.09648966223087801,0.010038972758101275,0.008295206639496289
2025-11-11 03:00:00,0.01,6,-0.0709912675315657,0.010083859423525798,0.0075723242328939455
2025-11-11 04:00:00,0.0299999999999999,6,0.1566801043018165,0.05375538346856763,0.06444053895558405
2025-11-11 05:00:00,0.2633333333333333,6,0.3544843600771519,0.26225401774598855,0.25963722898830793
2025-11-11 06:00:00,0.33,6,0.40137411878990537,0.33798881944869175,0.32808854594519254
2025-11-11 07:00:00,0.2533333333333333,6,0.3471899915727662,0.24275188474261966,0.24511295431550947
2025-11-11 08:00:00,0.3783333333333333,6,0.4148994345238669,0.35715841997477715,0.3542483202888736
2025-11-11 09:00:00,0.9183333333333332,6,0.7550397838553641,0.9225854000087766,0.9173595308526671
2025-11-11 10:00:00,0.9733333333333332,6,0.9174933034848716,0.9552780247871109,0.9591550733740859
2025-11-11 11:00:00,0.99,6,0.9442301051025241,0.9389701681332946,0.9698415851756345
2025-11-11 12:00:00,0.9883333333333334,6,0.9450902320762073,0.9223402823011224,0.9778007546682704
2025-11-11 13:00:00,0.985,6,0.932784018664979,0.9794922479488065,0.9760377434924661
2025-11-11 14:00:00,0.98,6,0.8792588101453156,0.9556456597666001,0.9724460638073916
2025-11-11 15:00:00,0.965,6,0.8310150726008199,0.9302804093881637,0.9626113008128077
2025-11-11 16:00:00,0.98,6,0.8638881053816958,0.9668078721025182,0.9686707336057336
2025-11-11 17:00:00,0.9883333333333334,6,0.8507613402382572,0.959893584794097,0.9705959424143151
2025-11-11 18:00:00,0.9466666666666665,6,0.8016489299095808,0.9608897518074019,0.9467401192340886
2025-11-11 19:00:00,0.8633333333333332,6,0.7165808864682489,0.865497957105238,0.8551418204831137
2025-11-11 20:00:00,0.8516666666666665,6,0.7207812854407097,0.8783390238017403,0.8682115880393474
2025-11-11 21:00:00,0.8783333333333334,6,0.7527296907258101,0.9052016898170213,0.9096970649896433
2025-11-11 22:00:00,0.9266666666666666,6,0.773371387673154,0.9402096821090835,0.9350221797021941
2025-11-11 23:00:00,0.8233333333333333,6,0.6822625412858269,0.8114906691064888,0.7953544625784854
2025-11-12 00:00:00,0.4866666666666667,6,0.4625495938739741,0.4028323730147744,0.4374384244974774
2025-11-12 01:00:00,0.575,6,0.5138459448915199,0.5174084527580574,0.5205093421262463
2025-11-12 02:00:00,0.4683333333333332,6,0.4526729879895799,0.39773434760437315,0.42037172135342715
2025-11-12 03:00:00,0.6066666666666665,6,0.5432266610216263,0.5921140355120204,0.5808031617197278
2025-11-12 04:00:00,0.7383333333333334,6,0.6260353262090617,0.7250826616806253,0.7339355475940887
2025-11-12 05:00:00,0.6683333333333333,6,0.5761215670079429,0.638005629274425,0.647345367314775
2025-11-12 06:00:00,0.2883333333333333,6,0.34040175974913744,0.20264894610524567,0.22089824392295265
2025-11-12 07:00:00,0.355,6,0.38150998974246897,0.29371436277863605,0.28886726992419076
2025-11-12 08:00:00,0.7166666666666666,6,0.5902409191877838,0.675475666043924,0.6776637901117248
2025-11-12 09:00:00,0.7433333333333332,6,0.6153932337757797,0.711279053163527,0.6975614091422567
2025-11-12 10:00:00,0.6966666666666665,6,0.6064689536297212,0.7043326630864597,0.6758728252177691
2025-11-12 11:00:00,0.965,6,0.8529815754078902,0.9646857244360433,0.9713362346373072
2025-11-12 12:00:00,0.7366666666666666,6,0.6526232378661692,0.7511700017374499,0.763843775536708
2025-11-12 13:00:00,0.6066666666666666,6,0.5559946803819747,0.5936269916188308,0.5902073834561823
2025-11-12 14:00:00,0.5516666666666666,6,0.5449149960097457,0.5522315564231051,0.5647178761952504
2025-11-12 15:00:00,0.1849999999999999,6,0.2895650782280873,0.1895489460649855,0.17958790277555386
2025-11-12 16:00:00,0.0749999999999999,6,0.1975538844937833,0.10459332745626235,0.09742269580005952
2025-11-12 17:00:00,0.01,6,-0.048891820316003864,0.011061924518399473,0.013997590163346674
2025-11-12 18:00:00,0.01,6,-0.08061093823326057,0.010025283620332889,0.009950496400293773
2025-11-12 19:00:00,0.01,6,-0.11719102680773459,0.010006117108943655,0.009804310971915309
2025-11-12 20:00:00,0.01,6,-0.014046940857267515,0.01404677764073216,0.015466936618183325
2025-11-12 21:00:00,0.0116666666666666,6,0.020558274178020447,0.013061895894849863,0.01936828369072585
2025-11-12 22:00:00,0.03,6,0.11961984777987866,0.039351584335561234,0.05198668946939927
2025-11-12 23:00:00,0.01,6,-0.051678292833545025,0.010443088788137158,0.01317289983315273
2025-11-13 00:00:00,0.0333333333333333,6,-0.004402013573154118,0.014113001586567024,0.01584676594233342
2025-11-13 01:00:00,0.0666666666666666,6,0.15948913696182104,0.0652398735133672,0.07481250985776333
2025-11-13 02:00:00,0.0966666666666666,6,0.2669060578023036,0.13132891727851334,0.14731456219991299
2025-11-13 03:00:00,0.1516666666666666,6,0.266210615938533,0.12589351700999443,0.14104230848821642
2025-11-13 04:00:00,0.4183333333333332,6,0.44444356450610933,0.41626002443483295,0.39636331472858083
2025-11-13 05:00:00,0.2016666666666666,6,0.31712619492357397,0.20735465990276594,0.20289297334056797
2025-11-13 06:00:00,0.1399999999999999,6,0.24508585113209203,0.1145670091730837,0.12313788642199797
2025-11-13 07:00:00,0.155,6,0.2628279453086355,0.1259687107697389,0.1438753122605558
2025-11-13 08:00:00,0.1316666666666666,6,0.32733028847455214,0.22349021695763635,0.21122612828166615
2025-11-13 09:00:00,0.0866666666666666,6,0.20590144850048958,0.08174442019636793,0.07918402558665494
2025-11-13 10:00:00,0.0383333333333333,6,0.11396864267055129,0.033830772936639976,0.040475322276070536
2025-11-13 11:00:00,0.0683333333333333,6,0.17181618100624557,0.08725554466667318,0.08059788461403694
2025-11-13 12:00:00,0.0783333333333333,6,0.172473471930293,0.08522841227087402,0.08316698805276002
2025-11-13 13:00:00,0.0266666666666666,6,0.056139442880205614,0.025211312274305564,0.02531348235387232
2025-11-13 14:00:00,0.01,6,-0.12161890711678512,0.010004988467930201,0.00910170331015403
2025-11-13 15:00:00,0.0433333333333333,6,0.05979766547095838,0.02898472798113197,0.026665864706395093
2025-11-13 16:00:00,0.2299999999999999,6,0.3134910924626152,0.21560842737169025,0.19814823711894017
2025-11-13 17:00:00,0.9233333333333335,6,0.7508688126347313,0.8974472768158382,0.891551593618402
2025-11-13 18:00:00,0.5716666666666665,6,0.5212925363057227,0.523855958240484,0.5281969117146474
2025-11-13 19:00:00,0.3633333333333333,6,0.4112527089633795,0.3597216633667092,0.356099940162972
2025-11-13 20:00:00,0.2366666666666666,6,0.34178086821360576,0.25432901079225945,0.24310776441408583
2025-11-13 21:00:00,0.0966666666666666,6,0.19966416843502705,0.09841003216387109,0.09642277117314713
2025-11-13 22:00:00,0.1333333333333333,6,0.2578061050756926,0.14698576054691007,0.14651681591952287
2025-11-13 23:00:00,0.1383333333333333,6,0.2591677140953791,0.15000580633351301,0.15431921880831886
2025-11-14 00:00:00,0.075,6,0.15689517474644482,0.06147537172397962,0.07710211837396497
2025-11-14 01:00:00,0.01,6,-0.09469170731616836,0.01006496880581806,0.007835962808623032
2025-11-14 02:00:00,0.01,6,-0.10907755696716995,0.01002508975558494,0.005537230682254979
2025-11-14 03:00:00,0.0233333333333333,6,0.07603060756660412,0.02510523865326165,0.028466105388019747
2025-11-14 04:00:00,0.0633333333333333,6,0.17853701239614878,0.0867919608579653,0.06956796350330918
2025-11-14 05:00:00,0.1849999999999999,6,0.2963756658420723,0.1801849516586008,0.1753561753125302
2025-11-14 06:00:00,0.565,6,0.49729894337964364,0.5155758846027638,0.500321277851499
2025-11-14 07:00:00,0.2533333333333333,6,0.32634370385266653,0.2329749426987523,0.21134087938790766
2025-11-14 08:00:00,0.2616666666666666,6,0.3909926231491071,0.31439383100066304,0.31097777486302497
2025-11-14 09:00:00,0.1566666666666666,6,0.26576101917055317,0.12457844308700385,0.14281913319183784
2025-11-14 10:00:00,0.3833333333333333,6,0.41439810552183676,0.34003441721094424,0.3449406679709471
2025-11-14 11:00:00,0.7266666666666665,6,0.6261792833020463,0.7227512025937605,0.727678207646751
2025-11-14 12:00:00,0.7,6,0.6191130326435673,0.7239664025763172,0.6892596846462127
2025-11-14 13:00:00,0.4116666666666666,6,0.44851481027084183,0.4289319832666854,0.4116296293885864
2025-11-14 14:00:00,0.5116666666666666,6,0.5083226991345602,0.4983519770983502,0.5093103092926516
2025-11-14 15:00:00,0.5016666666666667,6,0.5103146642947421,0.5102615079979969,0.5098628740838467
2025-11-14 16:00:00,0.4116666666666666,6,0.45483849015811917,0.4288928336076674,0.4142000225742877
2025-11-14 17:00:00,0.3083333333333332,6,0.37836014290136566,0.2922134539078512,0.30451335049011036
2025-11-14 18:00:00,0.1483333333333333,6,0.22033384273816786,0.09952485178496562,0.11521445922097318
2025-11-14 19:00:00,0.3616666666666666,6,0.38802114444808256,0.3157535478918263,0.31583277205742927
2025-11-14 20:00:00,0.1766666666666666,6,0.26032773310935353,0.14768593451471673,0.15302921681003467
2025-11-14 21:00:00,0.325,6,0.3949768334631364,0.3263538839825206,0.32286234786050216
2025-11-14 22:00:00,0.1499999999999999,6,0.21034413181436712,0.10884933868505002,0.09323381353007915
2025-11-14 23:00:00,0.0666666666666666,6,0.13624599977470064,0.05325866571942335,0.05017206530349777
2025-11-15 00:00:00,0.0616666666666666,6,0.12616521006090792,0.05794401701003673,0.047040760796457914
2025-11-15 01:00:00,0.11,6,0.16775009855546297,0.07493419351863678,0.06793341596907104
2025-11-15 02:00:00,0.2283333333333333,6,0.3816813389900674,0.30779386650608664,0.2977860782037622
2025-11-15 03:00:00,0.1949999999999999,6,0.33336081610078194,0.22157769079855583,0.2277974560398291
2025-11-15 04:00:00,0.1916666666666666,6,0.32439100872643944,0.22014019417059047,0.2097314340993213
2025-11-15 05:00:00,0.24,6,0.35011958120229636,0.24476874255290332,0.25142882321532095
2025-11-15 06:00:00,0.2399999999999999,6,0.33482151582790964,0.21955462739054105,0.22279214229043254
2025-11-15 07:00:00,0.2616666666666666,6,0.36432724009061634,0.2693171480170535,0.26434904228323064
2025-11-15 08:00:00,0.5616666666666666,6,0.5390700849820347,0.5657486836000416,0.570022673676849
2025-11-15 09:00:00,0.4,6,0.4522422888738502,0.41389000181333757,0.41412442216349454
2025-11-15 10:00:00,0.1033333333333333,6,0.20653963830060834,0.08051584447780744,0.08096085029027611
2025-11-15 11:00:00,0.2699999999999999,6,0.3518644300089112,0.2629139852318743,0.26871133945535447
2025-11-15 12:00:00,0.3166666666666667,6,0.38798451954594826,0.3158099639706035,0.3160830072522131
2025-11-15 13:00:00,0.4233333333333333,6,0.4497426618757514,0.4232999906103275,0.4116623867357599
2025-11-15 14:00:00,0.5449999999999999,6,0.5236624762030444,0.5393144094569783,0.5238748385101968
2025-11-15 15:00:00,0.465,6,0.48276766278663175,0.45784906514654417,0.4697624033986503
2025-11-15 16:00:00,0.375,6,0.42422486084499267,0.35044970721944985,0.3659101927400398
2025-11-15 17:00:00,0.17,6,0.23020874432714733,0.12568993749355017,0.12392866212869158
2025-11-15 18:00:00,0.1,6,0.16947968698618865,0.0787172128457818,0.0785793142461973
2025-11-15 19:00:00,0.065,6,0.12954205653411482,0.05153624922653586,0.055098122872494826
2025-11-15 20:00:00,0.165,6,0.28583284237405726,0.17376707347331893,0.16636917039379806
2025-11-15 21:00:00,0.5116666666666666,6,0.4908028212448171,0.46555592798561773,0.4750797130283346
2025-11-15 22:00:00,0.5133333333333333,6,0.5173660102125548,0.5325501990510372,0.5061267669199272
2025-11-15 23:00:00,0.2816666666666666,6,0.3535706948381646,0.2475027189100835,0.2597910155898221
2025-11-16 00:00:00,0.395,6,0.4061756505031412,0.35148804047629645,0.3398876861133559
2025-11-16 01:00:00,0.5333333333333333,6,0.4754269531672477,0.463555828143303,0.46376744452481033
2025-11-16 02:00:00,0.69,6,0.6361660177922273,0.74992311419408,0.7388145832396379
2025-11-16 03:00:00,0.99,6,0.974605849929175,0.9828686432844999,0.9710762697293894
2025-11-16 04:00:00,0.99,6,0.9145439771025248,0.9373275116130121,0.9458709133252489
2025-11-16 05:00:00,0.9783333333333332,6,0.8925940824511069,0.9711238331925813,0.9712217777050404
2025-11-16 06:00:00,0.99,6,0.9242236980436656,0.9643554888953436,0.8953859431593028
2025-11-16 07:00:00,0.9883333333333334,6,0.9185330194287042,0.901517174619107,0.9377034068588594
2025-11-16 08:00:00,0.9866666666666666,6,0.9220750849048727,0.9605998803344428,0.8834696128389548
2025-11-16 09:00:00,0.9783333333333332,6,0.8724989113127064,0.9512346485423323,0.9741550244205125
2025-11-16 10:00:00,0.97,6,0.8384840450192315,0.9676171065136491,0.9684624332714339
2025-11-16 11:00:00,0.9816666666666668,6,0.8762455684420594,0.9669162802888782,0.9604196950129533
2025-11-16 12:00:00,0.99,6,0.9885981601400586,0.963247006592263,0.9712431684383914
2025-11-16 13:00:00,0.99,6,1.0618321722944584,0.9043810166350994,0.9652902375509974
2025-11-16 14:00:00,0.9883333333333332,6,0.9772041624522156,0.9505440580329728,0.9678286469210325
2025-11-16 15:00:00,0.9483333333333333,6,0.8285786487727551,0.9525459434509118,0.9539706686246134
2025-11-16 16:00:00,0.8483333333333334,6,0.7098486354504953,0.831391674813241,0.803821764107706
2025-11-16 17:00:00,0.8366666666666664,6,0.7255769929972544,0.8584643608108953,0.8600759520474359
2025-11-16 18:00:00,0.2533333333333333,6,0.31221227120223516,0.21672862245377195,0.20266278963067547
2025-11-16 19:00:00,0.1733333333333333,6,0.26100903369146683,0.15327230766602504,0.15549975938084803
2025-11-16 20:00:00,0.3383333333333333,6,0.40085343476456314,0.3333217505237835,0.3372289710078926
2025-11-16 21:00:00,0.27,6,0.3559447806910432,0.2620707494063725,0.27190355614219464
2025-11-16 22:00:00,0.0916666666666666,6,0.1809327679827903,0.08909215903306936,0.08223787754701933
2025-11-16 23:00:00,0.0199999999999999,6,-0.05456479689493332,0.010870219284675596,0.012986136125108516
2025-11-17 00:00:00,0.01,6,-0.12434189647062689,0.010004988467930201,0.009922115683451138
2025-11-17 01:00:00,0.01,6,-0.13099901601129976,0.010004988467930201,0.009855207556778878
2025-11-17 02:00:00,0.01,6,-0.10005009058581854,0.010092533818690227,0.009693305002244301
2025-11-17 03:00:00,0.01,6,-0.1488061706972657,0.010004988467930201,0.007655458771118229
2025-11-17 04:00:00,0.01,6,-0.08950624975941077,0.010051502143498522,0.00620610845675118
2025-11-17 05:00:00,0.0083333333333333,6,-0.07731670214196326,0.010066560432672537,0.006426541636434635
2025-11-17 06:00:00,0.01,6,-0.07277655589407281,0.010048813391754879,0.008280113377260756
2025-11-17 07:00:00,0.01,6,-0.14672689097314437,0.010004988467930201,0.008502683106722808
2025-11-17 08:00:00,0.01,6,-0.058240060678976996,0.010673969483464921,0.008052103318893777
2025-11-17 09:00:00,0.01,6,-0.061341583876859646,0.010382155658995636,0.007989838687110562
2025-11-17 10:00:00,0.01,6,-0.15541516918596765,0.010004988467930201,0.006243855400082043
2025-11-17 11:00:00,0.01,6,-0.08406378137839612,0.010081018481158933,0.01009275831494899
2025-11-17 12:00:00,0.01,6,-0.0738151779575264,0.010040754531798255,0.010050512659048272
2025-11-17 13:00:00,0.0283333333333333,6,0.05862322518166124,0.027218666344034713,0.025778106234584375
2025-11-17 14:00:00,0.01,6,-0.03696963448413659,0.012909154901005497,0.012976756388969946
2025-11-17 15:00:00,0.01,6,-0.03828345287322252,0.012977401555031432,0.009256759469384479
2025-11-17 16:00:00,0.0283333333333333,6,0.0451047005350777,0.027663015228702292,0.02655680474195088
2025-11-17 17:00:00,0.0233333333333333,6,0.06011716731437483,0.030124313577953896,0.026618377968176787
2025-11-17 18:00:00,0.0133333333333333,6,0.047181335127378266,0.02356815522638934,0.02499197282751231
2025-11-17 19:00:00,0.0266666666666666,6,0.049537565900252045,0.022895292214136005,0.02629958841840402
2025-11-17 20:00:00,0.0116666666666666,6,0.0014162165703887342,0.015974838332011056,0.017617385264331265
2025-11-17 21:00:00,0.0366666666666666,6,0.12254824179319024,0.043557478509548546,0.05463682386203167
2025-11-17 22:00:00,0.0466666666666666,6,0.1391929862327445,0.05731212372735404,0.056430799956071864
2025-11-17 23:00:00,0.1483333333333333,6,0.2638669751958751,0.1351910309918176,0.14910504990862275
2025-11-18 00:00:00,0.2083333333333333,6,0.29617262632075814,0.18469018638979784,0.1731532444161539
2025-11-18 01:00:00,0.2949999999999999,6,0.34240364459386197,0.23854503035098593,0.22997792700354844
2025-11-18 02:00:00,0.36,6,0.38416298483889866,0.3121773167567883,0.2977860782037622
2025-11-18 03:00:00,0.5833333333333333,6,0.5441274571171613,0.5937326319424441,0.571957224485259
2025-11-18 04:00:00,0.8066666666666666,6,0.6615987928752152,0.7800983665524529,0.7703228714514737
2025-11-18 05:00:00,0.8399999999999999,6,0.6840557902576486,0.8209870335645972,0.8303906364668074
2025-11-18 06:00:00,0.8566666666666665,6,0.7635549076697636,0.9332827012075114,0.9250908487520196
2025-11-18 07:00:00,0.8683333333333335,6,0.7057605519641507,0.8589542763201243,0.8513638117669383
2025-11-18 08:00:00,0.905,6,0.7309012938803232,0.9013651254119491,0.9081055007841932
2025-11-18 09:00:00,0.5516666666666666,6,0.49828573147320776,0.5114296507130125,0.5040259954122894
2025-11-18 10:00:00,0.8049999999999998,6,0.6824897687230327,0.8103278714769437,0.7985046048684701
2025-11-18 11:00:00,0.9883333333333334,6,0.8988291765166685,0.9691296183100349,0.969957559569967
2025-11-18 12:00:00,0.9866666666666666,6,0.9314041485023594,0.9759664569760416,0.9700470121798036
2025-11-18 13:00:00,0.9866666666666666,6,0.9795478797168602,0.9465137902728221,0.9696545964769013
2025-11-18 14:00:00,0.9883333333333334,6,0.9745963893765524,0.9687027787899875,0.9690654581029458
2025-11-18 15:00:00,0.9833333333333332,6,0.9275825381537521,0.9522407991779215,0.9692353448401315
2025-11-18 16:00:00,0.8083333333333333,6,0.7032830529513056,0.8135565759038688,0.80825258976352
2025-11-18 17:00:00,0.8083333333333333,6,0.708678773273965,0.804745350890232,0.8279623946730778
2025-11-18 18:00:00,0.9883333333333334,6,0.9092803107796561,0.961166046554621,0.9524376616153148
2025-11-18 19:00:00,0.985,6,0.8988475654897226,0.9581263783305686,0.9692797922606361
2025-11-18 20:00:00,0.9866666666666668,6,0.8402672230233956,0.9578527850561115,0.9574125474118289
2025-11-18 21:00:00,0.9666666666666668,6,0.7786863810475737,0.9255243527165171,0.9328945624240897
2025-11-18 22:00:00,0.875,6,0.8046618411914661,0.9363163704534709,0.950468584099695
2025-11-18 23:00:00,0.4283333333333334,6,0.4167922585489029,0.3544046696189457,0.361483353710094
2025-11-19 00:00:00,0.5799999999999998,6,0.5372501812203258,0.5629026544137703,0.5657190175237583
2025-11-19 01:00:00,0.6049999999999999,6,0.6110364416045204,0.7085336938581309,0.6871893842320415
2025-11-19 02:00:00,0.6783333333333333,6,0.6225308273518627,0.7271593504397784,0.7176876228481068
2025-11-19 03:00:00,0.6049999999999999,6,0.5528047991674787,0.5937310221978414,0.5866525784682087
2025-11-19 04:00:00,0.6033333333333333,6,0.547717211488091,0.5795455289090587,0.5816083095035361
2025-11-19 05:00:00,0.5633333333333334,6,0.5017112076775818,0.5089510970390616,0.4840893959772543
2025-11-19 06:00:00,0.5033333333333333,6,0.4951553918189614,0.5041088285685735,0.4787732707159457
2025-11-19 07:00:00,0.5883333333333333,6,0.5425187317439081,0.5740601912422963,0.5727957691479343
2025-11-19 08:00:00,0.445,6,0.4523189472689487,0.39335104590786585,0.41617501233219123
2025-11-19 09:00:00,0.3333333333333333,6,0.3800755639561525,0.2719442865780045,0.3000204236192492
2025-11-19 10:00:00,0.1399999999999999,6,0.2115339090015403,0.09614813271048289,0.102706599744253
2025-11-19 11:00:00,0.1366666666666666,6,0.296472544455331,0.19257843089987867,0.19369293998989856
2025-11-19 12:00:00,0.3416666666666667,6,0.40784925900842006,0.35805105967374834,0.3501949710942979
2025-11-19 13:00:00,0.0633333333333333,6,0.1488666291178113,0.07056614331983029,0.07751447415067347
2025-11-19 14:00:00,0.0133333333333333,6,0.00700421850968197,0.017781931098617167,0.02037875727699473
2025-11-19 15:00:00,0.01,6,-0.07343733017007875,0.01016428666864554,0.00821523308639771
2025-11-19 16:00:00,0.01,6,-0.12160873353285893,0.010004988467930201,0.009460543010016975
2025-11-19 17:00:00,0.01,6,-0.19132987839695845,0.010004988467930201,0.008920245669126692
2025-11-19 18:00:00,0.01,6,-0.16571603873393648,0.010004988467930201,0.00903985365608756
2025-11-19 19:00:00,0.01,6,-0.11096074042089955,0.010005304412538994,0.009894292830537443
2025-11-19 20:00:00,0.01,6,-0.08414804386715757,0.010116959903513655,0.009962168506900737
2025-11-19 21:00:00,0.0133333333333333,6,-0.040253112670753655,0.013059435569922995,0.01291118779415884
2025-11-19 22:00:00,0.0133333333333333,6,-0.035437719669525664,0.013484939190113355,0.013346902278371209
2025-11-19 23:00:00,0.01,6,-0.04026715221657179,0.01312942129826597,0.013018704469159037
2025-11-20 00:00:00,0.0416666666666666,6,0.10645266829440064,0.04626093377972789,0.047667055435150485
2025-11-20 01:00:00,0.0233333333333333,6,0.03856175381990923,0.023302019201720807,0.024940051032299237
2025-11-20 02:00:00,0.01,6,-0.0925265364494284,0.01001550873644402,0.009723500069619084
2025-11-20 03:00:00,0.01,6,-0.1230749783034407,0.010004988467930201,0.009609904158786542
2025-11-20 04:00:00,0.01,6,-0.07725276072677267,0.0099940398851234,0.009941313522359274
2025-11-20 05:00:00,0.01,6,-0.1263555061507192,0.010004988467930201,0.009522888782735162
2025-11-20 06:00:00,0.01,6,-0.08106040805154857,0.009949973115165357,0.0077507476146331244
2025-11-20 07:00:00,0.01,6,-0.13311606582606877,0.010004988467930201,0.007987053630960972
2025-11-20 08:00:00,0.01,6,-0.1375001745103841,0.010004988467930201,0.007655458771118229
2025-11-20 09:00:00,0.01,6,-0.09347779352123758,0.010005694092976688,0.007835962808623032
2025-11-20 10:00:00,0.01,6,-0.09555196123954329,0.01003161646528617,0.00995538220130815
2025-11-20 11:00:00,0.01,6,-0.057789903923666675,0.010683483907035003,0.009579468089490228
2025-11-20 12:00:00,0.0183333333333333,6,-0.03272271701928042,0.011420156052412884,0.013424681522564319
2025-11-20 13:00:00,0.0149999999999999,6,0.022665252144702552,0.015290034655191171,0.020703715384287724
2025-11-20 14:00:00,0.01,6,-0.036582071364253954,0.013251435434089064,0.013279015193943144
2025-11-20 15:00:00,0.01,6,-0.132126097827206,0.010004988467930201,0.009323424270295533
2025-11-20 16:00:00,0.01,6,-0.185275442848502,0.010004988467930201,0.00895572099708486
2025-11-20 17:00:00,0.01,6,-0.10180590076879226,0.01001968133857509,0.009858600351886071
2025-11-20 18:00:00,0.01,6,-0.1593052729682508,0.010004988467930201,0.009210798559726951
2025-11-20 19:00:00,0.0116666666666666,6,-0.11028317885098639,0.010005304412538994,0.01087317852472508
2025-11-20 20:00:00,0.0116666666666666,6,0.038865995287436506,0.023234558192944007,0.024940051032299237
2025-11-20 21:00:00,0.01,6,-0.060806909852975405,0.01045181139803966,0.010780143445095924
2025-11-20 22:00:00,0.0149999999999999,6,0.0676245958800275,0.029256704796436703,0.03467758895788986
2025-11-20 23:00:00,0.0883333333333333,6,0.21589594100873583,0.09841131009387558,0.10560825909428112
2025-11-21 00:00:00,0.1783333333333333,6,0.3014952750969747,0.19415073271737696,0.18599831092369343
2025-11-21 01:00:00,0.2249999999999999,6,0.3350461746552814,0.20749185416018057,0.22953911933428342
2025-11-21 02:00:00,0.2633333333333333,6,0.3680519474925411,0.26972098393112776,0.27039670260945636
2025-11-21 03:00:00,0.1949999999999999,6,0.33985932946804565,0.2268853569477405,0.22849973130606632
2025-11-21 04:00:00,0.2033333333333333,6,0.3133677625311482,0.1983085880348772,0.18172736950373375
2025-11-21 05:00:00,0.1733333333333333,6,0.2776471139933351,0.15450874529747963,0.15414014957799868
2025-11-21 06:00:00,0.1499999999999999,6,0.26054097142844657,0.13183759131710346,0.13992677295109848
2025-11-21 07:00:00,0.1983333333333333,6,0.29929571751656436,0.17916629591210037,0.17342315351269455
2025-11-21 08:00:00,0.32,6,0.38050819605282804,0.2735148572989954,0.2771502173642164
2025-11-21 09:00:00,0.2866666666666666,6,0.3588235780425001,0.24715168715489086,0.2582113361760463
2025-11-21 10:00:00,0.1116666666666666,6,0.19479457544532497,0.09200428596696497,0.08731781133621513
2025-11-21 11:00:00,0.4566666666666667,6,0.5989994473182608,0.6788268602508962,0.6666015952930482
2025-11-21 12:00:00,0.7349999999999999,6,0.782164861624203,0.9143768294523276,0.930014934512638
2025-11-21 13:00:00,0.0916666666666666,6,0.49551388458309664,0.5057504287309987,0.49769324379196356
2025-11-21 14:00:00,0.4466666666666667,6,0.46446477456979485,0.4540154252489735,0.44186268213800833
2025-11-21 15:00:00,0.2783333333333333,6,0.3647722344124057,0.24401672006353556,0.28044914682243666
2025-11-21 16:00:00,0.25,6,0.3607815895266502,0.25533356975976373,0.28258805657739144
2025-11-21 17:00:00,0.085,6,0.14912297821889858,0.06754456550674859,0.07454444924089387
2025-11-21 18:00:00,0.0816666666666666,6,0.1420233834189944,0.06295511937237454,0.06648683324279803
2025-11-21 19:00:00,0.0699999999999999,6,0.14929366574332759,0.0688197997977291,0.07464750706010509
2025-11-21 20:00:00,0.0166666666666666,6,-0.05494706975117439,0.010927989323458984,0.014055003677918287
2025-11-21 21:00:00,0.0833333333333333,6,0.1629480842573124,0.0639900445178606,0.07946297893561938
2025-11-21 22:00:00,0.1266666666666666,6,0.24563326734973662,0.12273932730757671,0.13349773143310825
2025-11-21 23:00:00,0.055,6,0.1135376383473039,0.044425407135260706,0.0472084218140994
2025-11-22 00:00:00,0.0116666666666666,6,-0.050143758100966024,0.010894909699424634,0.012989096486766494
2025-11-22 01:00:00,0.01,6,-0.07583122929776095,0.010041300420818407,0.009511422281973159
2025-11-22 02:00:00,0.0133333333333333,6,-0.009254413206020828,0.014752974337017367,0.013022312926126933
2025-11-22 03:00:00,0.01,6,-0.13827985364906356,0.010004988467930201,0.007655458771118229
2025-11-22 04:00:00,0.01,6,-0.004757911633173767,0.013426109351176342,0.013881039550173113
2025-11-22 05:00:00,0.01,6,-0.10901674414914392,0.01002508975558494,0.010251573836735639
2025-11-22 06:00:00,0.0316666666666666,6,0.0053657088689482435,0.015572283571055157,0.012722528728755012
2025-11-22 07:00:00,0.5083333333333333,6,0.5258267305668017,0.5339717953048689,0.5384913527141484
2025-11-22 08:00:00,0.5766666666666665,6,0.5503923336893457,0.572613850717541,0.5780689961215288
2025-11-22 09:00:00,0.6466666666666666,6,0.5708451323970327,0.6390625586497979,0.6246381864073287
2025-11-22 10:00:00,0.325,6,0.39222187384191387,0.29932895116524233,0.3014532856438812
2025-11-22 11:00:00,0.3483333333333333,6,0.4133576009051424,0.35663555235119737,0.36137543725501325
2025-11-22 12:00:00,0.5666666666666667,6,0.534659372815967,0.5727844807060234,0.5609981048964738
2025-11-22 13:00:00,0.805,6,0.6869970290809888,0.8144009462874631,0.8068396570510762
2025-11-22 14:00:00,0.6266666666666665,6,0.5827751266746709,0.6453197795281604,0.6370364553037942
2025-11-22 15:00:00,0.7416666666666667,6,0.6613614179483649,0.7380640061953044,0.7574153863998572
2025-11-22 16:00:00,0.5999999999999999,6,0.5632567221033279,0.6013593397954919,0.5995847323681045
2025-11-22 17:00:00,0.4783333333333333,6,0.4758686658478991,0.4662176358325952,0.46575946923773076
2025-11-22 18:00:00,0.98,6,0.8016011140651278,0.9600384565709301,0.9467270407700439
2025-11-22 19:00:00,0.8283333333333333,6,0.7639120778679886,0.9214428776201464,0.9120346547872719
2025-11-22 20:00:00,0.9883333333333332,6,0.8299253530517754,0.9301278461154391,0.9649675207559512
2025-11-22 21:00:00,0.1916666666666666,6,0.23763119825316387,0.13458879728668682,0.13038856031233162
2025-11-22 22:00:00,0.02,6,0.049058694424417404,0.021939286319827563,0.024718808934355185
2025-11-22 23:00:00,0.01,6,-0.09465378506197622,0.01006496880581806,0.00996004315339144
2025-11-23 00:00:00,0.1666666666666666,6,0.3621981098052566,0.24853007376000108,0.2629262254190341
2025-11-23 01:00:00,0.1266666666666666,6,0.2789305898884683,0.16870226066447566,0.15764986782437992
2025-11-23 02:00:00,0.0916666666666666,6,0.22216704868096737,0.09191004216079172,0.1069637231955301
2025-11-23 03:00:00,0.1633333333333333,6,0.2911398742587328,0.16081127784583546,0.16019499695911335
2025-11-23 04:00:00,0.3566666666666666,6,0.4324788530934305,0.3544641198646859,0.39027045985479575
2025-11-23 05:00:00,0.44,6,0.4232721533771524,0.36761659164825444,0.35724446399025817
2025-11-23 06:00:00,0.6749999999999999,6,0.5829881102139509,0.6439377713283517,0.6537591420552656
2025-11-23 07:00:00,0.92,6,0.739547631713518,0.9030195878153815,0.901225605378702
2025-11-23 08:00:00,0.9533333333333334,6,0.7825409277138202,0.9172641928682042,0.9534032856981103
2025-11-23 09:00:00,0.975,6,0.8068782860407653,0.9673445151172704,0.9646033837545542
2025-11-23 10:00:00,0.9016666666666668,6,0.7615033000939214,0.9226192612855835,0.9127777503492116
2025-11-23 11:00:00,0.9699999999999998,6,0.8875077416960717,0.9635163214342829,0.9713351385280148
2025-11-23 12:00:00,0.9866666666666668,6,0.9620289174496703,0.9824549620257015,0.9744594865156535
2025-11-23 13:00:00,0.9783333333333332,6,0.8672690465023254,0.9610943642168431,0.9687864472891069
2025-11-23 14:00:00,0.9333333333333333,6,0.8190135076004759,0.942857667372881,0.9550001267707422
2025-11-23 15:00:00,0.8733333333333334,6,0.7583609303967894,0.9083509808885271,0.9024101700122236
2025-11-23 16:00:00,0.8633333333333332,6,0.7496844787551732,0.8936602390846,0.8846629427547344
2025-11-23 17:00:00,0.9033333333333332,6,0.7773150053873179,0.9214466369812842,0.9334753698198569
2025-11-23 18:00:00,0.4533333333333333,6,0.4657320231583517,0.4560670847316244,0.44314476835125305
2025-11-23 19:00:00,0.21,6,0.2930625068846723,0.19531662205568318,0.18130217908424223
2025-11-23 20:00:00,0.0766666666666666,6,0.17128875632123036,0.08538400502409896,0.08164968794395128
2025-11-23 21:00:00,0.05,6,0.15276192142789685,0.0674014351113364,0.07698637318190654
2025-11-23 22:00:00,0.01,6,-0.03401840121512517,0.01093037323137378,0.013037156506880088
2025-11-23 23:00:00,0.01,6,-0.12327962038433046,0.010004988467930201,0.010064377598106355
2025-11-24 00:00:00,0.01,6,-0.10618650000686747,0.010004024327431487,0.007881081232267884
2025-11-24 01:00:00,0.01,6,0.02514582932700693,0.01473756476325051,0.01685540285631143
2025-11-24 02:00:00,0.01,6,-0.12038050107887371,0.010004988467930201,0.006176398731298438
2025-11-24 03:00:00,0.01,6,-0.15843316725981638,0.010004988467930201,0.007618128171280603
2025-11-24 04:00:00,0.0183333333333333,6,0.010462071044365029,0.013120923334753202,0.014937436253901148
2025-11-24 05:00:00,0.01,6,0.027279842932651233,0.016644664451989574,0.013482627817569093
2025-11-24 06:00:00,0.01,6,-0.10601494816801936,0.010006999013109174,0.008315911252922858
2025-11-24 07:00:00,0.01,6,-0.12705578090706926,0.010004988467930201,0.006825618710710357
2025-11-24 08:00:00,0.04,6,0.06207955167875534,0.02833842770381739,0.017357884095325016
2025-11-24 09:00:00,0.2033333333333333,6,0.30262431510767973,0.17323157035369194,0.1680552154400511
2025-11-24 10:00:00,0.1449999999999999,6,0.2510560746194921,0.12168653274132754,0.1262348502002933
2025-11-24 11:00:00,0.0983333333333333,6,0.21226650966049398,0.09356941907788037,0.09566151506469611
2025-11-24 12:00:00,0.1366666666666666,6,0.2555279056915326,0.14257906874719173,0.145074457189857
2025-11-24 13:00:00,0.055,6,0.13854225771054407,0.06032114753698533,0.06084919443107911
2025-11-24 14:00:00,0.0183333333333333,6,0.002029048932678773,0.014915167289358516,0.019301376570689144
2025-11-24 15:00:00,0.01,6,-0.1617599840335301,0.010004988467930201,0.008827005130485899
2025-11-24 16:00:00,0.01,6,-0.09766267733799655,0.010042982087312023,0.009832105870096142
2025-11-24 17:00:00,0.01,6,-0.1611120023789896,0.010004988467930201,0.010018208589967714
2025-11-24 18:00:00,0.01,6,-0.17778490243216682,0.010004988467930201,0.009074417687562952
2025-11-24 19:00:00,0.0316666666666666,6,0.0169210856921424,0.018988581437383224,0.02062097942669644
2025-11-24 20:00:00,0.1983333333333333,6,0.3342917007908863,0.23810571587144727,0.23894513316048185
2025-11-24 21:00:00,0.255,6,0.3633299227779029,0.2722376571584755,0.27745967817511746
2025-11-24 22:00:00,0.2816666666666666,6,0.369220080159804,0.26681311653627804,0.2782485969831911
2025-11-24 23:00:00,0.5266666666666666,6,0.5105876215514822,0.5262994977338387,0.5168961460087456
2025-11-25 00:00:00,0.8083333333333333,6,0.6703109285825601,0.7927177805224096,0.7781723364354822
2025-11-25 01:00:00,0.99,6,0.8242520964791806,0.9628001739380188,0.9605899920881055
2025-11-25 02:00:00,0.9783333333333332,6,0.8104511270485246,0.9644795932672016,0.9523488272685982
2025-11-25 03:00:00,0.9133333333333334,6,0.7878483926361344,0.9471569044761854,0.9425627805383805
2025-11-25 04:00:00,0.7616666666666666,6,0.6616682532395788,0.7827796507853905,0.7664083689659343
2025-11-25 05:00:00,0.335,6,0.39437404773508056,0.304469764782451,0.30692838428121216
2025-11-25 06:00:00,0.3883333333333333,6,0.4232068902764804,0.34339292336417104,0.3479368116723316
2025-11-25 07:00:00,0.6333333333333334,6,0.5914158177285718,0.6685135880087499,0.6597957541498022
2025-11-25 08:00:00,0.0749999999999999,6,0.18408386174824615,0.07874760987115764,0.07126379583417247
2025-11-25 09:00:00,0.045,6,0.11058637898401086,0.03481899963174054,0.03532626288978108
2025-11-25 10:00:00,0.01,6,-0.09367747575985608,0.010005694092976688,0.010177973508938898
2025-11-25 11:00:00,0.01,6,-0.07416001202491904,0.010040754531798255,0.010823417367124832
2025-11-25 12:00:00,0.01,6,-0.010241556934807883,0.013822090576251514,0.01636662514913856
2025-11-25 13:00:00,0.055,6,0.1400292818061878,0.05863459924646101,0.06520777045743181
2025-11-25 14:00:00,0.0683333333333333,6,0.15584988854530513,0.0630699193832465,0.07895595529878896
2025-11-25 15:00:00,0.125,6,0.2494963354930576,0.15368247830699414,0.14406512621936732
2025-11-25 16:00:00,0.13,6,0.2619206389998165,0.15636240394848502,0.1562874287036091
2025-11-25 17:00:00,0.235,6,0.3553431140572193,0.25960329836884954,0.27092576566857507
2025-11-25 18:00:00,0.3799999999999999,6,0.4124813996688559,0.35538096171311856,0.35398340522234645
2025-11-25 19:00:00,0.8533333333333333,6,0.712006276984701,0.8599338756156846,0.8422886636094149
2025-11-25 20:00:00,0.99,6,0.8758919337843558,0.9342995072601032,0.9495536006644097
2025-11-25 21:00:00,0.99,6,0.9326220039007398,0.974517581692693,0.9686262111971934
2025-11-25 22:00:00,0.99,6,0.9620328086254153,0.9829555899230363,0.978265254406823
2025-11-25 23:00:00,0.9883333333333334,6,0.9830520733665415,0.9829056903215195,0.9772566367806393
2025-11-26 00:00:00,0.985,6,0.9328841267308126,0.979426406668923,0.9771622916656737
2025-11-26 01:00:00,0.99,6,1.0209098641071634,0.9806803470139314,0.9816865133852004
2025-11-26 02:00:00,0.9866666666666668,6,0.9479113199929499,0.9824866107813259,0.9771349314420281
2025-11-26 03:00:00,0.99,6,0.9685469127899382,0.9826063201779344,0.9784241716121262
2025-11-26 04:00:00,0.9883333333333334,6,0.9627821704839945,0.983103043071019,0.9777134852248595
2025-11-26 05:00:00,0.9883333333333334,6,0.9889311415419633,0.9761811911262825,0.9773357023985573
2025-11-26 06:00:00,0.99,6,0.9988941463677432,0.9834261087776366,0.9792766652327474
2025-11-26 07:00:00,0.99,6,0.8849275642467009,0.9696464014843849,0.9627824502941593
2025-11-26 08:00:00,0.9233333333333332,6,0.7542954835748951,0.8998575018093741,0.9087256519305047
2025-11-26 09:00:00,0.98,6,0.8355810849657355,0.9495854215656002,0.9650515836600786
2025-11-26 10:00:00,0.99,6,1.0914975453028195,0.9764036441399727,0.9762431390293126
2025-11-26 11:00:00,0.99,6,1.24937085997762,0.967470644849148,0.9707127394024462
2025-11-26 12:00:00,0.99,6,1.2032918098345213,0.9726942252061894,0.976987047468449
2025-11-26 13:00:00,0.99,6,1.3422766691351176,0.9777716924529616,0.9785709335164706
2025-11-26 14:00:00,0.99,6,1.2580251079924252,0.9772138784990623,0.9760485400740723
2025-11-26 15:00:00,0.99,6,1.1421989703462143,0.9755388384178048,0.9755161306944025
2025-11-26 16:00:00,0.9883333333333334,6,1.0932087195466387,0.9670320621688476,0.9618381586220147
2025-11-26 17:00:00,0.99,6,1.0633819926167793,0.9648377114980701,0.9695382032605621
2025-11-26 18:00:00,0.99,6,0.9716710726522713,0.9779002328015889,0.969446323437808
2025-11-26 19:00:00,0.88,6,0.7755224172582367,0.9209772515144535,0.928047447167878
2025-11-26 20:00:00,0.8033333333333332,6,0.6648049518239934,0.7827461462550045,0.7674781219998075
2025-11-26 21:00:00,0.3533333333333333,6,0.3937593589138315,0.29884869945185744,0.30692838428121216
2025-11-26 22:00:00,0.8549999999999999,6,0.7661292861762962,0.919563545210404,0.9133429072962453
2025-11-26 23:00:00,0.5433333333333333,6,0.6013398577279149,0.692032723571517,0.6744946794744642
2025-11-27 00:00:00,0.32,6,0.4119390198154692,0.35927039327087273,0.3548099381646878
2025-11-27 01:00:00,0.2566666666666666,6,0.3546023997449772,0.26383419876249,0.270396092611057
2025-11-27 02:00:00,0.1033333333333333,6,0.1989846990980204,0.09106667394708437,0.0932342413374605
2025-11-27 03:00:00,0.12,6,0.23047536874800006,0.10859246542872583,0.11989389607289486
2025-11-27 04:00:00,0.25,6,0.28133613732953144,0.17031959108433836,0.16323594533977132
2025-11-27 05:00:00,0.4633333333333333,6,0.5176002574226697,0.5346994727644052,0.5181465449686331
2025-11-27 06:00:00,0.2733333333333333,6,0.391163895874719,0.295990445313211,0.30025122409608734
2025-11-27 07:00:00,0.0766666666666666,6,0.18984717975244025,0.08801879420723431,0.0759243467614717
2025-11-27 08:00:00,0.01,6,-0.13612350858648686,0.010004988467930201,0.009522888782735162
2025-11-27 09:00:00,0.01,6,-0.09047302110649288,0.010054593214984484,0.009740601061312193
2025-11-27 10:00:00,0.01,6,-0.08492963077293048,0.010116502791140899,0.009638284875629177
2025-11-27 11:00:00,0.01,6,-0.03348194725426831,0.011379373986317392,0.013112469997899723
2025-11-27 12:00:00,0.01,6,-0.06131551340772709,0.01034603050673237,0.014120536727763422
2025-11-27 13:00:00,0.0333333333333333,6,0.07266006959586047,0.03443700541168059,0.036834257294579786
2025-11-27 14:00:00,0.1899999999999999,6,0.3050913883980727,0.20312477091004766,0.19574769993044377
2025-11-27 15:00:00,0.1933333333333333,6,0.3165837394286295,0.19459674694136267,0.2230057929478788
2025-11-27 16:00:00,0.2066666666666666,6,0.3325838847101914,0.22505157828753705,0.24556934204289463
2025-11-27 17:00:00,0.3333333333333333,6,0.41480950092238833,0.35819488842410935,0.36406289831449795
2025-11-27 18:00:00,0.5183333333333333,6,0.4977662682779366,0.5007132332058494,0.49923650286420446
2025-11-27 19:00:00,0.7933333333333334,6,0.6746466623155208,0.7640251464190526,0.7782698074337768
2025-11-27 20:00:00,0.825,6,0.6918581779960319,0.8219791998737447,0.8058707834738947
2025-11-27 21:00:00,0.6516666666666667,6,0.5840886146423864,0.6486660864219413,0.6346092892898403
2025-11-27 22:00:00,0.2383333333333334,6,0.3196442882971424,0.22431578026360374,0.23000497685828186
2025-11-27 23:00:00,0.0333333333333333,6,0.016211172125343953,0.014742652362223,0.02168984697950621
2025-11-28 00:00:00,0.0133333333333333,6,0.07453084127720006,0.02777649717314074,0.03627234597974932
2025-11-28 01:00:00,0.0416666666666666,6,0.175191246662051,0.0774653646349443,0.07293439272867192
2025-11-28 02:00:00,0.01,6,-0.09710824222787184,0.010038972758101275,0.0062512268803960325
2025-11-28 03:00:00,0.01,6,-0.08388177596195662,0.010081556783436365,0.007189790857442313
2025-11-28 04:00:00,0.01,6,-0.08119414025247282,0.009980658549374027,0.006533296980711534
2025-11-28 05:00:00,0.01,6,-0.13664630473103007,0.010004988467930201,0.008502683106722808
2025-11-28 06:00:00,0.01,6,-0.07277126563043121,0.010042146725088212,0.007847014448884582
2025-11-28 07:00:00,0.01,6,-0.07655765016480134,0.009920036132133518,0.007883967742242537
2025-11-28 08:00:00,0.01,6,-0.1087154025932502,0.01002508975558494,0.008527294081258296
2025-11-28 09:00:00,0.01,6,-0.1570304569610681,0.010004988467930201,0.007618128171280603
2025-11-28 10:00:00,0.01,6,-0.13476024657951963,0.010004988467930201,0.005686430799046627
2025-11-28 11:00:00,0.01,6,-0.1578488209325197,0.010004988467930201,0.009447376633693827
2025-11-28 12:00:00,0.01,6,-0.17599536637826335,0.010004988467930201,0.010018208589967714
2025-11-28 13:00:00,0.01,6,-0.15248672386452194,0.010004988467930201,0.008958831462877404
2025-11-28 14:00:00,0.01,6,-0.1610644152200676,0.010004988467930201,0.00903985365608756
2025-11-28 15:00:00,0.01,6,-0.15670685958979966,0.010004988467930201,0.009121745008963456
2025-11-28 16:00:00,0.01,6,-0.16190480544093389,0.010004988467930201,0.010045233832065237
2025-11-28 17:00:00,0.01,6,-0.13902934245733484,0.010004988467930201,0.009542996032114281
2025-11-28 18:00:00,0.0133333333333333,6,-0.04504050310233204,0.011170411918725861,0.013165265694309258
2025-11-28 19:00:00,0.0416666666666666,6,0.14922463753617388,0.05762504493648358,0.06826397759338876
2025-11-28 20:00:00,0.0383333333333333,6,0.13560147713869514,0.053710387028190365,0.05723204578592911
2025-11-28 21:00:00,0.0433333333333333,6,0.10061859257378536,0.03906328071825267,0.036177742316336525
2025-11-28 22:00:00,0.215,6,0.34985171073751975,0.25965240760321456,0.2613970827852957
2025-11-28 23:00:00,0.3449999999999999,6,0.4158571522616836,0.3478548878474566,0.3612607511138275
2025-11-29 00:00:00,0.2183333333333333,6,0.370758073910918,0.2700708590886493,0.28211097953218606
2025-11-29 01:00:00,0.0749999999999999,6,0.15074291974832355,0.05978268496003448,0.058498689147105265
2025-11-29 02:00:00,0.01,6,-0.0016379490345320158,0.01156310763334151,0.014779683565361246
2025-11-29 03:00:00,0.01,6,-0.14266228413224552,0.010004988467930201,0.008301671620108642
2025-11-29 04:00:00,0.01,6,-0.19316896068501144,0.010004988467930201,0.008711851353257472
2025-11-29 05:00:00,0.01,6,-0.07920011516165287,0.010027026485434805,0.00769532825710223
2025-11-29 06:00:00,0.01,6,-0.02100222380939329,0.011316372498748572,0.010694538311888102
2025-11-29 07:00:00,0.01,6,-0.0984966590814183,0.010067166568766118,0.007433101549866317
2025-11-29 08:00:00,0.01,6,-0.06091462377333007,0.010426537449391348,0.00706546561583804
2025-11-29 09:00:00,0.01,6,-0.09627937425112368,0.010038972758101275,0.007304838252657819
2025-11-29 10:00:00,0.01,6,-0.13176376607588924,0.010004988467930201,0.007818717246458828
2025-11-29 11:00:00,0.01,6,-0.09872485256888272,0.010067166568766118,0.007627568789422834
2025-11-29 12:00:00,0.0366666666666666,6,0.08740415635075571,0.023879294649887136,0.030993991910210017
2025-11-29 13:00:00,0.0966666666666666,6,0.21285647667280272,0.0924320463583894,0.09933795341206325
2025-11-29 14:00:00,0.145,6,0.2786111645670385,0.17214657843481884,0.16760114958085678
2025-11-29 15:00:00,0.1933333333333333,6,0.31580156732167375,0.2123152039014953,0.2175229778865908
2025-11-29 16:00:00,0.2033333333333333,6,0.32810625469531307,0.2354203207546757,0.22358931686712782
2025-11-29 17:00:00,0.1666666666666666,6,0.2801614935685559,0.16979987504297578,0.1588519293721738
2025-11-29 18:00:00,0.1149999999999999,6,0.22240132110493493,0.10835565554941456,0.10346578466521633
2025-11-29 19:00:00,0.065,6,0.12942002395470575,0.05688066097442191,0.047040760796457914
2025-11-29 20:00:00,0.0616666666666666,6,0.136332780445591,0.045466327018697045,0.05048912888236795
2025-11-29 21:00:00,0.045,6,0.08158989390494403,0.020129885482176302,0.029527489930402717
2025-11-29 22:00:00,0.0966666666666666,6,0.2377040915417804,0.11760169391299286,0.11227051268004223
2025-11-29 23:00:00,0.0783333333333333,6,0.19048488608721542,0.06562170281334427,0.07170136178239311
2025-11-30 00:00:00,0.0266666666666666,6,0.09160722566888996,0.02321309226131508,0.027354933526433145
2025-11-30 01:00:00,0.0366666666666666,6,0.11749498951933901,0.02961186267477281,0.040657765290952275
2025-11-30 02:00:00,0.01,6,0.055530348649686756,0.016634381472559526,0.014108854759824707
2025-11-30 03:00:00,0.0083333333333333,6,0.013075973484236586,0.01449436848512179,0.012937334071327244
2025-11-30 04:00:00,0.01,6,0.05734371610383021,0.014078898195766784,0.01360393742343663
2025-11-30 05:00:00,0.01,6,-0.013736290912295807,0.012680207843201513,0.011521373797896584
2025-11-30 06:00:00,0.01,6,-0.06426321289707482,0.010026936223578977,0.006749932365000932
2025-11-30 07:00:00,0.01,6,-0.19381534066040526,0.010004988467930201,0.008902934598982393
2025-11-30 08:00:00,0.01,6,-0.16671763071275666,0.010004988467930201,0.00948956104585641
2025-11-30 09:00:00,0.01,6,-0.14666897806675178,0.010004988467930201,0.007079215791508164
2025-11-30 10:00:00,0.01,6,-0.1651436729022491,0.010004988467930201,0.008630443228693163
2025-11-30 11:00:00,0.01,6,-0.07978603795424363,0.009951554877491178,0.008112842711318846
2025-11-30 12:00:00,0.0133333333333333,6,0.04466090182950688,0.015198522566103944,0.017909611650289092
2025-11-30 13:00:00,0.0233333333333333,6,0.10721764616409224,0.03265441869557133,0.0360476372453058
2025-11-30 14:00:00,0.01,6,0.05446326576509247,0.02064012242163949,0.019673927865160756
2025-11-30 15:00:00,0.045,6,0.13180268083193497,0.05358400548047051,0.04975040430320066
2025-11-30 16:00:00,0.1366666666666666,6,0.2879609300871716,0.17270230204756706,0.15964056232998874
2025-11-30 17:00:00,0.1933333333333333,6,0.36508532601751964,0.26418354565463703,0.26850325037059336
2025-11-30 18:00:00,0.1583333333333333,6,0.3094834315974213,0.1699127262382716,0.18365874794972784
2025-11-30 19:00:00,0.125,6,0.2709026285805889,0.13829814096612306,0.1471922036150527
2025-11-30 20:00:00,0.0366666666666666,6,0.13477800028099884,0.04540869745690082,0.05048912888236795
2025-11-30 21:00:00,0.12,6,0.26889703081794564,0.13371793418549194,0.14643036705455903
2025-11-30 22:00:00,0.0366666666666666,6,0.12090004203387411,0.031862377584346756,0.040657765290952275
2025-11-30 23:00:00,0.01,6,-0.12455694170140293,0.010004988467930201,0.006768815425945984
2025-12-01 00:00:00,0.01,6,-0.11772374263682034,0.010006117108943655,0.007468794028517689
2025-12-01 01:00:00,0.01,6,-0.14081514037946719,0.010004988467930201,0.007207479088716662
2025-12-01 02:00:00,0.01,6,-0.03535470410511696,0.01103816790735015,0.010230814925562104
2025-12-01 03:00:00,0.0083333333333333,6,0.05310305495287415,0.012011929503497087,0.013400021048247834
2025-12-01 04:00:00,0.01,6,-0.02008733774033472,0.011288118772224194,0.010843508458420748
2025-12-01 05:00:00,0.0133333333333333,6,0.0784870985688561,0.021892476712336413,0.022352321727466984
2025-12-01 06:00:00,0.015,6,0.1004301003970568,0.01998696372225488,0.023310524516722997
2025-12-01 07:00:00,0.0633333333333333,6,0.23388357419312344,0.0887118139911746,0.09018208868769811
2025-12-01 08:00:00,0.0733333333333333,6,0.21563585201501928,0.07346146359256994,0.07097977352620433
2025-12-01 09:00:00,0.1849999999999999,6,0.32229117748235825,0.18572501135716976,0.18390603432099847
2025-12-01 10:00:00,0.1833333333333333,6,0.3146708725628301,0.1637430064871419,0.15576013244908174
2025-12-01 11:00:00,0.1316666666666666,6,0.26113434615115594,0.12845717142260277,0.1280458028263036
2025-12-01 12:00:00,0.4783333333333333,6,0.49685260215852023,0.5137207454224839,0.50079910610482
2025-12-01 13:00:00,0.9366666666666666,6,0.7856388397296237,0.9458315042036827,0.9439302826585798
2025-12-01 14:00:00,0.9766666666666663,6,0.8477373397498915,0.9687590588079473,0.9749203631021018
2025-12-01 15:00:00,0.853333333333333,6,0.7236930965122212,0.877546813834573,0.8649937751528798
2025-12-01 16:00:00,0.6816666666666666,6,0.6028478394064464,0.6724565016813325,0.6793617090667736
2025-12-01 17:00:00,0.5983333333333332,6,0.55540771413671,0.5991462871057691,0.5919467951926636
2025-12-01 18:00:00,0.7049999999999998,6,0.6093918791215653,0.6782819401737351,0.6801858758792577
2025-12-01 19:00:00,0.9083333333333332,6,0.7265866455603714,0.8758998544804842,0.881606845846622
2025-12-01 20:00:00,0.99,6,0.8690991238479606,0.9730681470887002,0.9703504005015658
2025-12-01 21:00:00,0.9833333333333332,6,0.8450165633706612,0.9675895232064841,0.9665315843893518
2025-12-01 22:00:00,0.9833333333333332,6,0.8239209202281017,0.9688384244107018,0.9644290808087047
2025-12-01 23:00:00,0.8266666666666665,6,0.685225779383871,0.8368391595683726,0.831858125679672
2025-12-02 00:00:00,0.6499999999999999,6,0.5923683712720101,0.6648725510471561,0.6831319266717253
2025-12-02 01:00:00,0.645,6,0.5884133087161435,0.6674541709165479,0.674948810229282
2025-12-02 02:00:00,0.1733333333333333,6,0.296994957989941,0.1694230860494102,0.16593725326093833
2025-12-02 03:00:00,0.0683333333333333,6,0.16138737731976144,0.0683620665545036,0.06197017498270635
2025-12-02 04:00:00,0.0383333333333333,6,0.1214823023362514,0.029145903480215278,0.03873811562128221
2025-12-02 05:00:00,0.025,6,0.03148240357158921,0.01172783393677331,0.01171845587581194
2025-12-02 06:00:00,0.0383333333333333,6,0.17226496300708227,0.045600463399904236,0.05629766026268351
2025-12-02 07:00:00,0.1066666666666666,6,0.26344400712350036,0.10653149310065163,0.1262633064761282
2025-12-02 08:00:00,0.1366666666666666,6,0.30335144724516583,0.13902580702482906,0.15043049229338018
2025-12-02 09:00:00,0.1066666666666666,6,0.28832801820908105,0.12667255484693113,0.13217643126163098
2025-12-02 10:00:00,0.0999999999999999,6,0.2494827272240202,0.11018546904127562,0.11102966424911215
2025-12-02 11:00:00,0.0933333333333333,6,0.24487462143550276,0.08796320193664207,0.10947287732306177
2025-12-02 12:00:00,0.0666666666666666,6,0.19395759293485948,0.07788206682671527,0.07048494991963222
2025-12-02 13:00:00,0.0383333333333333,6,0.1453745150582917,0.04155623645671276,0.05784865304821024
2025-12-02 14:00:00,0.0633333333333333,6,0.17974159170772008,0.07228167417495306,0.06791003992073869
2025-12-02 15:00:00,0.045,6,0.14131692799030188,0.04196835024489471,0.05322409833608338
2025-12-02 16:00:00,0.0116666666666666,6,0.03114303802566415,0.015077416957673942,0.01405579347162833
2025-12-02 17:00:00,0.01,6,-0.09188877968694822,0.010042839442204405,0.00700612274821516
2025-12-02 18:00:00,0.01,6,-0.10608512068325752,0.01000662179713421,0.007433101549866317
2025-12-02 19:00:00,0.01,6,-0.06529334045816451,0.010061551224023309,0.006948890674033148
2025-12-02 20:00:00,0.01,6,0.06673951753144369,0.029652264561439604,0.02238864880548752
2025-12-02 21:00:00,0.0133333333333333,6,0.11507753898508222,0.028764007135822355,0.032801854224848215
2025-12-02 22:00:00,0.01,6,-0.005675163720816806,0.011921937473735007,0.011687598147804734
2025-12-02 23:00:00,0.01,6,-0.16357116548777273,0.010004988467930201,0.007500232012079777
2025-12-03 00:00:00,0.0116666666666666,6,-0.007157406232015329,0.01159431271525846,0.011689308655345232
2025-12-03 01:00:00,0.1116666666666666,6,0.2500372901642657,0.11906127923219795,0.1158950310039854
2025-12-03 02:00:00,0.1949999999999999,6,0.3555038305889715,0.25604134594188255,0.24986994784935096
2025-12-03 03:00:00,0.22,6,0.3439333716477142,0.21846132328743692,0.21697449189350668
2025-12-03 04:00:00,0.3066666666666667,6,0.4052770412879354,0.3261380951576455,0.3091026048518858
2025-12-03 05:00:00,0.3783333333333333,6,0.40763622240014796,0.3229007316414677,0.3154478311492254
2025-12-03 06:00:00,0.3883333333333333,6,0.4155532403350979,0.3152024384329803,0.33349366739401154
2025-12-03 07:00:00,0.6466666666666667,6,0.5638719691510494,0.6040148975830048,0.6097468946721691
2025-12-03 08:00:00,0.7083333333333333,6,0.6056847972336853,0.6965016149257789,0.6917560525645263
2025-12-03 09:00:00,0.6283333333333334,6,0.55016345238443,0.573544971254347,0.5950390254316802
2025-12-03 10:00:00,0.2799999999999999,6,0.3676093444031888,0.2937892327825334,0.26134524773784684
2025-12-03 11:00:00,0.2,6,0.30884109584174546,0.15565324169078598,0.1685591483671613
2025-12-03 12:00:00,0.2666666666666666,6,0.38279903589490916,0.3043849064665212,0.299052915946883
2025-12-03 13:00:00,0.3183333333333333,6,0.4050338422043944,0.3292073920219125,0.3324469385560688
2025-12-03 14:00:00,0.1716666666666666,6,0.30651920135483723,0.2009216004577361,0.18338289796426901
2025-12-03 15:00:00,0.1166666666666666,6,0.2548963539348184,0.12626045192680035,0.13294274971350922
2025-12-03 16:00:00,0.1166666666666666,6,0.27045992463582613,0.13963499228011775,0.1487867585111158
2025-12-03 17:00:00,0.15,6,0.29702881081056254,0.1746126378422671,0.1746784873612657
2025-12-03 18:00:00,0.3,6,0.37490928316488137,0.2859638650647646,0.28532079833056667
2025-12-03 19:00:00,0.4333333333333333,6,0.47444853262635556,0.4641392689827768,0.46911926658631803
2025-12-03 20:00:00,0.3649999999999999,6,0.4116327940588621,0.3627223754828017,0.34750570080422605
2025-12-03 21:00:00,0.2649999999999999,6,0.33895782122163554,0.21712121405892987,0.22670691593613013
2025-12-03 22:00:00,0.1816666666666666,6,0.32505127520367805,0.21485120088261875,0.20488078501257292
2025-12-03 23:00:00,0.3116666666666667,6,0.4273902480556503,0.3774940509723739,0.3665415805983702
2025-12-04 00:00:00,0.185,6,0.3037437415217886,0.1760852554814911,0.16679054535898818
2025-12-04 01:00:00,0.0999999999999999,6,0.2034432271085413,0.07490657155408864,0.0742525118067428
2025-12-04 02:00:00,0.1783333333333333,6,0.2795556044571882,0.15125394760487829,0.14455005390454148
2025-12-04 03:00:00,0.1516666666666666,6,0.2835415947081902,0.13635058850824155,0.14199540031752111
2025-12-04 04:00:00,0.0933333333333333,6,0.23967993113122488,0.09585520419332486,0.09985901437731337
2025-12-04 05:00:00,0.105,6,0.26658744548715885,0.11757570724303826,0.12395577250844941
2025-12-04 06:00:00,0.1016666666666666,6,0.20677017171237577,0.0709265238470887,0.07156443387348371
2025-12-04 07:00:00,0.165,6,0.27388405218000844,0.1382676285250417,0.1371359036907919
2025-12-04 08:00:00,0.1999999999999999,6,0.312596374423154,0.180414911032362,0.1714869449561346
2025-12-04 09:00:00,0.115,6,0.22613485343059414,0.10683606640083447,0.09784979250200637
2025-12-04 10:00:00,0.0583333333333333,6,0.13620845925001301,0.05770720840607711,0.049350182600556625
2025-12-04 11:00:00,0.0216666666666666,6,0.06322466683249245,0.02111161556478398,0.022941469452873176
2025-12-04 12:00:00,0.04,6,0.1259089626956597,0.055295925661670596,0.0495853073188795
2025-12-04 13:00:00,0.0433333333333333,6,0.139477897890812,0.0572511838795008,0.06179123837568318
2025-12-04 14:00:00,0.0516666666666666,6,0.14577848374257701,0.06049673918820024,0.06945136707360933
2025-12-04 15:00:00,0.0249999999999999,6,0.08936689811121701,0.032721818645258215,0.03872207506727765
2025-12-04 16:00:00,0.1816666666666666,6,0.32555006169015555,0.2272363718931945,0.21581950696970137
2025-12-04 17:00:00,0.225,6,0.33973991680660465,0.23199948414799684,0.22509773721465343
2025-12-04 18:00:00,0.1849999999999999,6,0.299320846268862,0.17547617647767885,0.17546141509729019
2025-12-04 19:00:00,0.0633333333333333,6,0.14383252839559385,0.061327719497396974,0.060384099016703885
2025-12-04 20:00:00,0.0133333333333333,6,-0.02929645302247369,0.010464501011037217,0.010440955696750076
2025-12-04 21:00:00,0.12,6,0.28343199999545254,0.14120278707014375,0.15551433932442585
2025-12-04 22:00:00,0.0883333333333333,6,0.2527576343862866,0.11962487527644702,0.1262348502002933
2025-12-04 23:00:00,0.0366666666666666,6,0.18826241272911837,0.06568740995675924,0.07409093136072048
2025-12-05 00:00:00,0.0166666666666666,6,0.011981650608572592,0.01289896655612969,0.015566624900750337
2025-12-05 01:00:00,0.0133333333333333,6,0.06343676084350097,0.023428152074858873,0.021453634276297262
2025-12-05 02:00:00,0.0149999999999999,6,0.046235520482755144,0.015174908110715816,0.016901246809928827
2025-12-05 03:00:00,0.0283333333333333,6,0.16607081893746678,0.07046594318862709,0.06734386606942261
2025-12-05 04:00:00,0.0566666666666666,6,0.16767138022972683,0.07212523356210197,0.06662867508969805
2025-12-05 05:00:00,0.035,6,0.04911683601634109,0.014938242572207855,0.015235592435667855
2025-12-05 06:00:00,0.065,6,0.18227451241953918,0.06824329962720699,0.06536347083965266
2025-12-05 07:00:00,0.0116666666666666,6,-0.05365036907736592,0.010853499031669532,0.01131029359762814
2025-12-05 08:00:00,0.01,6,-0.08063619481567905,0.009929597453636948,0.008185462631111584
2025-12-05 09:00:00,0.0133333333333333,6,0.03356130244663502,0.014147819971444585,0.016493104428439487
2025-12-05 10:00:00,0.01,6,0.011788072520309834,0.01185423416133651,0.014446294073859944
2025-12-05 11:00:00,0.01,6,-0.05138786222630498,0.010332851775227065,0.009050869680509277
2025-12-05 12:00:00,0.01,6,-0.09111484818297252,0.010035327545964291,0.007835962808623032
2025-12-05 13:00:00,0.01,6,-0.035326395447520614,0.011018429025701602,0.011001912453940887
2025-12-05 14:00:00,0.01,6,-0.035800001873566245,0.011213545491394781,0.011001912453940887
2025-12-05 15:00:00,0.01,6,-0.07096547705609835,0.01010871783754935,0.00762774359042484
2025-12-05 16:00:00,0.0083333333333333,6,-0.04570410164841371,0.01066880090444384,0.010818165066578067
2025-12-05 17:00:00,0.0216666666666666,6,0.007788246195168241,0.014029194231728707,0.01586527732321308
2025-12-05 18:00:00,0.16,6,0.2786872629748064,0.17103225071736625,0.16497533145308718
2025-12-05 19:00:00,0.1816666666666666,6,0.2999074307846227,0.194453885560598,0.18545157115739802
2025-12-05 20:00:00,0.1733333333333333,6,0.29667276058699843,0.19877675780077403,0.1843774316831843
2025-12-05 21:00:00,0.0766666666666666,6,0.18212951363473845,0.08119646811193594,0.07810463258578149
2025-12-05 22:00:00,0.1216666666666666,6,0.24305062302637104,0.10287210679389362,0.13044742954039115
2025-12-05 23:00:00,0.1433333333333333,6,0.2666176619118486,0.13297023492987148,0.1536359694775248
2025-12-06 00:00:00,0.0116666666666666,6,-0.1181884467367161,0.010006117108943655,0.006286919359047405
2025-12-06 01:00:00,0.01,6,-0.094530761218456,0.01006496880581806,0.007582450365777982
2025-12-06 02:00:00,0.0116666666666666,6,-0.021796374651100486,0.011180336676184587,0.013073183207532146
2025-12-06 03:00:00,0.0083333333333333,6,-0.0021989213326510104,0.011897099398345263,0.014005734397505909
2025-12-06 04:00:00,0.01,6,-0.15071336468949006,0.010004988467930201,0.008084875899479316
2025-12-06 05:00:00,0.01,6,-0.12587381216566673,0.010004988467930201,0.007818717246458828
2025-12-06 06:00:00,0.0216666666666666,6,0.06936041453037173,0.028262766180515785,0.02238864880548752
2025-12-06 07:00:00,0.0216666666666666,6,0.036661426556620746,0.01211625954599993,0.01372317252576194
2025-12-06 08:00:00,0.17,6,0.28174867615773846,0.14605241652526374,0.1427061922253274
2025-12-06 09:00:00,0.185,6,0.29616494482467937,0.17001148538348362,0.16143076713151436
2025-12-06 10:00:00,0.1066666666666666,6,0.2330954257659325,0.10715873130947472,0.09717995774225019
2025-12-06 11:00:00,0.1083333333333333,6,0.2202091902407905,0.08145848718016842,0.09926929963728914
2025-12-06 12:00:00,0.7299999999999999,6,0.6401866747505647,0.7492823569690695,0.7277519492516351
2025-12-06 13:00:00,0.6533333333333334,6,0.5953462602113372,0.6742506531788789,0.6629720679973736
2025-12-06 14:00:00,0.5716666666666665,6,0.5347514689643514,0.4702475825840313,0.5418693488984665
2025-12-06 15:00:00,0.4083333333333332,6,0.4503783587075938,0.4192343417699611,0.3996696513545557
2025-12-06 16:00:00,0.3233333333333333,6,0.3972200609324429,0.3288828741611683,0.3008609942177205
2025-12-06 17:00:00,0.0933333333333333,6,0.15622519205634233,0.0672282888498038,0.06905107438086217
2025-12-06 18:00:00,0.01,6,-0.11164249925450395,0.010005304412538994,0.008135791254153812
2025-12-06 19:00:00,0.01,6,0.0060929175284212544,0.013234466531197546,0.014909332726081137
2025-12-06 20:00:00,0.01,6,-0.0775419965982232,0.010034117302264873,0.008078707286834685
2025-12-06 21:00:00,0.01,6,-0.10794945779287103,0.010011257963375162,0.00901713666646331
2025-12-06 22:00:00,0.0499999999999999,6,0.1716954962065994,0.07003921508823639,0.06687789231304747
2025-12-06 23:00:00,0.09,6,0.24504518201023984,0.10296791384239339,0.11757461786208895
2025-12-07 00:00:00,0.1083333333333333,6,0.23390743168764472,0.11114028029988364,0.10566089967987413
2025-12-07 01:00:00,0.1416666666666666,6,0.2539725907534626,0.12175301463008009,0.11938896145119532
2025-12-07 02:00:00,0.13,6,0.23558236187840526,0.0989443768915995,0.10099990086385174
2025-12-07 03:00:00,0.2233333333333333,6,0.35831319367034675,0.25584950567833636,0.2555329621811879
2025-12-07 04:00:00,0.2933333333333333,6,0.34732364725170384,0.25115742299999455,0.2461589370224089
2025-12-07 05:00:00,0.4316666666666666,6,0.4422509501766213,0.39363282293699836,0.3997322918991857
2025-12-07 06:00:00,0.445,6,0.45597788113014703,0.4158361601659554,0.4147265343346714
2025-12-07 07:00:00,0.5066666666666667,6,0.5104299553340494,0.5244671629968463,0.5180383982270838
2025-12-07 08:00:00,0.1016666666666666,6,0.22620629720360858,0.09213323186708632,0.08703143614481446
2025-12-07 09:00:00,0.0299999999999999,6,0.13052973415595076,0.027509684196972806,0.03788790590148183
2025-12-07 10:00:00,0.055,6,0.17327461645062786,0.04795569691244617,0.060114386123402974
2025-12-07 11:00:00,0.01,6,-0.07541057681626565,0.01004478405246692,0.008296362057192141
2025-12-07 12:00:00,0.01,6,-0.14232266380650777,0.010004988467930201,0.007289356562696081
2025-12-07 13:00:00,0.0116666666666666,6,0.009770571664473038,0.0117113221381088,0.014075464586656039
2025-12-07 14:00:00,0.0116666666666666,6,0.058607328296454875,0.01792322322330669,0.01906173500141639
2025-12-07 15:00:00,0.01,6,-0.09191708746411556,0.010042839442204405,0.007469860600200884
2025-12-07 16:00:00,0.0233333333333333,6,0.07058702009135764,0.022878885393147398,0.026752471317231463
2025-12-07 17:00:00,0.0166666666666666,6,0.09759573639350466,0.02979673836350272,0.02948997836984013
2025-12-07 18:00:00,0.0749999999999999,6,0.24675081121060477,0.12120012551123244,0.11757461786208895
2025-12-07 19:00:00,0.0166666666666666,6,0.07188405206696541,0.022205360021325365,0.025547437752301894
2025-12-07 20:00:00,0.0116666666666666,6,0.025102845494704318,0.01643890383527798,0.013948938907475616
2025-12-07 21:00:00,0.0883333333333333,6,0.24618617642227242,0.1085076495177131,0.11372994676155651
2025-12-07 22:00:00,0.0166666666666666,6,0.051800097084736596,0.015528453130384262,0.01535912850294463
2025-12-07 23:00:00,0.01,6,-0.06259230083175066,0.010200337533919196,0.006603048981248305
2025-12-08 00:00:00,0.01,6,-0.1094056559292185,0.010005304412538994,0.007051241171860012
2025-12-08 01:00:00,0.01,6,-0.14148893772332766,0.010004988467930201,0.006825618710710357
2025-12-08 02:00:00,0.01,6,-0.08676945042571085,0.010077424499475195,0.00700612274821516
2025-12-08 03:00:00,0.0499999999999999,6,0.17756075352173395,0.0728838779748206,0.06323277387925674
2025-12-08 04:00:00,0.2383333333333333,6,0.39002267189672624,0.32950641138861864,0.3079690432432874
2025-12-08 05:00:00,0.1566666666666666,6,0.3022107580406511,0.15117926624736325,0.16519406228840436
2025-12-08 06:00:00,0.6266666666666665,6,0.5690611657200072,0.624950257684311,0.6395458163329736
2025-12-08 07:00:00,0.62,6,0.5577153908199742,0.59597483295856,0.608249901875952
2025-12-08 08:00:00,0.435,6,0.44650933857746145,0.40710473944353065,0.4084664771056955
2025-12-08 09:00:00,0.34,6,0.4053685531155661,0.3386439399451193,0.32937244530241594
2025-12-08 10:00:00,0.1783333333333333,6,0.2548879602878648,0.12184074441315708,0.11938896145119532
2025-12-08 11:00:00,0.0116666666666666,6,-0.05459585242018977,0.01079538571282266,0.01131029359762814
2025-12-08 12:00:00,0.0133333333333333,6,-0.03951354354702488,0.010550416495625724,0.010609079273016742
2025-12-08 13:00:00,0.01,6,-0.009983122689230184,0.013721745226728949,0.010866009165643675
2025-12-08 14:00:00,0.0416666666666666,6,0.03423904227437419,0.013977496902615153,0.017283988788841465
2025-12-08 15:00:00,0.4133333333333333,6,0.4533272268384496,0.43417130857493713,0.4155748182595646
2025-12-08 16:00:00,0.5133333333333333,6,0.5141421492277453,0.5170524271170316,0.5205370293671157
2025-12-08 17:00:00,0.3083333333333333,6,0.4025480504000061,0.3330077812531066,0.3340000341302176
2025-12-08 18:00:00,0.7,6,0.6460818424024423,0.7786729655099521,0.7561078886252286
2025-12-08 19:00:00,0.9333333333333332,6,0.7933186853289727,0.9634033023262925,0.9537705366402442
2025-12-08 20:00:00,0.955,6,0.7987215019465275,0.9550178693162408,0.9546508066233267
2025-12-08 21:00:00,0.975,6,0.8202363480549799,0.9679238371409448,0.9644577557329174
2025-12-08 22:00:00,0.8649999999999998,6,0.7191812832553509,0.8957495234986113,0.8743763686562969
2025-12-08 23:00:00,0.955,6,0.7587709510428675,0.9314852453938705,0.9253216671085507
2025-12-09 00:00:00,0.775,6,0.6593735978633107,0.7845713236158159,0.7793625678571372
2025-12-09 01:00:00,0.2799999999999999,6,0.37755164642589367,0.27466238928149583,0.28412810871715566
2025-12-09 02:00:00,0.1483333333333333,6,0.2876697360209226,0.1657791269341344,0.15589820638840052
2025-12-09 03:00:00,0.1216666666666666,6,0.2572629869771495,0.12053324502004091,0.12936527806397669
2025-12-09 04:00:00,0.0716666666666666,6,0.1851302670436178,0.06563905159345605,0.06761418947391856
2025-12-09 05:00:00,0.0266666666666666,6,0.09412597988519911,0.03240892772095617,0.029526147592022323
2025-12-09 06:00:00,0.01,6,0.004624511091362388,0.013913477169716325,0.015003527336570954
2025-12-09 07:00:00,0.01,6,-0.1229132696271484,0.010004988467930201,0.008157196918445464
2025-12-09 08:00:00,0.01,6,-0.05226505560713146,0.010928519105379236,0.01131029359762814
2025-12-09 09:00:00,0.1766666666666666,6,0.2660031252541438,0.13071819755633965,0.13742044932271721
2025-12-09 10:00:00,0.8283333333333333,6,0.6816732351162588,0.8077638365526645,0.8142418060553676
2025-12-09 11:00:00,0.915,6,0.7558655493292291,0.9202037914134669,0.9223770281234943
2025-12-09 12:00:00,0.9866666666666668,6,0.9281144383352655,0.9775325664435358,0.970319271879455
2025-12-09 13:00:00,0.9866666666666668,6,0.9085579845600389,0.9721962606463164,0.9476443803884754
2025-12-09 14:00:00,0.9883333333333334,6,0.8612787549603094,0.9740428617323219,0.9734392623463711
2025-12-09 15:00:00,0.98,6,0.8310461524595001,0.9688518257199149,0.9688906723806778
2025-12-09 16:00:00,0.9316666666666666,6,0.7589612483704213,0.9342192826380591,0.9184154236989569
2025-12-09 17:00:00,0.9416666666666668,6,0.7831461298881657,0.9037521496876059,0.9432000577231987
2025-12-09 18:00:00,0.8849999999999999,6,0.7267158248623813,0.8605854038298262,0.881606845846622
2025-12-09 19:00:00,0.935,6,0.7414427443547228,0.8995143243267916,0.8970159780645204
2025-12-09 20:00:00,0.815,6,0.673695862614774,0.8059727079707403,0.7973592184965632
2025-12-09 21:00:00,0.5316666666666667,6,0.500590076968058,0.5105094748220654,0.5005001706457506
2025-12-09 22:00:00,0.165,6,0.2770973326375348,0.14983242940328018,0.15098731606877644
2025-12-09 23:00:00,0.0483333333333333,6,0.14284352732741856,0.04645623282974806,0.055048321472122075
2025-12-10 00:00:00,0.3483333333333333,6,0.4801825507088424,0.4757739008871147,0.4758923498949923
2025-12-10 01:00:00,0.6333333333333334,6,0.5886915058088198,0.6578402451766496,0.6705087093278814
2025-12-10 02:00:00,0.7716666666666668,6,0.6657778525352838,0.8060911904879893,0.784815701862053
2025-12-10 03:00:00,0.9483333333333333,6,0.8109597810309812,0.9702570977680671,0.9643476692095321
2025-12-10 04:00:00,0.99,6,1.1139337624797618,0.9747218384923428,0.9907732378271628
2025-12-10 05:00:00,0.9816666666666668,6,0.8978830053563938,0.985713719887101,0.9723629790892271
2025-12-10 06:00:00,0.975,6,0.8463066512149178,0.9809589081868544,0.9764416996933312
2025-12-10 07:00:00,0.99,6,0.8829653815931409,0.9777262905838252,0.9684020667990364
2025-12-10 08:00:00,0.98,6,0.8489038689771504,0.9848108521347105,0.9812410974112925
2025-12-10 09:00:00,0.9166666666666666,6,0.788731307557383,0.9595135608695695,0.9567944250356538
2025-12-10 10:00:00,0.7899999999999999,6,0.6783941567845826,0.8129386528282516,0.8161996632015749
2025-12-10 11:00:00,0.915,6,0.7599381419932956,0.9455224495062938,0.932788911638309
2025-12-10 12:00:00,0.9416666666666664,6,0.7780471217004992,0.9486086562589662,0.9541821040544088
2025-12-10 13:00:00,0.9316666666666666,6,0.7870459237890313,0.9580449832111304,0.9543518193998592
2025-12-10 14:00:00,0.9666666666666666,6,0.824875025022981,0.980990266397696,0.9728846260739122
2025-12-10 15:00:00,0.9766666666666663,6,0.8430701749860396,0.9849466309418189,0.9810538169551419
2025-12-10 16:00:00,0.99,6,0.8564848273407366,0.9833030432270152,0.9839869187206494
2025-12-10 17:00:00,0.9866666666666666,6,0.8905180826072654,0.9873828535249393,0.9795632191136697
2025-12-10 18:00:00,0.9633333333333332,6,0.8315083888049721,0.9771047520313615,0.9766407254495301
2025-12-10 19:00:00,0.99,6,1.0103049800163408,0.9882510836319863,0.9885553684629431
2025-12-10 20:00:00,0.99,6,0.924625605036455,0.989255093951635,0.9695362790179846
2025-12-10 21:00:00,0.99,6,0.9587514147028597,0.9872301657966037,0.9886232926794042
2025-12-10 22:00:00,0.99,6,0.9793712384447621,0.9888119995806836,0.9892969729132215
2025-12-10 23:00:00,0.9816666666666668,6,0.9655270312824198,0.989868614223249,0.9888109939497622
2025-12-11 00:00:00,0.9066666666666668,6,0.7159967931599066,0.8335792250026922,0.8811394689102687
2025-12-11 01:00:00,0.475,6,0.48566667859539125,0.4442265783236517,0.45623122720698245
2025-12-11 02:00:00,0.3616666666666666,6,0.4610326072530242,0.38450006402405296,0.4115068644588755
2025-12-11 03:00:00,0.0933333333333333,6,0.2429396274648783,0.0718987753890082,0.055237962544864905
2025-12-11 04:00:00,0.01,6,0.08178779444573203,0.012913137055802814,0.004823625596978576
2025-12-11 05:00:00,0.01,6,-0.07552098717657527,0.00983518843620053,0.005309909411128189
2025-12-11 06:00:00,0.0333333333333333,6,0.18821629941922224,0.030597981813839315,0.020377663624715547
2025-12-11 07:00:00,0.01,6,0.3063221624871816,0.10740451525054458,0.08441777968263597
2025-12-11 08:00:00,0.1766666666666666,6,0.5440851080333181,0.5979699850477831,0.5659898810523158
2025-12-11 09:00:00,0.995,6,1.0468707490513316,0.9811678542082967,0.9855070553320213
2025-12-11 10:00:00,0.99,6,1.208796970945516,0.9900298984815741,1.0028109506726604
2025-12-11 11:00:00,0.99,6,1.253394160306921,0.9886548718408822,1.0024838889145042
2025-12-11 12:00:00,0.9883333333333332,6,1.24445128771613,0.989172230146671,0.9938367672078107
2025-12-11 13:00:00,0.99,6,1.3378332466956544,0.9841253339089507,0.9927099347962978
2025-12-11 14:00:00,0.99,6,1.3858227715916864,0.9813034657715117,0.9913021682180798
2025-12-11 15:00:00,0.99,6,1.443152066681752,0.9797852758253689,0.9912007024684958
2025-12-11 16:00:00,0.99,6,1.3617633051498998,0.9820245182312856,0.9912007024684958
2025-12-11 17:00:00,0.99,6,1.217479679781461,0.9898720814825477,0.9913829249626905
2025-12-11 18:00:00,0.99,6,0.9299520945607112,0.988743911961208,0.9779941767326962
2025-12-11 19:00:00,0.99,6,1.0660863877650308,0.9873957207096195,0.9745167465278791
2025-12-11 20:00:00,0.99,6,1.20083211195226,0.9900544504912413,0.9934758613434164
2025-12-11 21:00:00,0.99,6,1.2958811674629214,0.9866048544284268,0.9939127689407303
2025-12-11 22:00:00,0.99,6,1.3448701974324258,0.9844213210804215,0.9939127689407303
2025-12-11 23:00:00,0.99,6,1.4372551182124733,0.9799126027855427,0.9937006282404534
2025-12-12 00:00:00,0.99,6,1.56156097560102,0.9798493778253186,0.9934758613434164
2025-12-12 01:00:00,0.99,6,1.6695705851076186,0.9784122544141405,0.9918457878732799
2025-12-12 02:00:00,0.99,6,1.4176099507854094,0.9797811956442414,0.9913829249626905
2025-12-12 03:00:00,0.99,6,1.3955927070084002,0.9802401462615254,0.9913829249626905
2025-12-12 04:00:00,0.99,6,1.4129489675743285,0.9797811956442414,0.9913021682180798
2025-12-12 05:00:00,0.99,6,1.341100955827186,0.9842904547266539,0.9885615670885978
2025-12-12 06:00:00,0.99,6,1.2370727332449696,0.9892835996752185,0.988113132785437
2025-12-12 07:00:00,0.9899999999999998,3,1.029687745500095,0.9892203059095973,0.9793514067611391
2025-12-12 08:00:00,0.99,5,1.00555318252845,0.9849275594816411,0.9773736477665188
2025-12-12 09:00:00,0.99,6,0.992329707296209,0.9892407991726084,0.979335004474505
2025-12-12 10:00:00,0.99,6,1.048192910659666,0.9000575937167751,0.8855003587594094
2025-12-12 11:00:00,0.99,6,1.0839032838777136,0.966798647387223,0.970935774129973
2025-12-12 12:00:00,0.99,6,1.2227136914278283,0.979102978309816,0.9861731368313179
2025-12-12 13:00:00,0.99,6,0.9935652656110501,0.9879681104478637,0.9731913696750549
2025-12-12 14:00:00,0.99,6,1.0660990543172335,0.9795386307445088,0.9611736131717632
2025-12-12 15:00:00,0.9883333333333332,6,0.9428513783675601,0.9819709424775129,0.9698772886993904
2025-12-12 16:00:00,0.99,6,0.9429662129162342,0.9814957906436573,0.9635734003790996
2025-12-12 17:00:00,0.99,6,1.1682804383541892,0.9665424000089805,0.9769412993901985
2025-12-12 18:00:00,0.99,6,1.162750782358927,0.9765276329568269,0.9784253104409983
2025-12-12 19:00:00,0.9899999999999998,3,1.071365366652352,0.9864135009516595,0.9624911177875931
2025-12-12 20:00:00,0.99,6,1.1861028021079107,0.9751277165727344,0.9759345300233642
2025-12-12 21:00:00,0.99,6,1.0834656919387666,0.9842461714760469,0.9723745256582522
2025-12-12 22:00:00,0.99,6,1.0346491807387976,0.9840757722111132,0.9723998371616245
2025-12-12 23:00:00,0.99,6,0.95370391182457,0.985351201797313,0.9701150798984921
2025-12-13 00:00:00,0.99,6,0.9904242689075335,0.9858220368528104,0.975973349231937
2025-12-13 01:00:00,0.8983333333333334,6,0.7605221831130746,0.9244185247180349,0.9310425021696304
2025-12-13 02:00:00,0.5383333333333333,6,0.49492913043201414,0.5181614470490598,0.49773005582655916
2025-12-13 03:00:00,0.1933333333333333,6,0.2686148912413909,0.1254069663113124,0.13583768786229786
2025-12-13 04:00:00,0.0566666666666666,6,0.18994843212635842,0.0687354003264246,0.06823832916874562
2025-12-13 05:00:00,0.0116666666666666,6,0.04386364760448758,0.015258464353418546,0.014769281345761331
2025-12-13 06:00:00,0.0266666666666666,6,0.04061381876681369,0.01484377368223426,0.015270585283746474
2025-12-13 07:00:00,0.025,6,0.06789373760258033,0.01997259573982467,0.02211633500356247
2025-12-13 08:00:00,0.0149999999999999,6,-0.05414358530653654,0.01044035264902534,0.010196725664757933
2025-12-13 09:00:00,0.0666666666666666,6,0.14594700872009986,0.03722458090182864,0.05252410991387313
2025-12-13 10:00:00,0.2049999999999999,4,0.34287234204555594,0.2423521540427493,0.22520368675055147
2025-12-13 11:00:00,0.1516666666666666,6,0.29291163175461776,0.16045601338632398,0.15881972431826988
2025-12-13 12:00:00,0.265,6,0.37387752783036354,0.278796578535917,0.2734902720442664
2025-12-13 13:00:00,0.4166666666666666,6,0.46355945078919825,0.4006660214355902,0.425409552402292
2025-12-13 14:00:00,0.4433333333333333,6,0.48167656936354253,0.46134666566447474,0.4581139928846917
2025-12-13 15:00:00,0.5366666666666667,6,0.5334848560046832,0.549272083491842,0.5360048418598733
2025-12-13 16:00:00,0.7383333333333332,6,0.6346880481862776,0.7406261232370877,0.7478239170970594
2025-12-13 17:00:00,0.9166666666666669,6,0.7610615621994176,0.9331930075521804,0.9236257993553487
2025-12-13 18:00:00,0.9133333333333334,6,0.7745144420158243,0.9442788946275844,0.936913822920311
2025-12-13 19:00:00,0.88,6,0.764259098815711,0.930952213326284,0.9189805806459906
2025-12-13 20:00:00,0.99,6,1.0590412990415476,0.839563178664981,0.9457814901212006
2025-12-13 21:00:00,0.9166666666666669,6,0.7758593663578721,0.9390042310189913,0.9354806324385992
2025-12-13 22:00:00,0.8666666666666667,6,0.755569726722508,0.9217585289369982,0.9104485906736053
2025-12-13 23:00:00,0.3166666666666666,6,0.38807084196534736,0.3140218772602399,0.3060573987863316
2025-12-14 00:00:00,0.2866666666666666,6,0.35267295081780703,0.25792939498401357,0.2562327072561011
2025-12-14 01:00:00,0.0766666666666666,6,0.1586295690950395,0.055979475642024164,0.060602949930325056
2025-12-14 02:00:00,0.3533333333333333,6,0.3328594610044704,0.21805504342712065,0.20256154410147442
2025-12-14 03:00:00,0.7083333333333333,6,0.6284397545558933,0.7377028330034828,0.7454056822295132
2025-12-14 04:00:00,0.6049999999999999,6,0.571323443885537,0.6461581541056672,0.6387280643417934
2025-12-14 05:00:00,0.3583333333333333,6,0.4139514843070482,0.3603594330262313,0.3561647951495843
2025-12-14 06:00:00,0.3049999999999999,6,0.3906801410785997,0.32135231133578934,0.31097777486302497
2025-12-14 07:00:00,0.3783333333333333,6,0.43305111806970764,0.39158916644130265,0.38757598759975287
2025-12-14 08:00:00,0.7299999999999999,6,0.6296344402772032,0.7243946975534252,0.7415609332060203
2025-12-14 09:00:00,0.7299999999999999,6,0.6291196308362567,0.7116286045673357,0.7366823491814158
2025-12-14 10:00:00,0.8216666666666665,6,0.6915155560228217,0.822542439181097,0.8223581726757745
2025-12-14 11:00:00,0.9166666666666666,6,0.7468756747806994,0.9077073436077983,0.9019904596868651
2025-12-14 12:00:00,0.9766666666666663,6,0.8174079351578105,0.9677476913697501,0.9631154865234735
2025-12-14 13:00:00,0.9866666666666668,6,0.8306236939467508,0.9512704701602165,0.9650515836600786
2025-12-14 14:00:00,0.7599999999999999,6,0.6511780272004617,0.7644026417056355,0.7490546902135209
2025-12-14 15:00:00,0.2916666666666666,6,0.35795994162257705,0.2641874992405722,0.27190355614219464
2025-12-14 16:00:00,0.0299999999999999,6,0.06487879248433837,0.026480670069291525,0.028845426933727603
2025-12-14 17:00:00,0.0316666666666666,6,0.07136392714852446,0.025162938489972562,0.02853044997048576
2025-12-14 18:00:00,0.2466666666666666,6,0.34252041212348205,0.23445886676043878,0.22740713216506026
2025-12-14 19:00:00,0.8883333333333333,6,0.7734518859358628,0.9460451385549921,0.9392535248400152
2025-12-14 20:00:00,0.99,6,0.9412474345787516,0.968248080571985,0.9669112712887014
2025-12-14 21:00:00,0.99,6,0.9628089774374256,0.9793724930889554,0.9768072759110165
2025-12-14 22:00:00,0.99,6,1.0509742711713916,0.9733442510982743,0.9604745238705079
2025-12-14 23:00:00,0.99,6,1.0103116702483086,0.9554244164567507,0.9631566669437533
2025-12-15 00:00:00,0.99,6,0.926769717464897,0.9662675803042513,0.9617875380728852
2025-12-15 01:00:00,0.96,6,0.8005484767892797,0.9646531393229355,0.9508736214486467
2025-12-15 02:00:00,0.89,6,0.7872315925761129,0.9604521399208527,0.946698592703391
2025-12-15 03:00:00,0.555,6,0.5033022310148038,0.5178550604284718,0.5133850040763831
2025-12-15 04:00:00,0.2366666666666666,6,0.3339027890108116,0.21589534190520482,0.22279214229043254
2025-12-15 05:00:00,0.0166666666666666,6,-0.032152919797427126,0.010524700466601956,0.011221183312400518
2025-12-15 06:00:00,0.0183333333333333,6,0.06102111634049828,0.02669782242417777,0.0177979828579668
2025-12-15 07:00:00,0.6433333333333333,6,0.6020255581649687,0.6775457811633148,0.6681695920306115
2025-12-15 08:00:00,0.5749999999999998,6,0.5453743333240133,0.576210698364146,0.57243505273858
2025-12-15 09:00:00,0.7600000000000001,6,0.6667533227368372,0.7810105994143935,0.7855053327957374
2025-12-15 10:00:00,0.9933333333333336,6,0.8476511181859028,0.9738783053466564,0.9745665999553635
2025-12-15 11:00:00,0.99,6,1.018197455280605,0.9802234752469724,0.9702704627267493
2025-12-15 12:00:00,0.99,6,1.1255268832993222,0.9861963661405249,0.9922749559604734
2025-12-15 13:00:00,0.99,6,1.1554637901431022,0.9863642285769595,0.9813259597671541
2025-12-15 14:00:00,0.99,6,1.0348687527742064,0.9702352595449846,0.977828716171573
2025-12-15 15:00:00,0.99,6,1.033033333856796,0.9634230859247801,0.9778179412480382
2025-12-15 16:00:00,0.99,6,1.0060843364922956,0.9828745773213378,0.9763859165366975
2025-12-15 17:00:00,0.99,6,1.0481041717939767,0.9767095749430894,0.961358247821093
2025-12-15 18:00:00,0.99,6,1.0436063476552193,0.9754873639859274,0.961358247821093
2025-12-15 19:00:00,0.99,6,0.9292113046069115,0.9546091390228462,0.9729660720724811
2025-12-15 20:00:00,0.9783333333333332,6,0.8154189455508196,0.9678029513525863,0.9707618081309697
2025-12-15 21:00:00,0.465,6,0.4819494248844429,0.4886163069477818,0.4778626309346905
2025-12-15 22:00:00,0.035,6,0.11333111371317317,0.030522061036405687,0.03416907927722951
2025-12-15 23:00:00,0.0266666666666666,6,0.10048702203933824,0.02414039206202256,0.02832049000655773
2025-12-16 00:00:00,0.01,6,-0.09918642895204285,0.010090496533223758,0.008315911252922858
2025-12-16 01:00:00,0.01,6,0.021615310428380496,0.015010907166130592,0.012668485878947977
2025-12-16 02:00:00,0.0116666666666666,6,0.09759769458830325,0.028545371045802518,0.025440978734286912
2025-12-16 03:00:00,0.0349999999999999,6,0.0782047050929176,0.027724233854019703,0.02452662614975082
2025-12-16 04:00:00,0.0583333333333333,6,0.14935877580002627,0.03837627371977042,0.05293174616617785
2025-12-16 05:00:00,0.3583333333333333,6,0.4499853774939486,0.4185020678890022,0.4149326956748271
2025-12-16 06:00:00,0.4333333333333333,6,0.42910139620518806,0.38849377012796366,0.37402827237288305
2025-12-16 07:00:00,0.64,6,0.5489176700579577,0.6120434904465564,0.6006526185441518
2025-12-16 08:00:00,0.96,6,0.7938622094904435,0.9634078705154521,0.9584520992505164
2025-12-16 09:00:00,0.9883333333333332,6,0.835661608442297,0.974888744022615,0.9761672116414101
2025-12-16 10:00:00,0.9383333333333332,6,0.7833233537201598,0.9079664560997607,0.9538635095471133
2025-12-16 11:00:00,0.975,6,0.8545399667545617,0.9725394386525069,0.9759595551566861
2025-12-16 12:00:00,0.965,6,0.844370666860611,0.9739848249277404,0.9684297054896212
2025-12-16 13:00:00,0.9516666666666665,6,0.8033737106615795,0.9659516220969266,0.9450517648653292
2025-12-16 14:00:00,0.88,6,0.7466046757187583,0.9032795856330254,0.8963527863371199
2025-12-16 15:00:00,0.7600000000000001,6,0.6632009567270514,0.7876559146245828,0.7664083689659343
2025-12-16 16:00:00,0.6883333333333334,6,0.6138106545132163,0.6771547416562674,0.6750957869868235
2025-12-16 17:00:00,0.4583333333333333,6,0.4312565717458279,0.3830620743744329,0.3734175041571813
2025-12-16 18:00:00,0.1149999999999999,6,0.21088223876250478,0.07978024729919554,0.0900617265248233
2025-12-16 19:00:00,0.0116666666666666,6,-0.05682676985294546,0.010751106819414253,0.008920247097238931
2025-12-16 20:00:00,0.0116666666666666,6,0.012653006292290825,0.014014646992288044,0.0149811206932422
2025-12-16 21:00:00,0.1,6,0.2556357961088555,0.1203596122734675,0.12292120869683726
2025-12-16 22:00:00,0.01,6,0.006078496253098586,0.01472213148896604,0.01354411771091596
2025-12-16 23:00:00,0.01,6,-0.03638116917599321,0.010652144587606452,0.009793470457401532
2025-12-17 00:00:00,0.01,6,-0.1297427044656783,0.010004988467930201,0.007794893962355998
2025-12-17 01:00:00,0.01,6,-0.02449029276876602,0.011159238421330138,0.011414839756345108
2025-12-17 02:00:00,0.0866666666666666,6,0.22793123099958063,0.10795206174541937,0.09438675988835887
2025-12-17 03:00:00,0.18,6,0.29602111556181576,0.16902539429328023,0.16143076713151436
2025-12-17 04:00:00,0.0116666666666666,6,-0.0378072787177717,0.010606787205134789,0.011058140538464378
2025-12-17 05:00:00,0.01,6,-0.14354143570787053,0.010004988467930201,0.007794893962355998
2025-12-17 06:00:00,0.06,6,0.1870108818875133,0.06661446363737189,0.06405520088712846
2025-12-17 07:00:00,0.1083333333333333,6,0.27450860937766597,0.1381251550116978,0.1371359036907919
2025-12-17 08:00:00,0.13,6,0.2788465299909565,0.14612713849152828,0.1396328003160216
2025-12-17 09:00:00,0.055,6,0.17060020640024803,0.06131691404841449,0.060268722040942024
2025-12-17 10:00:00,0.01,6,-0.09314867808122534,0.010005694092976688,0.008270792829278006
2025-12-17 11:00:00,0.01,6,-0.09304086330546035,0.010007763094435934,0.008465532373870155
2025-12-17 12:00:00,0.01,6,-0.021783861142871286,0.011143764102153678,0.012495314119337186
2025-12-17 13:00:00,0.01,6,-0.08632069275829773,0.010081458549488513,0.007582450365777982
2025-12-17 14:00:00,0.01,6,-0.10013153056536217,0.010033014511263346,0.007866849987475222
2025-12-17 15:00:00,0.01,6,-0.09994843126854336,0.010033014511263346,0.006858485147114957
2025-12-17 16:00:00,0.01,6,-0.10084589529523552,0.010041082720470385,0.008728305567872463
2025-12-17 17:00:00,0.065,6,0.05247936295006472,0.013842528609070585,0.018178328255934517
2025-12-17 18:00:00,0.22,6,0.2802070964383977,0.152179560736206,0.15206332744149978
2025-12-17 19:00:00,0.1949999999999999,6,0.2847431732527177,0.15909130729760765,0.14963488267401098
2025-12-17 20:00:00,0.3916666666666666,6,0.454394894924227,0.4232987802405605,0.41930406944583615
2025-12-17 21:00:00,0.4249999999999999,6,0.46667282577214064,0.4598399440952638,0.4491540897942213
2025-12-17 22:00:00,0.5,6,0.5172323032254833,0.5240743213020174,0.5220906931946113
2025-12-17 23:00:00,0.7166666666666666,6,0.6505763344723569,0.7741557661729727,0.7659369392233277
2025-12-18 00:00:00,0.8533333333333333,6,0.7146182968713317,0.8683340234079103,0.8729729914685627
2025-12-18 01:00:00,0.6533333333333334,6,0.5826965092043448,0.643847489611558,0.6569570961884353
2025-12-18 02:00:00,0.55,6,0.5314002851364911,0.5735870593799177,0.5547277419324154
2025-12-18 03:00:00,0.335,6,0.4174723374205159,0.35902062535729234,0.3529699543775567
2025-12-18 04:00:00,0.4633333333333333,6,0.477322039714171,0.47391117140165695,0.4682579860168847
2025-12-18 05:00:00,0.6049999999999999,6,0.5883105042103551,0.6812754538022758,0.6785103692302106
2025-12-18 06:00:00,0.4866666666666666,6,0.5016582789468841,0.5163131115867481,0.5132999106658388
2025-12-18 07:00:00,0.2249999999999999,6,0.35097874124529205,0.22766982094488208,0.2422952527053353
2025-12-18 08:00:00,0.165,6,0.3111512654932862,0.15906120067232396,0.16683908448075918
2025-12-18 09:00:00,0.1683333333333333,6,0.31130048675563105,0.1606937173187131,0.16783593381427866
2025-12-18 10:00:00,0.1783333333333333,6,0.3163752557192714,0.18950687359073087,0.1909249012292508
2025-12-18 11:00:00,0.14,6,0.2915755836444388,0.1483460609957308,0.14671144358351573
2025-12-18 12:00:00,0.2849999999999999,6,0.3954291510044947,0.3181040617677717,0.3141560193008357
2025-12-18 13:00:00,0.665,6,0.5840801949011512,0.6648394743135243,0.6569570961884353
2025-12-18 14:00:00,0.6966666666666665,6,0.6056357353453085,0.6955280435930282,0.6936384183330226
2025-12-18 15:00:00,0.8900000000000001,6,0.7369531095108115,0.897102033257684,0.906820257965571
2025-12-18 16:00:00,0.9299999999999998,6,0.7476495036684068,0.8944027977938962,0.9154057441687928
2025-12-18 17:00:00,0.9483333333333333,6,0.7806670778630211,0.915181960569418,0.9539881140929957
2025-12-18 18:00:00,0.9683333333333332,6,0.8003676661086296,0.9625795396465645,0.9603770006163765
2025-12-18 19:00:00,0.99,6,0.8668742844712791,0.9841290669773101,0.9803176754031321
2025-12-18 20:00:00,0.9883333333333334,6,0.8278232323110966,0.9787082952858646,0.9780745852750719
2025-12-18 21:00:00,0.9833333333333332,6,0.846580575402345,0.9827927980046166,0.9774989050220754
2025-12-18 22:00:00,0.9166666666666666,6,0.7385349514086473,0.8929916137202693,0.9069384808551455
2025-12-18 23:00:00,0.9699999999999998,6,0.7976011086017312,0.9632085668025163,0.9585035035646666
2025-12-19 00:00:00,0.7399999999999998,6,0.6337546201001919,0.7472955524320863,0.7566995387081437
2025-12-19 01:00:00,0.9833333333333332,6,0.8275434074449921,0.9789042095861934,0.9776108943532771
2025-12-19 02:00:00,0.99,6,0.855881279034101,0.982596056130836,0.9800601926448357
2025-12-19 03:00:00,0.97,6,0.7859389856692987,0.9577766601468499,0.9540643042250806
2025-12-19 04:00:00,0.9383333333333332,6,0.7521564840326981,0.9112905905017198,0.9156173016773577
2025-12-19 05:00:00,0.5666666666666667,6,0.5469189903323842,0.6143773628289196,0.5828972315077918
2025-12-19 06:00:00,0.1349999999999999,6,0.22621352044819615,0.09147846879437785,0.08721013144162115
2025-12-19 07:00:00,0.01,6,-0.0078498977564474,0.011871563452156498,0.011123894447630345
2025-12-19 08:00:00,0.0116666666666666,6,0.12736485474406045,0.022846328024929283,0.036497064077413155
2025-12-19 09:00:00,0.0316666666666666,6,0.17090691474177,0.04845989959426852,0.06008206880489286
2025-12-19 10:00:00,0.01,6,0.03271462981758705,0.011668633301042503,0.013550786154602423
2025-12-19 11:00:00,0.0866666666666666,6,0.23330924928620844,0.09903910931598525,0.09546196295743414
2025-12-19 12:00:00,0.2399999999999999,6,0.36522554321787504,0.2656009046740362,0.2616081480461668
2025-12-19 13:00:00,0.4866666666666666,6,0.4913767896360802,0.492957282440245,0.49751960580883825
2025-12-19 14:00:00,0.7366666666666666,6,0.6341071608775157,0.7443007792268638,0.7575907310067391
2025-12-19 15:00:00,0.8666666666666667,6,0.6850837813661137,0.836284971002309,0.831858125679672
2025-12-19 16:00:00,0.9866666666666668,6,0.8106635766947565,0.9727177647224833,0.9643476692095321
2025-12-19 17:00:00,0.9866666666666668,6,0.8423487400555518,0.9824858453519056,0.9774446381680174
2025-12-19 18:00:00,0.99,6,1.0344298634832019,0.9845327871583691,0.9746170109452305
2025-12-19 19:00:00,0.99,6,0.9838621454268788,0.9884121586909932,0.9756434694350948
2025-12-19 20:00:00,0.9883333333333332,6,0.8368837628402077,0.9823758098730141,0.9751736318685381
2025-12-19 21:00:00,0.9116666666666668,6,0.783694333898243,0.9199793651313011,0.9537487034186339
2025-12-19 22:00:00,0.9783333333333332,6,0.8061712462913186,0.972787703664363,0.9649488014750781
2025-12-19 23:00:00,0.99,6,0.8995410221839844,0.9815586715203534,0.9723601165493193
2025-12-20 00:00:00,0.99,6,0.8533977002043236,0.982811462401399,0.9800601926448357
2025-12-20 01:00:00,0.945,6,0.7350131313644921,0.8877935798122882,0.9077540851300263
2025-12-20 02:00:00,0.9833333333333332,6,0.7742507418400286,0.9493038866043603,0.9533196498314743
2025-12-20 03:00:00,0.98,6,0.7930784861320463,0.953428732651902,0.9585792706365053
2025-12-20 04:00:00,0.7433333333333332,6,0.6666804789954971,0.7959947269788573,0.7998081854569874
2025-12-20 05:00:00,0.5,6,0.565346911895674,0.6143578535766085,0.6094877384031523
2025-12-20 06:00:00,0.1283333333333333,6,0.32645670627580503,0.15495767126187013,0.17242830010817928
2025-12-20 07:00:00,0.09,6,0.41311656172722055,0.30140055433610446,0.32061689183539727
2025-12-20 08:00:00,0.1966666666666666,6,0.41419722678657067,0.29775963384942744,0.32957764563665515
2025-12-20 09:00:00,0.105,6,0.30767728650743675,0.14023824769833815,0.14192604808930967
2025-12-20 10:00:00,0.1166666666666666,6,0.36781271434587326,0.2433380539298145,0.24219484632818836
2025-12-20 11:00:00,0.1449999999999999,6,0.4135211912542466,0.31824867418802166,0.3246311940756344
2025-12-20 12:00:00,0.2099999999999999,6,0.4469374942972095,0.40144623939668045,0.3986325201377542
2025-12-20 13:00:00,0.3833333333333333,6,0.5340597652323521,0.5697211487613582,0.5447328267538041
2025-12-20 14:00:00,0.2633333333333333,6,0.4330808753624772,0.3474885296973198,0.3836619894633163
2025-12-20 15:00:00,0.2466666666666666,6,0.40733521126562444,0.36790930424404417,0.33429798851871867
2025-12-20 16:00:00,0.11,6,0.2661184171738802,0.10841699885081794,0.12637574689719192
2025-12-20 17:00:00,0.01,6,-0.02036411053126111,0.01104724928456812,0.012527961770314955
2025-12-20 18:00:00,0.01,6,-0.11196131504132707,0.01000645125759604,0.0034428231880846982
2025-12-20 19:00:00,0.01,6,-0.15459594090009682,0.010004988467930201,0.008804883190674906
2025-12-20 20:00:00,0.01,6,-0.17104405517621046,0.010004988467930201,0.009208233551529499
2025-12-20 21:00:00,0.01,6,-0.11585055450919099,0.010006117108943655,0.009140776882745949
2025-12-20 22:00:00,0.01,6,-0.04952795106591382,0.010751125104074217,0.016014296265038086
2025-12-20 23:00:00,0.0583333333333333,6,0.2353416035745775,0.09876780940761203,0.09753127083994023
2025-12-21 00:00:00,0.04,6,0.16463031333421824,0.05187326557781034,0.058031586297855764
2025-12-21 01:00:00,0.0816666666666666,6,0.253632970427725,0.1108426846415703,0.11303048704117025
2025-12-21 02:00:00,0.2983333333333333,6,0.4103718269980581,0.36748285028926536,0.3417047901181874
2025-12-21 03:00:00,0.2283333333333333,6,0.36788723628834696,0.29196083023564956,0.26144309506521285
2025-12-21 04:00:00,0.7166666666666667,6,0.6363328897824689,0.7514366921153939,0.75748828816007
2025-12-21 05:00:00,0.9983333333333334,6,0.9396998011367605,0.9843347789779024,0.9686931125120118
2025-12-21 06:00:00,0.8633333333333334,6,0.7398201568130482,0.9034463187760592,0.9058945767076396
2025-12-21 07:00:00,0.325,6,0.40745948203349747,0.3601456602094352,0.3384867590440404
2025-12-21 08:00:00,0.3049999999999999,6,0.4087290453325042,0.3607842531367817,0.3381180769000813
2025-12-21 09:00:00,0.325,6,0.41666457919020017,0.3387077790120521,0.3536691881271936
2025-12-21 10:00:00,0.3716666666666666,6,0.4489019655669384,0.42870430044843794,0.41179350357280387
2025-12-21 11:00:00,0.3783333333333333,6,0.4474995604757077,0.4171822374811024,0.4120039535905247
2025-12-21 12:00:00,0.3116666666666666,6,0.4055070921147883,0.3357121461679089,0.3300843227226332
2025-12-21 13:00:00,0.3066666666666667,6,0.4146574553899679,0.35929040667581613,0.353545376832269
2025-12-21 14:00:00,0.3283333333333333,6,0.4270486947489667,0.3771942133181901,0.36428152738372643
2025-12-21 15:00:00,0.5,6,0.5023967550706624,0.523397697829074,0.514261974545599
2025-12-21 16:00:00,0.4166666666666666,6,0.47822428532530825,0.48280484347840447,0.46996343337398533
2025-12-21 17:00:00,0.4666666666666666,6,0.4610339306993638,0.4224357079312998,0.44219815152261843
2025-12-21 18:00:00,0.5633333333333334,6,0.5359080793874962,0.569666424132093,0.575820479883616
2025-12-21 19:00:00,0.7516666666666665,6,0.6620872014256592,0.794261858695791,0.786727596099779
2025-12-21 20:00:00,0.6883333333333334,6,0.6209980977701087,0.7222666495783314,0.708834533992285
2025-12-21 21:00:00,0.6733333333333333,6,0.5887393468671255,0.6791736199185671,0.6783424082075823
2025-12-21 22:00:00,0.5033333333333334,6,0.5130696482493884,0.5192535614028121,0.5215967626131831
2025-12-21 23:00:00,0.57,6,0.5403543234557479,0.5509807859426055,0.5758629688787085
2025-12-22 00:00:00,0.6566666666666667,6,0.6116288241826902,0.6985714011749761,0.6992889103925988
2025-12-22 01:00:00,0.4816666666666666,6,0.5108544998717184,0.5220508206987778,0.521480278591831
2025-12-22 02:00:00,0.1783333333333333,6,0.295860601621313,0.169666182600165,0.16143076713151436
2025-12-22 03:00:00,0.01,6,-0.06526047978208291,0.010061551224023309,0.00706546561583804
2025-12-22 04:00:00,0.0149999999999999,6,0.12607250261705877,0.02711463460454502,0.03634097205514403
2025-12-22 05:00:00,0.095,6,0.2642110710181114,0.10785623105510837,0.1261620988662783
2025-12-22 06:00:00,0.1999999999999999,6,0.35758125385413375,0.25666813428334806,0.24943486547765167
2025-12-22 07:00:00,0.1333333333333333,6,0.28519007358074255,0.13143829518789518,0.13607437266923147
2025-12-22 08:00:00,0.1816666666666666,6,0.3123598125025887,0.15617839981521353,0.15713245701133843
2025-12-22 09:00:00,0.5533333333333333,6,0.5366378314429509,0.5725169274842394,0.5717332199146962
2025-12-22 10:00:00,0.965,6,0.8448758618245331,0.9827257145911907,0.9774989050220754
2025-12-22 11:00:00,0.975,6,0.8574222231245539,0.9826983384894925,0.9802095766443286
2025-12-22 12:00:00,0.9866666666666666,6,0.8925778299306772,0.9852624095171321,0.9725348443682765
2025-12-22 13:00:00,0.9566666666666666,6,0.8253787965655826,0.9697879073471904,0.970378254602187
2025-12-22 14:00:00,0.9883333333333334,6,0.8682903986869572,0.9558752747643903,0.9803059219112084
2025-12-22 15:00:00,0.9883333333333334,6,0.9000630296556658,0.9376411447340399,0.9709407954934212
2025-12-22 16:00:00,0.99,6,0.88551412266818,0.9804663907062885,0.9727081763010417
2025-12-22 17:00:00,0.99,6,0.9271062344073224,0.9852336408983492,0.96797966891653
2025-12-22 18:00:00,0.975,6,0.8700318389027426,0.9833186651539548,0.9783653172765009
2025-12-22 19:00:00,0.585,6,0.5512973765958484,0.6061067075113974,0.5984138098229471
2025-12-22 20:00:00,0.1149999999999999,6,0.2754195025351409,0.1394900192968828,0.13984325033374248
2025-12-22 21:00:00,0.1733333333333333,6,0.3398767002022779,0.20468661545563185,0.21845391635845202
2025-12-22 22:00:00,0.1116666666666666,6,0.2574197871193047,0.10374660396002004,0.1146320044818323
2025-12-22 23:00:00,0.0749999999999999,6,0.19668208223200878,0.06752088205042,0.05768023337071371
2025-12-23 00:00:00,0.0233333333333333,6,0.06678949504237386,0.013532978883652881,0.018007370751222773
2025-12-23 01:00:00,0.01,6,-0.10200604213933087,0.01001870222086431,0.006598649096102027
2025-12-23 02:00:00,0.01,6,0.008673729726251134,0.010386410960682347,0.007327976571392725
2025-12-23 03:00:00,0.0149999999999999,6,0.08784746983012498,0.018376729755399644,0.01348255329621284
2025-12-23 04:00:00,0.01,6,-0.054651299333016434,0.010073608073340979,0.008148313963550147
2025-12-23 05:00:00,0.01,6,0.03804284797068169,0.012545217549025876,0.005428540279218075
2025-12-23 06:00:00,0.01,6,0.12900562690668155,0.0228571237216208,0.025138020358743463
2025-12-23 07:00:00,0.01,6,0.0654076658045269,0.012676797304934265,0.008175318450696911
2025-12-23 08:00:00,0.0349999999999999,6,0.2403831553464847,0.08083343104092992,0.08314592380690078
2025-12-23 09:00:00,0.0216666666666666,6,0.14829810139287652,0.031150807605380373,0.03865049147529381
2025-12-23 10:00:00,0.01,6,-0.08471669854178432,0.010130972079852666,0.006507313002127424
2025-12-23 11:00:00,0.01,6,-0.1089608920538181,0.010005304412538994,0.006093347384828196
2025-12-23 12:00:00,0.01,6,-0.09174937637330685,0.01001550873644402,0.00645662231716948
2025-12-23 13:00:00,0.01,6,-0.043690162427380025,0.009869587798090962,0.009008432769783525
2025-12-23 14:00:00,0.01,6,-0.056555720363299145,0.010219909450903612,0.0058802759254135695
2025-12-23 15:00:00,0.01,6,-0.10646632575340075,0.010012421181247514,0.006501740740814332
2025-12-23 16:00:00,0.01,6,-0.13825330147544518,0.010004988467930201,0.006276118279664733
2025-12-23 17:00:00,0.01,6,-0.12616080984865347,0.010004988467930201,0.006276118279664733
2025-12-23 18:00:00,0.01,6,-0.13003672192157406,0.010004988467930201,0.006276118279664733
2025-12-23 19:00:00,0.01,6,-0.08058100356309397,0.009962650351914107,0.0061765525744109095
2025-12-23 20:00:00,0.01,6,-0.0836812041950663,0.010109979870431978,0.0061765525744109095
2025-12-23 21:00:00,0.01,6,-0.10275194497937543,0.01001870222086431,0.006501740740814332
2025-12-23 22:00:00,0.0083333333333333,6,0.014576273666689538,0.01031332012408108,0.011229423827335494
2025-12-23 23:00:00,0.0783333333333333,6,0.2522944806574034,0.09973490315172698,0.09644791138333308
2025-12-24 00:00:00,0.18,6,0.34734689345076064,0.1790626765337791,0.2223228319268878
2025-12-24 01:00:00,0.3049999999999999,6,0.41804882399390775,0.3123240183180764,0.3330381670928308
2025-12-24 02:00:00,0.7349999999999999,6,0.6569497118768989,0.792694067956297,0.7861226842579114
2025-12-24 03:00:00,0.6533333333333333,6,0.5950825087274073,0.688400488925778,0.6800194045348683
2025-12-24 04:00:00,0.5683333333333332,6,0.5641093953860343,0.609393342225271,0.6094877384031523
2025-12-24 05:00:00,0.7633333333333333,6,0.685800459926009,0.8385952307222762,0.8342227818701504
2025-12-24 06:00:00,0.8833333333333333,6,0.7577428573181342,0.9407139810044876,0.933042400785607
2025-12-24 07:00:00,0.5833333333333333,6,0.5630418542499488,0.5995158743757834,0.607832516366795
2025-12-24 08:00:00,0.6816666666666666,6,0.6168508553334477,0.7169370860715029,0.7036438868905186
2025-12-24 09:00:00,0.5583333333333333,6,0.5540762180450158,0.6100202959199772,0.5932077902406165
2025-12-24 10:00:00,0.4583333333333333,6,0.5204288981249419,0.50134304600308,0.5070941015426808
2025-12-24 11:00:00,0.2716666666666666,6,0.40132892198299175,0.29287437699788577,0.29955761968356087
2025-12-24 12:00:00,0.2133333333333333,6,0.3634259605297372,0.24130786999876122,0.23848588431084797
2025-12-24 13:00:00,0.2299999999999999,6,0.3734448948532588,0.25975941060749,0.25512771031930914
2025-12-24 14:00:00,0.2349999999999999,6,0.37004930377177536,0.26405547738836205,0.2492679952824655
2025-12-24 15:00:00,0.2083333333333333,6,0.36059185042556896,0.25106072830073894,0.2445979725494911
2025-12-24 16:00:00,0.26,6,0.3976776939512954,0.3170373760900624,0.29301935461229545
2025-12-24 17:00:00,0.2949999999999999,6,0.4147861764404869,0.30918413509276826,0.3330381670928308
2025-12-24 18:00:00,0.2483333333333333,6,0.3858351420677175,0.26619819893364394,0.2700690574953984
2025-12-24 19:00:00,0.2866666666666666,6,0.397505098659773,0.2914063132301615,0.283749431382182
2025-12-24 20:00:00,0.5516666666666666,6,0.5496231576755337,0.6045196977335258,0.5844154487050637
2025-12-24 21:00:00,0.5616666666666666,6,0.5935031337035661,0.6743936002169911,0.6779121100740841
2025-12-24 22:00:00,0.3649999999999999,6,0.49057907715956983,0.4657306094285377,0.4673882717437599
2025-12-24 23:00:00,0.5433333333333333,6,0.6249927859951532,0.7202041201837982,0.7288060626311208
2025-12-25 00:00:00,0.4716666666666666,6,0.5953972542002309,0.6868203287132246,0.6784046718586847
2025-12-25 01:00:00,0.4733333333333333,6,0.6428587692100649,0.7326160137748448,0.7518244652048984
2025-12-25 02:00:00,0.6716666666666667,6,0.8279626608385904,0.9763040363433474,0.9787042822468547
2025-12-25 03:00:00,0.4333333333333332,6,0.6033465223962268,0.6914394388543254,0.69534163266658
2025-12-25 04:00:00,0.565,6,0.7464521467209942,0.895876192831549,0.9177958339332358
2025-12-25 05:00:00,0.5549999999999999,6,0.7608789959152187,0.9194116495732787,0.9394140854143354
2025-12-25 06:00:00,0.3966666666666667,6,0.5951669746878472,0.6883938716423301,0.6880379655657822
2025-12-25 07:00:00,0.4299999999999999,6,0.6136158034063192,0.7013000597021741,0.7036680437513314
2025-12-25 08:00:00,0.3983333333333333,6,0.6148684785560088,0.7046176272691569,0.7036680437513314
2025-12-25 09:00:00,0.1733333333333333,6,0.43271231075025507,0.34624033499144763,0.34443389834108973
2025-12-25 10:00:00,0.1483333333333333,6,0.4039498441957724,0.2798369366333041,0.2938216435500536
2025-12-25 11:00:00,0.2049999999999999,6,0.443374496452006,0.3637065708386468,0.3767179675643855
2025-12-25 12:00:00,0.1249999999999999,6,0.3353860227861212,0.18603305334804854,0.19505625366618679
2025-12-25 13:00:00,0.2033333333333333,6,0.39917723155516815,0.33643587485330656,0.3118833102849279
2025-12-25 14:00:00,0.1616666666666666,6,0.3229956738358233,0.18538446446107393,0.1954628450533737
2025-12-25 15:00:00,0.1966666666666666,6,0.3510221824486568,0.23047623334847553,0.24120055604444984
2025-12-25 16:00:00,0.1916666666666666,6,0.3135174663784075,0.15712109753115644,0.16488593651514946
2025-12-25 17:00:00,0.1483333333333333,6,0.2579485343702303,0.10633593665529323,0.10771976254415522
2025-12-25 18:00:00,0.1516666666666667,6,0.2609483469427037,0.105962227189614,0.10542150307283271
2025-12-25 19:00:00,0.3533333333333333,6,0.3899664624053196,0.31208233422049514,0.2809895620922034
2025-12-25 20:00:00,0.7666666666666666,6,0.6252084920686699,0.7171642765512073,0.7334305256495902
2025-12-25 21:00:00,0.8499999999999999,6,0.6988237597209179,0.84479458553503,0.8424419385940726
2025-12-25 22:00:00,0.4549999999999999,6,0.472250856718757,0.4421934634615792,0.4424298168853379
2025-12-25 23:00:00,0.2533333333333333,6,0.35682062453124874,0.2327306918001428,0.23026453519951612
2025-12-26 00:00:00,0.3133333333333334,6,0.39002546919209147,0.29592741766562863,0.275899351542475
2025-12-26 01:00:00,0.4516666666666666,6,0.4384063214340591,0.3553848723165026,0.36526864669700587
2025-12-26 02:00:00,0.64,6,0.499797273025685,0.4827385739124102,0.4909406727908228
2025-12-26 03:00:00,0.2766666666666666,6,0.3607477097313181,0.22677826935265008,0.23220033203358542
2025-12-26 04:00:00,0.3449999999999999,6,0.39140569587036267,0.2924736690935559,0.28307317961785633
2025-12-26 05:00:00,0.235,6,0.3277233957574601,0.19659343691119666,0.18466297699898662
2025-12-26 06:00:00,0.12,6,0.2314931601782576,0.09227353102249851,0.09187074393001843
2025-12-26 07:00:00,0.0516666666666666,6,0.11333429273804291,0.026282147999550032,0.031942073616948174
2025-12-26 08:00:00,0.0266666666666666,6,0.13521393835223605,0.025467665826028316,0.028971782749822372
2025-12-26 09:00:00,0.0166666666666666,6,-0.0027328066836737885,0.011151889561027901,0.011982621071676525
2025-12-26 10:00:00,0.1566666666666666,6,0.2836042387713229,0.14467857663103253,0.145128396544587
2025-12-26 11:00:00,0.0583333333333333,6,0.18960736228501845,0.07151546790745135,0.06950299924980846
2025-12-26 12:00:00,0.0833333333333333,6,0.2092492237375202,0.11361622845848923,0.0938189332817359
2025-12-26 13:00:00,0.2316666666666666,6,0.31053161771019455,0.21263244758033167,0.1881545562324564
2025-12-26 14:00:00,0.8283333333333334,6,0.7232150389231009,0.8778588086747338,0.8675198253667127
2025-12-26 15:00:00,0.9916666666666668,6,0.9435017008268327,0.9523812364353448,0.97003483601127
2025-12-26 16:00:00,0.99,6,0.8879051984062156,0.9659708703551046,0.9530219234469396
2025-12-26 17:00:00,0.99,6,0.9186703123840025,0.8782093430638738,0.9645231712391299
2025-12-26 18:00:00,0.9633333333333332,6,0.7956314748984814,0.9579047205330827,0.9528706441906071
2025-12-26 19:00:00,0.7366666666666666,6,0.6201973340988493,0.7255219117550888,0.7071341972631238
2025-12-26 20:00:00,0.8516666666666665,6,0.6965053242525444,0.8402269282995896,0.8379384417257054
2025-12-26 21:00:00,0.3883333333333333,6,0.4478849619291134,0.42202343103995377,0.41314521982671015
2025-12-26 22:00:00,0.2916666666666666,6,0.4018967618904751,0.3212295441759273,0.3260512917719034
2025-12-26 23:00:00,0.2133333333333333,6,0.38842638350971515,0.306095364932927,0.30289173139821624
2025-12-27 00:00:00,0.2533333333333333,6,0.38983214588364135,0.32842381617338456,0.30289173139821624
2025-12-27 01:00:00,0.18,6,0.3468995861793789,0.23703745879639912,0.2449025042977886
2025-12-27 02:00:00,0.2016666666666666,6,0.37557740851559573,0.284104176605735,0.27928377633207674
2025-12-27 03:00:00,0.1383333333333333,6,0.29978260002941925,0.15402939632958992,0.16027957419165403
2025-12-27 04:00:00,0.0183333333333333,6,0.030528069210749575,0.011647009703051603,0.0120135753822736
2025-12-27 05:00:00,0.0416666666666666,6,0.14560494673421986,0.035717932012868894,0.04909919052373324
2025-12-27 06:00:00,0.1183333333333333,6,0.29227695140073917,0.14837817376554385,0.14194728443849244
2025-12-27 07:00:00,0.2233333333333333,6,0.3669932312801899,0.2847976329047437,0.25942441489641993
2025-12-27 08:00:00,0.2066666666666666,6,0.3470211605072965,0.22863137950949627,0.24266425910566042
2025-12-27 09:00:00,0.255,6,0.3981947163668531,0.3293378039263813,0.3107920694876706
2025-12-27 10:00:00,0.7483333333333334,6,0.6991936973267556,0.8515158894346988,0.8420349268883708
2025-12-27 11:00:00,0.97,6,0.8138461833565307,0.9748869290293061,0.9656161157950907
2025-12-27 12:00:00,0.9066666666666666,6,0.738557918494468,0.9042277728553747,0.9058945767076396
2025-12-27 13:00:00,0.9116666666666666,6,0.762052012783195,0.9203786350966499,0.9304808777338982
2025-12-27 14:00:00,0.925,6,0.7500575692915991,0.9128426141979878,0.9072008353432569
2025-12-27 15:00:00,0.9133333333333334,6,0.7550104839336567,0.9218968682306271,0.9156589663299971
2025-12-27 16:00:00,0.8733333333333334,6,0.7330475670948132,0.9008506266049491,0.904982199325307
2025-12-27 17:00:00,0.9499999999999998,6,0.8178965219660799,0.9664199389305156,0.9707618081309697
2025-12-27 18:00:00,0.9183333333333334,6,0.7794475433830783,0.9439895393672151,0.9537873194150284
2025-12-27 19:00:00,0.6033333333333333,6,0.563122556864765,0.6210077364288986,0.6183227481438411
2025-12-27 20:00:00,0.2699999999999999,6,0.361833716362444,0.2543127427250397,0.25749724437366145
2025-12-27 21:00:00,0.1516666666666666,6,0.2795496272565242,0.130463602585926,0.1359819769708458
2025-12-27 22:00:00,0.3916666666666666,6,0.47125977050609136,0.4600632666128856,0.4571453367746189
2025-12-27 23:00:00,0.2783333333333333,6,0.4367378771231589,0.39917007274936833,0.3850797558596223
2025-12-28 00:00:00,0.7299999999999999,6,0.6479024583150257,0.7831563045091771,0.7700578361851889
2025-12-28 01:00:00,0.5983333333333332,6,0.5394567829070691,0.5628406418773628,0.5688599042182514
2025-12-28 02:00:00,0.8816666666666667,6,0.7193964032472555,0.8851612249737232,0.8857582515434592
2025-12-28 03:00:00,0.9033333333333332,6,0.75341610243331,0.9289502555865143,0.9244450815202901
2025-12-28 04:00:00,0.9699999999999998,6,0.9025234631417964,0.9869003299909406,0.9731471788887452
2025-12-28 05:00:00,0.89,6,0.922061807937635,0.9885629253206529,0.9501561777203777
2025-12-28 06:00:00,0.7349999999999999,6,0.7732530932255157,0.9445893355756023,0.9481836685754865
2025-12-28 07:00:00,0.6333333333333333,6,0.7117017294292273,0.8770803152959403,0.8639324151183678
2025-12-28 08:00:00,0.6733333333333333,6,0.7529946864928057,0.9350397165010804,0.9262036624601806
2025-12-28 09:00:00,0.52,6,0.6375047353676505,0.7555336368088181,0.7559472103478442
2025-12-28 10:00:00,0.6766666666666667,6,0.7406905077983625,0.8973953880768083,0.9122976774835705
2025-12-28 11:00:00,0.8383333333333332,6,0.8597709506591746,0.9845754773605256,0.9817924067778395
2025-12-28 12:00:00,0.87,6,0.8178888404700013,0.9770995933877793,0.9717200964087129
2025-12-28 13:00:00,0.8966666666666666,6,0.8046732599388875,0.9473134378851726,0.9595912918914147
2025-12-28 14:00:00,0.635,6,0.6039919615352148,0.6557744773830682,0.6914715231377913
2025-12-28 15:00:00,0.825,6,0.7181611762342139,0.89264271334031,0.8731834414862836
2025-12-28 16:00:00,0.845,6,0.6789102383637344,0.7998410200757373,0.8154892967249459
2025-12-28 17:00:00,0.96,6,0.8831998070610823,0.976080840409213,0.9727081763010417
2025-12-28 18:00:00,0.6516666666666667,6,0.5623660734974372,0.6020106539571759,0.6183227481438411
2025-12-28 19:00:00,0.8299999999999998,6,0.6941908303876207,0.8181739684425929,0.8383235135004727
2025-12-28 20:00:00,0.5933333333333332,6,0.5452738939563803,0.5863755874342096,0.5799000162815905
2025-12-28 21:00:00,0.5533333333333333,6,0.5247317963956734,0.552517356847723,0.5292921976866698
2025-12-28 22:00:00,0.2616666666666666,6,0.35967108889168564,0.24156406688176996,0.23477729341946474
2025-12-28 23:00:00,0.385,6,0.44120388315808,0.3679617512154832,0.3866951197590606
2025-12-29 00:00:00,0.3416666666666667,6,0.40409240220085973,0.33865343458098973,0.3247076446338253
2025-12-29 01:00:00,0.3416666666666666,6,0.4160172583784002,0.3603709920638354,0.3508311289067124
2025-12-29 02:00:00,0.36,6,0.42938094107762725,0.3875799062655594,0.3642944198259788
2025-12-29 03:00:00,0.2933333333333333,6,0.37427523843989075,0.2678235829035945,0.24701309079817402
2025-12-29 04:00:00,0.2783333333333333,6,0.34374714375373083,0.18897226054194766,0.1994249601249296
2025-12-29 05:00:00,0.31,6,0.39135920259182,0.3036835625319978,0.2869892013752128
2025-12-29 06:00:00,0.4983333333333332,6,0.4947520839774169,0.47612457660336416,0.4840269734767346
2025-12-29 07:00:00,0.6583333333333333,6,0.5456872979794353,0.5607590376671937,0.573047055262321
2025-12-29 08:00:00,0.8849999999999999,6,0.6904075996642675,0.8381997776902,0.8386957109653372
2025-12-29 09:00:00,0.5499999999999999,6,0.5102992499944508,0.5186944917268853,0.5085653913595887
2025-12-29 10:00:00,0.2949999999999999,6,0.38145578975399497,0.2886319036025709,0.2847502793429381
2025-12-29 11:00:00,0.225,6,0.3502781873757056,0.24667289983780383,0.2461589370224089
2025-12-29 12:00:00,0.6133333333333332,6,0.5592674754250403,0.61882920208652,0.609272155591223
2025-12-29 13:00:00,0.4666666666666666,6,0.48781778558288935,0.45090973606968315,0.48770351913409493
2025-12-29 14:00:00,0.7599999999999999,6,0.6454415926716852,0.7633649950791992,0.736121201088157
2025-12-29 15:00:00,0.9333333333333332,6,0.7649473174348939,0.9221579768883538,0.913332122250477
2025-12-29 16:00:00,0.9566666666666664,6,0.7964838699483805,0.9636585538136044,0.9485043279256319
2025-12-29 17:00:00,0.9883333333333334,6,0.8558023068089811,0.9732292268657392,0.9776285885408665
2025-12-29 18:00:00,0.99,6,0.924299466030063,0.972953596311855,0.9353492743167806
2025-12-29 19:00:00,0.99,6,1.127775986233453,0.9868735726022622,0.9889102601105769
2025-12-29 20:00:00,0.99,6,1.0141370196091157,0.982693484940757,0.9702417878025367
2025-12-29 21:00:00,0.99,6,1.0681450925161977,0.9516333225614373,0.9533855111281037
2025-12-29 22:00:00,0.99,6,0.9271687767346162,0.966059440113878,0.9717360429821212
2025-12-29 23:00:00,0.99,6,1.0326820139095432,0.9763556440354895,0.9743594542959482
2025-12-30 00:00:00,0.99,6,0.978239121145027,0.9856616013204456,0.970451678111536
2025-12-30 01:00:00,0.99,6,0.8857170856675074,0.9854140281752681,0.9762637641600183
2025-12-30 02:00:00,0.99,6,0.8809151217970621,0.9847516602343759,0.9766677949628088
2025-12-30 03:00:00,0.99,6,0.9087848806954453,0.9851919664110337,0.9687617905596462
2025-12-30 04:00:00,0.99,6,0.9878621752236987,0.9476220426544736,0.9775513425091455
2025-12-30 05:00:00,0.99,6,0.8579206530953793,0.9818426905541827,0.979797290036684
2025-12-30 06:00:00,0.99,6,0.8220430261575848,0.9738520533065105,0.9719583289352827
2025-12-30 07:00:00,0.9866666666666666,6,0.8128845240152642,0.9733764143030034,0.9655408374696023
2025-12-30 08:00:00,0.8650000000000001,6,0.7354252893436236,0.8972306287488383,0.9068870765409953
2025-12-30 09:00:00,0.945,6,0.7965876657182802,0.9561574061405355,0.9586596867283295
2025-12-30 10:00:00,0.9716666666666666,6,0.8025615264820409,0.9562308126035209,0.9603009009643211
2025-12-30 11:00:00,0.9283333333333332,6,0.8837294195068561,0.9729601360764074,0.9658421450695123
2025-12-30 12:00:00,0.99,6,0.940059616466806,0.9758370569117335,0.9686262111971934
2025-12-30 13:00:00,0.9516666666666665,6,0.8060456538379648,0.9647866247730089,0.9561723142403779
2025-12-30 14:00:00,0.99,6,0.8835845224578944,0.9658065790792721,0.9721108238564361
2025-12-30 15:00:00,0.9883333333333334,6,0.8877461600755967,0.9170469559425862,0.9614836288629488
2025-12-30 16:00:00,0.99,6,0.9556474516056925,0.9117833120644656,0.9389842282914481
2025-12-30 17:00:00,0.99,6,1.1015624642256876,0.9872675557485,0.9762431390293126
2025-12-30 18:00:00,0.96,6,0.8789747123739617,0.9501819606354878,0.972133852282727
2025-12-30 19:00:00,0.9566666666666664,6,0.8205477875532423,0.9515287778419103,0.9605899920881055
2025-12-30 20:00:00,0.5883333333333333,6,0.5421232836562679,0.5400202421023039,0.57243505273858
2025-12-30 21:00:00,0.745,6,0.624020445271193,0.7127499707720376,0.7271280650301866
2025-12-30 22:00:00,0.6533333333333332,6,0.546881119386326,0.6063653487675057,0.5815824378510965
2025-12-30 23:00:00,0.8583333333333333,6,0.7096493844886576,0.8551355988700396,0.8613660083556499
2025-12-31 00:00:00,0.395,6,0.43150478197977415,0.38573481057044495,0.37492045379931344
2025-12-31 01:00:00,0.2566666666666666,6,0.3449426694560367,0.24748105119014469,0.251865386253598
2025-12-31 02:00:00,0.1383333333333333,6,0.23978098091389344,0.12243952726386896,0.11857689632392715
2025-12-31 03:00:00,0.0183333333333333,6,0.02567816254615929,0.01634409609123796,0.01445542477642392
2025-12-31 04:00:00,0.01,6,-0.01477028443527742,0.01157435923095897,0.011985580395761586
2025-12-31 05:00:00,0.01,6,-0.09055644537511659,0.010036539667176412,0.007351964441000003
2025-12-31 06:00:00,0.1583333333333333,6,0.24063942880601424,0.09921970689585313,0.10621748878733833
2025-12-31 07:00:00,0.2583333333333333,6,0.38084033835416586,0.2969711673907781,0.29438511347775764
2025-12-31 08:00:00,0.7349999999999999,6,0.6537382635449086,0.795752341507956,0.7865348280524652
2025-12-31 09:00:00,0.2033333333333333,6,0.3406082078612811,0.23057449882450767,0.22945287392481395
2025-12-31 10:00:00,0.11,6,0.23940013235940216,0.10685176045699407,0.11856921550185778
2025-12-31 11:00:00,0.08,6,0.18945717497241527,0.07929445905243462,0.07929077598683443
2025-12-31 12:00:00,0.165,6,0.26465296195658883,0.1338171162556441,0.14910504990862275
2025-12-31 13:00:00,0.3233333333333333,6,0.4030129588520093,0.319796537900913,0.33954598851234885
2025-12-31 14:00:00,0.1,6,0.21432508658154015,0.09547708927007997,0.1063830380916202
2025-12-31 15:00:00,0.01,6,-0.005138760187665098,0.014406264798138299,0.015416874701947303
2025-12-31 16:00:00,0.01,6,0.00966863235353263,0.01416747095252395,0.012090338087681729
2025-12-31 17:00:00,0.04,6,0.1139071177016504,0.0367668793163614,0.03931738596551354
2025-12-31 18:00:00,0.0516666666666666,6,0.11074478168574159,0.03424903684003554,0.0379195277489649
2025-12-31 19:00:00,0.0233333333333333,6,0.08616452860234419,0.024240993415673408,0.027334942668044926
2025-12-31 20:00:00,0.0283333333333333,6,0.16141026788359536,0.06922694557979932,0.060602949930325056
2025-12-31 21:00:00,0.0316666666666666,6,0.11276861537746524,0.029970223311727797,0.03267814281341158
2025-12-31 22:00:00,0.01,6,-0.02446923345003882,0.011167037141248806,0.011686411301659483
2025-12-31 23:00:00,0.01,6,-0.031164402194595542,0.010841964245129116,0.010970316380512823
2026-01-01 00:00:00,0.0149999999999999,6,0.058290191591193974,0.0177002772604384,0.015257970470021809
2026-01-01 01:00:00,0.16,6,0.29313868093399786,0.16039814034913416,0.15183250045745803
2026-01-01 02:00:00,0.6366666666666667,6,0.6239715355463611,0.7281023390542537,0.7350031995016797
2026-01-01 03:00:00,0.9883333333333334,6,0.9246659698312185,0.967384914007802,0.8951317378120722
2026-01-01 04:00:00,0.99,6,0.9167358279730036,0.9335043151835468,0.9090673741305955
2026-01-01 05:00:00,0.9883333333333332,6,0.8300828905586579,0.9682913851714547,0.9756495801625976
2026-01-01 06:00:00,0.9566666666666666,6,0.8085535979610303,0.9641552647750264,0.9647008919208896
2026-01-01 07:00:00,0.8266666666666665,6,0.6918588892664777,0.8410644451162563,0.8383986655747083
2026-01-01 08:00:00,0.5716666666666665,6,0.5345307778347109,0.573400830496341,0.5557736780540782
2026-01-01 09:00:00,0.4083333333333333,6,0.4582708069971475,0.42528026607768676,0.4375947545211173
2026-01-01 10:00:00,0.3366666666666666,6,0.41780402235079117,0.35869126767747345,0.3600459438556712
2026-01-01 11:00:00,0.115,6,0.26027673735960194,0.13050484424485817,0.13119450784552014
2026-01-01 12:00:00,0.045,6,0.1531203367896165,0.050083478839808696,0.06389497162637015
2026-01-01 13:00:00,0.065,6,0.18146736460425905,0.0730463814766487,0.06749851568305959
2026-01-01 14:00:00,0.0183333333333333,6,0.03231920782422876,0.014103545520405426,0.016493104428439487
2026-01-01 15:00:00,0.01,6,0.012490864578359934,0.01372793801530108,0.014259190666275179
2026-01-01 16:00:00,0.01,6,-0.06531859616015404,0.01009703541162132,0.008568944475851603
2026-01-01 17:00:00,0.0116666666666666,6,-0.004986843365794552,0.011971848657124107,0.014005734397505909
2026-01-01 18:00:00,0.0233333333333333,6,0.1421673135372684,0.03518280058705359,0.05059891911866704
2026-01-01 19:00:00,0.02,6,0.10433872098251462,0.02419673122930057,0.033470125395509864
2026-01-01 20:00:00,0.0733333333333333,6,0.19401517541988172,0.07640787717149773,0.06744497431436158
2026-01-01 21:00:00,0.0766666666666666,6,0.14971998933754,0.03574274987777019,0.051849744774057016
2026-01-01 22:00:00,0.0433333333333333,6,0.061505862400728584,0.02761268419265373,0.013774308082560638
2026-01-01 23:00:00,0.01,6,-0.07523854151207379,0.010027985931888313,0.007001158039185995
2026-01-02 00:00:00,0.0116666666666666,6,0.09482981451549438,0.02746603614842328,0.02540496004906545
2026-01-02 01:00:00,0.01,6,-0.02050348863104995,0.011265488460362202,0.010819960230865233
2026-01-02 02:00:00,0.01,6,-0.07507385640216133,0.010033891677377392,0.007001158039185995
2026-01-02 03:00:00,0.0116666666666666,6,0.09066461614341809,0.025055549972221987,0.025312715437078415
2026-01-02 04:00:00,0.01,6,0.033924982858143715,0.011631441978515244,0.013434211212797531
2026-01-02 05:00:00,0.01,6,-0.09257608268357789,0.010007763094435934,0.007351964441000003
2026-01-02 06:00:00,0.01,6,-0.17134516804657307,0.010004988467930201,0.007536250697301239
2026-01-02 07:00:00,0.01,6,-0.1736806447082374,0.010004988467930201,0.007536250697301239
2026-01-02 08:00:00,0.01,6,-0.04126297046640662,0.010939179870148042,0.01013931215018632
2026-01-02 09:00:00,0.075,6,0.2044611463689196,0.07918869463281697,0.07130296027842709
2026-01-02 10:00:00,0.28,6,0.4004136037567234,0.32353997756628994,0.3245965491863133
2026-01-02 11:00:00,0.4049999999999999,6,0.46037732671233844,0.42234852550040364,0.436243038267211
2026-01-02 12:00:00,0.6466666666666666,6,0.5804786139590148,0.6448026667299096,0.6562784780925779
2026-01-02 13:00:00,0.8433333333333332,6,0.6982268242438344,0.8390088751395519,0.8432019793486214
2026-01-02 14:00:00,0.7099999999999999,6,0.6371187495934908,0.7588663600535182,0.7568216075663801
2026-01-02 15:00:00,0.575,6,0.5523209678493728,0.6102458232638953,0.6052163333455409
2026-01-02 16:00:00,0.4233333333333333,6,0.47172124515341207,0.46171251037074085,0.4587021345482215
2026-01-02 17:00:00,0.3583333333333332,6,0.4235297998302975,0.3686064340575218,0.3590846999900754
2026-01-02 18:00:00,0.425,6,0.4553208449859124,0.42305756322603555,0.42056873952689905
2026-01-02 19:00:00,0.445,6,0.47145464594641195,0.4582963730564582,0.457793797587484
2026-01-02 20:00:00,0.6083333333333332,6,0.5725362638000884,0.661794769726357,0.6441391017087785
2026-01-02 21:00:00,0.875,6,0.7052403757375757,0.8538634554815762,0.8529564454976646
2026-01-02 22:00:00,0.6049999999999999,6,0.5447954807320367,0.5838246224277067,0.5808031617197278
2026-01-02 23:00:00,0.3166666666666666,6,0.380824391041254,0.2901126238322162,0.28993433629526943
2026-01-03 00:00:00,0.2616666666666666,6,0.3455048112760928,0.23994069245890576,0.2449025042977886
2026-01-03 01:00:00,0.2216666666666666,6,0.3301873143564069,0.1908896097254883,0.19827076779735925
2026-01-03 02:00:00,0.3616666666666666,6,0.4035221467275152,0.3217103595576567,0.32922770636927545
2026-01-03 03:00:00,0.1783333333333333,6,0.29721908204383507,0.1435336407170942,0.15572898162864018
2026-01-03 04:00:00,0.2099999999999999,6,0.3332413521312071,0.20383388414058418,0.19493508189320596
2026-01-03 05:00:00,0.255,6,0.39201588310083213,0.3285738265714331,0.2958289682358761
2026-01-03 06:00:00,0.16,6,0.2963941556705364,0.13115757184296697,0.14393663235876963
2026-01-03 07:00:00,0.26,6,0.3692343222968717,0.2838944546295433,0.25301584962700274
2026-01-03 08:00:00,0.2283333333333333,6,0.3412266348143017,0.18278075596796767,0.20231691983531974
2026-01-03 09:00:00,0.165,6,0.2839671052961176,0.12033454826295348,0.1281960271762134
2026-01-03 10:00:00,0.1516666666666666,6,0.26754310241390905,0.11787971663508903,0.11726098467310558
2026-01-03 11:00:00,0.0733333333333333,6,0.18761521886701044,0.0457603445993294,0.057381168110080316
2026-01-03 12:00:00,0.1333333333333333,6,0.261872313595738,0.12702698773403084,0.12988966450551767
2026-01-03 13:00:00,0.1766666666666666,6,0.3129335530887495,0.17544913157821468,0.18232055008671058
2026-01-03 14:00:00,0.1716666666666666,6,0.30790026713367524,0.17685651353585202,0.17856609385235905
2026-01-03 15:00:00,0.1966666666666666,6,0.3270908275227824,0.2232106583758259,0.21271886078918312
2026-01-03 16:00:00,0.2433333333333333,6,0.36015509846761773,0.26251108046021,0.26676732542834014
2026-01-03 17:00:00,0.2549999999999999,6,0.35870185067060867,0.2605124874790948,0.2576855768970155
2026-01-03 18:00:00,0.5216666666666667,6,0.48339048959459285,0.4751684993383134,0.476954293973953
2026-01-03 19:00:00,0.215,6,0.319270178641466,0.20509370402992494,0.1927837497288592
2026-01-03 20:00:00,0.5683333333333332,6,0.5172225365849141,0.5237159175626974,0.5220906931946113
2026-01-03 21:00:00,0.2983333333333333,6,0.38797821104348507,0.2967155432546166,0.3026812813804954
2026-01-03 22:00:00,0.19,6,0.3125123658337763,0.17566990373192928,0.1690400303312335
2026-01-03 23:00:00,0.3083333333333333,6,0.37841609673253085,0.2871022593104272,0.28782176475862004
2026-01-04 00:00:00,0.2316666666666666,6,0.34683714558792444,0.22505849946972353,0.24120055604444984
2026-01-04 01:00:00,0.2866666666666666,6,0.3731099291622746,0.2709321152684546,0.2568730333813545
2026-01-04 02:00:00,0.2799999999999999,6,0.3310719848812047,0.2046744804339958,0.19493508189320596
2026-01-04 03:00:00,0.19,6,0.32214277010672776,0.18476332250711966,0.18390603432099847
2026-01-04 04:00:00,0.2733333333333333,6,0.367113279570519,0.25098602452439056,0.24402582630293565
2026-01-04 05:00:00,0.2666666666666666,6,0.3494094380695377,0.22257855684741956,0.2330328613752036
2026-01-04 06:00:00,0.3916666666666666,6,0.45386772413859555,0.3939774030947262,0.4058076382842333
2026-01-04 07:00:00,0.3083333333333333,6,0.3892325391804554,0.3045776035600862,0.2913550650898372
2026-01-04 08:00:00,0.5016666666666665,6,0.48813410752100705,0.4529684810000523,0.48294370475488346
2026-01-04 09:00:00,0.0716666666666666,6,0.11895154329090946,0.025418793974292343,0.03444844735557018
2026-01-04 10:00:00,0.0716666666666666,6,0.17081820108993362,0.04748898655738943,0.059094476036834154
2026-01-04 11:00:00,0.0733333333333333,6,0.20229859542014783,0.08109566169931949,0.07033419632364618
2026-01-04 12:00:00,0.01,6,-0.04390881795980639,0.010746420853716973,0.010723956037585858
2026-01-04 13:00:00,0.01,6,-0.16235323268697666,0.010004988467930201,0.006015202407631259
2026-01-04 14:00:00,0.01,6,-0.0896472304187752,0.010051502143498522,0.0058669348365514296
2026-01-04 15:00:00,0.0333333333333333,6,0.1406034536691293,0.05089745096056648,0.05473125789325184
2026-01-04 16:00:00,0.2533333333333333,6,0.3459234551350844,0.2470521320779392,0.25142882321532095
2026-01-04 17:00:00,0.6166666666666667,6,0.5674954493929086,0.6417606010377199,0.6441556438752947
2026-01-04 18:00:00,0.6016666666666666,6,0.5607835959707133,0.5650224298533107,0.6127017318159778
2026-01-04 19:00:00,0.6366666666666667,6,0.5730292765575806,0.6570671886293107,0.6387280643417934
2026-01-04 20:00:00,0.4749999999999999,6,0.4917681682901496,0.49067487749734756,0.4924723521315283
2026-01-04 21:00:00,0.3233333333333333,6,0.4114836745323567,0.36327988390031013,0.348561879872944
2026-01-04 22:00:00,0.4683333333333332,6,0.4834503867900657,0.45978500731232513,0.47565000212943787
2026-01-04 23:00:00,0.7666666666666667,6,0.644992326325076,0.7688885863433406,0.7561078886252286
2026-01-05 00:00:00,0.2866666666666666,6,0.36798729392647567,0.2894437624970203,0.26852369745033505
2026-01-05 01:00:00,0.3266666666666666,6,0.3942081922228021,0.321193543519799,0.3165798055191723
2026-01-05 02:00:00,0.3416666666666666,6,0.39673022719982043,0.33683458558367313,0.31567146855843475
2026-01-05 03:00:00,0.2783333333333333,6,0.36527007830161917,0.2614441200335758,0.26434904228323064
2026-01-05 04:00:00,0.17,6,0.3048093496769283,0.17371989344599542,0.16679054535898818
2026-01-05 05:00:00,0.1233333333333333,6,0.26216607627182126,0.12767485461245434,0.13115433458658057
2026-01-05 06:00:00,0.045,6,0.12438027733362372,0.03008273334862554,0.040766363773233005
2026-01-05 07:00:00,0.01,6,-0.05619140344247342,0.010470475542671916,0.006541602201594887
2026-01-05 08:00:00,0.01,6,-0.0950233418187385,0.01003161646528617,0.007513657806449747
2026-01-05 09:00:00,0.01,6,-0.039086786915173866,0.010995625409362225,0.010047067538199284
2026-01-05 10:00:00,0.01,6,-0.04995620852150118,0.010811933403397847,0.010196725664757933
2026-01-05 11:00:00,0.01,6,-0.07569932922237241,0.010011825024107373,0.007001158039185995
2026-01-05 12:00:00,0.0183333333333333,6,0.042600111933849716,0.012024796669422393,0.01328561895830016
2026-01-05 13:00:00,0.0316666666666666,6,0.1509521138476987,0.03957148153220966,0.051849744774057016
2026-01-05 14:00:00,0.01,6,0.03761525223826401,0.012100129369062467,0.013822941581506765
2026-01-05 15:00:00,0.01,6,0.0036432419469709654,0.011600858677297021,0.013420406299479326
2026-01-05 16:00:00,0.02,6,0.08719994642707557,0.028936519115267807,0.02567393050364164
2026-01-05 17:00:00,0.0366666666666666,6,0.15437263020980158,0.03805798177611452,0.0574884270999122
2026-01-05 18:00:00,0.0683333333333333,6,0.20725527428825807,0.07910148741414993,0.07050342530671577
2026-01-05 19:00:00,0.0833333333333333,6,0.2142454265389691,0.07883186289488707,0.08165048708790379
2026-01-05 20:00:00,0.1316666666666666,6,0.2582637380945452,0.11186038771185869,0.11725152824620305
2026-01-05 21:00:00,0.1883333333333333,6,0.31316378129299915,0.16942205441943975,0.16683908448075918
2026-01-05 22:00:00,0.3766666666666666,6,0.4063704998491803,0.3520662473248974,0.3347663277619196
2026-01-05 23:00:00,0.4216666666666666,6,0.4372125009075972,0.39894355824511435,0.3850797558596223
2026-01-06 00:00:00,0.375,6,0.4133285035746844,0.37208913855620784,0.3418834854149941
2026-01-06 01:00:00,0.3183333333333333,6,0.3973490106684928,0.3234289808322923,0.3112570484483876
2026-01-06 02:00:00,0.8166666666666667,6,0.6971898290733802,0.8338638061710468,0.8421361344982207
2026-01-06 03:00:00,0.9866666666666668,6,0.9849571552395651,0.9884089606253462,0.9758257477588888
2026-01-06 04:00:00,0.8433333333333333,6,0.7455751324784228,0.9058220528652557,0.9112892715985902
2026-01-06 05:00:00,0.9699999999999998,6,0.777140171026903,0.9438832200194084,0.9536059781106291
2026-01-06 06:00:00,0.8766666666666665,6,0.704678919974113,0.8490821229760169,0.8545656087239648
2026-01-06 07:00:00,0.9733333333333332,6,0.8427065197883834,0.9843408441549946,0.9784146815752438
2026-01-06 08:00:00,0.9899999999999998,6,0.9185237101591974,0.9835466859043133,0.9535054958206587
2026-01-06 09:00:00,0.9783333333333332,6,0.9104083325515397,0.9814942313103205,0.9681078006984964
2026-01-06 10:00:00,0.9683333333333332,6,0.964557487853825,0.9878288543960413,0.9748886721238558
2026-01-06 11:00:00,0.9866666666666666,6,0.9911976656380315,0.9875870831959503,0.9742354715225553
2026-01-06 12:00:00,0.9766666666666666,6,0.9002683325792964,0.9758956013716629,0.9717018424617092
2026-01-06 13:00:00,0.9683333333333332,6,0.8296581173354582,0.9691030959682698,0.9767934667992757
2026-01-06 14:00:00,0.9866666666666668,6,0.8992453778350888,0.967784747388719,0.9649239382396884
2026-01-06 15:00:00,0.99,6,0.8958110253988463,0.9722374347447726,0.9528471956279824
2026-01-06 16:00:00,0.9883333333333334,6,0.9420226121266513,0.9792994912087611,0.9698117071147955
2026-01-06 17:00:00,0.9883333333333334,6,0.8312065898780161,0.9688952600665768,0.9747299100019511
2026-01-06 18:00:00,0.99,6,0.8484585964225535,0.9789264256001124,0.9800604906803342
2026-01-06 19:00:00,0.8549999999999999,6,0.7224973673382371,0.8892987705283278,0.8852591343812264
2026-01-06 20:00:00,0.6966666666666665,6,0.6030115827995242,0.6902514502965857,0.692335550915206
2026-01-06 21:00:00,0.4633333333333333,6,0.4613648269567774,0.4273123938512205,0.43923545206855186
2026-01-06 22:00:00,0.23,6,0.311235909711552,0.15164663624269845,0.16366554140508452
2026-01-06 23:00:00,0.0199999999999999,6,0.01888418220739771,0.01119080770661232,0.007234089146772704
2026-01-07 00:00:00,0.01,6,0.03933708265092417,0.01281331097593296,0.007114782685592458
2026-01-07 01:00:00,0.0283333333333333,6,0.1260254241373331,0.02215482449023953,0.03174131300155586
2026-01-07 02:00:00,0.0283333333333333,6,0.06949114508382326,0.019734163019189427,0.021339401596444707
2026-01-07 03:00:00,0.01,6,-0.02261100049078099,0.011711934665295659,0.010955140359197035
2026-01-07 04:00:00,0.01,6,-0.10908175423086124,0.010005304412538994,0.0070969169457627546
2026-01-07 05:00:00,0.01,6,-0.13834811927763724,0.010004988467930201,0.009160789437271832
2026-01-07 06:00:00,0.01,6,-0.1592686237326929,0.010004988467930201,0.00948956104585641
2026-01-07 07:00:00,0.01,6,-0.1454192280425482,0.010004988467930201,0.006745171280678974
2026-01-07 08:00:00,0.01,6,-0.09629176080966106,0.010038972758101275,0.006809090300230747
2026-01-07 09:00:00,0.01,6,-0.12809674377525482,0.010004988467930201,0.008476111582090329
2026-01-07 10:00:00,0.01,6,-0.17359009981129433,0.010004988467930201,0.007463054059155538
2026-01-07 11:00:00,0.01,6,-0.10078940669059258,0.010019543948935746,0.007397082864644855
2026-01-07 12:00:00,0.01,6,-0.1271632139533298,0.010004988467930201,0.008301671620108642
2026-01-07 13:00:00,0.01,6,-0.1286084498328896,0.010004988467930201,0.009080552194917768
2026-01-07 14:00:00,0.01,6,-0.15884797037076864,0.010004988467930201,0.008541180025157136
2026-01-07 15:00:00,0.01,6,-0.1130842509016762,0.01000645125759604,0.008763998046523835
2026-01-07 16:00:00,0.0116666666666666,6,0.028899428826853202,0.015338707880978176,0.012394781307225045
2026-01-07 17:00:00,0.0283333333333333,6,0.1821318526786126,0.0568169186497804,0.04927632091168982
2026-01-07 18:00:00,0.02,6,0.15559391941286438,0.027814621569349635,0.041812167635904396
2026-01-07 19:00:00,0.0116666666666666,6,0.03840251025675401,0.012597561284488844,0.00631712600670431
2026-01-07 20:00:00,0.01,6,-0.09461683061890053,0.01003161646528617,0.0066604585838022645
2026-01-07 21:00:00,0.01,6,-0.12654031062338184,0.010004988467930201,0.006426581892202077
2026-01-07 22:00:00,0.01,6,-0.1198763747814785,0.010004988467930201,0.006687896832003104
2026-01-07 23:00:00,0.01,6,-0.10466760826011105,0.010012323135582576,0.006727190252995674
2026-01-08 00:00:00,0.01,6,-0.15394114294432576,0.010004988467930201,0.006758375019223106
2026-01-08 01:00:00,0.01,6,-0.08290312761596241,0.010223816338766432,0.005378679287503962
2026-01-08 02:00:00,0.01,6,-0.10163167946469973,0.01001870222086431,0.006545793323242344
2026-01-08 03:00:00,0.01,6,0.003953968413929393,0.010652883260872471,0.008178215527458066
2026-01-08 04:00:00,0.01,6,-0.030266837312493078,0.010071051104644634,0.008126732695991679
2026-01-08 05:00:00,0.01,6,-0.10063319174962043,0.01001870222086431,0.00789821808120783
2026-01-08 06:00:00,0.01,6,-0.026799318992651172,0.010096180061743816,0.009096891706319887
2026-01-08 07:00:00,0.01,6,-0.06199500971944408,0.010191201138751676,0.008138270446651552
2026-01-08 08:00:00,0.01,6,-0.11994621687534626,0.010004988467930201,0.009065626376276392
2026-01-08 09:00:00,0.01,6,-0.09795410185063463,0.010067166568766118,0.00882199989383553
2026-01-08 10:00:00,0.01,6,-0.06733752219816944,0.010007019419332708,0.00697884584874936
2026-01-08 11:00:00,0.01,6,-0.012456121872152864,0.010781338881353427,0.008528200600261437
2026-01-08 12:00:00,0.01,6,0.05209950565968435,0.013076252320967142,0.009841633907767378
2026-01-08 13:00:00,0.0083333333333333,6,0.08484394433973291,0.021920648939191257,0.023602253542991336
2026-01-08 14:00:00,0.01,6,0.027655909902697284,0.016806627546995922,0.012518492718661678
2026-01-08 15:00:00,0.1833333333333333,6,0.32414160287627447,0.2116397574472539,0.20363650725748283
2026-01-08 16:00:00,0.1383333333333333,6,0.3021694280760583,0.17152893702886238,0.16679054535898818
2026-01-08 17:00:00,0.135,6,0.29265340010028973,0.15006529714009353,0.14731385935850383
2026-01-08 18:00:00,0.12,6,0.21242262286562702,0.06273176062734805,0.07684858424731145
2026-01-08 19:00:00,0.01,6,-0.037758522036912684,0.010233547675357954,0.009940353841154104
2026-01-08 20:00:00,0.0133333333333333,6,0.06169529453343425,0.013099967666042604,0.009265277463439359
2026-01-08 21:00:00,0.0133333333333333,6,-0.09656985616649794,0.010038972758101275,0.006469689300895698
2026-01-08 22:00:00,0.01,6,-0.07145800722867565,0.010020540790723257,0.006021497110283991
2026-01-08 23:00:00,0.01,6,-0.0435574223709958,0.009900912580622064,0.009340878381643491
2026-01-09 00:00:00,0.0116666666666666,6,0.07460134333337964,0.014765805435985522,0.015986893015418002
2026-01-09 01:00:00,0.01,6,-0.06224100697877935,0.010184008238024437,0.005868701978588298
2026-01-09 02:00:00,0.0133333333333333,6,0.017645978760735842,0.011553489519586867,0.006128479132345432
2026-01-09 03:00:00,0.01,6,0.04950447477778147,0.014512948921527147,0.004927236341232932
2026-01-09 04:00:00,0.01,6,-0.015852501626498178,0.01071995963611542,0.008447993747763671
2026-01-09 05:00:00,0.01,6,-0.10172840503398517,0.01001870222086431,0.00789821808120783
2026-01-09 06:00:00,0.01,6,0.08431974910729262,0.016024452031290003,0.011233806984490391
2026-01-09 07:00:00,0.01,6,-0.02925532740998832,0.010035343639127225,0.0092667027428594
2026-01-09 08:00:00,0.01,6,-0.10239312267429876,0.01001870222086431,0.009038188128075553
2026-01-09 09:00:00,0.01,6,-0.02987713773998593,0.010068622545549409,0.0092667027428594
2026-01-09 10:00:00,0.01,6,-0.14097354396162692,0.010004988467930201,0.0074286986043331504
2026-01-09 11:00:00,0.01,6,-0.1447923057067349,0.010004988467930201,0.006555115720240479
2026-01-09 12:00:00,0.01,6,-0.06351759005069543,0.010574326181727043,0.005682891962759784
2026-01-09 13:00:00,0.0116666666666666,6,0.049210458202314566,0.013134034068943918,0.01160411092046415
2026-01-09 14:00:00,0.01,6,-0.10062441637316238,0.010041082720470385,0.007304838252657819
2026-01-09 15:00:00,0.01,6,-0.09728996853107513,0.010041265735040479,0.007051241171860012
2026-01-09 16:00:00,0.0266666666666666,6,0.13268709657692013,0.02569069214673644,0.038756742425497204
2026-01-09 17:00:00,0.0299999999999999,6,0.15933686274386966,0.029022585906319023,0.047166758684135945
2026-01-09 18:00:00,0.0116666666666666,6,0.11055595908764254,0.02295775036663174,0.02405681184541114
2026-01-09 19:00:00,0.0083333333333333,6,0.023950735781910704,0.011511500283076029,0.0056952768262809594
2026-01-09 20:00:00,0.01,6,0.017323730049659397,0.011550588697641927,0.006733734307560857
2026-01-09 21:00:00,0.01,6,-0.04488309342557023,0.010038944061483368,0.008090900448978533
2026-01-09 22:00:00,0.01,6,-0.020355717764736547,0.010799672529710778,0.008225487211175941
2026-01-09 23:00:00,0.01,6,-0.11694673472424319,0.010006117108943655,0.007690013544134178
2026-01-10 00:00:00,0.01,6,-0.14485077860045792,0.010004988467930201,0.0074286986043331504
2026-01-10 01:00:00,0.01,6,-0.111033991986026,0.01000645125759604,0.00792565632940867
2026-01-10 02:00:00,0.01,6,-0.1483821618135037,0.010004988467930201,0.007664341389607643
2026-01-10 03:00:00,0.01,6,-0.1457088708573558,0.010004988467930201,0.008588123202235343
2026-01-10 04:00:00,0.01,6,-0.14475758857169402,0.010004988467930201,0.008588123202235343
2026-01-10 05:00:00,0.0283333333333333,6,0.16169039707678845,0.02772868452387256,0.03523639787503019
2026-01-10 06:00:00,0.0616666666666666,6,0.22546553158323207,0.055635915958488893,0.06362183807620786
2026-01-10 07:00:00,0.0583333333333333,6,0.17272875148442463,0.04902053630353816,0.04050673868969712
2026-01-10 08:00:00,0.0516666666666666,6,0.15227931005943307,0.028666365087308226,0.034991672375090654
2026-01-10 09:00:00,0.1149999999999999,6,0.26234284185232437,0.08942654907051777,0.09784185332282347
2026-01-10 10:00:00,0.0699999999999999,6,0.1794581799929601,0.05014623566291725,0.043424152388543635
2026-01-10 11:00:00,0.09,6,0.21360492202839998,0.060402231698986,0.0715581908456231
2026-01-10 12:00:00,0.0533333333333333,6,0.1721734007517467,0.04840943104564429,0.060150404808624436
2026-01-10 13:00:00,0.2133333333333333,6,0.3266529303763175,0.2330003292527847,0.21134087938790766
2026-01-10 14:00:00,0.1916666666666666,6,0.3217803618334244,0.23205267405749558,0.21300747000457135
2026-01-10 15:00:00,0.1883333333333333,6,0.3253269036865202,0.2103495195103666,0.21043667516608316
2026-01-10 16:00:00,0.18,6,0.3244257771696144,0.2266019888776041,0.21263960606245946
2026-01-10 17:00:00,0.1516666666666666,6,0.28688344405269106,0.16337812218199788,0.1550777750155099
2026-01-10 18:00:00,0.4166666666666666,6,0.4752190807533542,0.47181070179477597,0.4694086265730524
2026-01-10 19:00:00,0.3883333333333333,6,0.4464497213756542,0.4117194830653231,0.4112390087563075
2026-01-10 20:00:00,0.54,6,0.47622875941075204,0.47749124249812697,0.46938801091927307
2026-01-10 21:00:00,0.575,6,0.5104868004543446,0.5265357337677564,0.5205160010745581
2026-01-10 22:00:00,0.345,6,0.38889675960275705,0.30537856990447715,0.297707674445885
2026-01-10 23:00:00,0.4083333333333333,6,0.4238448757244916,0.36357092230896926,0.34350434839352856
2026-01-11 00:00:00,0.8400000000000001,6,0.6953315448059881,0.8435141839806798,0.8402904347357272
2026-01-11 01:00:00,0.8983333333333334,6,0.7186951372267946,0.8926996527993121,0.8742582509035872
2026-01-11 02:00:00,0.7116666666666664,6,0.5759147119524423,0.626580870966634,0.6419638727422815
2026-01-11 03:00:00,0.7716666666666666,6,0.6180296450499807,0.7155994565914595,0.7005339051503849
2026-01-11 04:00:00,0.8499999999999999,6,0.6915062719671672,0.83679958164895,0.8315932181035359
2026-01-11 05:00:00,0.4683333333333334,6,0.4551171437414283,0.3956050118300798,0.4076808813016162
2026-01-11 06:00:00,0.5533333333333333,6,0.4858395286667261,0.4564504548792806,0.46388083220526666
2026-01-11 07:00:00,0.4866666666666666,6,0.47529845992183084,0.45194566416328436,0.45746879151639214
2026-01-11 08:00:00,0.2099999999999999,6,0.31539452046792893,0.1696582701829432,0.14670060381482403
2026-01-11 09:00:00,0.325,6,0.3708441415505046,0.2711865723267539,0.24315590704382234
2026-01-11 10:00:00,0.2799999999999999,6,0.37417787724171714,0.2744640054686906,0.26322564273740223
2026-01-11 11:00:00,0.4033333333333333,6,0.44263808113929437,0.40309575435870637,0.4012078194480166
2026-01-11 12:00:00,0.5966666666666667,6,0.5644757983317793,0.6298599313122158,0.6110449696870058
2026-01-11 13:00:00,0.5999999999999999,6,0.5585066939386112,0.6167132218833502,0.597752830035299
2026-01-11 14:00:00,0.3133333333333333,6,0.3796223299118118,0.2836814605769667,0.2915783503603665
2026-01-11 15:00:00,0.2183333333333333,6,0.32401250009625127,0.23204935952194755,0.21163981484697714
2026-01-11 16:00:00,0.28,6,0.35969186909717665,0.2642463824481123,0.2601667748265668
2026-01-11 17:00:00,0.2316666666666666,6,0.31260347071804995,0.19270219502401448,0.18246605833631677
2026-01-11 18:00:00,0.445,6,0.4497451791774517,0.4180865477399323,0.4116188000035491
2026-01-11 19:00:00,0.4516666666666666,6,0.42805598305435644,0.3662239580627725,0.36677713440611714
2026-01-11 20:00:00,0.2749999999999999,6,0.32073502432415046,0.21158291264930032,0.20363650725748283
2026-01-11 21:00:00,0.6066666666666665,6,0.5166716109210295,0.5186515648706538,0.5236425534182063
2026-01-11 22:00:00,0.5499999999999999,6,0.5766761299481887,0.6546082452463587,0.6467053047037848
2026-01-11 23:00:00,0.3316666666666666,6,0.42860255929100555,0.37401185034633977,0.36428152738372643
2026-01-12 00:00:00,0.58,6,0.5336773654264189,0.5736626266539682,0.5546254919943674
2026-01-12 01:00:00,0.4033333333333333,6,0.42160701504081366,0.3745139037410881,0.35687578184629903
2026-01-12 02:00:00,0.0683333333333333,6,0.12830471740187233,0.030289619084393198,0.038719908738384545
2026-01-12 03:00:00,0.0149999999999999,6,-0.05348606569695802,0.010701806999083812,0.010213373175797291
2026-01-12 04:00:00,0.0233333333333333,6,0.07202345538060678,0.014018902350076523,0.020619845972722595
2026-01-12 05:00:00,0.01,6,-0.1143602748666908,0.01000645125759604,0.007417364240642432
2026-01-12 06:00:00,0.01,6,-0.15963309281706312,0.010004988467930201,0.007484820909425982
2026-01-12 07:00:00,0.01,6,-0.1099367178905945,0.010005304412538994,0.007432775343296227
2026-01-12 08:00:00,0.01,6,0.01275527602460158,0.010768283247259732,0.012716148853313014
2026-01-12 09:00:00,0.01,6,-0.1240705165596103,0.010004988467930201,0.007274387215388922
2026-01-12 10:00:00,0.01,6,-0.059667976252009564,0.01034510751416282,0.0075723242328939455
2026-01-12 11:00:00,0.01,6,-0.08609740780497047,0.010080086853223024,0.008250088215851437
2026-01-12 12:00:00,0.0116666666666666,6,-0.02586494918973062,0.01092308525421179,0.010998068838159458
2026-01-12 13:00:00,0.0966666666666666,6,0.22784310254892737,0.10855931831710187,0.10674616742494775
2026-01-12 14:00:00,0.1633333333333333,6,0.29842938465668634,0.17002977198106098,0.1738129188300385
2026-01-12 15:00:00,0.0566666666666666,6,0.12504537670344174,0.05734799507502874,0.04527937558547729
2026-01-12 16:00:00,0.1533333333333333,6,0.2183956958369554,0.09719355605851562,0.11218596554294802
2026-01-12 17:00:00,0.545,6,0.5369090096431468,0.5589753270649477,0.563846138074961
2026-01-12 18:00:00,0.6149999999999998,6,0.5489800602217069,0.5629775271899404,0.5826535133477149
2026-01-12 19:00:00,0.58,6,0.5449569616032265,0.5382165671169279,0.5593548995253781
2026-01-12 20:00:00,0.5633333333333334,6,0.5351560984913775,0.5640685687657937,0.5557440577345478
2026-01-12 21:00:00,0.2849999999999999,6,0.37358760590231965,0.267471314934883,0.27862012742052406
2026-01-12 22:00:00,0.2633333333333333,6,0.3642916838550089,0.26725628416535735,0.27493772575290915
2026-01-12 23:00:00,0.1183333333333333,6,0.24043410066853121,0.11094429439029864,0.11977127704965174
2026-01-13 00:00:00,0.2233333333333333,6,0.3262898603798444,0.23317529327756256,0.22197139095476667
2026-01-13 01:00:00,0.1383333333333333,6,0.252488950034796,0.13556842875355632,0.13921305539572715
2026-01-13 02:00:00,0.1483333333333333,6,0.2650433484661184,0.14515187454816564,0.15537535559084067
2026-01-13 03:00:00,0.2283333333333333,6,0.3306032626558726,0.23765918500068192,0.2219948882845381
2026-01-13 04:00:00,0.1766666666666666,6,0.2943297554732287,0.19880149889179413,0.18534633137263803
2026-01-13 05:00:00,0.045,6,0.11666309468126562,0.03618019628814479,0.03674659112702544
2026-01-13 06:00:00,0.01,6,-0.07045064240129911,0.010163350085725937,0.008280113377260756
2026-01-13 07:00:00,0.0216666666666666,6,0.08734550519920675,0.028196530924446274,0.02567393050364164
2026-01-13 08:00:00,0.1133333333333333,6,0.25437144655150334,0.11384772153175125,0.11605527000772331
2026-01-13 09:00:00,0.1483333333333333,6,0.2703263193845939,0.1318657852400343,0.13583768786229786
2026-01-13 10:00:00,0.18,6,0.2890920048146617,0.15160049442925716,0.14590469103112416
2026-01-13 11:00:00,0.2333333333333333,6,0.33620652409062635,0.22387361877836223,0.22279214229043254
2026-01-13 12:00:00,0.515,6,0.5066118553121112,0.5227620908526642,0.5115960688138297
2026-01-13 13:00:00,0.64,6,0.5789092351417031,0.6347824055472878,0.6351697168191244
2026-01-13 14:00:00,0.7833333333333333,6,0.6776021684897814,0.8048691071752525,0.7953544625784854
2026-01-13 15:00:00,0.985,6,0.8718027068703558,0.9527924659129648,0.9437724972280954
2026-01-13 16:00:00,0.99,6,0.8935011609548233,0.9718118473427008,0.9727849766899317
2026-01-13 17:00:00,0.99,6,0.9597696661454662,0.9709304877102518,0.9692242918418246
2026-01-13 18:00:00,0.99,6,0.9455602012258919,0.9197258649948138,0.9663592393409982
2026-01-13 19:00:00,0.99,6,1.0410747242954579,0.9627020212905674,0.9532407310683715
2026-01-13 20:00:00,0.99,6,1.0524027971594596,0.9643811447506543,0.9530227021911422
2026-01-13 21:00:00,0.9266666666666667,6,0.870604485608524,0.9723882587412004,0.9728714265515301
2026-01-13 22:00:00,0.9516666666666668,6,0.7796184091653333,0.936100739218658,0.9445570580728255
2026-01-13 23:00:00,0.9183333333333332,6,0.7516777403869843,0.9114805054912476,0.9019904596868651
2026-01-14 00:00:00,0.7583333333333333,6,0.6223930257173681,0.7101567151268173,0.7216280529632331
2026-01-14 01:00:00,0.8383333333333333,6,0.7326896091041554,0.893990911569424,0.8996422059742695
2026-01-14 02:00:00,0.935,6,0.8380536250167381,0.972560926507785,0.9752884379970173
2026-01-14 03:00:00,0.8633333333333334,6,0.7407954487567756,0.89959373996929,0.911397278769642
2026-01-14 04:00:00,0.57,6,0.555765926026751,0.6020680475728092,0.6059083245460871
2026-01-14 05:00:00,0.36,6,0.3963037496812055,0.32901083176979085,0.31689817465982806
2026-01-14 06:00:00,0.0916666666666666,6,0.12610281989715877,0.023041171280620575,0.040647734868493046
2026-01-14 07:00:00,0.0366666666666666,6,-0.036090026417878285,0.010684345236137472,0.01010213419726208
2026-01-14 08:00:00,0.3166666666666667,6,0.4390958374053,0.39409810444105364,0.39081872939842865
2026-01-14 09:00:00,0.2599999999999999,6,0.41081035977341096,0.3426662705579035,0.332793953649627
2026-01-14 10:00:00,0.0449999999999999,6,0.18092414476987673,0.05024235209882266,0.047869619312978506
2026-01-14 11:00:00,0.0149999999999999,6,0.11096018167131155,0.02134490970824666,0.023834100121532864
2026-01-14 12:00:00,0.0633333333333333,6,0.21138814587730165,0.0611720261670863,0.07655747364212584
2026-01-14 13:00:00,0.1133333333333333,6,0.2870360730254363,0.1412218100368796,0.13849434705797373
2026-01-14 14:00:00,0.1366666666666666,6,0.3039001095067343,0.14762461879219363,0.15955629635944787
2026-01-14 15:00:00,0.17,6,0.32946592985362455,0.18580334800856113,0.19506619095868588
2026-01-14 16:00:00,0.1149999999999999,6,0.275214046567537,0.13043793643655185,0.1316681211609306
2026-01-14 17:00:00,0.155,6,0.30823619887491793,0.13970052924075707,0.16122369175777107
2026-01-14 18:00:00,0.14,6,0.30219020740112024,0.14438478512037947,0.15945508874959796
2026-01-14 19:00:00,0.1333333333333333,6,0.28593017747794935,0.1402662352793712,0.1441431548289118
2026-01-14 20:00:00,0.2,6,0.34859354097208106,0.23291424507608904,0.23922376728965358
2026-01-14 21:00:00,0.3616666666666666,6,0.4590237800378063,0.39651895320165537,0.4244604103328518
2026-01-14 22:00:00,0.2399999999999999,6,0.42135519274435895,0.36723192773092034,0.3454853151801153
2026-01-14 23:00:00,0.1083333333333333,6,0.31677942699480643,0.17593280804151157,0.16873423121112052
2026-01-15 00:00:00,0.0466666666666666,6,0.23681331598619787,0.07023137108049267,0.08230289322194734
2026-01-15 01:00:00,0.02,6,0.18240783679667744,0.04642005865433785,0.043424152388543635
2026-01-15 02:00:00,0.02,6,0.20769423922082048,0.04796410843808648,0.053593838974687724
2026-01-15 03:00:00,0.0116666666666666,6,0.17763079820685113,0.04800114283537076,0.04159920213467777
2026-01-15 04:00:00,0.01,6,0.11453645560332443,0.025674496779172308,0.020726658444880086
2026-01-15 05:00:00,0.01,6,0.06368097728543465,0.012385075857354981,0.008780573625912336
2026-01-15 06:00:00,0.01,6,-0.05275191378656269,0.010128732343399133,0.007402740336222402
2026-01-15 07:00:00,0.01,6,-0.07630643916381116,0.009902310306580519,0.006059709485743081
2026-01-15 08:00:00,0.01,6,-0.022194722650373866,0.01132959415337023,0.007694560393391281
2026-01-15 09:00:00,0.01,6,-0.018936246266362616,0.010772443395289377,0.007311811754763586
2026-01-15 10:00:00,0.01,6,-0.010746524974056704,0.01069840907680223,0.008231928859845083
2026-01-15 11:00:00,0.01,6,-0.11234112102357324,0.01000645125759604,0.006402313888595135
2026-01-15 12:00:00,0.01,6,-0.07933310999784973,0.009933908679143252,0.0060414332435403395
2026-01-15 13:00:00,0.01,6,0.024056210633372654,0.011432413499563405,0.007466409932443685
2026-01-15 14:00:00,0.01,6,0.05613745771069656,0.012735730522405715,0.009244151073070528
2026-01-15 15:00:00,0.02,6,0.1961027974828226,0.06150395540490895,0.05432586702109671
2026-01-15 16:00:00,0.04,6,0.23377291081385904,0.09403712298633216,0.0846727936412014
2026-01-15 17:00:00,0.0833333333333333,6,0.31887279757288,0.17027152452906621,0.1769834533717318
2026-01-15 18:00:00,0.0916666666666666,6,0.3011962212768211,0.13091836969284318,0.14594889864717275
2026-01-15 19:00:00,0.0633333333333333,6,0.2457102804996289,0.09435198613802682,0.09470965194843067
2026-01-15 20:00:00,0.1133333333333333,6,0.2950146411431398,0.13777341855882433,0.14315084217074045
2026-01-15 21:00:00,0.2083333333333333,6,0.39377726354111264,0.30657198669090513,0.2903867215000562
2026-01-15 22:00:00,0.045,6,0.1849771537250997,0.04512195182243289,0.044584435817602686
2026-01-15 23:00:00,0.01,6,-0.09066321757863643,0.0100370432322388,0.00645662231716948
2026-01-16 00:00:00,0.095,6,0.20254174407598374,0.06681239104035251,0.05424045155373808
2026-01-16 01:00:00,0.1383333333333333,6,0.3295477506822436,0.18456624081995368,0.17318524278616743
2026-01-16 02:00:00,0.0733333333333333,6,0.2754521084314099,0.10585605126996651,0.11081102660772596
2026-01-16 03:00:00,0.05,6,0.23671445396428792,0.06247741720299827,0.078861845007898
2026-01-16 04:00:00,0.04,6,0.23888107434663008,0.06536054688547553,0.07986097936104686
2026-01-16 05:00:00,0.0133333333333333,6,0.1858569409296128,0.042231622569541785,0.04169515967943149
2026-01-16 06:00:00,0.0316666666666666,6,0.2156216342113752,0.0456898307133919,0.06336940112001455
2026-01-16 07:00:00,0.0199999999999999,6,0.21485660503354947,0.036223562557006116,0.06288050473776613
2026-01-16 08:00:00,0.0299999999999999,6,0.21779893685683988,0.04605082863238429,0.06904558936712474
2026-01-16 09:00:00,0.0716666666666666,6,0.30011324150702035,0.13611344454895183,0.131661408216148
2026-01-16 10:00:00,0.0166666666666666,6,0.13790584696696878,0.03067842094976757,0.02902357751374446
2026-01-16 11:00:00,0.0483333333333333,6,0.2082823749880225,0.0576129120850082,0.05440968053680767
2026-01-16 12:00:00,0.0399999999999999,6,0.2044575343064114,0.05091427122292533,0.05189247059904589
2026-01-16 13:00:00,0.09,6,0.29052345504778687,0.14506887422823153,0.1181947773545482
2026-01-16 14:00:00,0.2299999999999999,6,0.4110158661687201,0.2842729641711418,0.3125190027042698
2026-01-16 15:00:00,0.3833333333333333,6,0.48565220689236344,0.45736469859408535,0.4503024000548429
2026-01-16 16:00:00,0.375,6,0.4827797675906459,0.4609021834807028,0.45433200337685964
2026-01-16 17:00:00,0.4466666666666667,6,0.5067224665028126,0.49737061064244725,0.49571408007318696
2026-01-16 18:00:00,0.6049999999999999,6,0.5675342350810911,0.6283641506678542,0.6439528862908592
2026-01-16 19:00:00,0.7666666666666667,6,0.6756354068430254,0.8186200278703719,0.8188369052434976
2026-01-16 20:00:00,0.9716666666666666,6,0.7917694484469768,0.9433516046958198,0.963699858380715
2026-01-16 21:00:00,0.9283333333333332,6,0.7632410508447828,0.9169609852593383,0.9396778276494141
2026-01-16 22:00:00,0.8766666666666668,6,0.7285174405064464,0.8227923521800912,0.9032095692818347
2026-01-16 23:00:00,0.85,6,0.7226729625163739,0.8462998040795298,0.8958029811726347
2026-01-17 00:00:00,0.9683333333333332,6,0.8228734958134796,0.9705931411041373,0.9831328682935497
2026-01-17 01:00:00,0.96,6,0.8320571267080981,0.9771111997305055,0.9868909740054161
2026-01-17 02:00:00,0.895,6,0.744663068038153,0.9226644762249441,0.9208463629704043
2026-01-17 03:00:00,0.825,6,0.7003657455031871,0.8704447902209347,0.8553922057552583
2026-01-17 04:00:00,0.8166666666666667,6,0.6974356219806077,0.8680319612056195,0.8505888919813452
2026-01-17 05:00:00,0.9033333333333332,6,0.7721734698579821,0.9128136215571245,0.9512927720839865
2026-01-17 06:00:00,0.7,6,0.6435433244586057,0.7326160137748448,0.7680367595069499
2026-01-17 07:00:00,0.62,6,0.5814211199877893,0.6616238907142237,0.6626537776798319
2026-01-17 08:00:00,0.4083333333333333,6,0.4797290862181124,0.4290214712017207,0.4456658481468396
2026-01-17 09:00:00,0.4183333333333333,6,0.49583053518172693,0.48152279597293746,0.4759054356933824
2026-01-17 10:00:00,0.2833333333333333,6,0.4320694150072487,0.3321038581404117,0.31798842745596817
2026-01-17 11:00:00,0.1316666666666666,6,0.33415511822560484,0.16135455272881505,0.1206321126727054
2026-01-17 12:00:00,0.0516666666666666,6,0.2542227583017787,0.045877955282901756,0.05830281235949375
2026-01-17 13:00:00,0.0633333333333333,6,0.25791587628539825,0.04620544986484487,0.07080921824278852
2026-01-17 14:00:00,0.0883333333333333,6,0.2665985338132096,0.0467002666656911,0.07393907889728246
2026-01-17 15:00:00,0.0533333333333333,6,0.2430815489606487,0.07316327011541471,0.048341381310450404
2026-01-17 16:00:00,0.0333333333333333,6,0.20156940159116593,0.04302426116074239,0.028452336779743903
2026-01-17 17:00:00,0.01,6,0.10176457028108388,0.019464313435147776,0.0072583425762881015
2026-01-17 18:00:00,0.01,6,0.10211174427277969,0.019613371907539586,0.0072583425762881015
2026-01-17 19:00:00,0.0283333333333333,6,0.21190664214188537,0.040051920561290213,0.02471951098329217
2026-01-17 20:00:00,0.0133333333333333,6,0.2066609821821373,0.04426013850326188,0.020277605819328748
2026-01-17 21:00:00,0.01,6,0.2528858963048854,0.04607845792840441,0.05045407222773274
2026-01-17 22:00:00,0.01,6,0.12019277183803856,0.015543917872805268,0.005946792404976808
2026-01-17 23:00:00,0.01,6,0.05615762574029415,0.01247578985920399,-0.007843038719610618
2026-01-18 00:00:00,0.01,6,-0.1537857166762151,0.010004988467930201,0.0026692100810465913
2026-01-18 01:00:00,0.01,6,-0.14635542909057558,0.010004988467930201,0.0024659507820639637
2026-01-18 02:00:00,0.01,6,-0.16124245558006278,0.010004988467930201,0.005946772785763221
2026-01-18 03:00:00,0.01,6,-0.1136428085143634,0.01000645125759604,0.002727265721864991
2026-01-18 04:00:00,0.01,6,-0.09270266904233018,0.009999253293279312,0.0026547090500192994
2026-01-18 05:00:00,0.01,6,-0.04104838524797966,0.010044187005605706,0.0033846957115126197
2026-01-18 06:00:00,0.0133333333333333,6,0.16844434304215705,0.02635617652559662,0.01840400215185778
2026-01-18 07:00:00,0.01,6,0.3037913269198528,0.09484956412006658,0.07559437366537658
2026-01-18 08:00:00,0.0116666666666666,6,0.23820638571364,0.0667572608391971,0.03949350682554065
2026-01-18 09:00:00,0.0966666666666666,6,0.28858642636037746,0.06686793691585811,0.05852467236751946
2026-01-18 10:00:00,0.0516666666666666,6,0.2291867277780591,0.07410450055763516,0.0339227738390111
2026-01-18 11:00:00,0.1533333333333333,6,0.3379053100150503,0.15775636347241226,0.14074058607726467
2026-01-18 12:00:00,0.2333333333333333,6,0.38972099815860417,0.21488079786118736,0.2230969407414671
2026-01-18 13:00:00,0.3516666666666667,6,0.45846969968247564,0.3878436866507355,0.3921349195281669
2026-01-18 14:00:00,0.375,6,0.46478992055121815,0.417582767554447,0.4000095347428627
2026-01-18 15:00:00,0.2316666666666666,6,0.38476907566108676,0.23351878454090008,0.2269042911691551
2026-01-18 16:00:00,0.1683333333333333,6,0.35638552468014917,0.22856905211816572,0.21826475578243681
2026-01-18 17:00:00,0.12,6,0.3223243172716762,0.1279483641499403,0.12943388618292787
2026-01-18 18:00:00,0.1916666666666666,6,0.38004799178285475,0.19339926458011944,0.22053303395291537
2026-01-18 19:00:00,0.2033333333333333,6,0.37450867088286277,0.17365299857816413,0.19049396951578768
2026-01-18 20:00:00,0.2916666666666666,6,0.40648210318442146,0.2538634541825088,0.25271375206131835
2026-01-18 21:00:00,0.3066666666666667,6,0.4006064940275349,0.24778788795882487,0.2480110842523627
2026-01-18 22:00:00,0.3166666666666667,6,0.4122576294893271,0.25582513827632636,0.26745708561695414
2026-01-18 23:00:00,0.2249999999999999,6,0.3659659001340364,0.17544265471238168,0.18635218119863808
2026-01-19 00:00:00,0.3566666666666666,6,0.43775612592447855,0.3345428692795564,0.3356344739456759
2026-01-19 01:00:00,0.6150000000000001,6,0.5795939164595065,0.652485283031511,0.6515737669261763
2026-01-19 02:00:00,0.535,6,0.526437449929462,0.5370417094976493,0.5225645800332281
2026-01-19 03:00:00,0.3916666666666666,6,0.44289142771248013,0.34612707889020256,0.3477234005389485
2026-01-19 04:00:00,0.3383333333333333,6,0.4213675271143331,0.2770333362103821,0.2822838535146412
2026-01-19 05:00:00,0.47,6,0.4820527615224226,0.43436395473049555,0.4456658481468396
2026-01-19 06:00:00,0.3483333333333333,6,0.43450723792321055,0.33522026105893477,0.3341537966536735
2026-01-19 07:00:00,0.1349999999999999,6,0.2776150906569622,0.058067334108171983,0.058998564339436566
2026-01-19 08:00:00,0.2666666666666666,6,0.37566830816733277,0.17251670678353898,0.1797276689463354
2026-01-19 09:00:00,0.315,6,0.4188212790075708,0.26203169983522867,0.28692223333872274
2026-01-19 10:00:00,0.3316666666666667,6,0.44211141815243016,0.34594460651689685,0.348936762973741
2026-01-19 11:00:00,0.2866666666666666,6,0.428151842548365,0.3448762810384107,0.3323868496379069
2026-01-19 12:00:00,0.3699999999999999,6,0.4529737695581434,0.3917803617018951,0.39075667913329865
2026-01-19 13:00:00,0.3566666666666666,6,0.4474335078217454,0.390456627904891,0.3874187697121567
2026-01-19 14:00:00,0.3133333333333333,6,0.427194303948803,0.3514157128807729,0.34477439532473936
2026-01-19 15:00:00,0.2883333333333333,6,0.4132172549942372,0.31802385596612015,0.3245329135927537
2026-01-19 16:00:00,0.2633333333333332,6,0.40100667327191486,0.2950657912514032,0.3023584033458121
2026-01-19 17:00:00,0.2283333333333333,6,0.38484237677348954,0.2274946823551324,0.25982722539614883
2026-01-19 18:00:00,0.4216666666666666,6,0.4554488025774224,0.40005909147790714,0.3828186853228622
2026-01-19 19:00:00,0.3616666666666666,6,0.42878268215420445,0.32012886157692405,0.32021051637412273
2026-01-19 20:00:00,0.3266666666666666,6,0.39917077088916075,0.27766901933190546,0.28142416187456354
2026-01-19 21:00:00,0.0333333333333333,6,0.10452304022897557,0.020110722936897498,0.015207865401792475
2026-01-19 22:00:00,0.0699999999999999,6,0.2734122761186406,0.057464338983289606,0.09285644440749208
2026-01-19 23:00:00,0.0149999999999999,6,0.012694233640615477,0.01059549066813727,0.008087644667437555
2026-01-20 00:00:00,0.01,6,0.003352250471971463,0.01071458603786922,0.005662266635830304
2026-01-20 01:00:00,0.01,6,-0.09975561751971848,0.010041082720470385,0.006810477081941768
2026-01-20 02:00:00,0.01,6,-0.02422323707113258,0.010809425619215047,0.007085368894426125
2026-01-20 03:00:00,0.01,6,-0.13583605529329582,0.010004988467930201,0.00657660039034158
2026-01-20 04:00:00,0.0133333333333333,6,-0.06141740405182025,0.010131408410584372,0.005293660731196803
2026-01-20 05:00:00,0.1083333333333333,6,0.2664714909638241,0.04675934073976517,0.06704249766286796
2026-01-20 06:00:00,0.035,6,0.05499910755005594,0.012582290542163005,-0.0016608556653732176
2026-01-20 07:00:00,0.01,6,-0.11397210221220155,0.01000645125759604,0.006004828426581621
2026-01-20 08:00:00,0.01,6,-0.016516685373762774,0.010730367168455535,0.006204021170548746
2026-01-20 09:00:00,0.01,6,-0.07356707122027711,0.009982671847828478,0.006142996314689175
2026-01-20 10:00:00,0.0183333333333333,6,0.042820649139087896,0.013608496366252852,0.0010097710546468908
2026-01-20 11:00:00,0.0516666666666666,6,0.22776430682077553,0.07998731416417813,0.060044777222435786
2026-01-20 12:00:00,0.0183333333333333,6,0.1413905586436459,0.028336333573207143,0.03208245226823592
2026-01-20 13:00:00,0.0299999999999999,6,0.1560114693914766,0.027196183688812325,0.041916476640177724
2026-01-20 14:00:00,0.0933333333333333,6,0.2542257095215462,0.10073432723276023,0.1040526991679438
2026-01-20 15:00:00,0.0349999999999999,6,0.18264310136518502,0.04844041653991827,0.04607849446220924
2026-01-20 16:00:00,0.0133333333333333,6,0.036909865476098314,0.012886731813680746,0.009858169516096582
2026-01-20 17:00:00,0.01,6,0.011114274296020438,0.010030754387651542,0.00786650007741474
2026-01-20 18:00:00,0.01,6,-0.0666105422242276,0.009998014006658416,0.005020138006723407
2026-01-20 19:00:00,0.01,6,-0.13849271199950994,0.010004988467930201,0.0074286986043331504
2026-01-20 20:00:00,0.01,6,-0.1535154288847199,0.010004988467930201,0.00786760068859027
2026-01-20 21:00:00,0.01,6,-0.035857534811312236,0.010023081974104854,0.008583086319056299
2026-01-20 22:00:00,0.0416666666666666,6,0.1887841393267059,0.03792358672645318,0.04029282486054331
2026-01-20 23:00:00,0.1833333333333333,6,0.3681951141518063,0.21815422932421272,0.23076776902521276
2026-01-21 00:00:00,0.2733333333333333,6,0.407280171296155,0.30638382061136094,0.2690616037631227
2026-01-21 01:00:00,0.26,6,0.3974848271334783,0.2530727452384847,0.2370512370092876
2026-01-21 02:00:00,0.3916666666666666,6,0.4486728294822101,0.3719326492491392,0.36087416335243455
2026-01-21 03:00:00,0.6733333333333333,6,0.5991972452427806,0.6957469170557588,0.6985959018620738
2026-01-21 04:00:00,0.8016666666666667,6,0.6729416921970384,0.8283072994419847,0.82192334864096
2026-01-21 05:00:00,0.9466666666666665,6,0.7388138849856221,0.9226281129112285,0.9173454059524208
2026-01-21 06:00:00,0.8866666666666667,6,0.8087247419760923,0.970236962410262,0.9764061257944038
2026-01-21 07:00:00,0.9933333333333336,6,0.9827163937638246,0.9897147279618875,0.9887393974220491
2026-01-21 08:00:00,0.99,6,0.9188517317188303,0.9848809061667151,0.9673304237613642
2026-01-21 09:00:00,0.99,6,0.9366273735084778,0.9891320248861579,0.9890086779433974
2026-01-21 10:00:00,0.9466666666666665,6,0.7921565541957969,0.9451140121803102,0.9530735210510135
2026-01-21 11:00:00,0.99,6,0.9488833807232449,0.9875326716265646,0.978237484424811
2026-01-21 12:00:00,0.99,6,0.9442440420320741,0.9756006079121532,0.9749532636401288
2026-01-21 13:00:00,0.9883333333333334,6,0.9280239690798804,0.9742511240001157,0.9763049449924089
2026-01-21 14:00:00,0.9883333333333332,6,0.8777184755894694,0.9736888178136485,0.9749260979514741
2026-01-21 15:00:00,0.9583333333333331,6,0.8063912756977898,0.9732253851775414,0.9651891239560364
2026-01-21 16:00:00,0.9883333333333334,6,0.8582021057349116,0.9827051487875955,0.9802095766443286
2026-01-21 17:00:00,0.98,6,0.8633681317463702,0.9801222089778044,0.979413081998388
2026-01-21 18:00:00,0.3616666666666666,6,0.38943242489075247,0.2994415226743245,0.2876072107452998
2026-01-21 19:00:00,0.06,6,0.1525191527407075,0.029364258259393764,0.037295003794122816
2026-01-21 20:00:00,0.2166666666666666,6,0.34761880813525503,0.17282843468764392,0.21228236737047937
2026-01-21 21:00:00,0.1866666666666666,6,0.339936978246826,0.18481937195231565,0.17157039468623714
2026-01-21 22:00:00,0.1783333333333333,6,0.31316436561375316,0.14702260369041217,0.1326569781422904
2026-01-21 23:00:00,0.3283333333333333,6,0.4368366113149481,0.3376472739258839,0.34780056711891694
2026-01-22 00:00:00,0.4399999999999999,6,0.4658325111928321,0.4574497049479358,0.41905831273384475
2026-01-22 01:00:00,0.5483333333333333,6,0.49543140027044985,0.4833189923536528,0.4728524055133031
2026-01-22 02:00:00,0.3983333333333333,6,0.41274736148611013,0.30864869502026737,0.3069848225319672
2026-01-22 03:00:00,0.4566666666666666,6,0.4476010667490097,0.37836275539402797,0.38425330364207816
2026-01-22 04:00:00,0.275,6,0.3842007531686882,0.23692958375976497,0.25899356926025174
2026-01-22 05:00:00,0.4316666666666666,6,0.4713227188963127,0.43645532309775037,0.43517150699039076
2026-01-22 06:00:00,0.095,6,0.09929101287168868,0.019253763765137325,0.013328267395068816
2026-01-22 07:00:00,0.0333333333333333,6,0.11944231697950869,0.017702134612810724,0.018198900277994923
2026-01-22 08:00:00,0.01,6,-0.011186813352958513,0.01065191173993921,0.008853614256313591
2026-01-22 09:00:00,0.0333333333333333,6,0.05700274711790054,0.012339137115161542,0.0030619866020215047
2026-01-22 10:00:00,0.0166666666666666,6,0.04658424484546342,0.015982452669829346,0.004859237977909048
2026-01-22 11:00:00,0.0116666666666666,6,0.03270392146018314,0.012146252341141845,0.007057162970350694
2026-01-22 12:00:00,0.01,6,-0.08192193499355765,0.009957447938797971,0.007337387129529915
2026-01-22 13:00:00,0.1566666666666666,6,0.27972229818960437,0.10128342777498496,0.10465774748783896
2026-01-22 14:00:00,0.32,6,0.44718430544325893,0.3871381807304656,0.3756470913183677
2026-01-22 15:00:00,0.3016666666666666,6,0.43014286687214087,0.3217812911766453,0.33535590675301663
2026-01-22 16:00:00,0.5083333333333333,6,0.5420257433198394,0.5665541967669749,0.5646035460404002
2026-01-22 17:00:00,0.4716666666666666,6,0.5126902996382048,0.49203134706940704,0.5044745046167518
2026-01-22 18:00:00,0.4516666666666666,6,0.5007915895713543,0.4741114064738155,0.48467118300816947
2026-01-22 19:00:00,0.7066666666666666,6,0.6124562930715413,0.7019442309034695,0.6940347500442339
2026-01-22 20:00:00,0.7583333333333334,6,0.6512196867059961,0.7784900179904995,0.7595374399016364
2026-01-22 21:00:00,0.6983333333333333,6,0.6193292708492749,0.7183703514676526,0.7119568115000476
2026-01-22 22:00:00,0.97,6,0.7870414978398086,0.9495623370135269,0.9500109438762372
2026-01-22 23:00:00,0.9883333333333334,6,0.8321501393594652,0.9765158534441288,0.9766407254495301
2026-01-23 00:00:00,0.99,6,0.8874347701246108,0.9874317810294616,0.9797300663696801
2026-01-23 01:00:00,0.99,6,0.9482441987785859,0.9893883944998159,0.9775830015227537
2026-01-23 02:00:00,0.9849999999999998,6,0.821738656859937,0.9710471713815927,0.9726422927611235
2026-01-23 03:00:00,0.8333333333333333,6,0.6829914020521513,0.8263602777082156,0.8142846379844906
2026-01-23 04:00:00,0.4566666666666666,6,0.49820162026756176,0.4728783809841948,0.4850610260919041
2026-01-23 05:00:00,0.4233333333333333,6,0.48268433937341826,0.4734033094630368,0.4491680175480669
2026-01-23 06:00:00,0.4566666666666667,6,0.49209540117692085,0.47315514358655186,0.47588570800005625
2026-01-23 07:00:00,0.3,6,0.4018372203302255,0.29270718724214406,0.2975714169006683
2026-01-23 08:00:00,0.72,6,0.6174213908004578,0.7136644941163858,0.7052991089268756
2026-01-23 09:00:00,0.8333333333333333,6,0.6815072778681412,0.8135712452239555,0.8174958720144438
2026-01-23 10:00:00,0.905,6,0.7298007390241831,0.8960999105442216,0.9020144825092545
2026-01-23 11:00:00,0.5033333333333333,6,0.5276030148673199,0.524208223255947,0.5444140697486755
2026-01-23 12:00:00,0.2333333333333333,6,0.3764878182077268,0.28122887367702115,0.27591982651891167
2026-01-23 13:00:00,0.1249999999999999,6,0.29102600576031723,0.1427532819056225,0.14103932427625096
2026-01-23 14:00:00,0.1716666666666666,6,0.3250130729558208,0.18302810383495907,0.1954628450533737
2026-01-23 15:00:00,0.3016666666666666,6,0.41481626503505575,0.346277353455441,0.34326586349493043
2026-01-23 16:00:00,0.65,6,0.5844255628615924,0.6703253769838827,0.651860611624864
2026-01-23 17:00:00,0.5233333333333333,6,0.5318770705874064,0.5713689548900189,0.5469128942584998
2026-01-23 18:00:00,0.3633333333333332,6,0.44926137307319813,0.4095361026229771,0.4031500677404679
2026-01-23 19:00:00,0.1516666666666666,6,0.32230725174496155,0.18593713302887882,0.18296197051863206
2026-01-23 20:00:00,0.0733333333333333,6,0.18895772676276817,0.043094199344261494,0.05392233367069171
2026-01-23 21:00:00,0.0233333333333333,6,0.05349896041157626,0.012756486712664045,0.009229754735127604
2026-01-23 22:00:00,0.0383333333333333,6,0.16162515918996906,0.032498727374703336,0.04163239737078289
2026-01-23 23:00:00,0.01,6,-0.11494421425063044,0.010006117108943655,0.006588123904423648
2026-01-24 00:00:00,0.01,6,-0.012901649206562255,0.011120091549777847,0.008594932269454847
2026-01-24 01:00:00,0.01,6,0.26919221691534967,0.08880144503086852,0.09963496379251585
2026-01-24 02:00:00,0.01,6,0.32997712723206307,0.18822108168906618,0.16313231884256058
2026-01-24 03:00:00,0.01,6,0.3721976621307552,0.2337047465610617,0.22158788252805775
2026-01-24 04:00:00,0.01,6,0.33099911592601183,0.18299938970936375,0.16224126520632012
2026-01-24 05:00:00,0.01,6,0.38191492359658374,0.25212663660758916,0.2517326300307082
2026-01-24 06:00:00,0.0333333333333333,6,0.4722948570290233,0.4304551094969576,0.4342818249770869
2026-01-24 07:00:00,0.1083333333333333,6,0.7433727002002314,0.9097819908606435,0.9184496008058058
2026-01-24 08:00:00,0.7099999999999999,6,0.9932504175219581,0.989834951419275,0.9906181909205134
2026-01-24 09:00:00,0.9716666666666666,6,0.9701277868766576,0.989941071487205,0.9881558141110678
2026-01-24 10:00:00,0.99,6,0.978086389556013,0.988859610379925,0.9801866504810146
2026-01-24 11:00:00,0.99,6,1.052009535952149,0.9817765781169147,0.9761026623844772
2026-01-24 12:00:00,0.8533333333333333,6,1.1008127197571747,0.9727281534518202,0.9666358493876299
2026-01-24 13:00:00,0.99,6,1.12447343213676,0.900192335508922,0.98753252020695
2026-01-24 14:00:00,0.99,6,1.1306633546092608,0.8994720644292272,0.9921910798460156
2026-01-24 15:00:00,0.9866666666666666,6,1.0548235788821303,0.9676841122818147,0.9432927856666606
2026-01-24 16:00:00,0.9883333333333334,6,1.031402098768784,0.9667838397688727,0.9707147351279873
2026-01-24 17:00:00,0.99,6,1.1236590610768922,0.9000912890405824,0.7708096741001682
2026-01-24 18:00:00,0.99,6,1.041810122249777,0.9071932003483818,0.9566668939377234
2026-01-24 19:00:00,0.9483333333333333,6,0.8914551731835643,0.985809542708476,0.9744241428526594
2026-01-24 20:00:00,0.97,6,0.7888908041394931,0.958592246034713,0.9567944250356538
2026-01-24 21:00:00,0.99,6,0.9494970269722489,0.9879210782318937,0.9724928660680772
2026-01-24 22:00:00,0.96,6,0.8187033132657087,0.9771034439610291,0.975146855309314
2026-01-24 23:00:00,0.9716666666666666,6,0.7404956323580419,0.9239519363434234,0.9074493596814813
2026-01-25 00:00:00,0.9766666666666663,6,0.8526531451440424,0.9848017850414665,0.9833418333158652
2026-01-25 01:00:00,0.6383333333333333,6,0.5972077478370221,0.6929617412078851,0.6779881118070038
2026-01-25 02:00:00,0.2949999999999999,6,0.36504323171348874,0.22490876434273596,0.22639804709783137
2026-01-25 03:00:00,0.4949999999999999,6,0.5003456552935879,0.47402775122474367,0.4845951812752498
2026-01-25 04:00:00,0.5533333333333333,6,0.5343694239132125,0.5761270698403416,0.5407290773342637
2026-01-25 05:00:00,0.1316666666666666,6,0.26092070000827705,0.09047316038449905,0.10070399159823457
2026-01-25 06:00:00,0.0233333333333333,6,0.053157407104892584,0.012485302041485515,0.005673465301877734
2026-01-25 07:00:00,0.3583333333333333,6,0.45218195864073896,0.39236934271033713,0.3936113964876871
2026-01-25 08:00:00,0.3533333333333333,6,0.4427955169103376,0.34729884749103307,0.36655386094524167
2026-01-25 09:00:00,0.1466666666666666,6,0.33670594532556286,0.17380292738352915,0.1899899953110175
2026-01-25 10:00:00,0.0666666666666666,6,0.21121911134015348,0.05806680408202651,0.06349982800729564
2026-01-25 11:00:00,0.0083333333333333,6,0.016260233133291835,0.011129741401407826,0.010797752179167952
2026-01-25 12:00:00,0.01,6,0.06022197956223824,0.013294183303680561,0.01732078499983125
2026-01-25 13:00:00,0.01,6,0.0153508407995534,0.011069924827535025,0.012660233602095894
2026-01-25 14:00:00,0.01,6,-0.055721968185837495,0.010477477924773085,0.009727172560536457
2026-01-25 15:00:00,0.01,6,0.04181290434306484,0.01207489135365657,0.01328561895830016
2026-01-25 16:00:00,0.01,6,-0.05149888212122122,0.010510428123813491,0.010196725664757933
2026-01-25 17:00:00,0.01,6,-0.029309323046354835,0.011099995572586768,0.010230814925562104
2026-01-25 18:00:00,0.01,6,-0.03140564396376705,0.010306969796226166,0.010124101228516924
2026-01-25 19:00:00,0.0366666666666666,6,0.08474681182709043,0.018139635519055623,0.02388486400277151
2026-01-25 20:00:00,0.1483333333333333,6,0.31481297231642646,0.16777343771187217,0.15457657479140754
2026-01-25 21:00:00,0.2016666666666666,6,0.3476687352184801,0.17541918268195186,0.2223228319268878
2026-01-25 22:00:00,0.3366666666666666,6,0.40943697461022277,0.30158298634157166,0.30952207152000577
2026-01-25 23:00:00,0.6099999999999999,6,0.5300134960563727,0.565135068514707,0.5324036632839516
2026-01-26 00:00:00,0.2683333333333333,6,0.3674075761396509,0.21708339905578075,0.234848314315283
2026-01-26 01:00:00,0.2283333333333333,6,0.3435985581202744,0.19033375070701625,0.18565526658023923
2026-01-26 02:00:00,0.2949999999999999,6,0.39117572156549685,0.28081042905510173,0.2755532848467345
2026-01-26 03:00:00,0.3066666666666667,6,0.382198792682406,0.24157601072670196,0.2539503148655703
2026-01-26 04:00:00,0.2766666666666666,6,0.38736797250488175,0.2229369074941356,0.266237696293795
2026-01-26 05:00:00,0.6033333333333333,6,0.538951078383522,0.5641484904461936,0.5557487010783293
2026-01-26 06:00:00,0.2916666666666666,6,0.37587317981418245,0.2344032393113581,0.24301585823443744
2026-01-26 07:00:00,0.2733333333333333,6,0.36559026620162893,0.20421686046082468,0.23013234132050306
2026-01-26 08:00:00,0.3133333333333333,6,0.39235728336354214,0.29756201986574976,0.2818989908254844
2026-01-26 09:00:00,0.2383333333333333,6,0.3621144055429677,0.234448912951561,0.23406430213903825
2026-01-26 10:00:00,0.2433333333333333,6,0.36277017042942616,0.24252368669783408,0.2413778440212381
2026-01-26 11:00:00,0.4766666666666666,6,0.4842865545333882,0.4826132654566666,0.4758000516081476
2026-01-26 12:00:00,0.7983333333333333,6,0.6733247293927174,0.8056346708562298,0.8109142037969972
2026-01-26 13:00:00,0.7933333333333333,6,0.6627222122009081,0.8087509456720352,0.7863633643504078
2026-01-26 14:00:00,0.7599999999999999,6,0.6495015448778307,0.7722273419261284,0.7643118808196547
2026-01-26 15:00:00,0.6716666666666667,6,0.6094767268115098,0.7010723481281582,0.6890082938615945
2026-01-26 16:00:00,0.6133333333333332,6,0.5775672863528463,0.6534279094054318,0.6458135099095634
2026-01-26 17:00:00,0.3999999999999999,6,0.4296201481300135,0.3816858909257992,0.37607922237642627
2026-01-26 18:00:00,0.5,6,0.47745884920412585,0.4741305116646875,0.46953274985241356
2026-01-26 19:00:00,0.775,6,0.6321798997111041,0.7305856573216817,0.7462144597241158
2026-01-26 20:00:00,0.2983333333333333,6,0.34343087224331814,0.2182967190238718,0.21667542744695364
2026-01-26 21:00:00,0.1683333333333333,6,0.22899007328119475,0.08864749535393392,0.07622559825516911
2026-01-26 22:00:00,0.6983333333333333,6,0.561606156325427,0.5446803006779575,0.6058955820066487
2026-01-26 23:00:00,0.9,6,0.696770753057179,0.8413867670388052,0.8389401768934177
2026-01-27 00:00:00,0.65,6,0.5591585919827486,0.5857171324480949,0.6064342402384102
2026-01-27 01:00:00,0.6233333333333334,6,0.5448589125876017,0.5979790030242528,0.569991436293966
2026-01-27 02:00:00,0.4799999999999999,6,0.48532240451532893,0.4565674598486345,0.46026820993637313
2026-01-27 03:00:00,0.935,6,0.7579104675535326,0.9422755307363379,0.9323265395112875
2026-01-27 04:00:00,0.6849999999999999,6,0.5976070871004068,0.6974465640779683,0.6799068231631744
2026-01-27 05:00:00,0.4066666666666666,6,0.4337557152785829,0.35530207618494014,0.365001331839796
2026-01-27 06:00:00,0.0316666666666666,6,0.08925137574509173,0.02745096883417227,0.017116610892617123
2026-01-27 07:00:00,0.0133333333333333,6,-0.027240903843181924,0.010099189675586763,0.005978759266391742
2026-01-27 08:00:00,0.01,6,-0.154599146019248,0.010004988467930201,0.00786760068859027
2026-01-27 09:00:00,0.01,6,-0.02211496175239258,0.011225930695821972,0.0068730624532104545
2026-01-27 10:00:00,0.01,6,-0.060072657087169745,0.010166322012067191,0.005868701978588298
2026-01-27 11:00:00,0.01,6,-0.08942837141467028,0.010051478639844187,0.007487144569331805
2026-01-27 12:00:00,0.01,6,-0.03381365827882507,0.010761859307909996,0.010230814925562104
2026-01-27 13:00:00,0.01,6,-0.08025137856345646,0.01000078215560674,0.006726053005456589
2026-01-27 14:00:00,0.01,6,-0.13458434531343577,0.010004988467930201,0.008285028336365352
2026-01-27 15:00:00,0.01,6,-0.12731162132896034,0.010004988467930201,0.007756104290894683
2026-01-27 16:00:00,0.01,6,-0.14089632557919818,0.010004988467930201,0.008090288791773204
2026-01-27 17:00:00,0.01,6,-0.16440608718717142,0.010004988467930201,0.007030678907858301
2026-01-27 18:00:00,0.01,6,-0.17646246259102516,0.010004988467930201,0.007634302105608726
2026-01-27 19:00:00,0.01,6,-0.10246644812012504,0.01001870222086431,0.007513657806449747
2026-01-27 20:00:00,0.0166666666666666,6,0.1544108828853641,0.034882155638779964,0.05652734596390979
2026-01-27 21:00:00,0.0083333333333333,6,0.07334711693224855,0.020239115232391126,0.020421037569096523
2026-01-27 22:00:00,0.01,6,0.0682703132518227,0.015289579851249959,0.020418179454687102
2026-01-27 23:00:00,0.01,6,-0.11247754878402343,0.01000645125759604,0.007233817034264012
2026-01-28 00:00:00,0.01,6,-0.10720096112913978,0.010011257963375162,0.013214653464925008
2026-01-28 01:00:00,0.01,6,-0.11058627689085805,0.010005304412538994,0.009140776882745949
2026-01-28 02:00:00,0.01,6,-0.1741273676588653,0.010004988467930201,0.008804883190674906
2026-01-28 03:00:00,0.01,6,-0.13196889162212277,0.010004988467930201,0.008476111582090329
2026-01-28 04:00:00,0.01,6,-0.1537973388953146,0.010004988467930201,0.007073942889263496
2026-01-28 05:00:00,0.01,6,-0.11656756437088521,0.010006117108943655,0.00650538177954707
2026-01-28 06:00:00,0.01,6,0.0026018721354282848,0.010636472898777848,0.008915776546115972
2026-01-28 07:00:00,0.0366666666666666,6,0.16597129519238712,0.05555555371024056,0.055701293314165734
2026-01-28 08:00:00,0.04,6,0.1433540125549821,0.030501310169802467,0.04329164986011075
2026-01-28 09:00:00,0.01,6,-0.0860629706635948,0.01005144317814481,0.0033620122857884738
2026-01-28 10:00:00,0.01,6,-0.15257152200719018,0.010004988467930201,0.003510279856868248
2026-01-28 11:00:00,0.01,6,-0.13185039458323522,0.010004988467930201,0.012989031003775353
2026-01-28 12:00:00,0.01,6,-0.11812582876786487,0.010006117108943655,0.007449422854335586
2026-01-28 13:00:00,0.01,6,-0.007542095534546073,0.011894735234847489,0.011123894447630345
2026-01-28 14:00:00,0.01,6,-0.06850542529947232,0.010057596645209645,0.00708407080236495
2026-01-28 15:00:00,0.01,6,0.18392993454301404,0.048327126922471514,0.06122504644604465
2026-01-28 16:00:00,0.01,6,0.32642219261244265,0.18949917786013357,0.19439941404856606
2026-01-28 17:00:00,0.0783333333333333,6,0.33633443125443097,0.19909555382236713,0.21301306536633646
2026-01-28 18:00:00,0.1716666666666666,6,0.342256025010664,0.2017747930795869,0.20748648927904328
2026-01-28 19:00:00,0.495,6,0.5310868109214437,0.5708979372665574,0.5476224273339104
2026-01-28 20:00:00,0.7183333333333332,6,0.6304478444063837,0.6673032754252916,0.7437307155818171
2026-01-28 21:00:00,0.4583333333333333,6,0.4834926575910644,0.45315299038779394,0.46591473431070973
2026-01-28 22:00:00,0.3183333333333333,6,0.4091315888346112,0.32218972671859053,0.318634840182491
2026-01-28 23:00:00,0.2283333333333333,6,0.3349128233034325,0.18718743127995674,0.19546353359775936
2026-01-29 00:00:00,0.2716666666666666,6,0.3857479544534701,0.28632665432357396,0.2744906396672081
2026-01-29 01:00:00,0.1399999999999999,6,0.2979562608155554,0.1336166152305115,0.14315084217074045
2026-01-29 02:00:00,0.1999999999999999,6,0.35837741419877367,0.24622191071815214,0.23994686286318828
2026-01-29 03:00:00,0.2366666666666666,6,0.3581287204994835,0.2368824341445785,0.23477729341946474
2026-01-29 04:00:00,0.17,6,0.32758048211714974,0.19624353846472725,0.18049878466836725
2026-01-29 05:00:00,0.0433333333333333,6,0.1557157737344475,0.028298921699979798,0.04210228665600624
2026-01-29 06:00:00,0.0149999999999999,6,0.08439742486078367,0.020764016444526377,0.017134197369308823
2026-01-29 07:00:00,0.0116666666666666,6,0.0008286138158067335,0.010468869534308815,0.008452999041984044
2026-01-29 08:00:00,0.01,6,-0.07526718059104046,0.010002571326609803,0.005884950658519683
2026-01-29 09:00:00,0.0249999999999999,6,0.13998670403681324,0.028206685440273466,0.03810732759162955
2026-01-29 10:00:00,0.0383333333333333,6,0.16332201389430484,0.05039092381431875,0.05583727222961549
2026-01-29 11:00:00,0.0166666666666666,6,0.020611150720155152,0.01150075674952308,0.012396172077022927
2026-01-29 12:00:00,0.2133333333333332,6,0.2052928890434486,0.07399130149023396,0.0744217407898124
2026-01-29 13:00:00,0.655,6,0.5853459687602531,0.6597071889412561,0.6555093546522189
2026-01-29 14:00:00,0.8666666666666667,6,0.7149129499561158,0.8748776730180498,0.8715174334374943
2026-01-29 15:00:00,0.8333333333333333,6,0.7032677151730009,0.8464148718402391,0.8494649191855292
2026-01-29 16:00:00,0.9366666666666666,6,0.7708890801011532,0.9333694774558876,0.9387471600519234
2026-01-29 17:00:00,0.9583333333333331,6,0.7876827405955344,0.9523696520003204,0.9540605277205852
2026-01-29 18:00:00,0.8883333333333333,6,0.7283582247984305,0.8967101836527308,0.8958801393806919
2026-01-29 19:00:00,0.9116666666666668,6,0.7534956094319075,0.9193550339004662,0.9230846583623005
2026-01-29 20:00:00,0.9816666666666664,6,0.8159801465344696,0.9721328389350022,0.9710977745011696
2026-01-29 21:00:00,0.99,6,0.9082664087642855,0.9854526913996982,0.9682845291215364
2026-01-29 22:00:00,0.99,6,0.9200727679029383,0.9833464187785829,0.9404066666682738
2026-01-29 23:00:00,0.99,6,0.8917211619755292,0.9850164370002905,0.9736084827532435
2026-01-30 00:00:00,0.8466666666666666,6,0.7064902274976181,0.8659727700378793,0.8529582525548548
2026-01-30 01:00:00,0.6749999999999999,6,0.5837277558596663,0.6585603686541444,0.659579226617024
2026-01-30 02:00:00,0.6966666666666667,6,0.5944434798267215,0.6802346811435172,0.6833055820279816
2026-01-30 03:00:00,0.4666666666666667,6,0.490765076368022,0.4656193160734631,0.4810704617375005
2026-01-30 04:00:00,0.4016666666666666,6,0.45328172482401785,0.3890553867946849,0.40713305166780334
2026-01-30 05:00:00,0.7016666666666667,6,0.5989935961868598,0.6979597504785986,0.6905166776089444
2026-01-30 06:00:00,0.7133333333333333,6,0.6110950405675065,0.7060240271112074,0.697536397778522
2026-01-30 07:00:00,0.5516666666666666,6,0.5052288556718983,0.37314704019723505,0.5026114426038645
2026-01-30 08:00:00,0.5716666666666665,6,0.5284895166372244,0.5580653230027997,0.534704589304067
2026-01-30 09:00:00,0.7983333333333332,6,0.6690637462877614,0.8046486452174146,0.7992220512535575
2026-01-30 10:00:00,0.9416666666666664,6,0.7688603369948637,0.9383294066491985,0.9406314796351796
2026-01-30 11:00:00,0.96,6,0.8466053989471245,0.981534812027295,0.9770352141002806
2026-01-30 12:00:00,0.975,6,0.8663722937460792,0.984137947406975,0.9803148128632243
2026-01-30 13:00:00,0.9833333333333332,6,0.9283077364298631,0.9543352389120364,0.9670268231374182
2026-01-30 14:00:00,0.945,6,0.8350482169731055,0.9582108404124104,0.973586023365273
2026-01-30 15:00:00,0.9633333333333332,6,0.8180901765763293,0.953886736387297,0.9654838633673903
2026-01-30 16:00:00,0.93,6,0.7956164179942706,0.9502559719612229,0.9514331609356314
2026-01-30 17:00:00,0.9616666666666664,6,0.8211143040143867,0.966105078443198,0.9707314773135445
2026-01-30 18:00:00,0.7466666666666667,6,0.6534555900753046,0.7879024382638367,0.7852701579714023
2026-01-30 19:00:00,0.75,6,0.6322734714693726,0.733970534540803,0.7576987381777909
2026-01-30 20:00:00,0.54,6,0.5205273027757896,0.5463862093019382,0.5377224323870491
2026-01-30 21:00:00,0.4616666666666666,6,0.45968442824454925,0.41681277563900293,0.43291601180010264
2026-01-30 22:00:00,0.2899999999999999,6,0.38783033756090346,0.2888130296836488,0.2898293289528668
2026-01-30 23:00:00,0.155,6,0.29268669293358096,0.13173673337642566,0.13029036712235023
2026-01-31 00:00:00,0.1383333333333333,6,0.28959279992364284,0.1305243274178617,0.12853955076759224
2026-01-31 01:00:00,0.1433333333333333,6,0.2573501232832629,0.11285435003688309,0.10632209318348623
2026-01-31 02:00:00,0.1866666666666666,6,0.3052526892505789,0.13610988432121368,0.14695531524093924
2026-01-31 03:00:00,0.13,6,0.25138724999014206,0.09540146046768595,0.09631389613142666
2026-01-31 04:00:00,0.0783333333333333,6,0.20088128558825102,0.05023131034015646,0.05189247059904589
2026-01-31 05:00:00,0.1116666666666666,6,0.24027015204291735,0.07538167530406951,0.08095404662040401
2026-01-31 06:00:00,0.1449999999999999,6,0.26245696425012355,0.09063228950782194,0.10151600558875518
2026-01-31 07:00:00,0.48,6,0.4642908297376519,0.39198450539809143,0.4223861154378023
2026-01-31 08:00:00,0.5016666666666667,6,0.48586865033060755,0.45721283184091854,0.4549454485228393
2026-01-31 09:00:00,0.5216666666666667,6,0.4848076968102216,0.45747348842229646,0.46122927065200714
2026-01-31 10:00:00,0.95,6,0.7729663251084895,0.9453320753101842,0.9475506853684874
2026-01-31 11:00:00,0.9583333333333331,6,0.8061637178392134,0.9725266619976961,0.9639959556959662
2026-01-31 12:00:00,0.9266666666666667,6,0.8059035027762342,0.9635053819223509,0.9632052917706456
2026-01-31 13:00:00,0.945,6,0.7766828936432733,0.9457297303025376,0.936913822920311
2026-01-31 14:00:00,0.8783333333333333,6,0.7184957862899753,0.8861674201218593,0.8561367944206746
2026-01-31 15:00:00,0.875,6,0.737005122618956,0.8965994334301249,0.8869364556029367
2026-01-31 16:00:00,0.8449999999999998,6,0.7359911962701615,0.8967362103931011,0.8785564187206459
2026-01-31 17:00:00,0.7983333333333333,6,0.6844171820529883,0.8257858887498939,0.8195506310488163
2026-01-31 18:00:00,0.81,6,0.6815018102271024,0.7923024837974645,0.8033675019062236
2026-01-31 19:00:00,0.8216666666666667,6,0.6859912920270405,0.8293601867322544,0.8209838215305281
2026-01-31 20:00:00,0.3383333333333333,6,0.37285281748260735,0.2721927095046857,0.2728788993781011
2026-01-31 21:00:00,0.03,6,0.05807504550500764,0.016679357869684667,0.01845156965808592
2026-01-31 22:00:00,0.0166666666666666,6,-0.0010704404288476577,0.011629659288108902,0.014655520633215735
2026-01-31 23:00:00,0.1999999999999999,6,0.3635022119814786,0.27000150992921634,0.25998068467119007
