timestamp,mean_normalized_power,observations_count,Linear Regression,Random Forest,CatBoost
2025-08-01 00:00:00,0.01,6,-0.1320296404996378,0.009802291279563452,0.00980447079574237
2025-08-01 01:00:00,0.005,6,-0.07788940100497241,0.009912395595431332,0.009715550468654632
2025-08-01 02:00:00,0.0116666666666666,6,-0.06363874257899685,0.009963872466830986,0.00943917963979607
2025-08-01 03:00:00,0.01,6,-0.1085566077605937,0.009785471029470938,0.010026786642703345
2025-08-01 04:00:00,0.025,6,0.015421157637467098,0.025108587656214723,0.027577556065703168
2025-08-01 05:00:00,0.0233333333333333,6,0.005308510673780409,0.02078443945537271,0.023731742897002972
2025-08-01 06:00:00,0.265,6,0.3699540472812367,0.3052330352965375,0.3022402719606939
2025-08-01 07:00:00,0.3933333333333333,6,0.43785570483953873,0.3877958169835984,0.3863354159560393
2025-08-01 08:00:00,0.45,6,0.491976009106191,0.4477840477395604,0.4622432307793909
2025-08-01 09:00:00,0.575,6,0.578750288180927,0.5828589787396585,0.5884524257231882
2025-08-01 10:00:00,0.4766666666666666,6,0.5028450548214035,0.4650509895191151,0.46476761934567645
2025-08-01 11:00:00,0.2499999999999999,6,0.34288197829278033,0.259195965220578,0.26574737513847657
2025-08-01 12:00:00,0.1116666666666666,6,0.18552506411246616,0.1021714876374558,0.11034080845936334
2025-08-01 13:00:00,0.0566666666666666,6,0.07661242825186299,0.05562515737201213,0.05234214394802211
2025-08-01 14:00:00,0.0083333333333333,6,-0.07438889698053999,0.008713404774605749,0.01276071394630951
2025-08-01 15:00:00,0.0066666666666666,6,-0.07514200760056211,0.007792249403596999,0.011422221165886648
2025-08-01 16:00:00,0.0083333333333333,6,-0.09542579176080879,0.008346656251289088,0.010551036596978147
2025-08-01 17:00:00,0.01,6,-0.08959522366401182,0.007966251453486407,0.012161022996847126
2025-08-01 18:00:00,0.0566666666666666,6,0.07611230923251594,0.05539428395024395,0.05234214394802211
2025-08-01 19:00:00,0.3216666666666666,6,0.36965668436494936,0.29140955792400536,0.2897550776321898
2025-08-01 20:00:00,0.3433333333333333,6,0.41941094923281963,0.3599502941976675,0.3601567341572672
2025-08-01 21:00:00,0.1316666666666666,6,0.2226485153156511,0.13250209792164247,0.13372290431887732
2025-08-01 22:00:00,0.16,6,0.2670118542316968,0.17605500410066266,0.1739826612022955
2025-08-01 23:00:00,0.4466666666666666,6,0.6891291721024645,0.7534164316541819,0.7345332842997457
2025-08-02 00:00:00,0.9433333333333332,6,1.050712113506378,0.9477845988082616,0.9530076726634445
2025-08-02 01:00:00,0.6166666666666667,6,0.5797486492817853,0.5897548132352721,0.6079183374313866
2025-08-02 02:00:00,0.5266666666666667,6,0.531510696436384,0.5375379502270576,0.5397619715360529
2025-08-02 03:00:00,0.935,6,0.8033759770061021,0.917064209443232,0.9012727621817402
2025-08-02 04:00:00,0.7983333333333333,6,0.7146745640268627,0.8143461448258332,0.8009332398010742
2025-08-02 05:00:00,0.9133333333333332,6,0.7992022877781221,0.8775698707153414,0.879254587343939
2025-08-02 06:00:00,0.8366666666666667,6,0.7660919828378877,0.8667140044580032,0.8612695282806939
2025-08-02 07:00:00,0.9249999999999998,6,0.8412949574135075,0.9370774314786225,0.9395138385211204
2025-08-02 08:00:00,0.8833333333333333,6,0.7684337543325132,0.8746465740432203,0.8704110359422543
2025-08-02 09:00:00,0.35,6,0.41259982500792314,0.35153179244999333,0.36192500548333606
2025-08-02 10:00:00,0.1566666666666666,6,0.24702909112090732,0.15512437321567954,0.15622811211260162
2025-08-02 11:00:00,0.0733333333333333,6,0.14620147737533318,0.08226947863156532,0.09457238244794364
2025-08-02 12:00:00,0.05,6,0.0909894867356742,0.05342259862226085,0.05334679461712605
2025-08-02 13:00:00,0.0533333333333333,6,0.09438286172053034,0.05712392240670781,0.05758188115672658
2025-08-02 14:00:00,0.2999999999999999,6,0.3705152595134614,0.29501688516939684,0.2910174062461779
2025-08-02 15:00:00,0.4766666666666667,6,0.4900726261377871,0.4481127923191812,0.4575045165264803
2025-08-02 16:00:00,0.5516666666666666,6,0.543666135338573,0.5368270249675009,0.5567297259477952
2025-08-02 17:00:00,0.2666666666666666,6,0.3416403194425006,0.25810733438365635,0.26605170158320185
2025-08-02 18:00:00,0.2616666666666666,6,0.348387473215351,0.2579659230218805,0.26784301636957464
2025-08-02 19:00:00,0.275,6,0.34228042986036167,0.2586823468797698,0.2662205878079712
2025-08-02 20:00:00,0.3349999999999999,6,0.37202252194550745,0.30099732205260027,0.29512836203747683
2025-08-02 21:00:00,0.5033333333333333,6,0.49127730573237316,0.4454847801126749,0.46002095838533913
2025-08-02 22:00:00,0.5133333333333333,6,0.5085115175625028,0.46704573698678037,0.477411974247376
2025-08-02 23:00:00,0.3933333333333333,6,0.4384143071111771,0.39618551364631377,0.3827707161734018
2025-08-03 00:00:00,0.2866666666666666,6,0.3730502787571368,0.30469678008699624,0.29742837280133816
2025-08-03 01:00:00,0.325,6,0.3996285446912534,0.3331047047927709,0.32738869352756717
2025-08-03 02:00:00,0.3183333333333333,6,0.3930167787342471,0.32863385286782903,0.323981288394948
2025-08-03 03:00:00,0.25,6,0.33453570984181813,0.2534552960265594,0.2479810829797349
2025-08-03 04:00:00,0.1916666666666666,6,0.2708839609235497,0.18105570107966582,0.1786970362746689
2025-08-03 05:00:00,0.0516666666666666,6,0.07124752111738575,0.04974347219982345,0.046392535016567815
2025-08-03 06:00:00,0.1233333333333333,6,0.199406244138516,0.1163401235128948,0.11372000570597762
2025-08-03 07:00:00,0.1066666666666666,6,0.17630897883489977,0.10679442146266721,0.1023719438314562
2025-08-03 08:00:00,0.0683333333333333,6,0.10245815607421893,0.06445452826397528,0.057757803188087264
2025-08-03 09:00:00,0.0616666666666666,6,0.10461148884863064,0.06891469835053199,0.058658916969246744
2025-08-03 10:00:00,0.0833333333333333,6,0.14208522322706063,0.08579918520583331,0.08652219961283975
2025-08-03 11:00:00,0.1483333333333333,6,0.227561079562145,0.12432441801929696,0.13384015246260267
2025-08-03 12:00:00,0.1516666666666666,6,0.26140241567797,0.16633344369021746,0.17209230944526357
2025-08-03 13:00:00,0.2616666666666667,6,0.35075094717215927,0.2600706732871499,0.26907463523370817
2025-08-03 14:00:00,0.335,6,0.3982602733563885,0.31489374192159736,0.31943070735546136
2025-08-03 15:00:00,0.2533333333333333,6,0.35144195729738903,0.26307651006967847,0.26901906600920084
2025-08-03 16:00:00,0.14,6,0.2342106126494281,0.1372895199168593,0.1449020646283757
2025-08-03 17:00:00,0.2183333333333333,6,0.299915518547788,0.19819370226130906,0.20087456528082717
2025-08-03 18:00:00,0.5033333333333333,6,0.5070087011382102,0.4455264859919599,0.47227257769968345
2025-08-03 19:00:00,0.0583333333333333,6,0.08925690905080524,0.05565478899065232,0.053843894781051393
2025-08-03 20:00:00,0.2983333333333333,6,0.3579680433595839,0.2802371884047181,0.28188056216102525
2025-08-03 21:00:00,0.7383333333333332,6,0.7227460356918827,0.7855455184958674,0.7946332718198048
2025-08-03 22:00:00,0.9449999999999998,6,0.9027736437755182,0.943163773324751,0.9462587478074738
2025-08-03 23:00:00,0.2466666666666667,6,0.30661062869818356,0.22555331216071176,0.21009361531568627
2025-08-04 00:00:00,0.0233333333333333,6,0.020121491336979103,0.028835544626035645,0.027302485762361772
2025-08-04 01:00:00,0.0333333333333333,6,0.06421913092875658,0.03926677335421304,0.042319640776404044
2025-08-04 02:00:00,0.0416666666666666,6,0.1059622364504832,0.057416111279740625,0.05474160250890442
2025-08-04 03:00:00,0.03,6,0.03502837272016002,0.02989314350131378,0.030602880507945407
2025-08-04 04:00:00,0.0516666666666666,6,0.10593786219529877,0.05347969636749721,0.052769915049739935
2025-08-04 05:00:00,0.1399999999999999,6,0.22814073404737661,0.1219252227332966,0.13177365941239275
2025-08-04 06:00:00,0.175,6,0.2508117979523642,0.17201030716705767,0.1500694156194356
2025-08-04 07:00:00,0.3683333333333333,6,0.4220401434556418,0.3740676828639963,0.38373518894764763
2025-08-04 08:00:00,0.4733333333333333,6,0.5041466839112213,0.49888447059919744,0.49207363242172897
2025-08-04 09:00:00,0.4866666666666666,6,0.504583709115025,0.49511800521276306,0.487385095389145
2025-08-04 10:00:00,0.2633333333333333,6,0.3570559036912839,0.2763918440880152,0.28194420537365517
2025-08-04 11:00:00,0.1133333333333333,6,0.18974626219322782,0.1159691480351105,0.1102359942538329
2025-08-04 12:00:00,0.03,6,-0.010825499750084178,0.021607399770706116,0.02462266881048414
2025-08-04 13:00:00,0.0083333333333333,6,-0.07835348621812563,0.009344227788723352,0.012526733465795581
2025-08-04 14:00:00,0.02,6,-0.015542781734774858,0.019480935133185395,0.02344764490129586
2025-08-04 15:00:00,0.2316666666666666,6,0.2957246207366284,0.19899297892423892,0.19778854534838577
2025-08-04 16:00:00,0.3883333333333333,6,0.43669543047065196,0.38284367860634005,0.3741682531943249
2025-08-04 17:00:00,0.4016666666666666,6,0.43644108252814173,0.38315570930138226,0.37370555605571326
2025-08-04 18:00:00,0.4816666666666666,6,0.4791822818721442,0.44762036233018715,0.44351944224960516
2025-08-04 19:00:00,0.2916666666666666,6,0.29829861285808124,0.20289010224566623,0.2009802012198167
2025-08-04 20:00:00,0.2566666666666666,6,0.3121436832843586,0.21279849669860068,0.22232176615165597
2025-08-04 21:00:00,0.3616666666666666,6,0.42441281759720795,0.37436748215092885,0.37554028710333665
2025-08-04 22:00:00,0.4083333333333333,6,0.4370112555888698,0.3755668827366212,0.3840869048672803
2025-08-04 23:00:00,0.4816666666666666,6,0.4869624263389606,0.46337735964464616,0.4641527375229347
2025-08-05 00:00:00,0.8233333333333333,6,0.7001749421350482,0.7581008098398622,0.7664430749840623
2025-08-05 01:00:00,0.4799999999999999,6,0.48185331923133046,0.43445072299741166,0.451409330299536
2025-08-05 02:00:00,0.2616666666666666,6,0.3239036937822708,0.23530232445910584,0.22809929265439535
2025-08-05 03:00:00,0.0599999999999999,6,0.08776890367585477,0.05452466316101866,0.05207928912821519
2025-08-05 04:00:00,0.01,6,-0.07068397832972095,0.00956543746292245,0.007614792634692946
2025-08-05 05:00:00,0.01,6,-0.15814152640984794,0.009844398996912994,0.00970771074229232
2025-08-05 06:00:00,0.01,6,-0.16068250557802838,0.009856411583861408,0.009212123335093969
2025-08-05 07:00:00,0.01,6,-0.09547086817684383,0.009727487847621553,0.007440751460922157
2025-08-05 08:00:00,0.0083333333333333,6,-0.0509770601774574,0.011616177533359525,0.013510547209932888
2025-08-05 09:00:00,0.0116666666666666,6,-0.01837854078816148,0.01671011167700523,0.01800519251124094
2025-08-05 10:00:00,0.0916666666666666,6,0.1628209463635374,0.09697222156781285,0.09704199653328666
2025-08-05 11:00:00,0.065,6,0.1177794626207716,0.07176763738840229,0.07003428576151416
2025-08-05 12:00:00,0.0816666666666666,6,0.131325663194592,0.0810325807656711,0.07516573821038863
2025-08-05 13:00:00,0.2233333333333333,6,0.3053142883425354,0.20683730328405914,0.20667107535937937
2025-08-05 14:00:00,0.2866666666666666,6,0.36633157524555804,0.28209760702381054,0.28100557847518143
2025-08-05 15:00:00,0.435,6,0.4713847712472323,0.38169764835660175,0.41714554410830607
2025-08-05 16:00:00,0.37,6,0.4334549121828194,0.3796282377051416,0.3714099319516037
2025-08-05 17:00:00,0.5733333333333333,6,0.5751415311507562,0.5774468768137428,0.5769627935833802
2025-08-05 18:00:00,0.6749999999999999,6,0.6366101815821756,0.6452809710117148,0.6579598973435403
2025-08-05 19:00:00,0.4666666666666667,6,0.49265268090682846,0.44475855624139515,0.4532685491966275
2025-08-05 20:00:00,0.1516666666666667,6,0.21109781723488302,0.13071520425211955,0.13378062309288438
2025-08-05 21:00:00,0.1233333333333333,6,0.2151220476010094,0.13023994071016518,0.13439982459333313
2025-08-05 22:00:00,0.2866666666666666,6,0.3641936289683223,0.28288683035380446,0.28520827168915425
2025-08-05 23:00:00,0.4183333333333333,6,0.42345192243795726,0.37426701389508615,0.377372415956268
2025-08-06 00:00:00,0.4933333333333333,6,0.484934801490303,0.4590430282354818,0.46155075833760517
2025-08-06 01:00:00,0.4783333333333333,6,0.49991476474836816,0.4849594271002846,0.47732074743295727
2025-08-06 02:00:00,0.03,6,-0.0036437661785176656,0.020756267521821494,0.021271191486502528
2025-08-06 03:00:00,0.01,6,-0.06279622511799654,0.010238524669848523,0.008278459702762864
2025-08-06 04:00:00,0.01,6,-0.11362108325461126,0.00984201889320575,0.009846469167041905
2025-08-06 05:00:00,0.01,6,-0.12203704272586996,0.009849256285406064,0.009563734827643833
2025-08-06 06:00:00,0.0116666666666666,6,-0.01757075564335281,0.013878546859249087,0.019409592558829958
2025-08-06 07:00:00,0.0216666666666666,6,0.002607509136571179,0.019064584357412567,0.021741065800712833
2025-08-06 08:00:00,0.01,6,-0.12186179841516365,0.009816023972823234,0.00934932120755455
2025-08-06 09:00:00,0.01,6,-0.1037858639791987,0.009787668790788547,0.010026786642703345
2025-08-06 10:00:00,0.01,6,-0.12527349198819726,0.009780722515911706,0.01053133415249996
2025-08-06 11:00:00,0.01,6,-0.1061825154447778,0.009734250648298071,0.010881438716282443
2025-08-06 12:00:00,0.0116666666666666,6,-0.059407570400057924,0.010298904394635922,0.011820024715688493
2025-08-06 13:00:00,0.0483333333333333,6,0.08175920674726822,0.05644100510321099,0.054409555660664854
2025-08-06 14:00:00,0.0116666666666666,6,-0.00574302081772235,0.0220960160848259,0.025007138196969536
2025-08-06 15:00:00,0.0383333333333333,6,0.056630288460158384,0.04559082117883879,0.03893725118472585
2025-08-06 16:00:00,0.17,6,0.2567421578806518,0.17023281485387406,0.16570473893201867
2025-08-06 17:00:00,0.3233333333333333,6,0.3962650311613367,0.3245435395459953,0.3192908093349387
2025-08-06 18:00:00,0.4416666666666666,6,0.4710241230303982,0.3757647514890703,0.41654294894917177
2025-08-06 19:00:00,0.645,6,0.6104578018968542,0.6291073857402248,0.6249182894668085
2025-08-06 20:00:00,0.665,6,0.6131849658651638,0.6319895346937995,0.6271991466238585
2025-08-06 21:00:00,0.5883333333333333,6,0.5790299558281213,0.5834452102985576,0.5872787935546665
2025-08-06 22:00:00,0.2183333333333333,6,0.29788554403654444,0.20489417937591886,0.20101547221183338
2025-08-06 23:00:00,0.01,6,-0.057896642854259994,0.010443960291931,0.011582907235612394
2025-08-07 00:00:00,0.0083333333333333,6,-0.14322602028974282,0.00979617697457751,0.009936567759001813
2025-08-07 01:00:00,0.01,6,-0.15507882848322085,0.009819418997836707,0.009358425872751985
2025-08-07 02:00:00,0.01,6,-0.17681541297747647,0.009829770891166269,0.009339524873189342
2025-08-07 03:00:00,0.01,6,-0.1616893886927269,0.009829471135856622,0.009087920847093811
2025-08-07 04:00:00,0.01,6,-0.12210395923008152,0.009812227692762123,0.007602168791751407
2025-08-07 05:00:00,0.0083333333333333,6,-0.12142644470302799,0.009810180456309455,0.008874698732636521
2025-08-07 06:00:00,0.0066666666666666,6,-0.046495972102597816,0.013664131485876292,0.01401480799537319
2025-08-07 07:00:00,0.01,6,-0.16315040287132473,0.009841067835292573,0.008866493494796901
2025-08-07 08:00:00,0.01,6,-0.09951147138031508,0.009701833007216797,0.009414276817394207
2025-08-07 09:00:00,0.1866666666666666,6,0.2595485830556818,0.16676490834164837,0.1737469769770679
2025-08-07 10:00:00,0.3666666666666667,6,0.43613886969234805,0.3842304672217916,0.3785936135526843
2025-08-07 11:00:00,0.315,6,0.39133949191266726,0.31967400200762014,0.3169134401504496
2025-08-07 12:00:00,0.1866666666666666,6,0.2833828324788119,0.19078084925662828,0.18446079003732455
2025-08-07 13:00:00,0.0749999999999999,6,0.13322140078565897,0.08349415558830324,0.07583229915742878
2025-08-07 14:00:00,0.045,6,0.06063625508993986,0.043068718500966115,0.039636662410736656
2025-08-07 15:00:00,0.0466666666666666,6,0.047020370476405005,0.04526331528087833,0.03781652188398482
2025-08-07 16:00:00,0.105,6,0.1582248165931821,0.09377617939964206,0.0972800674436528
2025-08-07 17:00:00,0.5666666666666667,6,0.558697046175258,0.5518326793492491,0.5533368858333708
2025-08-07 18:00:00,0.7366666666666666,6,0.6741624920158265,0.6999634881569714,0.7061654445582715
2025-08-07 19:00:00,0.4083333333333333,6,0.4359842796712414,0.3821367706914319,0.37370555605571326
2025-08-07 20:00:00,0.1966666666666666,6,0.2944857294218517,0.1968043471453374,0.1968277724740315
2025-08-07 21:00:00,0.0566666666666666,6,0.0989213300232647,0.060389745752215646,0.05915312852353605
2025-08-07 22:00:00,0.18,6,0.27402083676889555,0.18871548698099175,0.17698111316608575
2025-08-07 23:00:00,0.2133333333333332,6,0.3336415596506985,0.23849302612349443,0.2437228043606125
2025-08-08 00:00:00,0.02,6,-0.06748359079591498,0.010054857372206486,0.010493820487288585
2025-08-08 01:00:00,0.01,6,-0.14230676282068844,0.00980379317476916,0.00980447079574237
2025-08-08 02:00:00,0.01,6,-0.05796998502714462,0.010457569556816966,0.010943708181545497
2025-08-08 03:00:00,0.04,6,0.05368346797486112,0.04000774286378861,0.03670895132193891
2025-08-08 04:00:00,0.04,6,0.034483992088866544,0.03292571354669285,0.03296681432949122
2025-08-08 05:00:00,0.0183333333333333,6,-0.017483136978290653,0.015215956769125733,0.02004039029672605
2025-08-08 06:00:00,0.0416666666666666,6,0.030427749070800647,0.033155174381181776,0.03149175871491999
2025-08-08 07:00:00,0.3616666666666666,6,0.39498215249377755,0.32875325910360176,0.3252858453360751
2025-08-08 08:00:00,0.045,6,0.051963762569083694,0.035124463941026925,0.03540320005766212
2025-08-08 09:00:00,0.1466666666666666,6,0.20105192221990936,0.12175540690280436,0.11474062588454548
2025-08-08 10:00:00,0.0083333333333333,6,-0.030763330058591443,0.015412677734650115,0.016039119852748807
2025-08-08 11:00:00,0.0316666666666666,6,0.03829634096793133,0.039960271472683724,0.03537209248836254
2025-08-08 12:00:00,0.0083333333333333,6,-0.042576699630124226,0.011827201554054322,0.016919216007472593
2025-08-08 13:00:00,0.0066666666666666,6,-0.08010594427917483,0.007895179479702903,0.012860083103681474
2025-08-08 14:00:00,0.01,6,-0.06933419711911404,0.008961961581774753,0.012920928473052207
2025-08-08 15:00:00,0.0283333333333333,6,0.051098795661985996,0.0433403580777771,0.038068393828376124
2025-08-08 16:00:00,0.1016666666666666,6,0.1812184464348935,0.10536268376567307,0.10400919979072448
2025-08-08 17:00:00,0.2766666666666666,6,0.369528825242195,0.2898277395768389,0.27800086254310785
2025-08-08 18:00:00,0.2299999999999999,6,0.3273975527306989,0.2354587855953785,0.2239394781409916
2025-08-08 19:00:00,0.2016666666666666,6,0.29468174470640507,0.18841721625335855,0.19711508611584175
2025-08-08 20:00:00,0.1983333333333333,6,0.2806462010471621,0.18563188510589482,0.18307322278075033
2025-08-08 21:00:00,0.1233333333333333,6,0.19527680256131835,0.11798922673185508,0.11620104775286982
2025-08-08 22:00:00,0.0883333333333333,6,0.15237882110854,0.09437085148214991,0.09742039878550368
2025-08-08 23:00:00,0.0233333333333333,6,0.002703074367639946,0.022128524376845253,0.025421105509832065
2025-08-09 00:00:00,0.01,6,-0.05423128649021569,0.010252068011472795,0.01131450498358394
2025-08-09 01:00:00,0.02,6,-0.00800301688754243,0.02226682584875749,0.023381303516799457
2025-08-09 02:00:00,0.0633333333333333,6,0.08243829702348826,0.053659016104986926,0.0521259739752859
2025-08-09 03:00:00,0.2416666666666666,6,0.3181950179031414,0.22784412130170925,0.22719215253668543
2025-08-09 04:00:00,0.3383333333333333,6,0.35191383848221436,0.2558134606997896,0.2733051586781057
2025-08-09 05:00:00,0.1366666666666666,6,0.20101112725612907,0.11586959579405641,0.12025414813167601
2025-08-09 06:00:00,0.1883333333333333,6,0.25905851392809043,0.162617445384323,0.1734335757986177
2025-08-09 07:00:00,0.1533333333333333,6,0.2224252485367444,0.12520580741476361,0.13215532647107192
2025-08-09 08:00:00,0.4333333333333333,6,0.47621584130866745,0.4598100666091952,0.4507636160127001
2025-08-09 09:00:00,0.8833333333333333,6,0.7894363685795943,0.8588953701222177,0.8613143665685138
2025-08-09 10:00:00,0.69,6,0.6396672347341307,0.673516653279426,0.6575498110902989
2025-08-09 11:00:00,0.1966666666666666,6,0.28095249686962487,0.1882442091762008,0.18316245975665293
2025-08-09 12:00:00,0.025,6,0.012635284028952976,0.03249113785933644,0.02760062149616538
2025-08-09 13:00:00,0.01,6,-0.06669832391020047,0.00871907493985442,0.011112645436266888
2025-08-09 14:00:00,0.1149999999999999,6,0.18753735731578064,0.10675938381697925,0.10415574486360957
2025-08-09 15:00:00,0.1766666666666666,6,0.27339421496862915,0.1730170786432105,0.16960237695253458
2025-08-09 16:00:00,0.4266666666666666,6,0.4657968297095213,0.38634601274886954,0.3903689959834374
2025-08-09 17:00:00,0.35,6,0.40812808771215636,0.3046295473102411,0.3202695084309978
2025-08-09 18:00:00,0.1166666666666666,6,0.17037026743603,0.09802058421227015,0.09902727324011273
2025-08-09 19:00:00,0.065,6,0.08124187216416007,0.058909035380288216,0.052995768876095806
2025-08-09 20:00:00,0.0866666666666666,6,0.13044260408722996,0.08294101297515928,0.07221198236993298
2025-08-09 21:00:00,0.1366666666666666,6,0.226597142608227,0.12839746124457718,0.13444127248892998
2025-08-09 22:00:00,0.1566666666666667,6,0.23057585774365547,0.1357330523995359,0.14135429993268314
2025-08-09 23:00:00,0.56,6,0.5595998211033015,0.5527819463357162,0.5491380496905514
2025-08-10 00:00:00,0.4899999999999999,6,0.5278147246529042,0.5090387435080971,0.49370394896796427
2025-08-10 01:00:00,0.1116666666666666,6,0.08404337860668704,0.05633033919926506,0.05529267537080673
2025-08-10 02:00:00,0.01,6,-0.06158213989248501,0.010679618661601664,0.010613084387948113
2025-08-10 03:00:00,0.01,6,-0.1249196942935351,0.009783343519136444,0.010136711012204869
2025-08-10 04:00:00,0.01,6,-0.08724031261171292,0.009649441753588917,0.009842440685212284
2025-08-10 05:00:00,0.0083333333333333,6,-0.09225666989502826,0.00968091026724585,0.01020618319328881
2025-08-10 06:00:00,0.01,6,-0.07028038395210634,0.00955083894162084,0.010826338915334854
2025-08-10 07:00:00,0.01,6,-0.152421718556292,0.009801401247849258,0.010583280738364731
2025-08-10 08:00:00,0.01,6,-0.06309808889386989,0.010370798445275919,0.012006734277827669
2025-08-10 09:00:00,0.0133333333333333,6,-0.0061421213163328214,0.02358004095548967,0.02496454302160095
2025-08-10 10:00:00,0.0433333333333333,6,0.04666605218574188,0.046306017733381125,0.03771715272661286
2025-08-10 11:00:00,0.0966666666666666,6,0.16265269618875589,0.09301312138048112,0.09732330303926245
2025-08-10 12:00:00,0.2066666666666666,6,0.2972430699949339,0.20104791943129344,0.19387720867254532
2025-08-10 13:00:00,0.3166666666666666,6,0.39697403076374704,0.3152413184450063,0.307942828068481
2025-08-10 14:00:00,0.455,6,0.4983837374190587,0.44458447701185727,0.4413661707587961
2025-08-10 15:00:00,0.6383333333333333,6,0.6191028853484408,0.6136713178029392,0.6058127764804022
2025-08-10 16:00:00,0.7733333333333333,6,0.7187177632297564,0.7481654203072755,0.7511639949781084
2025-08-10 17:00:00,0.8499999999999999,6,0.7813855990754247,0.8094533792725795,0.8205231453798844
2025-08-10 18:00:00,0.815,6,0.759898498643009,0.7971379921013922,0.801600243360638
2025-08-10 19:00:00,0.69,6,0.6483607655074164,0.6680987646519911,0.6581147310041939
2025-08-10 20:00:00,0.7816666666666666,6,0.7161062712566091,0.7511020682639853,0.7580074775870278
2025-08-10 21:00:00,0.815,6,0.7378434860505315,0.7485665529113241,0.7945687750927014
2025-08-10 22:00:00,0.8366666666666667,6,0.7680022572191324,0.8198903880162298,0.8147054524048466
2025-08-10 23:00:00,0.9133333333333334,6,0.9038879710796263,0.9283778250710756,0.9367694975279366
2025-08-11 00:00:00,0.8366666666666664,6,0.7487182932246632,0.8038117044903603,0.8071348074061184
2025-08-11 01:00:00,0.7349999999999999,6,0.6632309279329045,0.705025109749685,0.6889598946739939
2025-08-11 02:00:00,0.7799999999999999,6,0.7120513915609601,0.7621992720648932,0.767997737790992
2025-08-11 03:00:00,0.795,6,0.7158440794711761,0.7771209504875907,0.767997737790992
2025-08-11 04:00:00,0.7216666666666666,6,0.6531079229082102,0.6880970186696881,0.6915125218288225
2025-08-11 05:00:00,0.5983333333333332,6,0.5803245628596864,0.5716413189931278,0.5877367305088075
2025-08-11 06:00:00,0.4983333333333333,6,0.5258168724972662,0.5103842600262035,0.5006108854043356
2025-08-11 07:00:00,0.465,6,0.4870591494462788,0.4467904081047353,0.45419752078043024
2025-08-11 08:00:00,0.3383333333333333,6,0.41121036482629403,0.34186075034744606,0.3436490201150577
2025-08-11 09:00:00,0.2816666666666666,6,0.3782530741579999,0.29587804200421236,0.30585528894919545
2025-08-11 10:00:00,0.2383333333333333,6,0.3430919140290092,0.25782843098435393,0.26543752090763273
2025-08-11 11:00:00,0.2233333333333333,6,0.31956389859592726,0.2270024827341751,0.22438206102660468
2025-08-11 12:00:00,0.2433333333333333,6,0.3413891020565778,0.23458889510052705,0.2631542363244381
2025-08-11 13:00:00,0.435,6,0.47975851059987884,0.44407586311670066,0.4341585318259431
2025-08-11 14:00:00,0.54,6,0.5479105428176877,0.5351364220237701,0.5449927003500827
2025-08-11 15:00:00,0.45,6,0.49630767222928374,0.4241043754204601,0.4527413173961381
2025-08-11 16:00:00,0.375,6,0.4588236825129304,0.38107954382377135,0.39874892273391216
2025-08-11 17:00:00,0.4466666666666667,6,0.48591619336423686,0.45140930694675113,0.44633202825445895
2025-08-11 18:00:00,0.4816666666666666,6,0.49892508323626694,0.4726937705978915,0.45376384835343864
2025-08-11 19:00:00,0.3933333333333333,6,0.4381021949779621,0.3686925933629108,0.3744966920980447
2025-08-11 20:00:00,0.6333333333333333,6,0.610946774980611,0.6269226739941384,0.6212669139599695
2025-08-11 21:00:00,0.445,6,0.4851195132643493,0.45786723301051296,0.450540587204292
2025-08-11 22:00:00,0.2166666666666666,6,0.34432955172503477,0.2611501097934397,0.2672267084927562
2025-08-11 23:00:00,0.26,6,0.3856811951449062,0.30960834790249253,0.30977892178170807
2025-08-12 00:00:00,0.3333333333333333,6,0.42270665566085786,0.3590167701781705,0.35814386274562565
2025-08-12 01:00:00,0.3266666666666667,6,0.40571418677272897,0.3335922703782122,0.32615085287140305
2025-08-12 02:00:00,0.0983333333333333,6,0.08796633015407623,0.05726856391640221,0.05445876380769382
2025-08-12 03:00:00,0.01,6,-0.12975122311855636,0.00978970238909514,0.009648429654748769
2025-08-12 04:00:00,0.0066666666666666,6,-0.10819433592334218,0.00978243978567905,0.009817823488595223
2025-08-12 05:00:00,0.01,6,-0.10478860925539538,0.009798080681798122,0.00925800527676085
2025-08-12 06:00:00,0.01,6,-0.18299825787160198,0.009832591786180955,0.009058464951511747
2025-08-12 07:00:00,0.01,6,-0.1762564955560048,0.009810867317507532,0.009416300880665307
2025-08-12 08:00:00,0.01,6,-0.13804383130722853,0.00982445693861106,0.010842529935097323
2025-08-12 09:00:00,0.01,6,-0.0979295652853823,0.009565870815216176,0.01088191217449691
2025-08-12 10:00:00,0.005,6,-0.06267126417615643,0.010119872537196622,0.012438676611580102
2025-08-12 11:00:00,0.005,6,-0.08888736797668703,0.007643783122177713,0.012161022996847126
2025-08-12 12:00:00,0.01,6,-0.1067205731304822,0.008621853088948243,0.006128159572444225
2025-08-12 13:00:00,0.02,6,-0.012011984421322147,0.01606544804480139,0.015752449160139514
2025-08-12 14:00:00,0.025,6,0.009944318422335757,0.019909266088798113,0.019770372754039534
2025-08-12 15:00:00,0.2116666666666666,6,0.3179911857051705,0.200538639036729,0.19648197417076052
2025-08-12 16:00:00,0.0566666666666666,6,0.0806875513447764,0.02514603974664377,0.0351851050871646
2025-08-12 17:00:00,0.1433333333333333,6,0.23201233311157043,0.12544784370688133,0.12482097340640916
2025-08-12 18:00:00,0.1816666666666666,6,0.28568556926324473,0.17391173802020052,0.17236517602402057
2025-08-12 19:00:00,0.475,6,0.49494196996433615,0.4460062831330998,0.4420698879885391
2025-08-12 20:00:00,0.6666666666666666,6,0.6348280056799397,0.6484211330336774,0.646407787503421
2025-08-12 21:00:00,0.7466666666666665,6,0.7380233887957404,0.7534301018581667,0.7858211839806248
2025-08-12 22:00:00,0.9666666666666665,6,0.9492429641881107,0.9593623961392673,0.9512255578740225
2025-08-12 23:00:00,0.5199999999999999,6,0.5321057025158823,0.5174250700380765,0.5070389164125062
2025-08-13 00:00:00,0.935,6,0.8427767286047884,0.8945394160693466,0.9015803622890617
2025-08-13 01:00:00,0.9699999999999998,6,0.9244287201235514,0.9576572392515644,0.9542108650903057
2025-08-13 02:00:00,0.9699999999999998,6,1.0248277279560778,0.962455708128888,0.9592236150076139
2025-08-13 03:00:00,0.8316666666666666,6,0.7361949307299692,0.7914658950543121,0.8078482155401507
2025-08-13 04:00:00,0.9533333333333333,6,0.8400541203478981,0.9091987181027209,0.9086128562429203
2025-08-13 05:00:00,0.9566666666666664,6,0.8570339293836845,0.9177351673630904,0.9244043561783752
2025-08-13 06:00:00,0.9316666666666666,6,0.8495331443948112,0.9229800373771286,0.913459767135217
2025-08-13 07:00:00,0.595,6,0.5822316039612604,0.5952458183344966,0.5875294777371372
2025-08-13 08:00:00,0.3666666666666666,6,0.42245806219668514,0.35706737804309996,0.35912878161905826
2025-08-13 09:00:00,0.2833333333333333,6,0.38038788987864847,0.3117973242938528,0.3088567497167956
2025-08-13 10:00:00,0.2849999999999999,6,0.37885012871141466,0.29873957013567093,0.30581204927511113
2025-08-13 11:00:00,0.215,6,0.32250052557571585,0.23203946660196156,0.2254818147388884
2025-08-13 12:00:00,0.2266666666666666,6,0.333985307453605,0.23845634186750014,0.24354729938958256
2025-08-13 13:00:00,0.1916666666666666,6,0.2970598172858063,0.20068715079220667,0.19683593614974187
2025-08-13 14:00:00,0.4049999999999999,6,0.45482053827048485,0.3884245092654346,0.3940293534421146
2025-08-13 15:00:00,0.535,6,0.5401425924590456,0.5285694076611168,0.5274042925104464
2025-08-13 16:00:00,0.4816666666666666,6,0.51317641983316,0.47866081537377314,0.46417999378698943
2025-08-13 17:00:00,0.4516666666666666,6,0.4890797043654329,0.4480712093657594,0.44633202825445895
2025-08-13 18:00:00,0.6149999999999998,6,0.601345803864197,0.6189229836637202,0.6090205652271286
2025-08-13 19:00:00,0.7749999999999999,6,0.7178648468170801,0.7576629239507255,0.7640594676922459
2025-08-13 20:00:00,0.8733333333333334,6,0.8721671123598577,0.9212970771750202,0.9163807114192372
2025-08-13 21:00:00,0.8533333333333333,6,0.7966999045054711,0.8433279692327108,0.8492623620836854
2025-08-13 22:00:00,0.7583333333333333,6,0.6828910772357188,0.7151673972541942,0.711183954378672
2025-08-13 23:00:00,0.6149999999999999,6,0.5772032649965205,0.5728419813096253,0.5770787679008702
2025-08-14 00:00:00,0.5683333333333332,6,0.5601089418418209,0.5573292087248412,0.5533264936458142
2025-08-14 01:00:00,0.535,6,0.5386475789870065,0.53360219294118,0.5336257722233938
2025-08-14 02:00:00,0.2716666666666666,6,0.28366737098725836,0.1910706317539958,0.18378688257182157
2025-08-14 03:00:00,0.01,6,-0.09437966150916882,0.009687441803254938,0.00982601232868957
2025-08-14 04:00:00,0.5133333333333333,6,0.4896129460417181,0.450688900682273,0.4575045165264803
2025-08-14 05:00:00,0.515,6,0.4976688806152272,0.46666183488313123,0.45652767832368923
2025-08-14 06:00:00,0.0766666666666666,6,0.16358253112614884,0.09953518437882125,0.09625187877480074
2025-08-14 07:00:00,0.3816666666666666,6,0.389821563250363,0.32023000815208214,0.3153712460611976
2025-08-14 08:00:00,0.4149999999999999,6,0.447831388238215,0.3920688381295629,0.3808656827187689
2025-08-14 09:00:00,0.1999999999999999,6,0.28884840907410514,0.1856905076483944,0.1974064439301331
2025-08-14 10:00:00,0.0299999999999999,6,0.013794455373423165,0.025764342896120295,0.0290908282164693
2025-08-14 11:00:00,0.01,6,0.05332521729186385,0.040783435543173444,0.037966004889607274
2025-08-14 12:00:00,0.0716666666666666,6,0.10024209250534821,0.05989241143633014,0.05908596514641917
2025-08-14 13:00:00,0.3683333333333333,6,0.42494118143165915,0.3714793675445534,0.3675532393026394
2025-08-14 14:00:00,0.3083333333333333,6,0.3918233408177533,0.3181270167200105,0.3168462767733327
2025-08-14 15:00:00,0.0983333333333333,6,0.14997328460803638,0.08153365300243161,0.09645837719739736
2025-08-14 16:00:00,0.0233333333333333,6,-0.01968157409106505,0.018940239676315973,0.019690729201276402
2025-08-14 17:00:00,0.0249999999999999,6,-0.0016703501104786411,0.022713850476378427,0.02525060848070565
2025-08-14 18:00:00,0.045,6,0.04888221847769636,0.0443212888043132,0.03732638742699673
2025-08-14 19:00:00,0.045,6,0.04908566671283754,0.04451793088007613,0.03732638742699673
2025-08-14 20:00:00,0.0733333333333333,6,0.12742479109163407,0.07981120715646163,0.07154542142289289
2025-08-14 21:00:00,0.2083333333333333,6,0.1967467157360045,0.11925507061383361,0.11502940019025054
2025-08-14 22:00:00,0.3349999999999999,6,0.4275556603476406,0.3740125325633964,0.37099918192675096
2025-08-14 23:00:00,0.3133333333333333,6,0.44923831032044204,0.39501961116946593,0.3879844309498554
2025-08-15 00:00:00,0.1166666666666666,6,0.1680018268754676,0.09898920565985102,0.09810867602543699
2025-08-15 01:00:00,0.2966666666666666,6,0.39280950781043733,0.32324862448304315,0.3179366676758111
2025-08-15 02:00:00,0.4199999999999999,6,0.4480211833002631,0.39497460793414474,0.39287914619681263
2025-08-15 03:00:00,0.0866666666666666,6,0.1571702879925313,0.09660171343591818,0.09546241696561192
2025-08-15 04:00:00,0.1116666666666666,6,0.16782600711692763,0.0980851179869384,0.09604414639857767
2025-08-15 05:00:00,0.0133333333333333,6,-0.1089283470611854,0.009784938749128865,0.009472439134067867
2025-08-15 06:00:00,0.0633333333333333,6,0.07775580918740382,0.05290451617093923,0.04860725131964283
2025-08-15 07:00:00,0.2516666666666666,6,0.32623547023697286,0.2394437339121763,0.24696094274222463
2025-08-15 08:00:00,0.1283333333333333,6,0.21788536205976022,0.13187724313366317,0.13411999721163362
2025-08-15 09:00:00,0.1316666666666666,6,0.216012532678377,0.128029311508023,0.13412139843326523
2025-08-15 10:00:00,0.04,6,0.045026025859602026,0.044167476478490356,0.035591831390592465
2025-08-15 11:00:00,0.0533333333333333,6,0.105756109441759,0.06862859967154256,0.058189033430349923
2025-08-15 12:00:00,0.0499999999999999,6,0.0756090048047488,0.053993920386174905,0.052329207929055654
2025-08-15 13:00:00,0.0533333333333333,6,0.08688333035040835,0.05660810439188325,0.05433000928398479
2025-08-15 14:00:00,0.0083333333333333,6,-0.09414211125750269,0.009401751181273302,0.01140755422776868
2025-08-15 15:00:00,0.01,6,-0.09825113790135537,0.009710061143982785,0.01099529925817172
2025-08-15 16:00:00,0.0149999999999999,6,-0.0029198597842630958,0.02030084041189489,0.024331182067967916
2025-08-15 17:00:00,0.025,6,0.013589075348613228,0.026221570193498214,0.028015445281299955
2025-08-15 18:00:00,0.12,6,0.17710869374887223,0.10479573587341645,0.09952333383322642
2025-08-15 19:00:00,0.2366666666666666,6,0.3062289970807528,0.2148765278557585,0.20652963169178928
2025-08-15 20:00:00,0.2749999999999999,6,0.3701872542482334,0.3008494248840128,0.2917470191516782
2025-08-15 21:00:00,0.2049999999999999,6,0.3086976273967994,0.2275131064139526,0.22410088869002937
2025-08-15 22:00:00,0.1216666666666666,6,0.18781703892413865,0.11533882903611355,0.11036221514209954
2025-08-15 23:00:00,0.0349999999999999,6,0.04008238743008663,0.03695693177327262,0.03350162806817486
2025-08-16 00:00:00,0.0183333333333333,6,-0.03672457268489687,0.012360152169474621,0.014922584525264126
2025-08-16 01:00:00,0.0066666666666666,6,-0.07966424667970437,0.009812674725973402,0.01018347716729684
2025-08-16 02:00:00,0.0133333333333333,6,-0.007509433240534047,0.02058536842939009,0.02228614424497255
2025-08-16 03:00:00,0.01,6,-0.04222079860971281,0.01292527693910047,0.011980026218842865
2025-08-16 04:00:00,0.01,6,-0.06549451397153572,0.010470057819427833,0.009593256165625563
2025-08-16 05:00:00,0.0783333333333333,6,0.15484097788466272,0.09294506757311156,0.09224568673567735
2025-08-16 06:00:00,0.2049999999999999,6,0.2973026772133873,0.2036321880121083,0.2025181256965812
2025-08-16 07:00:00,0.3533333333333333,6,0.39381990544455303,0.3309478641961054,0.3311041438354807
2025-08-16 08:00:00,0.3349999999999999,6,0.4069768908560202,0.3460551804263499,0.3480340169413762
2025-08-16 09:00:00,0.5916666666666666,6,0.5848151183978865,0.6074831312780278,0.6129442678443481
2025-08-16 10:00:00,0.9266666666666666,6,0.8158612502401045,0.8794944736398193,0.8775393389102979
2025-08-16 11:00:00,0.8166666666666667,6,0.743613316974953,0.7104256528286661,0.7045117940635754
2025-08-16 12:00:00,0.8666666666666665,6,0.7871735361612747,0.8450839152430271,0.8430612729918443
2025-08-16 13:00:00,0.7733333333333333,6,0.7433170092118312,0.7408060400476942,0.7922947622554366
2025-08-16 14:00:00,0.5949999999999999,6,0.596482830854488,0.5931335462643268,0.5969153950142887
2025-08-16 15:00:00,0.3449999999999999,6,0.4232736772232527,0.359154140166454,0.35400146362204227
2025-08-16 16:00:00,0.2816666666666666,6,0.3750914400946399,0.2957841912982213,0.2902077839742038
2025-08-16 17:00:00,0.2516666666666666,6,0.3467181878116107,0.26128973779058273,0.2642294618850725
2025-08-16 18:00:00,0.3166666666666667,6,0.39892245623809897,0.319260315175069,0.3153903673358514
2025-08-16 19:00:00,0.3733333333333333,6,0.42103591119219874,0.3487974988908401,0.3582303445248494
2025-08-16 20:00:00,0.4416666666666667,6,0.46831348947435014,0.3413048450224948,0.4088663803170289
2025-08-16 21:00:00,0.0183333333333333,6,-0.04826936569299281,0.01065590178791188,0.016877766275064432
2025-08-16 22:00:00,0.2583333333333333,6,0.30016652350696116,0.20600251878407305,0.20046008284766742
2025-08-16 23:00:00,0.265,6,0.35894201624409383,0.2824631847901347,0.2808009381370085
2025-08-17 00:00:00,0.51,6,0.528146402012466,0.5101990638491768,0.5170647763131022
2025-08-17 01:00:00,0.4416666666666666,6,0.44226312861109873,0.3919133009477412,0.3895527293436339
2025-08-17 02:00:00,0.0266666666666666,6,0.048144501335432244,0.03554641070557392,0.034082309639392516
2025-08-17 03:00:00,0.33,6,0.4042097058373496,0.3313042503526889,0.3353052046227622
2025-08-17 04:00:00,0.2833333333333333,6,0.33014753614677217,0.24190582850431042,0.24798056524184628
2025-08-17 05:00:00,0.4983333333333333,6,0.5219250021134803,0.5001904356691919,0.5062311993790745
2025-08-17 06:00:00,0.2866666666666666,6,0.3053330248036301,0.21522804312995855,0.2100816096187914
2025-08-17 07:00:00,0.0216666666666666,6,-0.03697400189490371,0.011922519337931542,0.014307769338344323
2025-08-17 08:00:00,0.105,6,0.12283218282127789,0.07364667445476296,0.0685335355686742
2025-08-17 09:00:00,0.435,6,0.47401123882522045,0.44591251600737924,0.4504493211931324
2025-08-17 10:00:00,0.055,6,0.08336482288763158,0.053284377953246594,0.053184196039578135
2025-08-17 11:00:00,0.0316666666666666,6,0.04782601140479531,0.03899712003128612,0.03558214389507569
2025-08-17 12:00:00,0.01,6,-0.05939511599388339,0.01028047047757876,0.011929374010226423
2025-08-17 13:00:00,0.0083333333333333,6,-0.06359130253921214,0.010350950548335834,0.011890759960337671
2025-08-17 14:00:00,0.0083333333333333,6,-0.07248739793055387,0.008750047563468349,0.012073253156228925
2025-08-17 15:00:00,0.0116666666666666,6,-0.0551244433605845,0.010539751129923114,0.012893937652524279
2025-08-17 16:00:00,0.0333333333333333,6,0.031143756770299624,0.037588646817886456,0.033448367752176744
2025-08-17 17:00:00,0.0566666666666666,6,0.08322948294303867,0.05637117231320198,0.054592693355271726
2025-08-17 18:00:00,0.1499999999999999,6,0.21831098102997354,0.13306970488734898,0.13399713278886713
2025-08-17 19:00:00,0.1766666666666666,6,0.2444576610887899,0.1580105331342602,0.15308756886751265
2025-08-17 20:00:00,0.5766666666666665,6,0.5686096018483039,0.5820256443660864,0.5841956420638128
2025-08-17 21:00:00,0.9616666666666664,6,0.8739719431543583,0.9240311293133798,0.9364908840703026
2025-08-17 22:00:00,0.8183333333333332,6,0.7511778260790358,0.8264282954214548,0.8251732422949889
2025-08-17 23:00:00,0.44,6,0.4814172324964444,0.4404393494518558,0.451409330299536
2025-08-18 00:00:00,0.6116666666666666,6,0.5701118976765961,0.6052941651194058,0.5935588667096292
2025-08-18 01:00:00,0.665,6,0.6061880747130551,0.6421041008389154,0.6352601587169207
2025-08-18 02:00:00,0.4049999999999999,6,0.41158216595930064,0.36112284294063324,0.352444352725169
2025-08-18 03:00:00,0.66,6,0.6065558407306438,0.6579637108357738,0.6433767693755813
2025-08-18 04:00:00,0.145,6,0.07626963287903837,0.05344987134462225,0.04726796994813259
2025-08-18 05:00:00,0.0166666666666666,6,-0.06774499470676465,0.01041772284229333,0.01017065565690195
2025-08-18 06:00:00,0.0866666666666666,6,0.14915291540446401,0.09435179285357916,0.09052607431533666
2025-08-18 07:00:00,0.175,6,0.29453512917363256,0.210116817435806,0.19959496044563835
2025-08-18 08:00:00,0.1316666666666666,6,0.2076143163474622,0.12193736250143258,0.12209318938011607
2025-08-18 09:00:00,0.01,6,-0.1335478773311938,0.009845112212025076,0.00850679247232411
2025-08-18 10:00:00,0.01,6,-0.10655178141795416,0.009837627249727686,0.008245699557449526
2025-08-18 11:00:00,0.0083333333333333,6,-0.06544041489458291,0.010220757703479995,0.007418633131819563
2025-08-18 12:00:00,0.4016666666666666,6,0.4175811896770465,0.37158240002811677,0.3720452898342689
2025-08-18 13:00:00,0.3333333333333333,6,0.36145569604667027,0.2897785543110729,0.2885832824759137
2025-08-18 14:00:00,0.0549999999999999,6,0.0896209142121398,0.05571824457794609,0.050677115456574995
2025-08-18 15:00:00,0.1916666666666666,6,0.2861673976167418,0.18867965381588023,0.19994868480317785
2025-08-18 16:00:00,0.0866666666666666,6,0.14522101698973566,0.08130852013352667,0.09308807590954138
2025-08-18 17:00:00,0.0216666666666666,6,0.01525129780343204,0.024053297690091093,0.026219043812583664
2025-08-18 18:00:00,0.01,6,-0.0138618776706943,0.015721122968994566,0.021239978584034425
2025-08-18 19:00:00,0.18,6,0.265677500408935,0.18095523204436761,0.1755930862862283
2025-08-18 20:00:00,0.1816666666666666,6,0.2882416885917646,0.20748024472552043,0.19892356374992037
2025-08-18 21:00:00,0.1949999999999999,6,0.2752224955105601,0.1810712016644847,0.18363427318580205
2025-08-18 22:00:00,0.3883333333333333,6,0.4296982860011247,0.3849909758633821,0.3903763896138989
2025-08-18 23:00:00,0.6966666666666667,6,0.6223545705136097,0.6842535636927377,0.6820754843615789
2025-08-19 00:00:00,0.2733333333333333,6,0.3389575337703853,0.26584077256943833,0.26783179084420794
2025-08-19 01:00:00,0.27,6,0.33114689754896287,0.24235465679598198,0.24324339312085322
2025-08-19 02:00:00,0.55,6,0.5302291810912418,0.5516589539781247,0.5571448959761548
2025-08-19 03:00:00,0.4816666666666666,6,0.4795369362543862,0.48480750657743027,0.4777109951239229
2025-08-19 04:00:00,0.5266666666666667,6,0.498985218031303,0.49930495262262187,0.49565299822936437
2025-08-19 05:00:00,0.5533333333333333,6,0.5154148440862082,0.5086093052715767,0.5152128343882177
2025-08-19 06:00:00,0.4633333333333333,6,0.47402019965372344,0.46380923434107757,0.4653611487720861
2025-08-19 07:00:00,0.6183333333333334,6,0.5850713642199779,0.6364312623291567,0.6386115731506512
2025-08-19 08:00:00,0.9516666666666665,6,0.8573632570806603,0.9482193345392101,0.9458084713373258
2025-08-19 09:00:00,0.9666666666666666,6,0.9461599819735506,0.9647013762801997,0.9567925685105868
2025-08-19 10:00:00,0.92,6,0.8046266924273872,0.9168644367828864,0.9015333113001169
2025-08-19 11:00:00,0.7916666666666666,6,0.7012259771580275,0.7748028576357018,0.7659174336454564
2025-08-19 12:00:00,0.5116666666666666,6,0.522444371209341,0.4691488446275832,0.5047965240503534
2025-08-19 13:00:00,0.2616666666666666,6,0.345159929929694,0.26149448541642695,0.2678648128713579
2025-08-19 14:00:00,0.0683333333333333,6,0.09723599391259469,0.062377302052136964,0.058236890184555634
2025-08-19 15:00:00,0.0116666666666666,6,-0.06836450568685873,0.009374674937818359,0.012030657980860338
2025-08-19 16:00:00,0.0083333333333333,6,-0.08682897711425933,0.00919782064957169,0.011511644316940184
2025-08-19 17:00:00,0.0083333333333333,6,-0.11413408851421368,0.009553863211678787,0.011416969099265484
2025-08-19 18:00:00,0.01,6,-0.04189839722848748,0.01175220093777872,0.015898535450260598
2025-08-19 19:00:00,0.035,6,0.016775659114991515,0.027634304118127506,0.028781939747639707
2025-08-19 20:00:00,0.0333333333333333,6,0.034805091980089686,0.03419688137167826,0.03314254570700198
2025-08-19 21:00:00,0.0166666666666666,6,-0.0009161364660399962,0.022692714424470278,0.024287350803558094
2025-08-19 22:00:00,0.0083333333333333,6,-0.08066160747922985,0.009819903750833471,0.01000430330796609
2025-08-19 23:00:00,0.01,6,-0.13296050964845063,0.009802291279563452,0.00980447079574237
2025-08-20 00:00:00,0.01,6,-0.07077249457303206,0.00964290407044321,0.009662799717796378
2025-08-20 01:00:00,0.0283333333333333,6,-0.00017165756352388595,0.02208068402230545,0.02271226174709645
2025-08-20 02:00:00,0.2599999999999999,6,0.30265948718752345,0.20807112521961718,0.21079523867996597
2025-08-20 03:00:00,0.165,6,0.21778476839252253,0.12802987873038638,0.13173380524588296
2025-08-20 04:00:00,0.2899999999999999,6,0.38089613398066446,0.305547054985742,0.31525583386174605
2025-08-20 05:00:00,0.1666666666666666,6,0.24415671583291115,0.14699722265367995,0.14575489082375698
2025-08-20 06:00:00,0.3166666666666666,6,0.3616327833851255,0.27203244971814955,0.27768253512455254
2025-08-20 07:00:00,0.1083333333333333,6,0.16383689302982274,0.08753517458750001,0.08633709771063697
2025-08-20 08:00:00,0.69,6,0.6356702219522701,0.7052442705612488,0.6893550211044033
2025-08-20 09:00:00,0.9716666666666663,6,0.9300209500940991,0.9540009931546314,0.9527910349612758
2025-08-20 10:00:00,0.9633333333333332,6,0.9213406476404072,0.9576449544718467,0.9540857330885008
2025-08-20 11:00:00,0.3083333333333333,6,0.8220681612201629,0.8968556990392688,0.8836235023939172
2025-08-20 17:00:00,0.0149999999999999,4,0.11189984781881623,0.07010763279402782,0.06763765513004966
2025-08-20 18:00:00,0.1066666666666666,6,0.18092272110018748,0.10749380487640856,0.10416598551121803
2025-08-20 19:00:00,0.36,6,0.4153989608461186,0.34183992332081575,0.34363137965193025
2025-08-20 20:00:00,0.44,6,0.46098513338942937,0.41520716308708483,0.4064102538379711
2025-08-20 21:00:00,0.3416666666666666,6,0.40856350325670665,0.3450195938201115,0.3370618103298856
2025-08-20 22:00:00,0.0949999999999999,6,0.14920113633825016,0.08325017142737844,0.09634501585033434
2025-08-20 23:00:00,0.01,6,-0.06418040354603838,0.010309944007877674,0.010867917227096902
2025-08-21 00:00:00,0.01,6,-0.17079489922429655,0.00980956705164722,0.010055499934732204
2025-08-21 01:00:00,0.01,6,-0.11674395686694364,0.00979246037311409,0.009833861244746944
2025-08-21 02:00:00,0.0149999999999999,6,-0.05237665901276242,0.010363334864910713,0.012970101408894708
2025-08-21 03:00:00,0.0266666666666666,6,0.01790705138852583,0.02878864817059708,0.028141792249372022
2025-08-21 04:00:00,0.4249999999999999,6,0.505776770049271,0.42718040136968854,0.4770901171374608
2025-08-21 05:00:00,0.4666666666666666,6,0.4669210632916322,0.43014721035240816,0.41945969450959303
2025-08-21 06:00:00,0.315,6,0.29881474169368905,0.20498307532273813,0.20234468543192513
2025-08-21 07:00:00,0.09,6,0.1513301497093104,0.09706847615273079,0.09516067872891604
2025-08-21 08:00:00,0.03,6,0.012446756546819815,0.025940694871545378,0.02756184946726503
2025-08-21 09:00:00,0.01,6,-0.1012992441859715,0.009569739734810907,0.010619042984190197
2025-08-21 10:00:00,0.01,6,-0.06354929484734964,0.01026323383212373,0.01196916306705742
2025-08-21 11:00:00,0.07,6,0.08773719221258464,0.05656275285804233,0.055249435696722526
2025-08-21 12:00:00,0.5333333333333333,6,0.5344927219626225,0.5173308815215307,0.5267927609590535
2025-08-21 13:00:00,0.2299999999999999,6,0.39490853606172893,0.3184399234116418,0.31705874135956247
2025-08-21 14:00:00,0.3016666666666666,6,0.37452059584357644,0.29664713119022673,0.29296103702118703
2025-08-21 15:00:00,0.3633333333333333,6,0.4174101031537655,0.35488274233611045,0.34356792027426314
2025-08-21 16:00:00,0.4199999999999999,6,0.44996091522469417,0.3904884091937344,0.38863534429625873
2025-08-21 17:00:00,0.4283333333333334,6,0.467739240407535,0.3896478829685052,0.4089456567493306
2025-08-21 18:00:00,0.1624999999999999,4,0.2192185136253128,0.13930931733408558,0.13538578045361832
2025-08-21 19:00:00,0.0733333333333333,6,0.18173766493641952,0.1085045882499639,0.10409946663281677
2025-08-21 20:00:00,0.11,6,0.2490511669373952,0.1617571508224673,0.15699548441886274
2025-08-21 21:00:00,0.1833333333333333,6,0.25628410838558197,0.17009965503315277,0.16633129923118642
2025-08-21 22:00:00,0.095,6,0.12455110733305397,0.0652688704250909,0.066397138921515
2025-08-21 23:00:00,0.2966666666666666,6,0.3430605386573181,0.251749086454306,0.27782167636648253
2025-08-22 00:00:00,0.5416666666666667,6,0.5278281314891604,0.539073682291278,0.5318531315119203
2025-08-22 01:00:00,0.3133333333333333,6,0.3686176449845585,0.28791069138825093,0.2963895408645388
2025-08-22 02:00:00,0.2283333333333333,6,0.30705786834924187,0.22781721839486144,0.22211060004404265
2025-08-22 03:00:00,0.195,6,0.26091565562362823,0.17597992868047566,0.16631227366734408
2025-08-22 04:00:00,0.1716666666666666,6,0.26087997785793676,0.17597992868047566,0.16584626700003466
2025-08-22 05:00:00,0.4283333333333332,6,0.42807122769657846,0.38049132288121673,0.3885721015889981
2025-08-22 06:00:00,0.6750000000000002,6,0.612544869408467,0.6478530453147969,0.6605768152879361
2025-08-22 07:00:00,0.8216666666666665,6,0.7244270354984653,0.7876418285240457,0.8176707245540407
2025-08-22 08:00:00,0.8783333333333334,6,0.8169626165032008,0.8543274700640378,0.902693091994728
2025-08-22 09:00:00,0.945,6,0.8787668557447702,0.9308943037134664,0.9399443514816215
2025-08-22 10:00:00,0.9416666666666664,6,0.8616349160541282,0.9302773070868424,0.9255103758809755
2025-08-22 11:00:00,0.845,6,0.7652019086528553,0.8285473147045945,0.8277096995984354
2025-08-22 12:00:00,0.5966666666666666,6,0.5973327742854939,0.601805734525705,0.602259453881465
2025-08-22 13:00:00,0.2966666666666666,6,0.3855696061364129,0.30211760678236815,0.3098062390829174
2025-08-22 14:00:00,0.0733333333333333,6,0.13146941544935953,0.083322160390895,0.07581584477878606
2025-08-22 15:00:00,0.0149999999999999,6,-0.03859579240702646,0.01478993596957343,0.017568594687379535
2025-08-22 16:00:00,0.0066666666666666,6,-0.09183681238373434,0.009199740242769929,0.01092145769596864
2025-08-22 17:00:00,0.01,6,-0.11066899497689045,0.009015180966804618,0.01217043786834393
2025-08-22 18:00:00,0.0133333333333333,6,-0.0410351227548037,0.013861587604191173,0.01775550815851834
2025-08-22 19:00:00,0.0116666666666666,6,-0.040964445394338356,0.012101204356097206,0.01728463946282377
2025-08-22 20:00:00,0.01,6,-0.04339791854069444,0.011972376835862884,0.016876620832104006
2025-08-22 21:00:00,0.0066666666666666,6,-0.03263448794830634,0.014810768059756846,0.016704199557914245
2025-08-22 22:00:00,0.0683333333333333,6,0.11574545299411021,0.07185289415085268,0.07104422812331546
2025-08-22 23:00:00,0.3049999999999999,6,0.4249401332590752,0.3715008896570798,0.36931494638052254
2025-08-23 00:00:00,0.2266666666666666,6,0.36510597408279,0.27807280306629123,0.28170506891310376
2025-08-23 01:00:00,0.1466666666666667,6,0.18295610740776413,0.1061171720115429,0.10869703542926851
2025-08-23 02:00:00,0.1533333333333333,6,0.27466613319784206,0.18254359884169247,0.1786584402157489
2025-08-23 03:00:00,0.3333333333333333,6,0.42041213272101374,0.36856854857363847,0.3660377783035949
2025-08-23 04:00:00,0.0283333333333333,6,-0.018688439891961395,0.01858192931155376,0.020219480115261035
2025-08-23 05:00:00,0.01,6,-0.1336201783120766,0.0098329054864579,0.009290695644463665
2025-08-23 06:00:00,0.0066666666666666,6,-0.05053463653581844,0.011538982162205008,0.013869126571933954
2025-08-23 07:00:00,0.01,6,-0.11050643744803154,0.00982211734712785,0.009812059348654145
2025-08-23 08:00:00,0.01,6,-0.14190143511899073,0.00981514059827993,0.009534299169279503
2025-08-23 09:00:00,0.0066666666666666,6,-0.09044985943960762,0.009647736066743129,0.009835386391250367
2025-08-23 10:00:00,0.0216666666666666,6,0.011469221271641739,0.02690784667397687,0.02794487042304994
2025-08-23 11:00:00,0.0166666666666666,6,0.004087081259601333,0.02255363641312037,0.026567063303251426
2025-08-23 12:00:00,0.0083333333333333,6,-0.02311565527778142,0.019517137670575876,0.019889510356565
2025-08-23 13:00:00,0.0083333333333333,6,-0.053333855148174125,0.011717540454205517,0.013642243811975596
2025-08-23 14:00:00,0.0116666666666666,6,-0.046301697122709234,0.013491872562862797,0.0177680367672563
2025-08-23 15:00:00,0.065,6,0.06997345867175464,0.05239026766202133,0.04806077648022322
2025-08-23 16:00:00,0.505,6,0.522437143704921,0.49810114081625284,0.4868354771056988
2025-08-23 17:00:00,0.72,6,0.6943666519482684,0.734005105616615,0.7312737253849233
2025-08-23 18:00:00,0.7983333333333333,6,0.7499539921504379,0.7927533340746898,0.8041370929130937
2025-08-23 19:00:00,0.2349999999999999,6,0.31072446437087387,0.20736410382485596,0.2213809092877395
2025-08-23 20:00:00,0.6866666666666666,6,0.6481294424588376,0.6757478151153026,0.6718139828837157
2025-08-23 21:00:00,0.9666666666666665,6,0.888612022188855,0.943257257094142,0.9385124906537325
2025-08-23 22:00:00,0.7983333333333333,6,0.7239489340911348,0.783897668619287,0.78984767935635
2025-08-23 23:00:00,0.3016666666666666,6,0.36454800211081817,0.28299332641410213,0.28514562704111374
2025-08-24 00:00:00,0.405,6,0.41121596871029653,0.351297360249447,0.35035983962528755
2025-08-24 01:00:00,0.6516666666666667,6,0.5692749840995983,0.5979101114140012,0.5937496161169125
2025-08-24 02:00:00,0.5316666666666666,6,0.4924274274864202,0.45114347694312157,0.47286752291312867
2025-08-24 03:00:00,0.5883333333333332,6,0.5601964717449631,0.586774450066389,0.5691139043943971
2025-08-24 04:00:00,0.4416666666666666,6,0.4630299259305968,0.43389244797554977,0.4196434507328469
2025-08-24 05:00:00,0.8583333333333333,6,0.7070409054402298,0.8117576142914107,0.7956162813942219
2025-08-24 06:00:00,0.9633333333333332,6,0.7916402998727056,0.9041500627171802,0.8937984870560595
2025-08-24 07:00:00,0.853333333333333,6,0.7345427172762373,0.8229974656842025,0.83877093725198
2025-08-24 08:00:00,0.8316666666666666,6,0.7196546680966527,0.8102725204982594,0.8057064737634954
2025-08-24 09:00:00,0.7349999999999999,6,0.6605312897181118,0.7348405395337717,0.7048874532350784
2025-08-24 10:00:00,0.6483333333333334,6,0.5973415705584982,0.6295430414139919,0.6268791183392806
2025-08-24 11:00:00,0.8466666666666666,6,0.7261950715416943,0.7806300249097903,0.786870048453598
2025-08-24 12:00:00,0.8316666666666666,6,0.7413360026182881,0.7872287605594487,0.8085059066894775
2025-08-24 13:00:00,0.925,6,0.8095407157387998,0.8800265759480358,0.8788417587041057
2025-08-24 14:00:00,0.8716666666666667,6,0.7492219197828454,0.8175662000312636,0.818043623688792
2025-08-24 15:00:00,0.89,6,0.7797102649852595,0.8443969922360164,0.8478366509707973
2025-08-24 16:00:00,0.8683333333333331,6,0.7605711562699742,0.8248170290993178,0.8197623939591101
2025-08-24 17:00:00,0.8433333333333332,6,0.7488862212690294,0.8128497215003102,0.813999955765849
2025-08-24 18:00:00,0.8316666666666666,6,0.7311341063885397,0.7941358140306303,0.7901045888996825
2025-08-24 19:00:00,0.7016666666666667,6,0.6455212934690269,0.6653676686245394,0.674408132874881
2025-08-24 20:00:00,0.6616666666666667,6,0.600453551552659,0.6286909713491023,0.624665221638141
2025-08-24 21:00:00,0.6099999999999999,6,0.6000075794815157,0.6326968231308212,0.627319146770017
2025-08-24 22:00:00,0.535,6,0.5540686574161267,0.566970250532511,0.5674614314271176
2025-08-24 23:00:00,0.5733333333333333,6,0.5754575138438905,0.5942691203759588,0.5905596525227212
2025-08-25 00:00:00,0.6233333333333334,6,0.5962762041915086,0.6293205149810241,0.6286843581496184
2025-08-25 01:00:00,0.6916666666666665,6,0.6202631666979093,0.6485281587397664,0.6589797921108366
2025-08-25 02:00:00,0.82,6,0.7213831079430199,0.7873472808835702,0.7946332718198048
2025-08-25 03:00:00,0.7733333333333333,6,0.7031987768875636,0.7785293758979636,0.7751409626338865
2025-08-25 04:00:00,0.8499999999999999,6,0.732112429538301,0.8083577301818756,0.8164253719803558
2025-08-25 05:00:00,0.7683333333333334,6,0.6915011820342772,0.7632893516106846,0.7551516626890293
2025-08-25 06:00:00,0.3599999999999998,6,0.32942791120477233,0.24274169008606136,0.24698568255410727
2025-08-25 07:00:00,0.01,6,-0.07355296276312936,0.009860886411155022,0.00936194505049609
2025-08-25 08:00:00,0.01,6,-0.1316149480576837,0.00982176138908618,0.007602168791751407
2025-08-25 09:00:00,0.01,6,-0.12725575918107362,0.009782022781772018,0.009975067219365585
2025-08-25 10:00:00,0.005,6,-0.05378484169432246,0.010207688739683307,0.01131450498358394
2025-08-25 11:00:00,0.0299999999999999,6,0.03390220734838034,0.035297994435675384,0.03369418805245583
2025-08-25 12:00:00,0.0249999999999999,6,0.04775156620749421,0.042746311664510005,0.03622302480894596
2025-08-25 13:00:00,0.0266666666666666,6,0.03458583937485549,0.03829339240067814,0.034754000168153054
2025-08-25 14:00:00,0.0416666666666666,6,0.0671813788018989,0.050120308653180394,0.045834559240666206
2025-08-25 15:00:00,0.04,6,0.06377225429878247,0.04511084793303488,0.0396229555016166
2025-08-25 16:00:00,0.1083333333333333,6,0.19004685140860428,0.12031658121279568,0.11144508432419414
2025-08-25 17:00:00,0.2183333333333333,6,0.3111048353889715,0.2124341470401141,0.2214365821664746
2025-08-25 18:00:00,0.26,6,0.3406184746841252,0.22948767145622148,0.2655452329110482
2025-08-25 19:00:00,0.2999999999999999,6,0.3634645295824004,0.27620859652270313,0.28029216247081706
2025-08-25 20:00:00,0.31,6,0.38167491336529136,0.3082937676691631,0.3097229915180886
2025-08-25 21:00:00,0.0983333333333333,6,0.13390227225721296,0.08094050777330568,0.07980342099298426
2025-08-25 22:00:00,0.0466666666666666,6,0.056213356059284014,0.039035837046807666,0.036770241612836985
2025-08-25 23:00:00,0.0516666666666666,6,0.06899143649815426,0.04921013968777403,0.045547674816028116
2025-08-26 00:00:00,0.025,6,0.004286350765571545,0.02371283642635541,0.024494955261650575
2025-08-26 01:00:00,0.0083333333333333,6,-0.05662222436812653,0.010147729505157452,0.009269415235961087
2025-08-26 02:00:00,0.01,6,-0.0739440069920676,0.009892638871656688,0.009354951555506197
2025-08-26 03:00:00,0.01,6,-0.07953785360245066,0.009727817091861535,0.010057085327853654
2025-08-26 04:00:00,0.0066666666666666,6,-0.08349841470520014,0.009767353662188822,0.010248919553859814
2025-08-26 05:00:00,0.01,6,-0.09988603306824259,0.009764750327455189,0.009831558724228695
2025-08-26 06:00:00,0.0083333333333333,6,-0.07743719475015998,0.009585052535825063,0.00942657925620971
2025-08-26 07:00:00,0.025,6,-0.006757158366346161,0.018437560602667543,0.02059248338974301
2025-08-26 08:00:00,0.1416666666666666,6,0.21997016867070696,0.128939298157516,0.13215532647107192
2025-08-26 09:00:00,0.2433333333333333,6,0.34301052256703435,0.2617859241559711,0.2719151034487901
2025-08-26 10:00:00,0.2033333333333333,6,0.2979631267710148,0.20228088497331653,0.20210045670502455
2025-08-26 11:00:00,0.0216666666666666,6,0.027883885682869647,0.032079659706112595,0.03257536908728054
2025-08-26 12:00:00,0.0066666666666666,6,-0.05774310798631896,0.010416315543651241,0.012893937652524279
2025-08-26 13:00:00,0.01,6,-0.0490954006129824,0.01103609529162852,0.016530048581844814
2025-08-26 14:00:00,0.0133333333333333,6,-0.022622599207355848,0.020567117440156366,0.019889510356565
2025-08-26 15:00:00,0.08,6,0.12426781546277671,0.07266319625595534,0.07189683512262124
2025-08-26 16:00:00,0.185,6,0.28019457722076524,0.17707093810202412,0.18307322278075033
2025-08-26 17:00:00,0.3116666666666667,6,0.3971311350029382,0.32343202149225764,0.31943070735546136
2025-08-26 18:00:00,0.6499999999999999,6,0.6052972675052726,0.6264589376602849,0.6142662116780463
2025-08-26 19:00:00,0.825,6,0.7294187921386829,0.7707247818875109,0.7851564643848344
2025-08-26 20:00:00,0.68,6,0.6080333783409213,0.6302125076467296,0.6199512669860174
2025-08-26 21:00:00,0.5166666666666667,6,0.5253229258291734,0.5081230953923207,0.4992298801033654
2025-08-26 22:00:00,0.4416666666666666,6,0.48092579306585426,0.4483593668588405,0.4445885701900592
2025-08-26 23:00:00,0.45,6,0.4772076530760231,0.44961277120310666,0.44807029653373165
2025-08-27 00:00:00,0.5233333333333333,6,0.5256350309818062,0.5109796162363515,0.5003236269448104
2025-08-27 01:00:00,0.5066666666666667,6,0.5147911952676123,0.4833001036357042,0.48318975148779
2025-08-27 02:00:00,0.3133333333333333,6,0.3487126560932431,0.2622671317356195,0.27159583916276286
2025-08-27 03:00:00,0.0233333333333333,6,0.04508431064630769,0.03653319061096813,0.0329933665091956
2025-08-27 04:00:00,0.0516666666666666,6,0.06621881913156158,0.04803570842194231,0.04226492517471925
2025-08-27 05:00:00,0.0383333333333333,6,0.0376831329845031,0.030127678258420977,0.030365188273040022
2025-08-27 06:00:00,0.01,6,-0.13076903276151386,0.009831299601572271,0.009546680541610286
2025-08-27 07:00:00,0.0549999999999999,6,0.07223436628098734,0.04967183515882468,0.04640772151315753
2025-08-27 08:00:00,0.0616666666666666,6,0.09917474647743874,0.0572613107368583,0.05464665405435576
2025-08-27 09:00:00,0.065,6,0.10633088608515667,0.06557471830027319,0.05713207932730496
2025-08-27 10:00:00,0.0316666666666666,6,0.040794271252247605,0.03672350314529093,0.0336278489564415
2025-08-27 11:00:00,0.0233333333333333,6,0.03572737728264741,0.03775619130459169,0.03433930472856178
2025-08-27 12:00:00,0.0133333333333333,6,0.0014635527531965398,0.024955742089441905,0.026325970215205496
2025-08-27 13:00:00,0.0149999999999999,6,-0.013758728894703143,0.02057414606736994,0.02329874267770965
2025-08-27 14:00:00,0.01,6,-0.030440455952616158,0.017254514822398186,0.01791911298933524
2025-08-27 15:00:00,0.0283333333333333,6,0.008301414857027206,0.02432906766131708,0.027787534967304184
2025-08-27 16:00:00,0.1083333333333333,6,0.16896151628721806,0.09767606593996012,0.09969838463954372
2025-08-27 17:00:00,0.3283333333333333,6,0.3975936923381759,0.32193797408090047,0.31943070735546136
2025-08-27 18:00:00,0.2083333333333333,6,0.29898036096613845,0.19975471204190587,0.2008506415777946
2025-08-27 19:00:00,0.31,6,0.36275102213982213,0.2813005369575502,0.27927744388076703
2025-08-27 20:00:00,0.3716666666666666,6,0.41568040968864683,0.3489537066131495,0.34535148945724076
2025-08-27 21:00:00,0.2683333333333333,6,0.36054328211920605,0.2800877385714581,0.27988314384788027
2025-08-27 22:00:00,0.2216666666666666,6,0.30738141364555305,0.21715224695583193,0.20650727710869027
2025-08-27 23:00:00,0.16,6,0.2563957931365771,0.17333160849657234,0.1653864661342671
2025-08-28 00:00:00,0.0483333333333333,6,0.020487941903401474,0.03133139608042022,0.029333847393369528
2025-08-28 01:00:00,0.01,6,-0.11319986242090037,0.009796318635420258,0.009575694148223457
2025-08-28 02:00:00,0.01,6,-0.12403401824500483,0.00981309808565656,0.00934932120755455
2025-08-28 03:00:00,0.01,6,-0.1698203917826219,0.009845960737727786,0.009070846323842585
2025-08-28 04:00:00,0.0083333333333333,6,-0.09065125920083242,0.0097530167289005,0.009130348065081784
2025-08-28 05:00:00,0.0316666666666666,6,0.03223634072155529,0.029770492450349628,0.03002996039290967
2025-08-28 06:00:00,0.0499999999999999,6,0.07917042451821882,0.05539101528765802,0.049638430824790136
2025-08-28 07:00:00,0.02,6,-0.000268490374507796,0.02191410731746987,0.0214439963862596
2025-08-28 08:00:00,0.01,6,-0.1291752477082403,0.009809209089487392,0.008874698732636521
2025-08-28 09:00:00,0.01,6,-0.12084911295087686,0.009803464083363645,0.009648429654748769
2025-08-28 10:00:00,0.01,6,-0.11174910358022594,0.009776487005499223,0.01002232583250312
2025-08-28 11:00:00,0.01,6,-0.05926867504537872,0.010378062452612536,0.011727364774485327
2025-08-28 12:00:00,0.01,6,-0.002918866463512304,0.022520744070404247,0.02522668477767298
2025-08-28 13:00:00,0.0183333333333333,6,0.006277557845205312,0.02338353393982034,0.026932486758602603
2025-08-28 14:00:00,0.04,6,0.06762358303620647,0.0521615587957924,0.04666584754168168
2025-08-28 15:00:00,0.135,6,0.21351909627306515,0.13199042844100298,0.13496973842934526
2025-08-28 16:00:00,0.2933333333333333,6,0.3795887434319277,0.3024084409561823,0.30621114048185755
2025-08-28 17:00:00,0.3116666666666667,6,0.38692076463060054,0.3029391025576657,0.310325947716335
2025-08-28 18:00:00,0.6916666666666665,6,0.6379902151911334,0.6655350433608272,0.6578927339664233
2025-08-28 19:00:00,0.7733333333333333,6,0.6881213983900989,0.7248186429842675,0.7229690721061048
2025-08-28 20:00:00,0.9033333333333332,6,0.8312465890711181,0.8971157981981974,0.8801058489004011
2025-08-28 21:00:00,0.8416666666666666,6,0.7626606143348413,0.8101186480763122,0.8147054524048466
2025-08-28 22:00:00,0.5849999999999999,6,0.5687853188837604,0.5792322562837543,0.5744117392877129
2025-08-28 23:00:00,0.2899999999999999,6,0.36014695613668046,0.28417586428977953,0.28164307342044315
2025-08-29 00:00:00,0.4016666666666666,6,0.41447374345255916,0.3532528857057553,0.3438073545555238
2025-08-29 01:00:00,0.4583333333333333,6,0.45085752478206553,0.40621486368460374,0.3919071595187792
2025-08-29 02:00:00,0.2333333333333333,6,0.24014717285129772,0.1501347585760381,0.15180598514281163
2025-08-29 03:00:00,0.0133333333333333,6,-0.046916316299805444,0.012632647559921023,0.013873560537451035
2025-08-29 04:00:00,0.0283333333333333,6,0.012018417912354612,0.024416198217258357,0.023939197919685684
2025-08-29 05:00:00,0.0283333333333333,6,0.03784985528136903,0.032627614708895344,0.03130555859383177
2025-08-29 06:00:00,0.0966666666666666,6,0.15619275969793517,0.09461911632078293,0.09314776588379375
2025-08-29 07:00:00,0.0933333333333333,6,0.15069961645845548,0.09373985256915777,0.09314495721009886
2025-08-29 08:00:00,0.0083333333333333,6,-0.08858879931289948,0.009705853495746338,0.009956685242667795
2025-08-29 09:00:00,0.01,6,-0.13050736855266376,0.009781994058665354,0.01053133415249996
2025-08-29 10:00:00,0.06,6,0.09519272924934252,0.05662098834071647,0.057617152148743245
2025-08-29 11:00:00,0.045,6,0.05402104342651304,0.04499300860134803,0.03709300622471107
2025-08-29 12:00:00,0.0216666666666666,6,0.022541612498911845,0.029376982675014034,0.03136129216862754
2025-08-29 13:00:00,0.03,6,0.03250260153249335,0.04039711039449607,0.03554771725839828
2025-08-29 14:00:00,0.0566666666666666,6,0.10252615466110138,0.06789226132898624,0.059752526093459324
2025-08-29 15:00:00,0.0983333333333333,6,0.2212729207338643,0.1376027239803844,0.13446481677644914
2025-08-29 16:00:00,0.1266666666666666,6,0.25188184968336197,0.15250896108153994,0.1553561230675045
2025-08-29 17:00:00,0.1433333333333333,6,0.24430756494668737,0.14126283746116003,0.15271115377241787
2025-08-29 18:00:00,0.1083333333333333,6,0.17242876102154148,0.10329328256531162,0.10086815940387306
2025-08-29 19:00:00,0.1466666666666667,6,0.20057691047849707,0.12389868886067672,0.11603826424701863
2025-08-29 20:00:00,0.5616666666666666,6,0.5433898106747154,0.5299686364527337,0.5499789892795837
2025-08-29 21:00:00,0.4416666666666666,6,0.4755296880835258,0.4245342141745937,0.43841373762168306
2025-08-29 22:00:00,0.2283333333333333,6,0.2973284008298248,0.19847689896871895,0.19785570872550265
2025-08-29 23:00:00,0.1383333333333333,6,0.2298538831390699,0.1271436187159186,0.14112716997565533
2025-08-30 00:00:00,0.1216666666666666,6,0.21145072433187811,0.13112980906750024,0.13397469935916542
2025-08-30 01:00:00,0.0083333333333333,6,-0.08004310378105037,0.00975547412524095,0.010145110436811933
2025-08-30 02:00:00,0.01,6,-0.12851792870720025,0.009790989203017499,0.009648429654748769
2025-08-30 03:00:00,0.01,6,-0.13761223845134668,0.009815953780840046,0.009534299169279503
2025-08-30 04:00:00,0.01,6,-0.1443045671050756,0.009813855018653348,0.009563755064861568
2025-08-30 05:00:00,0.01,6,-0.11328743321471166,0.009812052500531111,0.009531455014376244
2025-08-30 06:00:00,0.01,6,-0.11664732950212738,0.009833735738443742,0.009610948399594144
2025-08-30 07:00:00,0.01,6,-0.06792474685763891,0.009951603901851258,0.007614792634692946
2025-08-30 08:00:00,0.055,6,0.09092582445287933,0.05391231177388805,0.05303906006846615
2025-08-30 09:00:00,0.2283333333333333,6,0.33003082295960795,0.24034502947538955,0.24695916776455418
2025-08-30 10:00:00,0.1033333333333333,6,0.19124855104093785,0.11866860702600626,0.11423719134216753
2025-08-30 11:00:00,0.02,6,-0.03204161910464445,0.016356593758250635,0.017173713102436927
2025-08-30 12:00:00,0.01,6,-0.08517320126985917,0.009234985674547759,0.012222572109784668
2025-08-30 13:00:00,0.01,6,0.000939155221167054,0.025529404396737076,0.027356138727919976
2025-08-30 14:00:00,0.3216666666666667,6,0.40384742003893437,0.32810207538776387,0.31875619212639317
2025-08-30 15:00:00,0.2466666666666667,6,0.3079109762469223,0.20660244136984982,0.20567808807906018
2025-08-30 16:00:00,0.0533333333333333,6,0.07236534199916533,0.05167537335273786,0.04796184900067885
2025-08-30 17:00:00,0.0183333333333333,6,-0.021646166956594243,0.020508818641978857,0.019900893522342533
2025-08-30 18:00:00,0.6366666666666666,6,0.6327910709428584,0.6520712641054011,0.6464749501187076
2025-08-30 19:00:00,0.705,6,0.652386722217044,0.6862572055807252,0.6653092965567975
2025-08-30 20:00:00,0.91,6,0.8354980664797363,0.9037697119782484,0.8913263925636692
2025-08-30 21:00:00,0.8249999999999998,6,0.7491773978728986,0.8041938564081451,0.8071348074061184
2025-08-30 22:00:00,0.9066666666666668,6,0.817276961614754,0.8791169015030101,0.8756446712314984
2025-08-30 23:00:00,0.9166666666666666,6,0.8367980649685546,0.9115354933083745,0.9022102675642735
2025-08-31 00:00:00,0.9699999999999998,6,0.9205119479079983,0.9559074580919614,0.9510230650280392
2025-08-31 01:00:00,0.9483333333333333,6,0.8267853404817701,0.9004282218673106,0.8946704181676954
2025-08-31 02:00:00,0.9699999999999998,6,0.8749822789560592,0.9522441581708528,0.941048918033296
2025-08-31 03:00:00,0.9666666666666666,6,0.8822584817148597,0.9569385171559555,0.9487350036893047
2025-08-31 04:00:00,0.87,6,0.7544618729560645,0.8412468593622173,0.8463187910627525
2025-08-31 05:00:00,0.8933333333333332,6,0.8067618232978692,0.9155891218069333,0.9107083064061656
2025-08-31 06:00:00,0.8700000000000001,6,0.7670476510953842,0.8710734352505101,0.8695225803172181
2025-08-31 07:00:00,0.9699999999999998,6,0.9540551063034476,0.9630989537565675,0.9576494570148503
2025-08-31 08:00:00,0.9699999999999998,6,1.0845458182060295,0.9642571449073741,0.9594666828493459
2025-08-31 09:00:00,0.9699999999999998,6,1.1090636587649656,0.9628633314582123,0.9595456526355097
2025-08-31 10:00:00,0.9699999999999998,6,1.0679887030300361,0.9516428752048607,0.9605783120103604
2025-08-31 11:00:00,0.9699999999999998,6,0.9910282010665298,0.9674215679317754,0.9597762886791819
2025-08-31 12:00:00,0.9633333333333332,6,0.9507409306928972,0.9610440565644421,0.9550210504937741
2025-08-31 13:00:00,0.9683333333333332,6,0.958558629863241,0.9454108169284253,0.9537252949824432
2025-08-31 14:00:00,0.9616666666666664,6,0.9567121135072928,0.9605939781109364,0.954755948318568
2025-08-31 15:00:00,0.9633333333333332,6,0.9518715829630994,0.9625688861558666,0.9544193124847852
2025-08-31 16:00:00,0.93,6,0.8903189171479556,0.9563892725265061,0.9447579450288023
2025-08-31 17:00:00,0.8166666666666665,6,0.7260685827219386,0.7965064108031829,0.8078386484376945
2025-08-31 18:00:00,0.5599999999999999,6,0.5458622706600124,0.5631461518713446,0.5765057255541465
2025-08-31 19:00:00,0.4016666666666666,6,0.4296907503274534,0.38424004974191317,0.39164350087321015
2025-08-31 20:00:00,0.4333333333333332,6,0.48054762809658946,0.4490599972651486,0.4625520049598184
2025-08-31 21:00:00,0.1566666666666666,6,0.25500363423244166,0.16040549821403113,0.1641370023944011
2025-08-31 22:00:00,0.0249999999999999,6,0.06709167775283303,0.0412492128421209,0.04114748901983423
2025-08-31 23:00:00,0.0083333333333333,6,-0.0218627746983327,0.01178506277807538,0.014901846114571793
2025-09-01 00:00:00,0.01,6,-0.05538960114710609,0.010021843268646004,0.010363286841658437
2025-09-01 01:00:00,0.1566666666666666,6,0.2465184155749673,0.15181105565097125,0.1457812044336397
2025-09-01 02:00:00,0.2349999999999999,6,0.33779815697974747,0.26536554480805036,0.270916412709869
2025-09-01 03:00:00,0.19,6,0.3072853278184834,0.22738301424076046,0.222438844919909
2025-09-01 04:00:00,0.0566666666666666,6,0.0507294339463078,0.02771739945476575,0.028826953537889055
2025-09-01 05:00:00,0.0083333333333333,6,-0.04223459539655866,0.012258260489733048,0.011863656216930918
2025-09-01 06:00:00,0.0416666666666666,6,0.09478831308705743,0.04028486473761023,0.045100236995067544
2025-09-01 07:00:00,0.08,6,0.17542233040736438,0.11151880862241893,0.08852181742425974
2025-09-01 08:00:00,0.0449999999999999,6,0.1022092614213766,0.048125659919863846,0.04791399132570162
2025-09-01 09:00:00,0.0866666666666666,6,0.18732090714895872,0.10723728237280002,0.10678988924886756
2025-09-01 10:00:00,0.1583333333333333,6,0.2698839901634379,0.18054554901163056,0.1778013219396852
2025-09-01 11:00:00,0.13,6,0.23377914345837586,0.14909121443033774,0.14991331358296306
2025-09-01 12:00:00,0.1,6,0.19615353872309116,0.1137971385754908,0.11159728908591149
2025-09-01 13:00:00,0.0683333333333333,6,0.14235338889816218,0.07357234580791457,0.08609061887987846
2025-09-01 14:00:00,0.0083333333333333,6,-0.023426390127415514,0.0167934056072045,0.01730116263708259
2025-09-01 15:00:00,0.0083333333333333,6,-0.0638063076022789,0.010050908686681475,0.010826338915334854
2025-09-01 16:00:00,0.01,6,-0.03689998155110166,0.011859103076818608,0.015293381327302569
2025-09-01 17:00:00,0.0583333333333333,6,0.10524302240081845,0.06604763015117789,0.05737453487725558
2025-09-01 18:00:00,0.1166666666666666,6,0.2082161250778815,0.12787561548895218,0.12599860211158606
2025-09-01 19:00:00,0.1183333333333333,6,0.19045182306979963,0.11024233423928403,0.11210536591596343
2025-09-01 20:00:00,0.1666666666666666,6,0.24683250038852006,0.1592883636891463,0.1558540332773913
2025-09-01 21:00:00,0.4783333333333333,6,0.5098994568467985,0.4841552285052246,0.4899858083128836
2025-09-01 22:00:00,0.3883333333333332,6,0.44935361929452,0.4144068722387477,0.40346897107231044
2025-09-01 23:00:00,0.1566666666666666,6,0.25051161264874117,0.1587724205581953,0.15939570537183165
2025-09-02 00:00:00,0.0416666666666666,6,0.07807523758695872,0.05678073506714216,0.049508516423590665
2025-09-02 01:00:00,0.0066666666666666,6,-0.0682238221562636,0.010231103537303311,0.0096750682497036
2025-09-02 02:00:00,0.01,6,-0.1460117153815947,0.009861706760681875,0.009992976055057945
2025-09-02 03:00:00,0.01,6,-0.1184504748437961,0.00982880032489262,0.009546680541610286
2025-09-02 04:00:00,0.01,6,0.07147153488020647,0.0362356940980436,0.04287242948825698
2025-09-02 05:00:00,0.02,6,0.06924496265599395,0.03867022755125739,0.03999154825317003
2025-09-02 06:00:00,0.0083333333333333,6,-0.09794513628698023,0.009819953190836183,0.007833699319511445
2025-09-02 07:00:00,0.01,6,-0.1132781642169572,0.009891891663811181,0.007991111467111955
2025-09-02 08:00:00,0.01,6,-0.14333628686648825,0.00983719899407986,0.010064555142268672
2025-09-02 09:00:00,0.01,6,-0.13183774909242227,0.009833355014283885,0.009992976055057945
2025-09-02 10:00:00,0.01,6,-0.09935766923379163,0.009701833007216797,0.009414276817394207
2025-09-02 11:00:00,0.0316666666666666,6,0.02580285388934056,0.029820324656444044,0.031204788056845068
2025-09-02 12:00:00,0.1766666666666666,6,0.2816817059592124,0.19328373240340097,0.18557646834185984
2025-09-02 13:00:00,0.4066666666666665,6,0.4644819383900225,0.4198165798686804,0.4191460195831842
2025-09-02 14:00:00,0.6633333333333333,6,0.6271658968320352,0.5794501781426503,0.6606647208708127
2025-09-02 15:00:00,0.82,6,0.7466667119937382,0.8137229717683792,0.8188362578949844
2025-09-02 16:00:00,0.8216666666666667,6,0.7447213761853047,0.8104650842993938,0.818043623688792
2025-09-02 17:00:00,0.7566666666666667,6,0.696742169418916,0.7541931851106211,0.7599967844304724
2025-09-02 18:00:00,0.8516666666666665,6,0.7645682378648312,0.8527646072802552,0.835996803035
2025-09-02 19:00:00,0.8599999999999999,6,0.7689714280553875,0.8547862767900146,0.843736848147862
2025-09-02 20:00:00,0.8233333333333333,6,0.7410824974021941,0.8315200387825983,0.8348139273749607
2025-09-02 21:00:00,0.8716666666666665,6,0.7606361409845167,0.8489966008510957,0.8631624420040862
2025-09-02 22:00:00,0.7666666666666667,6,0.6866898487352695,0.7834422382425472,0.7691364986263778
2025-09-02 23:00:00,0.8850000000000001,6,0.7614378495205729,0.875824759394692,0.8677075995231838
2025-09-03 00:00:00,0.9616666666666664,6,0.8303097191071315,0.9418753171815051,0.9343042580343225
2025-09-03 01:00:00,0.9699999999999998,6,0.8622282167318708,0.9066680343916822,0.9441467745300841
2025-09-03 02:00:00,0.9699999999999998,6,0.8785350121001906,0.9584911292182011,0.9529866138582134
2025-09-03 03:00:00,0.9699999999999998,6,0.8934746940098938,0.9558339502494554,0.953158712863313
2025-09-03 04:00:00,0.9699999999999998,6,0.8580583501925595,0.9533596213564778,0.950512400171138
2025-09-03 05:00:00,0.9699999999999998,6,0.9111628314577559,0.957179013709222,0.9603942410312637
2025-09-03 06:00:00,0.9699999999999998,6,0.8638886031395231,0.9590909559015093,0.9523118551778221
2025-09-03 07:00:00,0.9633333333333332,6,0.837450431327004,0.9493436367750553,0.9400075830432395
2025-09-03 08:00:00,0.9616666666666664,6,0.8738954704248864,0.9536151325272565,0.9505907191818272
2025-09-03 09:00:00,0.9666666666666665,6,0.9048272256091084,0.9564454200478413,0.9548699921517398
2025-09-03 10:00:00,0.9699999999999998,6,0.9274899180945902,0.9542627429195376,0.9562146764109964
2025-09-03 11:00:00,0.9699999999999998,6,0.9746775140879299,0.9632523986165633,0.95675196464449
2025-09-03 12:00:00,0.9699999999999998,6,0.9690239236259223,0.9361776399990265,0.9539288544451969
2025-09-03 13:00:00,0.9683333333333332,6,0.914788420088858,0.9587855058265126,0.9502802848364251
2025-09-03 14:00:00,0.9683333333333332,6,0.9137294863711228,0.9200402415866233,0.9501433477071672
2025-09-03 15:00:00,0.9649999999999997,6,0.893447586129294,0.9530601026428682,0.9426394495761483
2025-09-03 16:00:00,0.96,6,0.8981364587433821,0.9464654876932082,0.9433223944865924
2025-09-03 17:00:00,0.9266666666666666,6,0.8238362112245557,0.907052025241512,0.8819471705344596
2025-09-03 18:00:00,0.8416666666666666,6,0.7389653629894745,0.8200187504189645,0.8247588786328313
2025-09-03 19:00:00,0.9449999999999998,6,0.8316906911850069,0.9271663771857472,0.9262380847408028
2025-09-03 20:00:00,0.9699999999999998,6,0.9009018146954676,0.9585057833174511,0.9511105874625713
2025-09-03 21:00:00,0.7966666666666667,6,0.7095751368093224,0.7721171642112731,0.8031646240578056
2025-09-03 22:00:00,0.8183333333333332,6,0.7186496210291211,0.810964124054321,0.8143303734180978
2025-09-03 23:00:00,0.8016666666666666,6,0.7079400222351034,0.8108493304400856,0.8063880659731999
2025-09-04 00:00:00,0.6283333333333333,6,0.5872325408373126,0.6372518702196605,0.6366413777253264
2025-09-04 01:00:00,0.4116666666666666,6,0.44501849650384284,0.4043919835642757,0.4119834567386271
2025-09-04 02:00:00,0.165,6,0.28872846958785203,0.19687888416343563,0.1981909557991113
2025-09-04 03:00:00,0.0949999999999999,6,0.1291185674348062,0.0646232181592168,0.06569122932200178
2025-09-04 04:00:00,0.0266666666666666,6,0.028696075944762478,0.020607771780734,0.024738830274765422
2025-09-04 05:00:00,0.09,6,0.20462574846830295,0.1138541096962871,0.11299283920674796
2025-09-04 06:00:00,0.3533333333333333,6,0.4225015020239611,0.3736956213343774,0.3873092661923896
2025-09-04 07:00:00,0.2166666666666666,6,0.2890828497109299,0.18664325904677756,0.18918371947289292
2025-09-04 08:00:00,0.5433333333333333,6,0.5366455550827792,0.5544648312888871,0.5636123058975198
2025-09-04 09:00:00,0.93,6,0.817756536048167,0.9253002345884831,0.9248584703704156
2025-09-04 10:00:00,0.9466666666666665,6,0.8608735506988484,0.939568120626558,0.9409848389719044
2025-09-04 11:00:00,0.9683333333333332,6,0.9698943159003605,0.9584056117090101,0.952361806134444
2025-09-04 12:00:00,0.9699999999999998,6,1.0015828398377744,0.9595811297080663,0.9576077336274889
2025-09-04 13:00:00,0.9533333333333333,6,0.9399642578197515,0.9528651451095436,0.9554556090201577
2025-09-04 14:00:00,0.905,6,0.8241457473072714,0.9072172629033889,0.8936290369893641
2025-09-04 15:00:00,0.5899999999999999,6,0.5882756632043726,0.608743098282976,0.6070794035110667
2025-09-04 16:00:00,0.3183333333333333,6,0.40652797971329335,0.33902752816372667,0.3294495406854715
2025-09-04 17:00:00,0.2033333333333333,6,0.31863026191161137,0.2262476192979019,0.22420228811160497
2025-09-04 18:00:00,0.2116666666666666,6,0.3077209827192884,0.22131546969765215,0.20668797562261548
2025-09-04 19:00:00,0.335,6,0.40524901947690484,0.3386319468593785,0.33400105654906925
2025-09-04 20:00:00,0.1116666666666666,6,0.18152104323351725,0.10509672694202449,0.10553252815037795
2025-09-04 21:00:00,0.09,6,0.207949692730863,0.12336100221167796,0.12391448155044005
2025-09-04 22:00:00,0.0616666666666666,6,0.0902842001182666,0.05164718343682579,0.0535094570648495
2025-09-04 23:00:00,0.0833333333333333,6,0.15504416582180353,0.09009833759101488,0.0919000504932691
2025-09-05 00:00:00,0.0883333333333333,6,0.21630162689824245,0.12702878316512384,0.1291127411872545
2025-09-05 01:00:00,0.1016666666666666,6,0.1713537357062077,0.08874531894687358,0.08988922017689482
2025-09-05 02:00:00,0.175,6,0.28692291973176454,0.1900558249058633,0.19062659677561153
2025-09-05 03:00:00,0.06,6,0.09779770679189687,0.03983077022895697,0.045896378569605434
2025-09-05 04:00:00,0.1099999999999999,6,0.16511010576845597,0.0855861924000836,0.08465252976555476
2025-09-05 05:00:00,0.5416666666666666,6,0.5249184548150554,0.5257673391990783,0.5334670135077737
2025-09-05 06:00:00,0.3933333333333333,6,0.4034640900003299,0.33949190121705647,0.3442915922636734
2025-09-05 07:00:00,0.5783333333333333,6,0.5985946496035328,0.6586343829791578,0.648268942417142
2025-09-05 08:00:00,0.6233333333333334,6,0.5788030857678775,0.6204416604075315,0.6157642800628316
2025-09-05 09:00:00,0.5916666666666666,6,0.5693594722080734,0.5977666661459355,0.6025350209200442
2025-09-05 10:00:00,0.6366666666666667,6,0.6240917926718174,0.6591391334071383,0.6578531382857276
2025-09-05 11:00:00,0.8016666666666667,6,0.7397490680871863,0.7943941444101008,0.8092985408956701
2025-09-05 12:00:00,0.5133333333333333,6,0.5350452615866724,0.522928987405082,0.5296856981571595
2025-09-05 13:00:00,0.2016666666666666,6,0.28880681925515983,0.18538264844428395,0.19736887271936285
2025-09-05 14:00:00,0.0216666666666666,6,0.04096935798803719,0.040881061156917274,0.035929013342668514
2025-09-05 15:00:00,0.0183333333333333,6,0.00504583220243382,0.022924575949291676,0.027234081550569167
2025-09-05 16:00:00,0.09,6,0.13635405003058287,0.08415773843077881,0.08174051415891781
2025-09-05 17:00:00,0.3316666666666666,6,0.40783806898453656,0.33730307416552524,0.33610305513385536
2025-09-05 18:00:00,0.3483333333333333,6,0.3937952020783715,0.3260724144336799,0.3183456862987478
2025-09-05 19:00:00,0.6066666666666665,6,0.5811876867390356,0.5711768969456166,0.5904273343634794
2025-09-05 20:00:00,0.7933333333333333,6,0.7067623268562881,0.7669905064987615,0.7674755887920242
2025-09-05 21:00:00,0.555,6,0.5566426425569971,0.5497884942034446,0.5620210022579446
2025-09-05 22:00:00,0.505,6,0.49659535525548115,0.4696314086527222,0.4651015487920425
2025-09-05 23:00:00,0.5566666666666666,6,0.5356934831260385,0.537774769457154,0.5361705601596676
2025-09-06 00:00:00,0.6416666666666667,6,0.6051897684640299,0.6320079729935685,0.6250359147658039
2025-09-06 01:00:00,0.6033333333333332,6,0.5809116293537602,0.5798811770011658,0.5928826147277483
2025-09-06 02:00:00,0.5516666666666666,6,0.5573407704829811,0.5695627293339641,0.5644034030655586
2025-09-06 03:00:00,0.2849999999999999,6,0.2903455807237264,0.1995149896319415,0.19961114682234066
2025-09-06 04:00:00,0.01,6,-0.08039276363721073,0.009788242075914434,0.009596829608176038
2025-09-06 05:00:00,0.0533333333333333,6,0.0526709949373238,0.03075330076483093,0.03384290240377047
2025-09-06 06:00:00,0.0233333333333333,6,-0.039028878237914344,0.013951084977935662,0.014205376900375266
2025-09-06 07:00:00,0.0083333333333333,6,-0.05486673149299201,0.010742077858598521,0.01253020255259113
2025-09-06 08:00:00,0.01,6,-0.09703284602434542,0.009759212253121265,0.009385263210781036
2025-09-06 09:00:00,0.0133333333333333,6,0.0024339293369513293,0.02066483866858958,0.02212303611054245
2025-09-06 10:00:00,0.0216666666666666,6,0.014411452135432823,0.0243748047183522,0.027412372849600908
2025-09-06 11:00:00,0.0116666666666666,6,-0.04058809553049486,0.012398858346831606,0.01591816224958148
2025-09-06 12:00:00,0.01,6,-0.08132589368668938,0.009189033003671536,0.011969812611489605
2025-09-06 13:00:00,0.01,6,-0.115624402661081,0.009733825786071529,0.01218807743575473
2025-09-06 14:00:00,0.01,6,-0.08226042794925417,0.00913798997857179,0.01284869993790394
2025-09-06 15:00:00,0.0516666666666666,6,0.07870251661639704,0.05793183741943601,0.053083754867690236
2025-09-06 16:00:00,0.1283333333333333,6,0.20745233426643706,0.12854241611601103,0.12467870348756294
2025-09-06 17:00:00,0.1566666666666667,6,0.2595511381644353,0.172348478733703,0.1660145931628625
2025-09-06 18:00:00,0.2533333333333333,6,0.3376495677738147,0.24773436577943944,0.24375227972912317
2025-09-06 19:00:00,0.25,6,0.34038593890746405,0.23499549873451633,0.26541359720460017
2025-09-06 20:00:00,0.27,6,0.34566585129862937,0.2604384820372508,0.2671107341752662
2025-09-06 21:00:00,0.1283333333333333,6,0.19305514906960897,0.11837728244312966,0.11583626879623427
2025-09-06 22:00:00,0.0066666666666666,6,-0.08792604098335538,0.009665027947339543,0.01020618319328881
2025-09-06 23:00:00,0.0083333333333333,6,-0.16847635806977043,0.00980956705164722,0.010055499934732204
2025-09-07 00:00:00,0.0066666666666666,6,-0.10216001142215267,0.009704842369784776,0.01046404315137417
2025-09-07 01:00:00,0.01,6,-0.10034671346564439,0.00965694696961242,0.009918318512182889
2025-09-07 02:00:00,0.0533333333333333,6,0.1089703216847383,0.062342818727628424,0.062483648202294906
2025-09-07 03:00:00,0.0233333333333333,6,-0.002650330790744615,0.0223702051827294,0.02271226174709645
2025-09-07 04:00:00,0.135,6,0.17129921875633775,0.09619975985785441,0.09588141711399178
2025-09-07 05:00:00,0.5599999999999999,6,0.5250224463174628,0.529922061642722,0.5321150557786888
2025-09-07 06:00:00,0.3616666666666667,6,0.38434245016622404,0.3169530958387928,0.32317249890748656
2025-09-07 07:00:00,0.3083333333333333,6,0.356314363860351,0.2829996980777706,0.2847467004626161
2025-09-07 08:00:00,0.4416666666666666,6,0.48207335273056595,0.46921341143774364,0.4716209856814324
2025-09-07 09:00:00,0.7816666666666667,6,0.715568392087567,0.7951516170127524,0.7867315237831289
2025-09-07 10:00:00,0.905,6,0.8138617196122159,0.8869764186730631,0.8803989464866118
2025-09-07 11:00:00,0.7666666666666667,6,0.7274316062133033,0.77871810829661,0.7818942092973665
2025-09-07 12:00:00,0.66,6,0.6234680481107195,0.6424232593351319,0.6440078197228863
2025-09-07 13:00:00,0.475,6,0.50730866005392,0.43428917086118257,0.4633675419038757
2025-09-07 14:00:00,0.2666666666666666,6,0.37312868327627746,0.2893782402353105,0.28682644108840527
2025-09-07 15:00:00,0.08,6,0.13134391296977294,0.0825163286028131,0.07075766605349543
2025-09-07 16:00:00,0.005,6,-0.07967582444937565,0.007402160063993007,0.011051800066896156
2025-09-07 17:00:00,0.0083333333333333,6,-0.09325498312463548,0.009075513562783454,0.01092145769596864
2025-09-07 18:00:00,0.1033333333333333,6,0.08810097796658783,0.05839744150434043,0.05589207294073001
2025-09-07 19:00:00,0.3183333333333333,6,0.4184622890724121,0.3510112949939991,0.3440876289076808
2025-09-07 20:00:00,0.2199999999999999,6,0.31955804139450616,0.22628931498644864,0.22393230877523826
2025-09-07 21:00:00,0.2883333333333333,6,0.3489066298844622,0.257505264926008,0.2670889376734829
2025-09-07 22:00:00,0.6116666666666666,6,0.5638049545159698,0.5485014035377425,0.5620349125384427
2025-09-07 23:00:00,0.7933333333333333,6,0.7270733625108879,0.7805856915353336,0.7818942092973665
2025-09-08 00:00:00,0.3383333333333333,6,0.39726699554353195,0.3198145375479729,0.3187975755275569
2025-09-08 01:00:00,0.0716666666666666,6,0.12177915417621499,0.07218974321375507,0.07026779528719718
2025-09-08 02:00:00,0.0066666666666666,6,-0.11200193760598434,0.009750931465590413,0.010637028640279822
2025-09-08 03:00:00,0.025,6,-0.0010808721214044248,0.022893865576938635,0.024287350803558094
2025-09-08 04:00:00,0.01,6,-0.05726191691307039,0.010115355289957433,0.009933280252652332
2025-09-08 05:00:00,0.01,6,-0.0988726694330383,0.009694453470728781,0.009414276817394207
2025-09-08 06:00:00,0.0149999999999999,6,-0.03254439595582881,0.016678171847635308,0.014805831288991489
2025-09-08 07:00:00,0.0683333333333333,6,0.12567527210216817,0.08157770071196867,0.06889457454538822
2025-09-08 08:00:00,0.0416666666666666,6,0.06705593815472682,0.04933782450166274,0.044905973355416295
2025-09-08 09:00:00,0.04,6,0.050688460465865115,0.03478459840276338,0.03540320005766212
2025-09-08 10:00:00,0.0549999999999999,6,0.049439889260998626,0.03879552093563377,0.0352236148605109
2025-09-08 11:00:00,0.1483333333333333,6,0.2505249985432516,0.16397406301853054,0.15596207928456754
2025-09-08 12:00:00,0.2616666666666666,6,0.35853407160122786,0.27964632797909367,0.2785783510731745
2025-09-08 13:00:00,0.12,6,0.20516597031934897,0.12445811178239803,0.12287842940208266
2025-09-08 14:00:00,0.555,6,0.5608467208164999,0.5601208155963655,0.5532953569494419
2025-09-08 15:00:00,0.6033333333333333,6,0.5914874569717692,0.6136126475084227,0.6003598035392277
2025-09-08 16:00:00,0.45,6,0.47443983775768606,0.3790460315963577,0.41712162040527345
2025-09-08 17:00:00,0.3433333333333333,6,0.40059597522284285,0.33417216585338705,0.3221939369868688
2025-09-08 18:00:00,0.6566666666666666,6,0.6330062954132569,0.658974790934399,0.654737933006378
2025-09-08 19:00:00,0.9699999999999998,6,1.2671352721741949,0.9374314136631274,0.9227584837386903
2025-09-08 20:00:00,0.9666666666666666,6,0.9209259143077838,0.952111024870075,0.9555758607971312
2025-09-08 21:00:00,0.9216666666666667,6,0.8445263712590837,0.9453535504763505,0.9359100120238747
2025-09-08 22:00:00,0.7483333333333334,6,0.7040721082335851,0.8176676641022712,0.8045808213654879
2025-09-08 23:00:00,0.3549999999999999,6,0.42270410753268617,0.3742281482983438,0.38705121574458223
2025-09-09 00:00:00,0.0933333333333333,6,0.1840188159429167,0.11297788548155653,0.10612722080822312
2025-09-09 01:00:00,0.16,6,0.25475995950077196,0.16106780940573848,0.15888048832506907
2025-09-09 02:00:00,0.0149999999999999,6,-0.0064233916421989334,0.014212555803215359,0.018021780575590618
2025-09-09 03:00:00,0.0183333333333333,6,-0.03999656906750432,0.011602507425996438,0.011776442857461988
2025-09-09 04:00:00,0.01,6,-0.09568518808841114,0.00979178488131588,0.007771136979558502
2025-09-09 05:00:00,0.01,6,-0.03692915785454165,0.013429963576845436,0.011665516497075146
2025-09-09 06:00:00,0.01,6,-0.15309236161942794,0.009858843754484202,0.00824395481873591
2025-09-09 07:00:00,0.01,6,-0.1818410183168006,0.009857227189076084,0.007341568919715047
2025-09-09 08:00:00,0.01,6,-0.11910345056016676,0.00983238102232914,0.009985585356104776
2025-09-09 09:00:00,0.01,6,-0.12904053806331384,0.009831845417000502,0.009992976055057945
2025-09-09 10:00:00,0.0133333333333333,6,-0.014845742872043377,0.015544072913841678,0.01974999790025561
2025-09-09 11:00:00,0.0083333333333333,6,-0.0740126977110313,0.00965906894194896,0.009662799717796378
2025-09-09 12:00:00,0.0149999999999999,6,0.02987808668591968,0.03443113751889191,0.03126266306475839
2025-09-09 13:00:00,0.105,6,0.17160179461321579,0.10096330886770875,0.09819222278518469
2025-09-09 14:00:00,0.105,6,0.1607314882986699,0.09613838283806601,0.09619356199640033
2025-09-09 15:00:00,0.2583333333333333,6,0.33165458615206844,0.24021873921812997,0.24677972852545743
2025-09-09 16:00:00,0.2983333333333333,6,0.36815549854165586,0.2976403940805621,0.29353268159008866
2025-09-09 17:00:00,0.2183333333333333,6,0.2892424950977106,0.20826367379027408,0.19961114682234066
2025-09-09 18:00:00,0.165,6,0.24522243824040335,0.1536813754280787,0.15331792081298778
2025-09-09 19:00:00,0.1983333333333333,6,0.29649567994316184,0.2086726089271914,0.20199712591146052
2025-09-09 20:00:00,0.3166666666666666,6,0.40276087878634415,0.32609471803783285,0.33521091474949816
2025-09-09 21:00:00,0.1166666666666667,6,0.1938480752938243,0.11273936792824917,0.11372000570597762
2025-09-09 22:00:00,0.025,6,-0.03230134454324382,0.013337303973107627,0.013581170314224622
2025-09-09 23:00:00,0.01,6,-0.08871445238682094,0.009737229813291485,0.009984749262623938
2025-09-10 00:00:00,0.045,6,0.0779617716406294,0.04817141895254922,0.04886608857856756
2025-09-10 01:00:00,0.1366666666666666,6,0.2258697905075519,0.13375294765499632,0.13971752933615192
2025-09-10 02:00:00,0.4416666666666666,6,0.4911563659447872,0.4394281254884024,0.4817333776776124
2025-09-10 03:00:00,0.6233333333333332,6,0.5857491869162829,0.6421430829415727,0.6359384021432997
2025-09-10 04:00:00,0.2216666666666666,6,0.26670599024331487,0.1821559601504766,0.17692257375660375
2025-09-10 05:00:00,0.3816666666666666,6,0.4304733663619127,0.38262702683947913,0.3866274765524825
2025-09-10 06:00:00,0.1183333333333333,6,0.16689274043427788,0.08868468467321217,0.09013780020929191
2025-09-10 07:00:00,0.135,6,0.2265334464153449,0.14330459584627667,0.13230393884195482
2025-09-10 08:00:00,0.0133333333333333,6,-0.10037673249550041,0.009765674292223024,0.009514793579674719
2025-09-10 09:00:00,0.0416666666666666,6,0.03308539355489415,0.03135381044965448,0.03058770828999141
2025-09-10 10:00:00,0.0566666666666666,6,0.09635122242289518,0.05586474322263013,0.05396801089343933
2025-09-10 11:00:00,0.0366666666666666,6,0.0831926612622616,0.05485400176938422,0.052237659709848505
2025-09-10 12:00:00,0.0149999999999999,6,0.007583941112027454,0.023259935738879797,0.025164404108968863
2025-09-10 13:00:00,0.0166666666666666,6,0.0028164924427182547,0.022604902322510004,0.02514846981492025
2025-09-10 14:00:00,0.01,6,-0.10589860723599781,0.009787927939312421,0.010855882627950175
2025-09-10 15:00:00,0.0166666666666666,6,0.008415935956522042,0.02351099275436153,0.025574227639689362
2025-09-10 16:00:00,0.0183333333333333,6,-0.008481584039040951,0.020926103811881314,0.023755400256607773
2025-09-10 17:00:00,0.1466666666666666,6,0.2292873821726757,0.14032340280325323,0.14170538639427235
2025-09-10 18:00:00,0.0933333333333333,6,0.1602088240907234,0.09376900172726871,0.09593265363818726
2025-09-10 19:00:00,0.0816666666666666,6,0.12239264339938938,0.07357581296709424,0.06815141214268355
2025-09-10 20:00:00,0.0166666666666666,6,0.0032847563850423034,0.021241393378971594,0.02354885714141164
2025-09-10 21:00:00,0.07,6,0.12150032925543669,0.07282029206220499,0.06861933884132576
2025-09-10 22:00:00,0.22,6,0.1832112980766903,0.10724815614884259,0.10673818707336158
2025-09-10 23:00:00,0.2266666666666666,6,0.2609135044266282,0.18042561064319726,0.17392916320581617
2025-09-11 00:00:00,0.7083333333333333,6,0.6713707342763856,0.7472726756400287,0.7417964428017612
2025-09-11 01:00:00,0.88,6,0.783091932547855,0.8905622024678964,0.8844576918956638
2025-09-11 02:00:00,0.0199999999999999,6,-0.03011049795597373,0.015213216330329885,0.015213758351519002
2025-09-11 03:00:00,0.115,6,0.20933820746299237,0.12319402477374519,0.130608391445141
2025-09-11 04:00:00,0.1883333333333333,6,0.2827953690535667,0.1924927952934784,0.1843718098296416
2025-09-11 05:00:00,0.2383333333333333,6,0.3629811125113953,0.2809772463235294,0.2852828145933958
2025-09-11 06:00:00,0.055,6,0.11063155081880643,0.057751527880924795,0.055173985210906384
2025-09-11 07:00:00,0.0433333333333333,6,0.10271471704614393,0.04551330972109139,0.04801802380718517
2025-09-11 08:00:00,0.0149999999999999,6,-0.007133864270691903,0.014384693461497008,0.017738424815689435
2025-09-11 09:00:00,0.01,6,-0.02561633215585485,0.01079333661340256,0.015478600371636286
2025-09-11 10:00:00,0.01,6,-0.027449825638376724,0.016300223152343182,0.015570453089356562
2025-09-11 11:00:00,0.0149999999999999,6,-0.005995840882317027,0.018004709728919117,0.020974453699572626
2025-09-11 12:00:00,0.0183333333333333,6,-0.0020706972472585017,0.022252781727513885,0.023490257249256963
2025-09-11 13:00:00,0.0366666666666666,6,0.05573500133453502,0.03541723325802942,0.036644112518707084
2025-09-11 14:00:00,0.13,6,0.20675029488986435,0.12687219085043086,0.12710015218674964
2025-09-11 15:00:00,0.4083333333333333,6,0.4420706138847984,0.3922248546588211,0.3849384277055776
2025-09-11 16:00:00,0.5,6,0.4969608743335676,0.4861409092641868,0.47761742823240727
2025-09-11 17:00:00,0.2233333333333333,6,0.3149045932286909,0.21769393669575274,0.22744633953698437
2025-09-11 18:00:00,0.1516666666666666,6,0.2321448097781586,0.1390723981764926,0.14284006591025528
2025-09-11 19:00:00,0.1366666666666666,6,0.2179501273669716,0.12833157962446673,0.1335143760540092
2025-09-11 20:00:00,0.1033333333333333,6,0.18256140504565604,0.10564552625920431,0.10553252815037795
2025-09-11 21:00:00,0.025,6,0.049752206840381064,0.0314859129250532,0.03291425128402048
2025-09-11 22:00:00,0.0816666666666666,6,0.2109442893475238,0.12193042715022274,0.13070680066441717
2025-09-11 23:00:00,0.1516666666666666,6,0.2536045081218865,0.166636736683292,0.15840414123627408
2025-09-12 00:00:00,0.1933333333333333,6,0.27838580106558874,0.18393973285040255,0.17738663952476497
2025-09-12 01:00:00,0.085,6,0.12805838009832016,0.06341337754736912,0.06323390081186919
2025-09-12 02:00:00,0.0383333333333333,6,0.044224701286375845,0.034592715092601055,0.027106275560898563
2025-09-12 03:00:00,0.0566666666666666,6,0.07059638144818198,0.038508870523822694,0.04019801167998499
2025-09-12 04:00:00,0.01,6,-0.05082962884777406,0.01071083324347067,0.011625178905792455
2025-09-12 05:00:00,0.01,6,-0.10302709462334117,0.009824468247016646,0.007861408770123146
2025-09-12 06:00:00,0.0883333333333333,6,0.15068074336418968,0.07671681830311192,0.08169292285642588
2025-09-12 07:00:00,0.1433333333333333,6,0.228551240779578,0.11981667084402835,0.12903618872433123
2025-09-12 08:00:00,0.1183333333333333,6,0.1978212553582469,0.10142768664429073,0.10345496002434201
2025-09-12 09:00:00,0.5916666666666666,6,0.564219030619421,0.6056650575887936,0.6079071420779837
2025-09-12 10:00:00,0.8166666666666665,6,0.7158914856008739,0.8135127316519423,0.8061333534798175
2025-09-12 11:00:00,0.7316666666666665,6,0.6499736091521999,0.670010249397852,0.6793942757430469
2025-09-12 12:00:00,0.7066666666666666,6,0.6471199493835526,0.7020346469777995,0.6789308109337255
2025-09-12 13:00:00,0.425,6,0.45668406474402623,0.41150330243937927,0.4120871353647665
2025-09-12 14:00:00,0.2533333333333333,6,0.3424720539889947,0.25782572508701873,0.26612299158764274
2025-09-12 15:00:00,0.1283333333333333,6,0.22608395284420252,0.1294170075304366,0.1337616673699704
2025-09-12 16:00:00,0.0466666666666666,6,0.06071426267790908,0.0469720967456029,0.03849714868966991
2025-09-12 17:00:00,0.0083333333333333,6,-0.1207164517798668,0.00971374203667156,0.010938660881679607
2025-09-12 18:00:00,0.01,6,-0.11103162285464434,0.009782749384479329,0.010595450328517775
2025-09-12 19:00:00,0.0083333333333333,6,-0.06096588313380766,0.010205801948472457,0.010056817454813738
2025-09-12 20:00:00,0.0083333333333333,6,-0.058266025511683944,0.01015205810412328,0.009974675231596286
2025-09-12 21:00:00,0.0233333333333333,6,0.01276268438812131,0.022902185096600067,0.025207463280522535
2025-09-12 22:00:00,0.0149999999999999,6,-0.09178939927345495,0.009719556584750766,0.007440751460922157
2025-09-12 23:00:00,0.01,6,-0.14688205978478172,0.009825515449019275,0.008975676292586277
2025-09-13 00:00:00,0.01,6,-0.027751572730002477,0.012891930974344747,0.01535472683328637
2025-09-13 01:00:00,0.0149999999999999,6,-0.012673625765285967,0.016234289438884445,0.020919276822010835
2025-09-13 02:00:00,0.0416666666666666,6,0.06296172256021648,0.03858464230102436,0.039694975667567245
2025-09-13 03:00:00,0.01,6,-0.0880733965194602,0.009800419596767702,0.009432873180350632
2025-09-13 04:00:00,0.0233333333333333,6,-0.03719596020322627,0.011780173835498842,0.01330583210657893
2025-09-13 05:00:00,0.0916666666666666,6,0.16950737692517626,0.08863478937528045,0.09013780020929191
2025-09-13 06:00:00,0.02,6,0.006833461394337326,0.022761090665632807,0.02245773445490129
2025-09-13 07:00:00,0.0116666666666666,6,-0.005391456101398545,0.01861912099658197,0.021196183950967173
2025-09-13 08:00:00,0.01,6,-0.0652921617802292,0.010043199266432268,0.008278459702762864
2025-09-13 09:00:00,0.0183333333333333,6,-0.03505304034165446,0.019904065187731388,0.014094450539988423
2025-09-13 10:00:00,0.0833333333333333,6,0.15908235753027417,0.09230929700734222,0.09260297400122997
2025-09-13 11:00:00,0.115,6,0.20695118103566995,0.12738440047531133,0.12603719817050607
2025-09-13 12:00:00,0.1716666666666666,6,0.27710562112053605,0.1826553065240752,0.18427813806118823
2025-09-13 13:00:00,0.235,6,0.33666414078446294,0.2535507999937383,0.24545988503284286
2025-09-13 14:00:00,0.3699999999999999,6,0.4481584550345251,0.3972836761789665,0.39290302511559666
2025-09-13 15:00:00,0.82,6,0.7376071894176164,0.7918542726738168,0.8046559656032544
2025-09-13 16:00:00,0.9566666666666666,6,0.8962320276023948,0.9398674985090455,0.9376100223359448
2025-09-13 17:00:00,0.9699999999999998,6,0.9784760522189851,0.9641937850819168,0.9622857683240373
2025-09-13 18:00:00,0.6233333333333334,6,0.6000818122520674,0.6323027242975556,0.6268791183392806
2025-09-13 19:00:00,0.6116666666666666,6,0.5910917134176595,0.6215038204858294,0.6187695665386377
2025-09-13 20:00:00,0.9583333333333331,6,0.8566128112730577,0.9409387735698626,0.9400859720274377
2025-09-13 21:00:00,0.775,6,0.6970959740941597,0.7911444173755702,0.7857553039051408
2025-09-13 22:00:00,0.245,6,0.30926654683877586,0.2195852448721321,0.22845105162973048
2025-09-13 23:00:00,0.4766666666666665,6,0.4999777558408274,0.4989816614399889,0.4903313175792111
2025-09-14 00:00:00,0.5283333333333333,6,0.5309658021896713,0.5498213531062148,0.5555449805242059
2025-09-14 01:00:00,0.6933333333333332,6,0.6355750127617038,0.7087304197554645,0.6975689357278885
2025-09-14 02:00:00,0.9733333333333332,6,0.8381029891704576,0.946821012179646,0.9365972946351387
2025-09-14 03:00:00,0.92,6,0.7950911717696839,0.8063395609943332,0.8994452926239195
2025-09-14 04:00:00,0.8850000000000001,6,0.7522278747618463,0.8709420742762224,0.8591491751382168
2025-09-14 05:00:00,0.895,6,0.7617102487726783,0.8758322433953413,0.8698440453240639
2025-09-14 06:00:00,0.9283333333333332,6,0.7984017919701482,0.922026894022397,0.9034593243740446
2025-09-14 07:00:00,0.8383333333333332,6,0.7025675175945403,0.8162408919057431,0.8073615582994218
2025-09-14 08:00:00,0.5933333333333332,6,0.5558029684250785,0.5887463909472633,0.5872912690778225
2025-09-14 09:00:00,0.4599999999999999,6,0.4987152711648676,0.49138976197124085,0.4899046124506465
2025-09-14 10:00:00,0.2983333333333333,6,0.3795158330931241,0.3134971540055548,0.31821191379880226
2025-09-14 11:00:00,0.245,6,0.3314717034446072,0.2452559277933198,0.2526054877399786
2025-09-14 12:00:00,0.3716666666666667,6,0.4402177197314281,0.3886467215982943,0.39135064573133077
2025-09-14 13:00:00,0.5166666666666667,6,0.5346474765392281,0.5480481944923916,0.5406321625449848
2025-09-14 14:00:00,0.6616666666666666,6,0.6128047045507318,0.6176873352759261,0.6346921657973759
2025-09-14 15:00:00,0.5799999999999998,6,0.5703010624389776,0.5930284835819761,0.5881530024407587
2025-09-14 16:00:00,0.625,6,0.5991681038151826,0.6342258604969282,0.6291935137454485
2025-09-14 17:00:00,0.7483333333333334,6,0.6691079567098988,0.7339714575046447,0.726699748071834
2025-09-14 18:00:00,0.7333333333333333,6,0.6613991747550475,0.7383120728849252,0.7183460372330983
2025-09-14 19:00:00,0.625,6,0.5703999915951288,0.6037714377050253,0.6050402925000999
2025-09-14 20:00:00,0.6866666666666665,6,0.6312754580330526,0.6280739849523924,0.6867308341603527
2025-09-14 21:00:00,0.7533333333333334,6,0.6874490768547129,0.7823967891872453,0.78172943311206
2025-09-14 22:00:00,0.6833333333333332,6,0.6309806711672643,0.6289372242698946,0.6882306550022765
2025-09-14 23:00:00,0.5916666666666666,6,0.5477842255340123,0.5685524146075713,0.5853120977753961
2025-09-15 00:00:00,0.47,6,0.4666372717670998,0.4542924630840156,0.4436053101617335
2025-09-15 01:00:00,0.4233333333333333,6,0.4471707332344199,0.40538482733748715,0.4109231054833786
2025-09-15 02:00:00,0.2616666666666666,6,0.30571147101264073,0.23116379524853373,0.22341308587236394
2025-09-15 03:00:00,0.0083333333333333,6,0.007129508859458622,0.021438230317113092,0.02147574268740332
2025-09-15 04:00:00,0.01,6,-0.13973207856715442,0.009870924195786338,0.008576315341560004
2025-09-15 05:00:00,0.01,6,-0.14884035663422704,0.009870924195786338,0.0084642025996442
2025-09-15 06:00:00,0.01,6,-0.14879662259886334,0.009870924195786338,0.008576315341560004
2025-09-15 07:00:00,0.01,6,-0.08985791510369989,0.00984119696794112,0.008422552354189483
2025-09-15 08:00:00,0.01,6,-0.08974000314961744,0.009784333981099848,0.007618607440046665
2025-09-15 09:00:00,0.01,6,-0.10684950037474375,0.009819816874628991,0.009973239211474971
2025-09-15 10:00:00,0.0133333333333333,6,-0.05152451651350537,0.011510568869071933,0.013214052116715502
2025-09-15 11:00:00,0.1266666666666666,6,0.2254692239634407,0.1346283772386396,0.1394411761014609
2025-09-15 12:00:00,0.1266666666666666,6,0.22749292340034588,0.1353442282169989,0.13845597172701699
2025-09-15 13:00:00,0.0483333333333333,6,0.09836539954462736,0.05602467676823391,0.05638447931776891
2025-09-15 14:00:00,0.0233333333333333,6,0.03309297011923462,0.03498711099252886,0.03259221918376737
2025-09-15 15:00:00,0.0116666666666666,6,-0.027383813692995917,0.015869320427031222,0.01693862719689604
2025-09-15 16:00:00,0.0083333333333333,6,-0.08803741756509922,0.009676606912037306,0.010785781227914626
2025-09-15 17:00:00,0.0066666666666666,6,-0.07966832966637333,0.009787302252304453,0.010111978992694448
2025-09-15 18:00:00,0.01,6,-0.06297017491928256,0.009991240697501699,0.009772624910961536
2025-09-15 19:00:00,0.01,6,-0.08064313829671751,0.00967973780387931,0.009629129658661362
2025-09-15 20:00:00,0.01,6,-0.19773401882141473,0.009840229483164233,0.009055620796608488
2025-09-15 21:00:00,0.01,6,-0.16558026575576182,0.009845960737727786,0.009427541061680145
2025-09-15 22:00:00,0.0083333333333333,6,-0.09097094789838764,0.009754378950359556,0.009139034332657503
2025-09-15 23:00:00,0.0516666666666666,6,0.07075096448870682,0.03638253645580034,0.045770023345065136
2025-09-16 00:00:00,0.1299999999999999,6,0.23191991937883438,0.1399647131991519,0.13988117981909923
2025-09-16 01:00:00,0.0966666666666666,6,0.18211794719259705,0.10568908761982346,0.10556936317695076
2025-09-16 02:00:00,0.0283333333333333,6,-0.0016410910328782669,0.018135839916140296,0.02233754036377661
2025-09-16 03:00:00,0.0083333333333333,6,-0.0921755726411409,0.009772625550087977,0.009870100314970986
2025-09-16 04:00:00,0.01,6,-0.049993605868443425,0.010995065190599467,0.012064959485327154
2025-09-16 05:00:00,0.03,6,0.1030243079806924,0.048646077224772495,0.04852093519873979
2025-09-16 06:00:00,0.1033333333333333,6,0.18529093263771534,0.10363118376324773,0.09944087762511511
2025-09-16 07:00:00,0.0666666666666666,6,0.08937101925796476,0.04362681724913945,0.047362688983690227
2025-09-16 08:00:00,0.0683333333333333,6,0.11181922727638105,0.05826829922647734,0.05970558804812315
2025-09-16 09:00:00,0.0633333333333333,6,0.13092385699289333,0.0729887273937493,0.06931311496188974
2025-09-16 10:00:00,0.1683333333333333,6,0.26333175563130656,0.17993858700389817,0.17644772439240144
2025-09-16 11:00:00,0.2033333333333333,6,0.28964065712740317,0.19939336770926885,0.19811483112660136
2025-09-16 12:00:00,0.22,6,0.24177136089725726,0.15027271653902544,0.15153318206576943
2025-09-16 13:00:00,0.7433333333333332,6,0.6566369599680745,0.7252968063398084,0.720133971918759
2025-09-16 14:00:00,0.6033333333333333,6,0.5718057627816883,0.6072028385731557,0.6052246637467793
2025-09-16 15:00:00,0.2866666666666666,6,0.35186885082809904,0.2773545610950876,0.28443284179115397
2025-09-16 16:00:00,0.0999999999999999,6,0.18393877384219487,0.11351832028860104,0.10779988102918414
2025-09-16 17:00:00,0.2966666666666666,6,0.37128260573499205,0.30779443018864083,0.30142016532563787
2025-09-16 18:00:00,0.6699999999999999,6,0.6055329547802667,0.6632210417540015,0.6506639726070907
2025-09-16 19:00:00,0.9266666666666666,6,0.7945106476285305,0.7933139923873868,0.9012863669993814
2025-09-16 20:00:00,0.9699999999999998,6,0.9200504457259261,0.9615462164763325,0.9561289556727551
2025-09-16 21:00:00,0.9699999999999998,6,0.9589808579788665,0.9594656114140595,0.9571969749313417
2025-09-16 22:00:00,0.925,6,0.7835690406344348,0.8784886792621135,0.897547886675524
2025-09-16 23:00:00,0.8766666666666665,6,0.7326402318860822,0.8356584202492011,0.8506926704026665
2025-09-17 00:00:00,0.1566666666666666,6,0.22192539679597978,0.11929871524804826,0.1297216521129397
2025-09-17 01:00:00,0.0116666666666666,6,-0.05404247078775459,0.011697757785685924,0.01042184399838264
2025-09-17 02:00:00,0.2366666666666666,6,0.30389896093071567,0.21639756593949944,0.2029984965829492
2025-09-17 03:00:00,0.0883333333333333,6,0.1344770558811924,0.07178915736574096,0.07519705037032248
2025-09-17 04:00:00,0.2116666666666666,6,0.2945290665260438,0.18386108660378356,0.19284681532473114
2025-09-17 05:00:00,0.2233333333333333,6,0.31245141124223486,0.21373148194768798,0.22037593985841955
2025-09-17 06:00:00,0.2083333333333333,6,0.29771125215592,0.21384179444844995,0.20140949731531313
2025-09-17 07:00:00,0.0816666666666666,6,0.07811171020781527,0.041221345573679416,0.04169637062431564
2025-09-17 08:00:00,0.01,6,-0.01368096764357063,0.015408163780306692,0.01787981265705435
2025-09-17 09:00:00,0.0083333333333333,6,-0.02984751131537572,0.011522558868863839,0.012119245142199975
2025-09-17 10:00:00,0.0083333333333333,6,-0.056807826739840056,0.010006131900437464,0.009932783543101453
2025-09-17 11:00:00,0.01,6,-0.06942352816651368,0.010046448489917073,0.00842759805413179
2025-09-17 12:00:00,0.0083333333333333,6,-0.1078439360638496,0.009801592687326407,0.008884360361792576
2025-09-17 13:00:00,0.01,6,-0.14545499702837417,0.009819256410502039,0.009534299169279503
2025-09-17 14:00:00,0.01,6,-0.12325857486313284,0.00980542634568288,0.009534299169279503
2025-09-17 15:00:00,0.0066666666666666,6,-0.06614676364573785,0.009950831057384731,0.009508326953301116
2025-09-17 16:00:00,0.0216666666666666,6,-0.007334339524162459,0.020341871100997812,0.02228614424497255
2025-09-17 17:00:00,0.2316666666666666,6,0.3059297711877932,0.2283697274015005,0.21079523867996597
2025-09-17 18:00:00,0.3833333333333333,6,0.42000827804539875,0.3714122052914472,0.3874164673083389
2025-09-17 19:00:00,0.1433333333333333,6,0.23253873822684734,0.1404087393567816,0.1468271925490473
2025-09-17 20:00:00,0.2049999999999999,6,0.28442661306786576,0.1903848547958097,0.1981909557991113
2025-09-17 21:00:00,0.3866666666666666,6,0.44815109089693406,0.4200575660564553,0.41100207526954247
2025-09-17 22:00:00,0.4633333333333333,6,0.4828285048439227,0.46569029529043066,0.47755492887200146
2025-09-17 23:00:00,0.4666666666666666,6,0.461116507031601,0.4346781170856651,0.4279122583807832
2025-09-18 00:00:00,0.4183333333333333,6,0.4354752825975515,0.3797667463095212,0.396217025892641
2025-09-18 01:00:00,0.2233333333333333,6,0.3081445262860798,0.22520119193251578,0.22578356447727113
2025-09-18 02:00:00,0.105,6,0.17217783185594665,0.09105612586603726,0.09216802511152405
2025-09-18 03:00:00,0.0083333333333333,6,-0.09343313858459765,0.009785360906655754,0.00834537514149486
2025-09-18 04:00:00,0.01,6,-0.15650033522687684,0.00985806321485003,0.007678978711801232
2025-09-18 05:00:00,0.01,6,-0.09440282303627107,0.00979178488131588,0.00793934156655468
2025-09-18 06:00:00,0.2549999999999999,6,0.2803515926980361,0.18383240631890269,0.17690955085966253
2025-09-18 07:00:00,0.4033333333333333,6,0.4273460058511578,0.38067565848014806,0.3838526969637101
2025-09-18 08:00:00,0.2116666666666666,6,0.30198689837355486,0.20788265091510694,0.20140967231643295
2025-09-18 09:00:00,0.2033333333333333,6,0.2876198419102485,0.1805391509152427,0.19044644695867927
2025-09-18 10:00:00,0.5433333333333333,6,0.5168724055778035,0.5047231811630942,0.5110100335166554
2025-09-18 11:00:00,0.165,6,0.24239845542227378,0.1419813013353969,0.14065143020281315
2025-09-18 12:00:00,0.25,6,0.3088852922035932,0.22298185496936693,0.21943818653388197
2025-09-18 13:00:00,0.7283333333333333,6,0.6357964095833563,0.7080023137069518,0.7052318653561167
2025-09-18 14:00:00,0.2183333333333333,6,0.29242929827142017,0.20567016819361447,0.19148920316176543
2025-09-18 15:00:00,0.0749999999999999,6,0.16036923042258222,0.08660250421124915,0.08545952670573898
2025-09-18 16:00:00,0.3483333333333333,6,0.372509159327842,0.28356887474030384,0.30538609371658965
2025-09-18 17:00:00,0.155,6,0.25490879504354125,0.1563123753701931,0.1557376571509254
2025-09-18 18:00:00,0.0816666666666666,6,0.17718576984850543,0.10735750937129356,0.09649694038822049
2025-09-18 19:00:00,0.18,6,0.28439088743092333,0.17541899698772118,0.19043044633286876
2025-09-18 20:00:00,0.435,6,0.45951728264982317,0.42438868018923537,0.4211708110979081
2025-09-18 21:00:00,0.5383333333333334,6,0.5032926166028772,0.49477432963276397,0.48935292114126394
2025-09-18 22:00:00,0.2849999999999999,6,0.36303384826593144,0.2808096704541445,0.27770603082314443
2025-09-18 23:00:00,0.1083333333333333,6,0.20387337087103108,0.11578854399499793,0.11584010140337875
2025-09-19 00:00:00,0.025,6,-0.00041731195611333094,0.01540160530422271,0.019060715556288466
2025-09-19 01:00:00,0.01,6,-0.10945942357930652,0.009850545065976681,0.008698011792607763
2025-09-19 02:00:00,0.0083333333333333,6,-0.07983315408365776,0.009717910906981198,0.008371716397331308
2025-09-19 03:00:00,0.025,6,0.051856585658256404,0.026215213042242058,0.027043946169526878
2025-09-19 04:00:00,0.025,6,0.06929858900819685,0.030672795652463107,0.037958293097594076
2025-09-19 05:00:00,0.02,6,0.03731307913674348,0.01933234375611882,0.024694182735068182
2025-09-19 06:00:00,0.0216666666666666,6,0.03746201740259664,0.021416717598341947,0.025192418355793444
2025-09-19 07:00:00,0.0216666666666666,6,0.014335143961459573,0.015449686700880122,0.02179986023498448
2025-09-19 08:00:00,0.0083333333333333,6,-0.015877876878429537,0.012955324683718834,0.017325063979983013
2025-09-19 09:00:00,0.0633333333333333,6,0.1317426235177938,0.06902190970823176,0.06765941596488406
2025-09-19 10:00:00,0.135,6,0.23478969168682623,0.14288833334589718,0.14363715986807815
2025-09-19 11:00:00,0.1166666666666666,6,0.20857840389571497,0.12329965583277404,0.130608391445141
2025-09-19 12:00:00,0.0633333333333333,6,0.1251109702040255,0.06417593462569705,0.06629561116856098
2025-09-19 13:00:00,0.01,6,-0.04996614892792278,0.01215354783868448,0.011981171661803292
2025-09-19 14:00:00,0.0083333333333333,6,-0.03473257075009789,0.014351830639930745,0.013842625214928073
2025-09-19 15:00:00,0.0616666666666666,6,0.10904167721612135,0.06682373364682404,0.06261749948064754
2025-09-19 16:00:00,0.445,6,0.4444302791141017,0.4010432479088139,0.4000127256421137
2025-09-19 17:00:00,0.945,6,1.0452473317662494,0.9651749032308721,0.959023529153686
2025-09-19 18:00:00,0.7883333333333334,6,0.7154216119992957,0.8202008228575639,0.817767535426503
2025-09-19 19:00:00,0.3516666666666666,6,0.401450221047849,0.33635843524474596,0.34049570159236864
2025-09-19 20:00:00,0.125,6,0.22279139791449737,0.1400851795237879,0.12762230381724593
2025-09-19 21:00:00,0.0383333333333333,6,0.08528166056354292,0.0430697217587711,0.04449027126325533
2025-09-19 22:00:00,0.0133333333333333,6,-0.02619565054950765,0.012524822115569626,0.012698273261217807
2025-09-19 23:00:00,0.0183333333333333,6,-0.06583098639877111,0.010311234042570363,0.00759634664467751
2025-09-20 00:00:00,0.02,6,-0.07588880824333655,0.010185063011576618,0.008276394398387898
2025-09-20 01:00:00,0.1033333333333333,6,0.23061444067084325,0.1343782073031983,0.13598408019843053
2025-09-20 02:00:00,0.1166666666666666,6,0.22031356741369285,0.11962280350385766,0.12050917165791325
2025-09-20 03:00:00,0.0733333333333333,6,0.14036062003052574,0.0706485011018076,0.07268041224611616
2025-09-20 04:00:00,0.0333333333333333,6,0.08241022374446472,0.05029236226009288,0.04060363151347823
2025-09-20 05:00:00,0.0983333333333333,6,0.22032623424661674,0.11751046464895121,0.1095213683479021
2025-09-20 06:00:00,0.2316666666666666,6,0.28076545637473804,0.15466713225290127,0.17671741988610506
2025-09-20 07:00:00,0.31,6,0.360744819506424,0.283704609326706,0.2808214590856344
2025-09-20 08:00:00,0.4333333333333332,6,0.45269485491441963,0.4307820052765438,0.42677444013733756
2025-09-20 09:00:00,0.3433333333333333,6,0.40623488528091933,0.3708683968775095,0.3500549203557633
2025-09-20 10:00:00,0.2283333333333333,6,0.33401572440745475,0.2672273049591125,0.2441576847212079
2025-09-20 11:00:00,0.1433333333333333,6,0.23994153950906927,0.14924121257507447,0.14836263040207417
2025-09-20 12:00:00,0.01,6,-0.06033141749061846,0.010767037747401636,0.010367485498192885
2025-09-20 13:00:00,0.0083333333333333,6,-0.017441649882428995,0.014858926224481296,0.019723584178578668
2025-09-20 14:00:00,0.0816666666666666,6,0.1575847749883178,0.09179075414589019,0.09257132441892207
2025-09-20 15:00:00,0.2466666666666667,6,0.31906107387349203,0.23666653826219364,0.23431407146964825
2025-09-20 16:00:00,0.4716666666666666,6,0.4810223725594196,0.4527474548899715,0.4620046424766133
2025-09-20 17:00:00,0.5633333333333334,6,0.5208114078321227,0.48026588421008115,0.52169764265134
2025-09-20 18:00:00,0.555,6,0.5201648647650069,0.47263571951195965,0.522999044651245
2025-09-20 19:00:00,0.5183333333333333,6,0.49756834878040435,0.49103145805064796,0.49248893900613183
2025-09-20 20:00:00,0.5233333333333333,6,0.5171353303859868,0.5041632231665912,0.5132138971686672
2025-09-20 21:00:00,0.135,6,0.2404039941212231,0.14743506247020988,0.1439090429333345
2025-09-20 22:00:00,0.05,6,0.12383018090105175,0.061646485332562534,0.059987740961310765
2025-09-20 23:00:00,0.0083333333333333,6,-0.06866031978348486,0.009909541583250327,0.007905181275274675
2025-09-21 00:00:00,0.01,6,-0.1812536915247265,0.009859895172435401,0.007768120600968209
2025-09-21 01:00:00,0.01,6,-0.19103744262551825,0.009874460515408391,0.0075192824325729934
2025-09-21 02:00:00,0.01,6,-0.18844163833821648,0.009884460011762325,0.008268676174460254
2025-09-21 03:00:00,0.01,6,-0.16466717365737998,0.009875706267069278,0.008115354206578218
2025-09-21 04:00:00,0.01,6,-0.12347796410153809,0.009871456711959454,0.0084642025996442
2025-09-21 05:00:00,0.0083333333333333,6,-0.05705929046259964,0.01006300951815849,0.010740930363997314
2025-09-21 06:00:00,0.1166666666666666,6,0.21339268324688798,0.11919690191811774,0.11672207745370827
2025-09-21 07:00:00,0.0983333333333333,6,0.22077189116792678,0.12538174712368932,0.11590298348711159
2025-09-21 08:00:00,0.1033333333333333,6,0.18339305083023005,0.09776594737845536,0.09530505245189996
2025-09-21 09:00:00,0.2166666666666666,6,0.29640330710109497,0.19579146633060143,0.19397290009314616
2025-09-21 10:00:00,0.3483333333333333,6,0.4084614026532991,0.35806630876550455,0.3533765893404147
2025-09-21 11:00:00,0.4166666666666666,6,0.45097288860797624,0.4272280891410328,0.4228526554719498
2025-09-21 12:00:00,0.4516666666666666,6,0.47399424266879064,0.4691271753217522,0.46214286530395177
2025-09-21 13:00:00,0.6466666666666666,6,0.5995879752876403,0.6433396019323898,0.6410931046749895
2025-09-21 14:00:00,0.7099999999999999,6,0.6488960008057849,0.7107138834862844,0.6867346655810971
2025-09-21 15:00:00,0.6449999999999999,6,0.6081728012721835,0.6384734237418529,0.6346921657973759
2025-09-21 16:00:00,0.7466666666666665,6,0.6730080957901062,0.6971441775232995,0.7209876468043552
2025-09-21 17:00:00,0.8083333333333332,6,0.7332991126751248,0.813584352421066,0.8164253719803558
2025-09-21 18:00:00,0.8666666666666667,6,0.7689556306658761,0.8305701107696515,0.8497694004462014
2025-09-21 19:00:00,0.94,6,0.872370416981246,0.9427657574765212,0.9471379325884539
2025-09-21 20:00:00,0.9433333333333332,6,0.8480374527518545,0.944273596224738,0.935172333468297
2025-09-21 21:00:00,0.95,6,0.8538520110323907,0.9457899317527082,0.9403465211458144
2025-09-21 22:00:00,0.9133333333333334,6,0.8079499176283608,0.918835844447662,0.9063126812745289
2025-09-21 23:00:00,0.7983333333333333,6,0.7082887436223457,0.7932761731794801,0.8025754895233568
2025-09-22 00:00:00,0.8183333333333332,6,0.7116565934563502,0.8112354749650452,0.8065766552773119
2025-09-22 01:00:00,0.8783333333333333,6,0.8201998466595294,0.8658311809372727,0.8970602108704276
2025-09-22 02:00:00,0.8449999999999998,6,0.6776211259743894,0.7419050049537416,0.7624857073794042
2025-09-22 03:00:00,0.7116666666666667,6,0.5917620213820385,0.657342716129869,0.6443945390856893
2025-09-22 04:00:00,0.9116666666666666,6,0.7872331982315607,0.9262733672553044,0.9213284285448123
2025-09-22 05:00:00,0.9383333333333332,6,0.8006006469558397,0.9425529616005783,0.9338619826399694
2025-09-22 06:00:00,0.9699999999999998,6,0.8512281813373167,0.9571285408201845,0.9586126317597723
2025-09-22 07:00:00,0.7816666666666666,6,0.6516890949381374,0.7578858553842226,0.7395381590949428
2025-09-22 08:00:00,0.9233333333333332,6,0.8116532605300132,0.8906697745146863,0.9204350267159401
2025-09-22 09:00:00,0.9699999999999998,6,1.0270041953280868,0.951230264876795,0.9531216907243177
2025-09-22 10:00:00,0.9466666666666665,6,0.9122844271569531,0.9257904205625456,0.9516960820403415
2025-09-22 11:00:00,0.94,6,0.8888576905426079,0.9563756740042512,0.9426394495761483
2025-09-22 12:00:00,0.9133333333333332,6,0.8253356228330967,0.9012379349888093,0.8951583128049272
2025-09-22 13:00:00,0.9066666666666666,6,0.8138634459557171,0.8869764186730631,0.8803989464866118
2025-09-22 14:00:00,0.9416666666666664,6,0.8511298615390867,0.9218722459301798,0.9133098438458054
2025-09-22 15:00:00,0.9116666666666668,6,0.8295974034508896,0.9038737820680367,0.8969170771708828
2025-09-22 16:00:00,0.7566666666666667,6,0.7031985096089812,0.7546469777946903,0.7643775551790964
2025-09-22 17:00:00,0.4616666666666667,6,0.4811395993620027,0.45332636590347664,0.4465634788303504
2025-09-22 18:00:00,0.1316666666666666,6,0.21197004555648802,0.130184956199337,0.13428472757930549
2025-09-22 19:00:00,0.0299999999999999,6,0.010677459904257586,0.02461957520685127,0.026432124255289402
2025-09-22 20:00:00,0.1683333333333333,6,0.302104488197222,0.2094949413611158,0.2091153877950085
2025-09-22 21:00:00,0.3533333333333333,6,0.4136144971137117,0.34436959546889523,0.3526456872422458
2025-09-22 22:00:00,0.6233333333333332,6,0.6141549175954196,0.630855127291644,0.6355474980309543
2025-09-22 23:00:00,0.9616666666666664,6,0.9114769641425592,0.9389216933987115,0.9493025509960928
2025-09-23 00:00:00,0.9699999999999998,6,1.023688238522202,0.9510038811176024,0.9491901728077835
2025-09-23 01:00:00,0.9633333333333332,6,0.8748585576718065,0.951937764531119,0.9447610935450796
2025-09-23 02:00:00,0.9383333333333332,6,0.8463510684686005,0.9413519322007864,0.9287560202879608
2025-09-23 03:00:00,0.7066666666666666,6,0.6211099177399132,0.6531635260674721,0.672733980882424
2025-09-23 04:00:00,0.843333333333333,6,0.7580399188242982,0.8422118392094382,0.8558913327593325
2025-09-23 05:00:00,0.9166666666666664,6,0.8056534559182659,0.9347761929019613,0.9164831962105836
2025-09-23 06:00:00,0.9683333333333332,6,0.8816891035092972,0.9526069176965786,0.9527282118459812
2025-09-23 07:00:00,0.7483333333333334,6,0.6800471661701578,0.7473062696040998,0.7558083417295255
2025-09-23 08:00:00,0.59,6,0.5564262332808446,0.5896697882106812,0.5872912690778225
2025-09-23 09:00:00,0.6016666666666666,6,0.5543740217502532,0.5868199479701272,0.5852604366012001
2025-09-23 10:00:00,0.7049999999999998,6,0.6250606004869875,0.6665923042323544,0.6848617101840901
2025-09-23 11:00:00,0.3616666666666666,6,0.42040722794967456,0.3760674124119863,0.3810509703408937
2025-09-23 12:00:00,0.7566666666666667,6,0.6625279570679954,0.7284323507696331,0.7580967649264967
2025-09-23 13:00:00,0.7600000000000001,6,0.6544767288002401,0.6980764628465985,0.7380387767379772
2025-09-23 14:00:00,0.5233333333333333,6,0.505929695559291,0.4975401528008112,0.4898506797847535
2025-09-23 15:00:00,0.7266666666666665,6,0.6339762062528432,0.698232122699995,0.7001375191964516
2025-09-23 16:00:00,0.6083333333333333,6,0.5784232901976135,0.6234287103737699,0.6174967809361714
2025-09-23 17:00:00,0.1133333333333333,6,0.09961005929890532,0.04230171793775558,0.04671481268748934
2025-09-23 18:00:00,0.01,6,-0.12682106967869178,0.00987851148559447,0.008597705430839542
2025-09-23 19:00:00,0.7333333333333333,6,0.7049645869330363,0.8254355141461086,0.8201610781483204
2025-09-23 20:00:00,0.9233333333333332,6,0.7579357218757234,0.9067543345143919,0.8960513279804299
2025-09-23 21:00:00,0.9699999999999998,6,0.9842214201263025,0.9697430174282992,0.9707592514344182
2025-09-23 22:00:00,0.9683333333333332,6,1.0819564056773134,0.9691752865763322,0.9702397289707632
2025-09-23 23:00:00,0.3783333333333333,6,0.382337692636581,0.30309883266961,0.3143695850770146
2025-09-24 00:00:00,0.3683333333333333,6,0.4016918133955152,0.3488799202411003,0.34067090860041593
2025-09-24 01:00:00,0.165,4,0.5059842912966193,0.517523695310005,0.496750790214949
2025-09-24 02:00:00,0.2233333333333333,6,0.607252934445208,0.5862327411150252,0.6644247187449597
2025-09-24 03:00:00,0.7533333333333334,6,0.6620976796632797,0.745256666707588,0.7590213569020119
2025-09-24 04:00:00,0.4866666666666667,6,0.49289271844707383,0.4967492395218119,0.48538411772306767
2025-09-24 05:00:00,0.3983333333333332,6,0.43152278474505634,0.3862522494724084,0.3954446654081462
2025-09-24 06:00:00,0.3649999999999999,6,0.4115561271930296,0.3680914955659815,0.3609117837426726
2025-09-24 07:00:00,0.3116666666666667,6,0.380904457528919,0.30411059598482054,0.31703356403716
2025-09-24 08:00:00,0.25,6,0.3357959615394399,0.261592739557951,0.2667357811261713
2025-09-24 09:00:00,0.2533333333333333,6,0.3452138305410609,0.2665073093616293,0.2695279930156278
2025-09-24 10:00:00,0.1683333333333333,6,0.2804373344252624,0.183587651569255,0.17688642059230567
2025-09-24 11:00:00,0.2083333333333333,6,0.31793942332246206,0.23225173846438055,0.22331638271680146
2025-09-24 12:00:00,0.19,6,0.28890863961164337,0.19632395656245338,0.19393904956220645
2025-09-24 13:00:00,0.1666666666666666,6,0.2619014526146461,0.17522378529100166,0.17114975088753331
2025-09-24 14:00:00,0.1866666666666666,6,0.27852055858176605,0.19427326385413674,0.184535485719447
2025-09-24 15:00:00,0.265,6,0.35651723664765844,0.28400379503056356,0.28405231751691973
2025-09-24 16:00:00,0.2583333333333333,6,0.34894985728498884,0.28400274994329844,0.27609238314963963
2025-09-24 17:00:00,0.1649999999999999,6,0.267433150858986,0.1801380590008975,0.1748823807554693
2025-09-24 18:00:00,0.17,6,0.2685296462608302,0.18254149973460823,0.17142754396752147
2025-09-24 19:00:00,0.0566666666666666,6,0.10379101692197462,0.04864708035760799,0.04852093519873979
2025-09-24 20:00:00,0.01,6,-0.12684110762978865,0.00985088072188527,0.008022826100952396
2025-09-24 21:00:00,0.0266666666666666,6,0.03362475273060078,0.022359711567436266,0.025483149429730567
2025-09-24 22:00:00,0.4099999999999999,6,0.41530774588030106,0.3707672807079061,0.3713691385037394
2025-09-24 23:00:00,0.8283333333333333,6,0.6995896707974723,0.8219873292574871,0.8143706268128444
2025-09-25 00:00:00,0.9683333333333332,6,0.8200378376489991,0.9419883012877792,0.9226845441017628
2025-09-25 01:00:00,0.9699999999999998,6,0.9050429776560894,0.9090900855126149,0.947477580375118
2025-09-25 02:00:00,0.9699999999999998,6,0.9853253963499852,0.968170395774027,0.9534643477166159
2025-09-25 03:00:00,0.9699999999999998,6,0.9321867033645982,0.9585377334994526,0.964206651621571
2025-09-25 04:00:00,0.9699999999999998,6,1.0465746435818355,0.9694432499145561,0.9652843304749091
2025-09-25 05:00:00,0.9699999999999998,6,1.02973137325756,0.9645663430390091,0.9607491510459356
2025-09-25 06:00:00,0.9699999999999998,6,1.051423230395701,0.9695305227348153,0.9639054779983774
2025-09-25 07:00:00,0.9699999999999998,6,1.045174729596697,0.9597209497625119,0.9626451707513746
2025-09-25 08:00:00,0.9699999999999998,6,1.0783771061903287,0.9678547503684871,0.9700527206716264
2025-09-25 09:00:00,0.9699999999999998,6,1.0570079177119953,0.9677153434433651,0.9683581616987941
2025-09-25 10:00:00,0.9699999999999998,6,1.123108992017964,0.9692925433475956,0.9681257974641946
2025-09-25 11:00:00,0.9699999999999998,6,1.1553905423739566,0.9690569860008759,0.9586618043059182
2025-09-25 12:00:00,0.9699999999999998,6,1.130382468131931,0.9186245166481164,0.9545943156671339
2025-09-25 13:00:00,0.9699999999999998,6,1.0819400737306375,0.9539018576949625,0.9571525485161402
2025-09-25 14:00:00,0.9699999999999998,6,1.1040721484615843,0.9642013481580708,0.9572367839222493
2025-09-25 15:00:00,0.9699999999999998,6,0.9895887866270318,0.9621670362383216,0.9556764859798332
2025-09-25 16:00:00,0.9683333333333332,6,0.9605879262035665,0.9594687850907241,0.9521701147021878
2025-09-25 17:00:00,0.895,6,0.8018235144931919,0.8907683733899874,0.8842866934229034
2025-09-25 18:00:00,0.4533333333333333,6,0.48693313335127286,0.47075581309029096,0.4676913234407476
2025-09-25 19:00:00,0.345,6,0.40502323847991384,0.33958027090263465,0.35200096796001407
2025-09-25 20:00:00,0.3066666666666667,6,0.3927995267316783,0.33650699980000476,0.33158289107586103
2025-09-25 21:00:00,0.33,6,0.36952622924277245,0.30110861684278195,0.30039670973308513
2025-09-25 22:00:00,0.26,6,0.3552152036460877,0.2842572348363716,0.2814533750585814
2025-09-25 23:00:00,0.5083333333333334,6,0.5343910392321324,0.5446548204123546,0.5625054875805932
2025-09-26 00:00:00,0.2583333333333333,6,0.37326440718370035,0.3058513586382291,0.3130056140584211
2025-09-26 01:00:00,0.1183333333333333,6,0.22962241647673798,0.12283472861387527,0.12834493909168332
2025-09-26 02:00:00,0.0766666666666666,6,0.2794927642321058,0.1790916129704914,0.174240934320237
2025-09-26 03:00:00,0.1533333333333333,6,0.23008167869989,0.13003436456827921,0.12838644970544694
2025-09-26 04:00:00,0.0866666666666666,6,0.1619372300270035,0.08134582545039769,0.08363568323710929
2025-09-26 05:00:00,0.0416666666666666,6,0.06517595706250218,0.0410557095528121,0.035189394896276205
2025-09-26 06:00:00,0.1283333333333333,6,0.1809445063365312,0.10614010909534156,0.09649694038822049
2025-09-26 07:00:00,0.01,6,-0.11700320958079313,0.009857488063057111,0.008789327723401463
2025-09-26 08:00:00,0.01,6,-0.07442910253532278,0.009676670960805827,0.007773194446658138
2025-09-26 09:00:00,0.01,6,-0.09638043877522665,0.009779470940103216,0.009470251546957464
2025-09-26 10:00:00,0.01,6,-0.12581670776265963,0.009832709300987421,0.00919107473343983
2025-09-26 11:00:00,0.01,6,-0.12953668379965763,0.009802558392739998,0.009563755064861568
2025-09-26 12:00:00,0.01,6,-0.11852743425918161,0.00979359373064692,0.009827296295201238
2025-09-26 13:00:00,0.01,6,-0.1266619997397447,0.009783608805910513,0.009882761035872267
2025-09-26 14:00:00,0.02,6,-0.02640381905156619,0.01578174558113129,0.016118198424040053
2025-09-26 15:00:00,0.035,6,0.034231945937691355,0.03324350592414476,0.032103274888875655
2025-09-26 16:00:00,0.1416666666666666,6,0.24867602980163384,0.15549236306239853,0.1562528519244843
2025-09-26 17:00:00,0.1416666666666666,6,0.2211820139372983,0.1255337989614079,0.13274860320624735
2025-09-26 18:00:00,0.2416666666666666,6,0.31973539601154355,0.23328819228283001,0.23219925294295926
2025-09-26 19:00:00,0.1433333333333333,6,0.23611667439141515,0.14693132968913084,0.1498459873156722
2025-09-26 20:00:00,0.1499999999999999,6,0.2409052570556559,0.1504500002837004,0.15245977089541246
2025-09-26 21:00:00,0.2466666666666666,6,0.3244697290044969,0.23594786445575314,0.22630767223196965
2025-09-26 22:00:00,0.1833333333333333,6,0.2874880025239088,0.18885331845923944,0.19811483112660136
2025-09-26 23:00:00,0.1783333333333333,6,0.2760441801652985,0.18229349716549534,0.18390143631123815
2025-09-27 00:00:00,0.6749999999999999,6,0.6361482615271863,0.7010641276128166,0.6752387013540664
2025-09-27 01:00:00,0.2566666666666667,6,0.32051821749217035,0.2366236095328296,0.23028719132294811
2025-09-27 02:00:00,0.1416666666666666,6,0.2077764829329093,0.12535613907984786,0.12446805036466665
2025-09-27 03:00:00,0.36,6,0.4238105361420387,0.372420433579405,0.3867799437496435
2025-09-27 04:00:00,0.395,6,0.4413290192020327,0.39181585474661473,0.39458907667057924
2025-09-27 05:00:00,0.1066666666666666,6,0.17810177309614306,0.10388794246041065,0.09997297428599244
2025-09-27 06:00:00,0.0983333333333333,6,0.16475086176470782,0.09183791323578476,0.09178836126612
2025-09-27 07:00:00,0.3566666666666666,6,0.3639090016979557,0.2909160710903175,0.2801670166310196
2025-09-27 08:00:00,0.1583333333333333,6,0.22784196691800335,0.14530952270658584,0.13579853032145223
2025-09-27 09:00:00,0.3533333333333333,6,0.414407943933928,0.3663315915531535,0.3619919896967144
2025-09-27 10:00:00,0.1099999999999999,6,0.19367978422837379,0.11022751885319643,0.11225815612633139
2025-09-27 11:00:00,0.0916666666666666,6,0.16175579242329707,0.09608255652074127,0.0950865843558158
2025-09-27 12:00:00,0.0133333333333333,6,-0.05560383927733528,0.01039738066410126,0.011073898915615554
2025-09-27 13:00:00,0.01,6,-0.13792947476323225,0.00973438796764694,0.010675791691372893
2025-09-27 14:00:00,0.01,6,-0.12082290962910745,0.009716538348884545,0.010675791691372893
2025-09-27 15:00:00,0.01,6,-0.04404613309947858,0.013181957369720066,0.01566747806711083
2025-09-27 16:00:00,0.0666666666666666,6,0.10301796409335756,0.0676270288892623,0.05799840925605565
2025-09-27 17:00:00,0.0816666666666666,6,0.13376144511286492,0.08102404602076718,0.07943254171732556
2025-09-27 18:00:00,0.07,6,0.11157166802362806,0.07039345443741005,0.06421010793459458
2025-09-27 19:00:00,0.0499999999999999,6,0.07230451606487004,0.04979231062848542,0.048232052498201394
2025-09-27 20:00:00,0.0083333333333333,6,-0.10236779596138135,0.009731478100729303,0.007440751460922157
2025-09-27 21:00:00,0.01,6,-0.173791105500211,0.009832262042241276,0.00849984207481852
2025-09-27 22:00:00,0.0083333333333333,6,0.001596337589036101,0.019204332471834444,0.02245336634672085
2025-09-27 23:00:00,0.0249999999999999,6,0.01473831348557525,0.02491112001893943,0.025048931705332123
2025-09-28 00:00:00,0.0716666666666666,6,0.1678614315652004,0.09154110684673154,0.0931951970125583
2025-09-28 01:00:00,0.1966666666666666,6,0.3031877552794724,0.20462531324835706,0.20806064010754957
2025-09-28 02:00:00,0.58,6,0.6119050741404393,0.642685803506144,0.6589799609474557
2025-09-28 03:00:00,0.3516666666666666,6,0.38039711798573406,0.305265697997486,0.3142227801156262
2025-09-28 04:00:00,0.4133333333333333,6,0.441635431708743,0.4008131554472364,0.3994855699407908
2025-09-28 05:00:00,0.5466666666666667,6,0.5405638481956657,0.5713259967554759,0.5840848314957043
2025-09-28 06:00:00,0.6099999999999999,6,0.6162872879109803,0.6669894195362888,0.6574914615769138
2025-09-28 07:00:00,0.6266666666666665,6,0.5695009366326698,0.6012102050241885,0.6119220911012166
2025-09-28 08:00:00,0.7249999999999999,6,0.669425405448534,0.7612355411951103,0.7523189977097502
2025-09-28 09:00:00,0.9599999999999999,6,0.8626963709705294,0.9403045202220907,0.9478622573265405
2025-09-28 10:00:00,0.96,6,0.8731647474185472,0.9414913301890899,0.9468773834700772
2025-09-28 11:00:00,0.955,6,0.8830648417048371,0.9458103128088606,0.9402399806185074
2025-09-28 12:00:00,0.895,6,0.7968751627773406,0.8467139056098073,0.8703135857201514
2025-09-28 13:00:00,0.8216666666666665,6,0.7513337175901448,0.8160390550850731,0.818488961462571
2025-09-28 14:00:00,0.5533333333333333,6,0.5550438839193876,0.5486671855524349,0.5600951323096358
2025-09-28 15:00:00,0.2816666666666666,6,0.3626573817178401,0.2781713906961361,0.2800414782883464
2025-09-28 16:00:00,0.0933333333333333,6,0.15799276052185285,0.09535561398219507,0.09588165580440489
2025-09-28 17:00:00,0.0116666666666666,6,-0.037226890772495025,0.011678948897876441,0.015908250353944997
2025-09-28 18:00:00,0.01,6,-0.10203639286098384,0.009664815159290413,0.00982601232868957
2025-09-28 19:00:00,0.0116666666666666,6,-0.044583128651435516,0.013005889670678693,0.014596123331882982
2025-09-28 20:00:00,0.0383333333333333,6,0.06948758223449797,0.047879273690342436,0.04868773071714061
2025-09-28 21:00:00,0.0333333333333333,6,0.05757000873380852,0.03476467996178078,0.03573996889533965
2025-09-28 22:00:00,0.0183333333333333,6,-0.008442604180681795,0.020677101711750863,0.022024818597750517
2025-09-28 23:00:00,0.045,6,0.09448011938501316,0.05562665340139084,0.05417347415095036
2025-09-29 00:00:00,0.0083333333333333,6,-0.10166893501264682,0.009752987066254033,0.009831558724228695
2025-09-29 01:00:00,0.01,6,-0.20189854875530627,0.009846608238375288,0.008814861426695964
2025-09-29 02:00:00,0.01,6,-0.15713966475073643,0.009847435205769304,0.009607057322026769
2025-09-29 03:00:00,0.01,6,-0.08178236743259282,0.009748864141441679,0.009911523782458131
2025-09-29 04:00:00,0.01,6,-0.10545466269702522,0.009816674364863914,0.009991575609000825
2025-09-29 05:00:00,0.0083333333333333,6,-0.04825987728790701,0.010603419876375662,0.011569979430647026
2025-09-29 06:00:00,0.0083333333333333,6,-0.06852189715355553,0.010056047981453146,0.007994323164441652
2025-09-29 07:00:00,0.01,6,-0.14098949391627635,0.009847960650867791,0.007817403137482748
2025-09-29 08:00:00,0.01,6,-0.1108422865561823,0.009842135139741026,0.009755153236248204
2025-09-29 09:00:00,0.0083333333333333,6,-0.0026953663161105035,0.015147577447798877,0.022240234180086915
2025-09-29 10:00:00,0.0433333333333333,6,0.07621470503683336,0.04627980190564108,0.04666994460212637
2025-09-29 11:00:00,0.04,6,0.07013820828828277,0.04724123959000874,0.04821539733114011
2025-09-29 12:00:00,0.0566666666666666,6,0.12276150546081244,0.07246131354195505,0.06879507021883652
2025-09-29 13:00:00,0.0549999999999999,6,0.085272597011956,0.05319090916040523,0.053264586096833155
2025-09-29 14:00:00,0.0249999999999999,6,0.04617431156648233,0.036729736063699656,0.035514526287918236
2025-09-29 15:00:00,0.0133333333333333,6,-0.057046809126919784,0.010526796163540382,0.011727364774485327
2025-09-29 16:00:00,0.0083333333333333,6,-0.11033773549024581,0.009808806150365876,0.010887712822750473
2025-09-29 17:00:00,0.01,6,-0.12675323564730787,0.009798137808106264,0.010262931900471506
2025-09-29 18:00:00,0.01,6,-0.0417801631439898,0.012524191947225819,0.0148577457220323
2025-09-29 19:00:00,0.0366666666666666,6,0.032390663464079594,0.0332495532993924,0.030732638478796037
2025-09-29 20:00:00,0.0116666666666666,6,-0.04995777750841726,0.012544208141310128,0.013703632911663433
2025-09-29 21:00:00,0.31,6,0.36093266183705774,0.28767340349710085,0.2881027312970731
2025-09-29 22:00:00,0.4249999999999999,6,0.44209860538248347,0.390585859698262,0.39828412531586355
2025-09-29 23:00:00,0.6416666666666667,6,0.7049462134930259,0.8030837542401266,0.7934321123430268
2025-09-30 00:00:00,0.9733333333333332,6,1.1160253518567145,0.8767726553825355,0.9436215808740536
2025-09-30 01:00:00,0.8533333333333333,6,0.7853236907831532,0.8976818304052148,0.8946369237316543
2025-09-30 02:00:00,0.5933333333333333,6,0.5461521457738793,0.5794212417146175,0.58344578596669
2025-09-30 03:00:00,0.8733333333333331,6,0.782825452329586,0.8921213582689933,0.8925789826631948
2025-09-30 04:00:00,0.9699999999999998,6,0.8831299291424638,0.9550276725538324,0.951948850538931
2025-09-30 05:00:00,0.745,6,0.6678725250627064,0.753287897860934,0.7522075013810611
2025-09-30 06:00:00,0.4433333333333333,6,0.48997507426521636,0.47568094486300966,0.48382785642342463
2025-09-30 07:00:00,0.0633333333333333,6,0.1052066734447914,0.053312153498967,0.05404918873912723
2025-09-30 08:00:00,0.0066666666666666,6,-0.04697139473634529,0.010201956995071933,0.013770674945283834
2025-09-30 09:00:00,0.0083333333333333,6,-0.11284951043265874,0.009831929030843171,0.010064555142268672
2025-09-30 10:00:00,0.0149999999999999,6,0.018544551845800394,0.02655236651178662,0.02649259820593064
2025-09-30 11:00:00,0.0916666666666666,6,0.1489410957498174,0.092016471989081,0.09254269149926253
2025-09-30 12:00:00,0.2666666666666666,6,0.36301610512558735,0.28481651612799186,0.28882253196352625
2025-09-30 13:00:00,0.3483333333333333,6,0.43150435645321306,0.36700123718836525,0.38227807637136146
2025-09-30 14:00:00,0.3133333333333333,6,0.4067571725066178,0.34652289554435317,0.3445805098346347
2025-09-30 15:00:00,0.6933333333333332,6,0.6453523790844916,0.7058567047718086,0.6903051745173825
2025-09-30 16:00:00,0.8499999999999999,6,0.7598252252831212,0.8375662759360089,0.8584941320473587
2025-09-30 17:00:00,0.82,6,0.730422126823877,0.8215317276517154,0.8181305524943334
2025-09-30 18:00:00,0.7966666666666667,6,0.7177449073308269,0.7990891805757521,0.810141035202936
2025-09-30 19:00:00,0.535,6,0.5299257555273658,0.5495203987093151,0.5563024864847024
2025-09-30 20:00:00,0.5516666666666666,6,0.5474762033680485,0.56569594325165,0.5859361035712589
2025-09-30 21:00:00,0.4133333333333333,6,0.43588448085916887,0.3978717194155928,0.3933771094727811
2025-09-30 22:00:00,0.0999999999999999,6,0.21014928073930483,0.11678561583354004,0.12542731161422604
2025-09-30 23:00:00,0.4033333333333333,6,0.4542009594702162,0.4214334519523862,0.42094324203554156
2025-10-01 00:00:00,0.2683333333333333,6,0.36467618336398777,0.2833376517383411,0.28765900765536867
2025-10-01 01:00:00,0.4133333333333333,6,0.45498985057901364,0.421801269460971,0.4226769079774666
2025-10-01 02:00:00,0.53,6,0.5134520872678456,0.5161379648989801,0.5133348763302712
2025-10-01 03:00:00,0.3633333333333333,6,0.40913138848726327,0.36285431478973523,0.357253587833458
2025-10-01 04:00:00,0.4749999999999999,6,0.49556317337784406,0.49455505773508124,0.49380534642934626
2025-10-01 05:00:00,0.7383333333333332,6,0.656395909158155,0.7195097778426649,0.7383856308956985
2025-10-01 06:00:00,0.92,6,0.7780827548977088,0.9209945582681452,0.9172759968930265
2025-10-01 07:00:00,0.9233333333333335,6,0.7901107116593916,0.9297092716389567,0.921651489952183
2025-10-01 08:00:00,0.88,6,0.7486826912525504,0.8824928958577802,0.8794034524069654
2025-10-01 09:00:00,0.9616666666666664,6,0.849808962423832,0.9593989922186655,0.9520891299267608
2025-10-01 10:00:00,0.9499999999999998,6,0.9391461425362632,0.9657825931834494,0.9662864834287923
2025-10-01 11:00:00,0.9699999999999998,6,1.2141545331349963,0.9608277682901823,0.965357778746044
2025-10-01 12:00:00,0.9699999999999998,6,1.106391649026774,0.9670716653314796,0.9718547102660846
2025-10-01 13:00:00,0.9699999999999998,6,0.9676917758519937,0.9698489248005931,0.9733901460658155
2025-10-01 14:00:00,0.9699999999999998,6,0.9952551606062104,0.9697567639166302,0.9733507793898503
2025-10-01 15:00:00,0.9699999999999998,6,0.9818192884415505,0.9697963760292649,0.972596996914298
2025-10-01 16:00:00,0.9699999999999998,6,1.0001476938821892,0.9697980775741555,0.9736874454510478
2025-10-01 17:00:00,0.9616666666666664,6,0.8755262626561812,0.9690373430347057,0.9631831785755975
2025-10-01 18:00:00,0.9533333333333333,6,0.8307838063407894,0.9590435506306003,0.9592981350791685
2025-10-01 19:00:00,0.9633333333333332,6,0.8112881802665896,0.9478879057324927,0.9536522519471332
2025-10-01 20:00:00,0.8883333333333333,6,0.7178547360857317,0.8756753600081206,0.8557390876199101
2025-10-01 21:00:00,0.96,6,0.7826825497818158,0.9400894760926956,0.9380661123361387
2025-10-01 22:00:00,0.93,6,0.7592392827552096,0.9250518541319538,0.9114458285926725
2025-10-01 23:00:00,0.8599999999999998,6,0.7060713446533857,0.814400404041291,0.813834893797011
2025-10-02 00:00:00,0.4733333333333333,6,0.4754078307687676,0.46196745557812874,0.4599729741069356
2025-10-02 01:00:00,0.5233333333333334,6,0.5046141260688749,0.4575043667218149,0.4924602231126944
2025-10-02 02:00:00,0.385,6,0.42034681988829614,0.3662276905162551,0.3819245224242912
2025-10-02 03:00:00,0.11,6,0.1961383925749921,0.07832684910161063,0.0911515450334423
2025-10-02 04:00:00,0.0466666666666666,6,0.10602142579601948,0.03630411282641979,0.03858000586835142
2025-10-02 05:00:00,0.01,6,-0.1269340010678564,0.009872573961352186,0.00856673950746617
2025-10-02 06:00:00,0.0083333333333333,6,-0.03126158510844407,0.01019361779448138,0.010035184653842177
2025-10-02 07:00:00,0.0616666666666666,6,0.1780522028011039,0.06352743022800289,0.07588282205825164
2025-10-02 08:00:00,0.145,6,0.27842055432352586,0.1666329086495291,0.15031487869805812
2025-10-02 09:00:00,0.1766666666666666,6,0.30640459144420173,0.20157906529876926,0.1974117715895416
2025-10-02 10:00:00,0.1733333333333333,6,0.305891600145763,0.17758488342864331,0.2058916245544399
2025-10-02 11:00:00,0.2233333333333333,6,0.3237620997050853,0.23753863953278942,0.2380144593949608
2025-10-02 12:00:00,0.2733333333333333,6,0.37979352805998035,0.30849308633388356,0.31385738596606455
2025-10-02 13:00:00,0.465,6,0.484610317725074,0.4759383860302659,0.48173160448015007
2025-10-02 14:00:00,0.65,6,0.5881892093961416,0.6529031559238445,0.6448085485768824
2025-10-02 15:00:00,0.8299999999999998,6,0.7055389387229349,0.8207345858604506,0.8205796194719245
2025-10-02 16:00:00,0.9316666666666666,6,0.7854612297959974,0.9249613722052249,0.9193339379614859
2025-10-02 17:00:00,0.9499999999999998,6,0.8232683608969084,0.9265160594909677,0.9299056863249752
2025-10-02 18:00:00,0.96,6,0.8071125452877771,0.9490871624685746,0.9361597099486142
2025-10-02 19:00:00,0.9466666666666668,6,0.8091376080470988,0.9545790261343937,0.9382452906327324
2025-10-02 20:00:00,0.7283333333333333,6,0.6630437228825188,0.7651491776627147,0.7515046513235117
2025-10-02 21:00:00,0.5799999999999998,6,0.5594485610971901,0.6012423400430912,0.6005405258466345
2025-10-02 22:00:00,0.5283333333333333,6,0.501442866967258,0.49876095368538026,0.49530038801686915
2025-10-02 23:00:00,0.35,6,0.39872249559286954,0.33180369528016784,0.33270544973399724
2025-10-03 00:00:00,0.135,6,0.23371957812341365,0.1119488252909062,0.12154975095062631
2025-10-03 01:00:00,0.1966666666666666,6,0.3113988692830858,0.21793809974869163,0.20525355333468615
2025-10-03 02:00:00,0.3666666666666667,6,0.4321383703133981,0.3970306115628165,0.3862643980022053
2025-10-03 03:00:00,0.1383333333333333,6,0.2596227410254772,0.1530233882838166,0.13731120045761747
2025-10-03 04:00:00,0.0899999999999999,6,0.20072007431708944,0.08246316899561257,0.09481311214016708
2025-10-03 05:00:00,0.03,6,0.08473369061207592,0.025936244483232024,0.02980740985073732
2025-10-03 06:00:00,0.0166666666666666,6,-0.0003945952314335921,0.0128370722941692,0.016080987660605672
2025-10-03 07:00:00,0.0083333333333333,6,-0.12630692050400374,0.009871779536158296,0.008852295500894058
2025-10-03 08:00:00,0.01,6,-0.11294857622198089,0.009865566598006666,0.008760979570100358
2025-10-03 09:00:00,0.0083333333333333,6,-0.09009567080153369,0.009813676078929946,0.008695052256905256
2025-10-03 10:00:00,0.01,1,-0.06425858865784762,0.009899583242914642,0.009093976864931408
2025-10-05 14:00:00,0.965,6,0.9033819609487709,0.9657689430767021,0.9607580158521305
2025-10-05 15:00:00,0.9699999999999998,6,0.9217668630001997,0.9649575916497216,0.9629270135921758
2025-10-05 16:00:00,0.9699999999999998,6,0.9463442898358435,0.9641461816935648,0.9658234039404732
2025-10-05 17:00:00,0.8916666666666666,6,0.8020763076282812,0.9414624768904393,0.9315331681987815
2025-10-05 18:00:00,0.45,6,0.4514596765846456,0.4226484885636625,0.4278246253560797
2025-10-05 19:00:00,0.5283333333333333,6,0.5290069298923924,0.5593458622309295,0.5600217685132801
2025-10-05 20:00:00,0.785,6,0.6653883167644798,0.7677193806419971,0.765071679090672
2025-10-05 21:00:00,0.9333333333333332,6,0.7674359896212338,0.9095408225909447,0.9072034633103435
2025-10-05 22:00:00,0.8983333333333333,6,0.741205033880692,0.9032090928420725,0.885684778890495
2025-10-05 23:00:00,0.8433333333333333,6,0.7084971245511538,0.7877904527003013,0.799751656163121
2025-10-06 00:00:00,0.8083333333333333,6,0.6830019611437894,0.8116413163978554,0.7898297697277735
2025-10-06 01:00:00,0.6699999999999999,6,0.5967156618320587,0.6670042243080028,0.6597041040308277
2025-10-06 02:00:00,0.2766666666666666,6,0.3374885800063626,0.24642223219314005,0.25299946864447115
2025-10-06 03:00:00,0.1266666666666666,6,0.2671032277652531,0.15841541158535988,0.14171240805700233
2025-10-06 04:00:00,0.085,6,0.20086749866619086,0.06910897417970606,0.08473148778585537
2025-10-06 05:00:00,0.08,6,0.20903873523319627,0.07708713427281029,0.08720654379052845
2025-10-06 06:00:00,0.1233333333333333,6,0.280985757152556,0.13031416632223558,0.1554480996930078
2025-10-06 07:00:00,0.1083333333333333,6,0.2661103678253137,0.14553527056323673,0.13486323757096172
2025-10-06 08:00:00,0.0316666666666666,6,0.12562293427162613,0.0461740773970969,0.04415193774362086
2025-10-06 09:00:00,0.0083333333333333,6,-0.04536079803106399,0.011681161024638901,0.011657203637709723
2025-10-06 10:00:00,0.01,6,-0.10741191137388686,0.00985321088874628,0.008793522130406795
2025-10-06 11:00:00,0.01,6,-0.08650062877687051,0.009835197372041957,0.009188626405664091
2025-10-06 12:00:00,0.0083333333333333,6,-0.03917722709476998,0.01309794602600414,0.011668492005602882
2025-10-06 13:00:00,0.0066666666666666,6,-0.056674631011665394,0.010010539195836159,0.011061966383925759
2025-10-06 14:00:00,0.01,1,-0.00020219718938083164,0.01947844589566877,0.019055419592268807
2025-10-06 15:00:00,0.01,5,-0.08567733426431409,0.009785598273416636,0.007929391140047537
2025-10-06 16:00:00,0.0499999999999999,6,0.006578592855826404,0.019494777032967852,0.019251330572788605
2025-10-06 17:00:00,0.16,6,0.283691458014937,0.16928206303338572,0.18875110268890988
2025-10-06 18:00:00,0.155,6,0.2684294225952588,0.17059560138692628,0.16240523029384207
2025-10-06 19:00:00,0.0483333333333333,6,0.11769861269654319,0.05431653887658027,0.049472759746986894
2025-10-06 20:00:00,0.0683333333333333,6,0.1694021866558506,0.08777103863784046,0.07518583387297073
2025-10-06 21:00:00,0.12,6,0.2550699822694015,0.14945209058145936,0.14842362993240438
2025-10-06 22:00:00,0.055,6,0.16592400841268612,0.08322659208496092,0.07477129166060781
2025-10-06 23:00:00,0.0149999999999999,6,0.09128853510479362,0.03747943794515589,0.036078212711579516
2025-10-07 00:00:00,0.0066666666666666,6,-0.07381137275056279,0.010204495599330492,0.008580613476480092
2025-10-07 01:00:00,0.01,6,-0.1717434766105438,0.00987682351646201,0.008775942964570516
2025-10-07 02:00:00,0.01,6,-0.1504056774650654,0.00987204144517907,0.009674449924940154
2025-10-07 03:00:00,0.01,6,-0.1962966797853381,0.00987682351646201,0.00921003096019457
2025-10-07 04:00:00,0.01,6,-0.1398292674186406,0.009870809733896414,0.008580113285307056
2025-10-07 05:00:00,0.0083333333333333,6,-0.002103524703286619,0.011511784255975552,0.015259284334543433
2025-10-07 06:00:00,0.0066666666666666,6,0.03625724206550862,0.020477396132427293,0.01918154694522828
2025-10-07 07:00:00,0.0283333333333333,6,0.10309499930232152,0.035442008730649614,0.03998372286461199
2025-10-07 08:00:00,0.0166666666666666,6,0.031772077984562,0.015755987528903708,0.01859628626760229
2025-10-07 09:00:00,0.0366666666666666,6,0.08121977975138722,0.0355785364441071,0.032912175209036776
2025-10-07 10:00:00,0.0549999999999999,6,0.13766825021082252,0.05733645272890045,0.06730023708621813
2025-10-07 11:00:00,0.2,6,0.3035694417487361,0.21447060647776237,0.1997051882499898
2025-10-07 12:00:00,0.3733333333333333,6,0.43492850443242137,0.3984874794388256,0.38873508204072443
2025-10-07 13:00:00,0.22,6,0.3177710774051786,0.23499714926922669,0.22448969415449999
2025-10-07 14:00:00,0.0983333333333333,6,0.19755905659223216,0.11110385370388673,0.10955638468022388
2025-10-07 15:00:00,0.0149999999999999,6,0.025453564034846388,0.028020743548825208,0.02819303143044888
2025-10-07 16:00:00,0.01,6,-0.1013526441502611,0.009771705074962054,0.010398847838920533
2025-10-07 17:00:00,0.01,6,-0.12675944888923132,0.009837386827313272,0.009304304521753626
2025-10-07 18:00:00,0.2016666666666666,6,0.22741660824579074,0.13124328071411745,0.12951228184922048
2025-10-07 19:00:00,0.4466666666666667,6,0.4556515677165559,0.42800111981746963,0.4273724912428098
2025-10-07 20:00:00,0.4616666666666666,6,0.46352037902101795,0.43092757662877895,0.4359222123889107
2025-10-07 21:00:00,0.4633333333333333,6,0.4704345702405677,0.45826183999232256,0.4663029312463563
2025-10-07 22:00:00,0.545,6,0.5255596134055002,0.5547993686863024,0.5397589864120248
2025-10-07 23:00:00,0.4516666666666666,6,0.4750745297887884,0.45607327888563665,0.46571841290557014
2025-10-08 00:00:00,0.0116666666666666,6,-0.04592061303078454,0.014504427132593924,0.012825474318047758
2025-10-08 01:00:00,0.01,6,-0.09885596050411433,0.009838546389208688,0.008764555591021406
2025-10-08 02:00:00,0.01,6,-0.1660510708456757,0.00987682351646201,0.008775942964570516
2025-10-08 03:00:00,0.01,6,-0.13776413573770657,0.009870809733896414,0.009251777182338217
2025-10-08 04:00:00,0.01,6,-0.12238318806261314,0.009868641813965129,0.009468676856128122
2025-10-08 05:00:00,0.01,6,-0.18151686965032834,0.00987682351646201,0.009198615707172453
2025-10-08 06:00:00,0.0933333333333333,6,0.20771320461294424,0.09858156810593956,0.10478008883047979
2025-10-08 07:00:00,0.2216666666666666,6,0.33521303986444984,0.2451284347825973,0.2518172556548571
2025-10-08 08:00:00,0.165,6,0.2958261399044426,0.2035267198378158,0.187232840119485
2025-10-08 09:00:00,0.1183333333333333,6,0.24937846710220024,0.1379616754163774,0.14012447009111956
2025-10-08 10:00:00,0.0883333333333333,6,0.20997398855734745,0.1146722844054235,0.1128777497261812
2025-10-08 11:00:00,0.0816666666666666,6,0.1800138496144677,0.0988973943533745,0.09368200815729838
2025-10-08 12:00:00,0.1016666666666666,6,0.21620103323100487,0.12463676574219784,0.12071030430992369
2025-10-08 13:00:00,0.14,6,0.2542168943206444,0.15691676138432348,0.15594383086516275
2025-10-08 14:00:00,0.2016666666666666,6,0.3180854843491464,0.23507847863722287,0.22292400015534058
2025-10-08 15:00:00,0.2633333333333333,6,0.3684046814148263,0.2910317443319792,0.2927200742287818
2025-10-08 16:00:00,0.4066666666666666,6,0.45974259790264616,0.4243976680005761,0.4212382418125697
2025-10-08 17:00:00,0.6666666666666666,6,0.6030742716328918,0.6630045007020868,0.6531097284640413
2025-10-08 18:00:00,0.7083333333333333,6,0.6200873539199512,0.6865746808086551,0.689421349987438
2025-10-08 19:00:00,0.7366666666666666,6,0.6466998864260913,0.7209294370380115,0.7142264877578773
2025-10-08 20:00:00,0.8399999999999999,6,0.7126890635543153,0.8305806209574651,0.8282727693312872
2025-10-08 21:00:00,0.9566666666666664,6,0.8129323853219005,0.9472958486878081,0.9413844077978591
2025-10-08 22:00:00,0.7916666666666666,6,0.729655219417009,0.8635606116452139,0.867317174410758
2025-10-08 23:00:00,0.6833333333333332,6,0.6064644612093275,0.665309881561769,0.6639531330369686
2025-10-09 00:00:00,0.6166666666666667,6,0.5462420801914402,0.5817008081805579,0.5900528506484015
2025-10-09 01:00:00,0.3266666666666666,6,0.38838196430644245,0.34263639990664324,0.32578031265313523
2025-10-09 02:00:00,0.185,6,0.3158633651132692,0.22596143420348086,0.21898473952883943
2025-10-09 03:00:00,0.1266666666666666,6,0.25865723530297463,0.15609679434761425,0.14891320492409696
2025-10-09 04:00:00,0.155,6,0.2319624686084436,0.10451547258271797,0.11983400566771568
2025-10-09 05:00:00,0.055,6,0.1406565169013122,0.058902977122626154,0.06653356076687805
2025-10-09 06:00:00,0.0966666666666666,6,0.23669695917631345,0.10696810688000825,0.1185743705405154
2025-10-09 07:00:00,0.0383333333333333,6,0.16524210272971218,0.06895914467954632,0.07263940241851774
2025-10-09 08:00:00,0.0183333333333333,6,0.1131864574192441,0.05542046421812427,0.04626911206151968
2025-10-09 09:00:00,0.0125,4,0.04905969675956323,0.02153250684287641,0.023562049967155718
2025-10-09 10:00:00,0.01,5,0.04986825442167503,0.021948239103593545,0.023683464756792116
2025-10-09 11:00:00,0.0083333333333333,6,-0.0034659388367303534,0.013189237348719497,0.01854010848608545
2025-10-09 12:00:00,0.0083333333333333,6,-0.0012723247139571348,0.015093796780393631,0.01874018454828391
2025-10-09 13:00:00,0.0183333333333333,6,0.08816885388146317,0.04001715086240249,0.045949062718193434
2025-10-09 14:00:00,0.0366666666666666,6,0.13826273569431985,0.07506175420759323,0.07526410941078443
2025-10-09 15:00:00,0.0883333333333333,6,0.1877783951573586,0.10695313241152972,0.10287033125305745
2025-10-09 16:00:00,0.1166666666666666,6,0.23375561192960753,0.1345993126051472,0.13833121113727476
2025-10-09 17:00:00,0.1516666666666667,6,0.26737990148903124,0.18413900458304103,0.16710747050019822
2025-10-09 18:00:00,0.1716666666666666,6,0.2800184632541375,0.18650383775381518,0.17467355110422003
2025-10-09 19:00:00,0.1533333333333333,6,0.2592012389520202,0.15718698043227833,0.1620115571539835
2025-10-09 20:00:00,0.175,6,0.2818920256582713,0.17225786939954885,0.18850200314855908
2025-10-09 21:00:00,0.1999999999999999,6,0.31318579238174415,0.2220664722270558,0.2204512262969567
2025-10-09 22:00:00,0.1116666666666666,6,0.24534926315173794,0.14483430943070186,0.14200327342479713
2025-10-09 23:00:00,0.0533333333333333,6,0.12683932128847258,0.058662590342946526,0.05984178526644113
2025-10-10 00:00:00,0.0083333333333333,6,0.001202272507176333,0.015186083854288096,0.01836889536467906
2025-10-10 01:00:00,0.01,6,-0.10620749207730121,0.009826452356358468,0.009089733949596168
2025-10-10 02:00:00,0.01,6,-0.1452945288641007,0.00987204144517907,0.009468676856128122
2025-10-10 03:00:00,0.0083333333333333,6,-0.05028639213156608,0.009779663630045555,0.012128626674744347
2025-10-10 04:00:00,0.0083333333333333,6,0.03165405632681384,0.015374693545080559,0.021062331119915567
2025-10-10 05:00:00,0.01,6,-0.07799818757505331,0.009788574526888437,0.00717818005130072
2025-10-10 06:00:00,0.01,6,-0.17124701572436674,0.00987682351646201,0.008737028411748393
2025-10-10 07:00:00,0.01,6,-0.15291019099297115,0.009874765449803117,0.00803006854748145
2025-10-10 08:00:00,0.01,6,-0.142231721233808,0.00987204144517907,0.009468676856128122
2025-10-10 09:00:00,0.01,6,0.02930166647318122,0.016611901918936772,0.021805377824522576
2025-10-10 10:00:00,0.0283333333333333,6,0.10086695405202634,0.03866071938495738,0.04304125129875497
2025-10-10 11:00:00,0.02,6,0.05006500412509529,0.025885026022775648,0.026253897564206152
2025-10-10 12:00:00,0.0083333333333333,6,-0.023768870350406812,0.012414240200081333,0.01326997053857265
2025-10-10 13:00:00,0.0116666666666666,6,-0.006865493153422719,0.014649296054231792,0.017912133145318643
2025-10-10 14:00:00,0.08,6,0.16817563306300076,0.08259405653952219,0.08487287678223093
2025-10-10 15:00:00,0.3216666666666667,6,0.405878943369839,0.37314140485737135,0.3499636254740297
2025-10-10 16:00:00,0.5333333333333333,6,0.5330796484708868,0.5520411422972923,0.5675641025776956
2025-10-10 17:00:00,0.6416666666666666,6,0.5790873639783236,0.6462546221350058,0.6229981468356269
2025-10-10 18:00:00,0.6383333333333333,6,0.5738497744288543,0.6443186185028525,0.6227024608324658
2025-10-10 19:00:00,0.7183333333333332,6,0.6340861237696686,0.7191134902551677,0.7069204150506958
2025-10-10 20:00:00,0.7283333333333333,6,0.6336945040928965,0.7163346101540963,0.7069204150506958
2025-10-10 21:00:00,0.685,6,0.5953547685959488,0.6582166345167769,0.6563987572437859
2025-10-10 22:00:00,0.54,6,0.5232382498636382,0.5442674467819117,0.5405156916659535
2025-10-10 23:00:00,0.5266666666666667,6,0.5028291756505544,0.5025235351871297,0.4968835511248493
2025-10-11 00:00:00,0.4716666666666666,6,0.4567796100261716,0.4319873643019148,0.4264686155334907
2025-10-11 01:00:00,0.2849999999999999,6,0.3700006725169328,0.299011882945465,0.29651405610692716
2025-10-11 02:00:00,0.0466666666666666,6,0.06556800159277304,0.037077643081313054,0.03619159101828712
2025-10-11 03:00:00,0.0083333333333333,6,-0.059156277220556525,0.00975796142146264,0.011090138672751937
2025-10-11 04:00:00,0.0083333333333333,6,0.0016295769302216156,0.012747469691536699,0.01606520999530675
2025-10-11 05:00:00,0.0316666666666666,6,0.13534061159462224,0.04743004486865344,0.05960196288166747
2025-10-11 06:00:00,0.085,6,0.2145164919755,0.11019076250842516,0.1037304648786403
2025-10-11 07:00:00,0.3233333333333333,6,0.36866495537175414,0.29453526266832175,0.2960849971311853
2025-10-11 08:00:00,0.6466666666666666,6,0.5618588657358623,0.5757565673323233,0.613013059988442
2025-10-11 09:00:00,0.7633333333333333,6,0.6613693751325226,0.7537587152999546,0.7624171687410943
2025-10-11 10:00:00,0.5366666666666666,6,0.5323316211388663,0.5603727428452729,0.5602627890911263
2025-10-11 11:00:00,0.6333333333333333,6,0.5952323009304472,0.6586656859197846,0.6559843694348971
2025-10-11 12:00:00,0.6349999999999999,6,0.594744629336693,0.648703822520393,0.6479030800823931
2025-10-11 13:00:00,0.5133333333333333,6,0.5121547057201958,0.5128404518068471,0.5017408213637573
2025-10-11 14:00:00,0.34,6,0.41142894624119264,0.3479737952892329,0.356967279108411
2025-10-11 15:00:00,0.1249999999999999,6,0.24070652210685023,0.14967485412502715,0.14836263040207417
2025-10-11 16:00:00,0.0916666666666666,6,0.19642416376044441,0.11054084281674259,0.10963535446638778
2025-10-11 17:00:00,0.0499999999999999,6,0.10730267386257936,0.05384843867360887,0.058498766759778886
2025-10-11 18:00:00,0.0333333333333333,6,0.070376978248613,0.03632691652325274,0.04013474417452201
2025-10-11 19:00:00,0.0083333333333333,6,-0.03284105277887095,0.014150543691646004,0.01217250633490452
2025-10-11 20:00:00,0.0316666666666666,6,0.06447573977193255,0.03509010215517819,0.03500440910263586
2025-10-11 21:00:00,0.0599999999999999,6,0.11035957642019995,0.06028224101729426,0.057515259246271266
2025-10-11 22:00:00,0.0133333333333333,6,-0.0007497083772616542,0.012592726546840257,0.018514470527298932
2025-10-11 23:00:00,0.0216666666666666,6,0.03533279858536875,0.017745917379711398,0.0247017123991935
2025-10-12 00:00:00,0.0083333333333333,6,-0.06794596961449048,0.009848403203164375,0.008938277096752933
2025-10-12 01:00:00,0.0083333333333333,6,-0.09314320861889797,0.009817367444198683,0.008146424364993243
2025-10-12 02:00:00,0.0116666666666666,6,0.029412255180341795,0.014966177184341364,0.022415019573696626
2025-10-12 03:00:00,0.0299999999999999,6,0.12988539306033609,0.061542129430424274,0.056437007208654855
2025-10-12 04:00:00,0.01,6,-0.03599330814081092,0.00960713225171879,0.011996811850049083
2025-10-12 05:00:00,0.01,6,-0.09476644423477576,0.009813822500856358,0.008951684775257929
2025-10-12 06:00:00,0.0216666666666666,6,0.042863616565261886,0.030513901218865064,0.02168739197348679
2025-10-12 07:00:00,0.1383333333333333,6,0.2503577287208794,0.1203740214368959,0.1323973605763428
2025-10-12 08:00:00,0.1783333333333333,6,0.2539177232795178,0.14502505278346656,0.14448025907670012
2025-10-12 09:00:00,0.0866666666666666,6,0.171598835592709,0.10249591172306022,0.08239877557300657
2025-10-12 10:00:00,0.16,6,0.2717071325655347,0.16727426601425346,0.17213998699223698
2025-10-12 11:00:00,0.4333333333333333,6,0.4645862181127578,0.446347868834965,0.4447446695016888
2025-10-12 12:00:00,0.3316666666666667,6,0.4068922042819594,0.36240421049803545,0.35094623276350706
2025-10-12 13:00:00,0.2433333333333333,6,0.3448927785210888,0.271739922140825,0.27027679420577405
2025-10-12 14:00:00,0.1199999999999999,6,0.2142386394337269,0.11678407031794077,0.1251674742214138
2025-10-12 15:00:00,0.2049999999999999,6,0.2915970910001763,0.20398744845290812,0.1930780274282817
2025-10-12 16:00:00,0.1133333333333333,6,0.17092382132257616,0.08953467004767487,0.09239579545659993
2025-10-12 17:00:00,0.01,6,-0.0747702952294757,0.010198772213834532,0.009054672867459368
2025-10-12 18:00:00,0.1216666666666666,6,0.21106796276052553,0.11781549774594055,0.12291727353140927
2025-10-12 19:00:00,0.0133333333333333,6,-0.013161913697543215,0.013017153077911608,0.018048810083530986
2025-10-12 20:00:00,0.31,6,0.2754006788928499,0.1762329775020624,0.17621605600845056
2025-10-12 21:00:00,0.705,6,0.6323809551540691,0.6998927268435318,0.6985661921999718
2025-10-12 22:00:00,0.52,6,0.5055510508846945,0.49986991571882594,0.4937805286537389
2025-10-12 23:00:00,0.525,6,0.5073478184289412,0.4933071533424779,0.5054220881137805
2025-10-13 00:00:00,0.64,6,0.5991548824761707,0.6687865867511411,0.6559410530713666
2025-10-13 01:00:00,0.13,6,0.16755351910290217,0.08253472146032455,0.08477989738696312
2025-10-13 02:00:00,0.0583333333333333,6,0.15960969413388704,0.07179296808699749,0.0795295416678547
2025-10-13 03:00:00,0.0183333333333333,6,0.02770327085665586,0.015322249860249274,0.024034888445412295
2025-10-13 04:00:00,0.0116666666666666,6,-0.03130067467046885,0.013241008612836577,0.011935708165917325
2025-10-13 05:00:00,0.45,6,0.48755619974145314,0.48267755476564306,0.4786731160944278
2025-10-13 06:00:00,0.0933333333333333,6,0.17778010473766814,0.10861200249336418,0.09729424274763071
2025-10-13 07:00:00,0.2316666666666666,6,0.31458083550563054,0.23432405009955345,0.2218903531516026
2025-10-13 08:00:00,0.5466666666666667,6,0.5137747559276534,0.5110898981467485,0.5095518324226741
2025-10-13 09:00:00,0.7366666666666666,6,0.639745619304348,0.69104023240971,0.7049427105396098
2025-10-13 10:00:00,0.8633333333333334,6,0.7248275541713256,0.8425864075290553,0.830073171189913
2025-10-13 11:00:00,0.8366666666666667,6,0.7081187810652267,0.8175641865213613,0.8117789131615651
2025-10-13 12:00:00,0.8316666666666666,6,0.7071450136268845,0.8089235371839517,0.8090241747588868
2025-10-13 13:00:00,0.8066666666666668,6,0.699316483670784,0.8085535308362941,0.7983082315874532
2025-10-13 14:00:00,0.8816666666666664,6,0.7681615675071568,0.8787335392655952,0.8727535871064094
2025-10-13 15:00:00,0.9483333333333333,6,0.8274601423251532,0.9412753307209307,0.9159652086984686
2025-10-13 16:00:00,0.6349999999999999,6,0.5954175881523276,0.6552390154576337,0.6506345173150971
2025-10-13 17:00:00,0.5049999999999998,6,0.5034783286782565,0.4979745874715761,0.49203298006025503
2025-10-13 18:00:00,0.9599999999999999,6,0.8120726592777209,0.8879384928945196,0.9204350267159401
2025-10-13 19:00:00,0.9699999999999998,6,0.8769627789147655,0.9638967175837293,0.9566640677439862
2025-10-13 20:00:00,0.9699999999999998,6,0.896291785415183,0.9505246349186517,0.9581513332173259
2025-10-13 21:00:00,0.9699999999999998,6,0.8127192571966694,0.9488226952841887,0.9219627651357962
2025-10-13 22:00:00,0.9699999999999998,6,0.8124335199213045,0.9488226952841887,0.9219627651357962
2025-10-13 23:00:00,0.8883333333333333,6,0.749109358395347,0.8776922452667878,0.8751175224663651
2025-10-14 00:00:00,0.9283333333333332,6,0.7621574335719036,0.9156214758409649,0.8927912918187334
2025-10-14 01:00:00,0.9699999999999998,6,0.8026370610969197,0.9447790923600156,0.9386795870556802
2025-10-14 02:00:00,0.9699999999999998,6,0.8768883955498793,0.9653202058602847,0.9630592136690338
2025-10-14 03:00:00,0.9649999999999997,6,0.8338209172841496,0.9538352536379298,0.9499303240910518
2025-10-14 04:00:00,0.85,6,0.7113981764883349,0.7973484128884197,0.8113262809258013
2025-10-14 05:00:00,0.9666666666666665,6,0.8061564112861125,0.9365841768608355,0.9324353756261627
2025-10-14 06:00:00,0.755,6,0.6861923057664211,0.7896991048502122,0.7874822068625522
2025-10-14 07:00:00,0.7283333333333333,6,0.6460744294826559,0.7485163945274765,0.7412381660729819
2025-10-14 08:00:00,0.8633333333333332,6,0.728146182770211,0.8665731922817044,0.8700152897019658
2025-10-14 09:00:00,0.8516666666666669,6,0.7106911016950114,0.8323431214099247,0.8286410693457902
2025-10-14 10:00:00,0.7633333333333333,6,0.6650718134753447,0.7319787696562365,0.7582604932530974
2025-10-14 11:00:00,0.8416666666666667,6,0.7178561333182358,0.8152431227680316,0.8195980613200569
2025-10-14 12:00:00,0.92,6,0.776472850324509,0.8787245439468541,0.8896150391595156
2025-10-14 13:00:00,0.96,6,0.8258420308879463,0.8691667417545763,0.9115446494133306
2025-10-14 14:00:00,0.9583333333333331,6,0.8220545220082337,0.928794188232359,0.9083517997510603
2025-10-14 15:00:00,0.9333333333333333,6,0.7983666896522904,0.9185966474400327,0.9034303762781832
2025-10-14 16:00:00,0.8866666666666667,6,0.7406789578764122,0.8741795895550486,0.8508256984511665
2025-10-14 17:00:00,0.7149999999999999,6,0.640199284624079,0.7011777208691061,0.7077396608264639
2025-10-14 18:00:00,0.4916666666666667,6,0.47810553021330926,0.46397370229522694,0.4652520202968136
2025-10-14 19:00:00,0.3383333333333333,6,0.40909890311057373,0.36108202173646464,0.357746755957639
2025-10-14 20:00:00,0.7433333333333331,6,0.6594230938745894,0.7649394584486895,0.7606613576960757
2025-10-14 21:00:00,0.9616666666666664,6,0.789348661152612,0.8643738431913632,0.9048380191119304
2025-10-14 22:00:00,0.9616666666666664,6,0.8001740825361269,0.9194846164628139,0.9140370872243005
2025-10-14 23:00:00,0.9699999999999998,6,0.8441511383808203,0.9510823954117472,0.9337925506871991
2025-10-15 00:00:00,0.9333333333333332,6,0.7801681918083224,0.9457333525720006,0.9230939341650646
2025-10-15 01:00:00,0.8416666666666666,6,0.7056540352702634,0.8249756062512911,0.8084599554608347
2025-10-15 02:00:00,0.9216666666666664,6,0.7733140595902305,0.9262527522139091,0.9267719258707234
2025-10-15 03:00:00,0.9699999999999998,6,0.9569562819054579,0.9698634800272095,0.9717785114373184
2025-10-15 04:00:00,0.9699999999999998,6,0.9313424186694276,0.9197265329022594,0.9694719161448433
2025-10-15 05:00:00,0.9616666666666664,6,0.8025468803425223,0.9397893445723645,0.9460098596141444
2025-10-15 06:00:00,0.9733333333333332,6,0.831743708179289,0.9643013960687051,0.9608662690084571
2025-10-15 07:00:00,0.975,6,0.9446481369005805,0.9691604995630843,0.9709779397279102
2025-10-15 08:00:00,0.9633333333333332,6,0.7996539873980976,0.9415160038972381,0.9418101200354698
2025-10-15 09:00:00,0.9683333333333332,6,0.8610529537898018,0.9644599677978049,0.9641104207283252
2025-10-15 10:00:00,0.9683333333333332,6,0.8627045987762821,0.9616025633999222,0.9613624291114137
2025-10-15 11:00:00,0.9699999999999998,6,0.8708226817158345,0.9594163728959993,0.9576230409590967
2025-10-15 12:00:00,0.925,6,0.7652435742653793,0.918773563504782,0.8992058717059424
2025-10-15 13:00:00,0.8599999999999999,6,0.7150260738913538,0.8129635205553614,0.82102721533224
2025-10-15 14:00:00,0.62,6,0.5871990691204543,0.6522208232015979,0.6447398416361668
2025-10-15 15:00:00,0.5999999999999999,6,0.571704340349198,0.6281520402567331,0.6181551789976778
2025-10-15 16:00:00,0.4233333333333333,6,0.46374172099083777,0.44640433414456815,0.43452483708331036
2025-10-15 17:00:00,0.32,6,0.3998981903690195,0.3263030360142944,0.33841645333862247
2025-10-15 18:00:00,0.285,6,0.3735564883464002,0.29846608355821497,0.3053690718601337
2025-10-15 19:00:00,0.3549999999999999,6,0.41686168141929403,0.36638219451422926,0.38056048104394546
2025-10-15 20:00:00,0.4516666666666666,6,0.4604068362388548,0.44703678316284806,0.4317465534832808
2025-10-15 21:00:00,0.3083333333333334,6,0.3945739206234058,0.3239264695437208,0.32339274082777064
2025-10-15 22:00:00,0.1933333333333333,6,0.3262807461114158,0.23912565645149242,0.2228505944516666
2025-10-15 23:00:00,0.02,6,-0.006252257247666926,0.011732089997167221,0.013755051594184498
2025-10-16 00:00:00,0.01,6,-0.059028205671052575,0.00957608326766221,0.009030707857963782
2025-10-16 01:00:00,0.01,6,-0.14308761760873695,0.00987204144517907,0.007118641416100635
2025-10-16 02:00:00,0.01,6,-0.15952948564306696,0.00987577209851081,0.007476376875401147
2025-10-16 03:00:00,0.01,6,-0.16150573805960555,0.00987682351646201,0.007412537540189945
2025-10-16 04:00:00,0.01,6,-0.1506448992083999,0.00987204144517907,0.006401690966668816
2025-10-16 05:00:00,0.01,6,-0.18956128828658103,0.00987682351646201,0.007578322704180407
2025-10-16 06:00:00,0.01,6,-0.12242900448198044,0.009864670700444196,0.006805802150210372
2025-10-16 07:00:00,0.0066666666666666,6,0.030492494429088635,0.01459521545092765,0.011977211407702248
2025-10-16 08:00:00,0.0083333333333333,6,-0.003780222115868731,0.011309962158052477,0.010372593268434094
2025-10-16 09:00:00,0.0766666666666666,6,0.1871526370252538,0.07350184211191667,0.0722965348082295
2025-10-16 10:00:00,0.1083333333333333,6,0.23305995733103863,0.10942745472237131,0.11725075428197002
2025-10-16 11:00:00,0.6699999999999999,6,0.6155167153903607,0.692148079257714,0.6874532085993699
2025-10-16 12:00:00,0.92,6,0.7793238452807371,0.9307038847786494,0.9175990583003972
2025-10-16 13:00:00,0.94,6,0.8074156487212377,0.9478085311218295,0.9357329077774561
2025-10-16 14:00:00,0.79,6,0.6917751091642977,0.811053086738258,0.7919650702829928
2025-10-16 15:00:00,0.6316666666666667,6,0.5925898305167805,0.6579988348300038,0.6408742566294828
2025-10-16 16:00:00,0.4766666666666666,6,0.5072733732316401,0.515118677833184,0.49146859018838757
2025-10-16 17:00:00,0.3316666666666667,6,0.41033303326776394,0.35399431309982105,0.36087027312890896
2025-10-16 18:00:00,0.1683333333333333,6,0.25026418404139955,0.14176439857035936,0.1445557516271142
2025-10-16 19:00:00,0.2066666666666666,6,0.2767161666019279,0.17893039228948332,0.17069159250081029
2025-10-16 20:00:00,0.1233333333333333,6,0.24275696640327143,0.12556264990644947,0.1386691892093958
2025-10-16 21:00:00,0.135,6,0.21905291878489985,0.12046985583254145,0.11305377438738451
2025-10-16 22:00:00,0.4059999999999999,5,0.47804175702929663,0.4868908515386632,0.47595295779930913
2025-10-16 23:00:00,0.2833333333333333,6,0.3635470041198684,0.2931637041736029,0.2830587887280711
2025-10-17 00:00:00,0.145,6,0.2661541497319284,0.15832708458100653,0.14980111224458922
2025-10-17 01:00:00,0.1416666666666666,6,0.24726301116173105,0.11839067393919102,0.12301054253707205
2025-10-17 02:00:00,0.1083333333333333,6,0.20669790220748924,0.09653935681145817,0.10295907933891285
2025-10-17 03:00:00,0.0366666666666666,6,0.08195646268223145,0.03333673834362139,0.030900095601515187
2025-10-17 04:00:00,0.0116666666666666,6,-0.09280059775049532,0.009813822500856358,0.0078033745490013184
2025-10-17 05:00:00,0.01,6,-0.1852053466508058,0.00987682351646201,0.008451230562529333
2025-10-17 06:00:00,0.01,6,-0.1722905699255075,0.00987682351646201,0.008451230562529333
2025-10-17 07:00:00,0.01,6,-0.13435537425567445,0.00987209654781877,0.008219695822140105
2025-10-17 08:00:00,0.01,6,-0.15793089156095588,0.00987577209851081,0.00921003096019457
2025-10-17 09:00:00,0.01,6,-0.15322093980376902,0.009874765449803117,0.010501515299312425
2025-10-17 10:00:00,0.0066666666666666,6,-0.027748941827670404,0.013329962457543846,0.012770190724658681
2025-10-17 11:00:00,0.0233333333333333,6,0.08322767481819932,0.037686613536702,0.04170785509161323
2025-10-17 12:00:00,0.0316666666666666,6,0.07981043919357778,0.04199147783766981,0.043189053406914424
2025-10-17 13:00:00,0.0166666666666666,6,0.019878762054809263,0.024381185490419385,0.025796894850489693
2025-10-17 14:00:00,0.01,6,-0.08767157635659772,0.009798516414558334,0.009832721948364154
2025-10-17 15:00:00,0.01,6,-0.1373471075943304,0.009836521525618345,0.008677229708426049
2025-10-17 16:00:00,0.01,6,-0.17569071365119743,0.00985350535238952,0.00955568342803248
2025-10-17 17:00:00,0.01,6,-0.07816817107391788,0.009583643221996943,0.008344961854809374
2025-10-17 18:00:00,0.01,6,-0.17418627360648725,0.009861398765381599,0.007768120600968209
2025-10-17 19:00:00,0.01,6,-0.1751300629056427,0.009870710757797376,0.008313493505633762
2025-10-17 20:00:00,0.01,6,-0.1695082796494071,0.0098738754884565,0.007701396005099448
2025-10-17 21:00:00,0.01,6,-0.09089738631817174,0.009817367444198683,0.008290430043196295
2025-10-17 22:00:00,0.01,6,-0.12571594255934154,0.009869496299033203,0.008576315341560004
2025-10-17 23:00:00,0.01,6,-0.08453028841358584,0.00980669351535087,0.0081364739384861
2025-10-18 00:00:00,0.0083333333333333,6,0.03335801221433088,0.016069169835088784,0.024064968977153323
2025-10-18 01:00:00,0.01,6,-0.08307350781599174,0.009810338637891507,0.010774134826872561
2025-10-18 02:00:00,0.0133333333333333,6,-0.01363246547003849,0.012917271024353737,0.01795838360741414
2025-10-18 03:00:00,0.0083333333333333,6,-0.09493981160764611,0.009813822500856358,0.008951684775257929
2025-10-18 04:00:00,0.0083333333333333,6,-0.03447961305951,0.01031383512943844,0.012417507734366062
2025-10-18 05:00:00,0.0083333333333333,6,-0.053820546389519275,0.009462668089630363,0.01231049690802738
2025-10-18 06:00:00,0.0249999999999999,6,0.03760844843094713,0.023136663093996635,0.021792127258690785
2025-10-18 07:00:00,0.0683333333333333,6,0.16467366299306757,0.06624081233096947,0.07243916155852115
2025-10-18 08:00:00,0.0683333333333333,6,0.1428301479248213,0.049950594847808234,0.06788342847391521
2025-10-18 09:00:00,0.0183333333333333,6,0.022042411999559364,0.015520749226161396,0.020904396973399908
2025-10-18 10:00:00,0.0083333333333333,6,-0.04720878741309478,0.010308292857751623,0.011820146593334357
2025-10-18 11:00:00,0.01,6,-0.10564492350324145,0.009791878950665486,0.007774369353557797
2025-10-18 12:00:00,0.01,6,-0.09776267145243583,0.009776410344013033,0.009514793579674719
2025-10-18 13:00:00,0.01,6,-0.1258617502686074,0.009831103416101793,0.009546680541610286
2025-10-18 14:00:00,0.01,6,-0.12314196439905256,0.009826524809572823,0.01018354496006002
2025-10-18 15:00:00,0.01,6,-0.14583719711305687,0.009841030353755468,0.009992976055057945
2025-10-18 16:00:00,0.01,6,-0.18147367715271115,0.009845960737727786,0.009070846323842585
2025-10-18 17:00:00,0.01,6,-0.12347697776136914,0.009841427006612105,0.010220106949912322
2025-10-18 18:00:00,0.01,6,-0.06930016990334528,0.009888029474772825,0.009596837512747647
2025-10-18 19:00:00,0.01,6,-0.15587921458752912,0.009859895172435401,0.007768120600968209
2025-10-18 20:00:00,0.01,6,-0.14075005276561048,0.009875649266303814,0.008022826100952396
2025-10-18 21:00:00,0.01,6,-0.16573547211537126,0.009870710757797376,0.008313493505633762
2025-10-18 22:00:00,0.01,6,-0.17835514682504822,0.009885444484353577,0.00812187121307184
2025-10-18 23:00:00,0.0066666666666666,6,-0.061643013698031296,0.009807700396659876,0.008095952498917813
2025-10-19 00:00:00,0.0149999999999999,6,-0.044978810373130784,0.015858526689835138,0.012825474318047758
2025-10-19 01:00:00,0.01,6,-0.15120069305386624,0.009874359429961056,0.009483156503602874
2025-10-19 02:00:00,0.01,6,-0.12865350800804803,0.009869496299033203,0.009469530324357545
2025-10-19 03:00:00,0.01,6,-0.03659104784572503,0.014821967125740564,0.012503613821690851
2025-10-19 04:00:00,0.0183333333333333,6,0.06934138457464262,0.03252084041501944,0.037401810698015125
2025-10-19 05:00:00,0.01,6,-0.10063959547126897,0.009819961733124032,0.010122572392780471
2025-10-19 06:00:00,0.01,6,-0.09722890219956803,0.009819961733124032,0.010639161517490281
2025-10-19 07:00:00,0.02,6,-0.01781609488610894,0.01241037293818014,0.01695893066941373
2025-10-19 08:00:00,0.0116666666666666,6,-0.004354642718764068,0.01307702292635928,0.018455870635144256
2025-10-19 09:00:00,0.01,6,-0.061112868668246306,0.00955917189692211,0.0082374286689616
2025-10-19 10:00:00,0.01,6,-0.005625135793145164,0.019295191608837976,0.01915491357086052
2025-10-19 11:00:00,0.01,6,-0.11378942917189466,0.009830641652894085,0.009631668877786714
2025-10-19 12:00:00,0.01,6,-0.10008539831671476,0.009767681310346216,0.009921474208965275
2025-10-19 13:00:00,0.0083333333333333,6,-0.10205349174049727,0.00976409843511853,0.009385441283439044
2025-10-19 14:00:00,0.16,6,0.2162965505908228,0.12728375082189303,0.1313793052277355
2025-10-19 15:00:00,0.3266666666666667,6,0.41253344306087625,0.3667462139301546,0.3607161921698274
2025-10-19 16:00:00,0.8233333333333333,6,0.7124394697888096,0.8244649930053656,0.8179967292389672
2025-10-19 17:00:00,0.8633333333333332,6,0.7375327103102283,0.8148109063463812,0.8508215466872213
2025-10-19 18:00:00,0.5799999999999998,6,0.5252877896012285,0.5374458544841335,0.5352157055332065
2025-10-19 19:00:00,0.6166666666666665,6,0.5565143865030714,0.5951687305442751,0.5883197171500721
2025-10-19 20:00:00,0.48,6,0.48104702107376796,0.48910806406975393,0.47607113690909836
2025-10-19 21:00:00,0.4116666666666666,6,0.44551814977902204,0.40731406876588033,0.40830623239394387
2025-10-19 22:00:00,0.23,6,0.31700055275580974,0.22728490044690852,0.22201289189751175
2025-10-19 23:00:00,0.0933333333333333,6,0.13190594797949035,0.0662542187023354,0.0657826498347801
2025-10-20 00:00:00,0.01,6,-0.05884292542975422,0.009820076706432172,0.008095952498917813
2025-10-20 01:00:00,0.01,6,-0.1616856068947274,0.009875706267069278,0.00794764015453181
2025-10-20 02:00:00,0.01,6,-0.1379813468496064,0.009869692484503681,0.009240431689994444
2025-10-20 03:00:00,0.0083333333333333,6,-0.0719684187852827,0.009913460728236408,0.00908741544812186
2025-10-20 04:00:00,0.01,6,0.027799685794722584,0.015094541149694083,0.02380099687013887
2025-10-20 05:00:00,0.0149999999999999,6,0.04934474888342888,0.02414520090768931,0.026502997104557002
2025-10-20 06:00:00,0.1033333333333333,6,0.180070558652007,0.0987822194265436,0.09353010695189656
2025-10-20 07:00:00,0.025,6,0.04790178601442624,0.020205525674534937,0.02482578261875129
2025-10-20 08:00:00,0.0083333333333333,6,0.013254035056791375,0.015477506274385652,0.01854742524320868
2025-10-20 09:00:00,0.1433333333333333,6,0.23716401039055535,0.11544390770346614,0.13358698722310974
2025-10-20 10:00:00,0.1383333333333333,6,0.26861999855130825,0.16884417649294442,0.16641276475336836
2025-10-20 11:00:00,0.1183333333333333,6,0.24044851603117018,0.14142578578389725,0.14124255884798584
2025-10-20 12:00:00,0.2783333333333333,6,0.36506774818892707,0.29302804026664997,0.2928298957328084
2025-10-20 13:00:00,0.2316666666666666,6,0.336099373142152,0.26594652480104997,0.25031612683435783
2025-10-20 14:00:00,0.1066666666666666,6,0.2016523885696574,0.12039924594497957,0.12026565049326829
2025-10-20 15:00:00,0.0266666666666666,6,0.043122499277445214,0.03388047879072149,0.03144443494731586
2025-10-20 16:00:00,0.01,6,-0.037344638171078914,0.01242692259112171,0.01296485887325588
2025-10-20 17:00:00,0.0733333333333333,6,0.14073042056086682,0.07847605377702034,0.07748179171918967
2025-10-20 18:00:00,0.0983333333333333,6,0.1945681320699051,0.10639654124940691,0.10313949008095868
2025-10-20 19:00:00,0.2316666666666666,6,0.33279137686343796,0.24897542495858166,0.24413119611020537
2025-10-20 20:00:00,0.175,6,0.2876882174793789,0.18248386508358666,0.19055669300035785
2025-10-20 21:00:00,0.0516666666666666,6,0.11698049469071314,0.06258660122374196,0.058441464778245966
2025-10-20 22:00:00,0.0083333333333333,6,0.0008916812712951305,0.019949376223815363,0.019055419592268807
2025-10-20 23:00:00,0.0083333333333333,6,-0.07863250262390775,0.00962125555495998,0.008276394398387898
2025-10-21 00:00:00,0.01,6,-0.13037431643824193,0.009869496299033203,0.0084642025996442
2025-10-21 01:00:00,0.01,6,-0.11735219126603597,0.00986469546560257,0.00850771222324076
2025-10-21 02:00:00,0.01,6,-0.15115826748908662,0.009873648200410385,0.00869331236968568
2025-10-21 03:00:00,0.0083333333333333,6,-0.11030872973006403,0.0098523183694084,0.009484599245693115
2025-10-21 04:00:00,0.02,6,0.1298712671624932,0.0615896347705877,0.05981470126914079
2025-10-21 05:00:00,0.0366666666666666,6,0.08528951836762949,0.03902793232631826,0.035703865711756044
2025-10-21 06:00:00,0.0133333333333333,6,-0.0012198971286726812,0.012501345594434375,0.017294204401046454
2025-10-21 07:00:00,0.0216666666666666,6,0.0138472739021194,0.013488791302390753,0.017752140648563508
2025-10-21 08:00:00,0.0083333333333333,6,-0.11411689987995798,0.009863355828158067,0.008992559095996111
2025-10-21 09:00:00,0.01,6,-0.1239637447962928,0.009872167941510124,0.009575915176486816
2025-10-21 10:00:00,0.01,6,-0.11672578887310085,0.00986469546560257,0.008612388081234768
2025-10-21 11:00:00,0.01,6,-0.02006789107250387,0.012587109252514689,0.016799502995840487
2025-10-21 12:00:00,0.0083333333333333,6,-0.01308972242032616,0.011785712178570803,0.019416366234110027
2025-10-21 13:00:00,0.0066666666666666,6,-0.05128047178016959,0.010785059393520098,0.01339663478690456
2025-10-21 14:00:00,0.0066666666666666,6,-0.058477838185748726,0.010460891906363986,0.009238963582907711
2025-10-21 15:00:00,0.01,6,-0.10493372483257996,0.009813400489027346,0.009455364610816586
2025-10-21 16:00:00,0.055,6,0.03651408328435751,0.032467540833147124,0.029703654030745597
2025-10-21 17:00:00,0.1999999999999999,6,0.2957720886987407,0.2112281528047779,0.1945744296585311
2025-10-21 18:00:00,0.27,6,0.3529932898563777,0.29126335616260457,0.2772536063239242
2025-10-21 19:00:00,0.325,6,0.39720528599215155,0.32771202729988463,0.3320566429284541
2025-10-21 20:00:00,0.32,6,0.39215283307022775,0.32988377327272567,0.3267624345876516
2025-10-21 21:00:00,0.1616666666666666,6,0.2646761733069881,0.1859866451432111,0.1686971823126776
2025-10-21 22:00:00,0.0283333333333333,6,0.05804795954680425,0.036213286473470684,0.02752398024448799
2025-10-21 23:00:00,0.0216666666666666,6,0.05376812761941652,0.025527430808556913,0.026728711125541982
2025-10-22 00:00:00,0.0083333333333333,6,-0.0666989193069576,0.010074758432474724,0.007985779876975185
2025-10-22 01:00:00,0.01,6,-0.1636060408713939,0.009875706267069278,0.00794764015453181
2025-10-22 02:00:00,0.01,6,-0.17935396668949255,0.009876417496619948,0.009007322285835173
2025-10-22 03:00:00,0.01,6,-0.15817530629595777,0.009876417496619948,0.009007322285835173
2025-10-22 04:00:00,0.01,6,-0.15255022792763645,0.009874359429961056,0.009505736589254354
2025-10-22 05:00:00,0.01,6,-0.16746673434907428,0.009876417496619948,0.009029902371486653
2025-10-22 06:00:00,0.01,6,-0.18787334919590656,0.009876417496619948,0.007211926018175441
2025-10-22 07:00:00,0.0183333333333333,6,-0.016834689051011348,0.011792754812229703,0.017860346144371486
2025-10-22 08:00:00,0.0816666666666666,6,0.208581870543881,0.10950716197779599,0.11126933623107227
2025-10-22 09:00:00,0.0149999999999999,6,0.05404419198527377,0.032400395941985,0.02431030379314164
2025-10-22 10:00:00,0.0283333333333333,6,0.09119175016506076,0.03777418157440713,0.04453290604137061
2025-10-22 11:00:00,0.01,6,0.01720103872894979,0.021920519348932656,0.022819037108322504
2025-10-22 12:00:00,0.0116666666666666,6,-0.015065399389030981,0.011324734193965813,0.01836449061637052
2025-10-22 13:00:00,0.0083333333333333,6,-0.06411913181649845,0.010513189721052836,0.009821336944249137
2025-10-22 14:00:00,0.0083333333333333,6,-0.08890534349270374,0.009746715842210213,0.008992279036003747
2025-10-22 15:00:00,0.01,6,-0.1543116946884397,0.009845960737727786,0.009070846323842585
2025-10-22 16:00:00,0.01,6,-0.08796306811030002,0.009784347507342046,0.01002131125247624
2025-10-22 17:00:00,0.01,6,0.16192576894157967,0.08961325553235505,0.08730924814350038
2025-10-22 18:00:00,0.01,6,0.38790852133361486,0.3134699807271863,0.32398152799946084
2025-10-22 19:00:00,0.01,6,0.49887671868872785,0.4983460248996609,0.4947283529840064
2025-10-22 20:00:00,0.01,6,0.48278043450447117,0.47463695908911907,0.4755048569684491
2025-10-22 21:00:00,0.1066666666666666,6,0.38859482515309096,0.3361080332651636,0.32528822516757
2025-10-22 22:00:00,0.1716666666666666,6,0.29011196286439433,0.18316791356946177,0.18987601397705595
2025-10-22 23:00:00,0.0999999999999999,6,0.19999311216700377,0.1125447101718425,0.10924979808210711
2025-10-23 00:00:00,0.02,6,0.027629558682105204,0.01380526870790834,0.024597354104721636
2025-10-23 01:00:00,0.01,6,-0.07883139514762999,0.009684139650655234,0.009096736329460897
2025-10-23 02:00:00,0.01,6,-0.140722581863926,0.009871635425337009,0.009460209443018508
2025-10-23 03:00:00,0.01,6,-0.15952557419247837,0.009876417496619948,0.009007322285835173
2025-10-23 04:00:00,0.01,6,-0.08377765051831368,0.009814985985215527,0.009211206491315571
2025-10-23 05:00:00,0.01,6,-0.08562081691034326,0.009817628944469919,0.007631435675091336
2025-10-23 06:00:00,0.0083333333333333,6,-0.015474638541317282,0.01275439040155727,0.01795838360741414
2025-10-23 07:00:00,0.0083333333333333,6,-0.006721987235491778,0.013304458012955213,0.01745326340033082
2025-10-23 08:00:00,0.01,6,-0.14269114103187663,0.00987204144517907,0.009047770706477054
2025-10-23 09:00:00,0.0216666666666666,6,0.01824815532075874,0.01662867274357286,0.023940444100075398
2025-10-23 10:00:00,0.1349999999999999,6,0.25700296639474424,0.15123176110106196,0.15851178125222848
2025-10-23 11:00:00,0.0666666666666666,6,0.1521557258657138,0.0883085244730807,0.08372939829618276
2025-10-23 12:00:00,0.0633333333333333,6,0.1394431916280563,0.07391933934233957,0.07567058728193293
2025-10-23 13:00:00,0.1966666666666666,6,0.2969514964598934,0.20338167155184128,0.20155618366060896
2025-10-23 14:00:00,0.2616666666666666,6,0.361309532296902,0.2861709533993695,0.2879572379686157
2025-10-23 15:00:00,0.1833333333333333,6,0.2906397991222627,0.1992874211427084,0.19867340254261384
2025-10-23 16:00:00,0.1033333333333333,6,0.19956763681054362,0.10501482501941076,0.1117485522930603
2025-10-23 17:00:00,0.1066666666666666,6,0.19515100587364398,0.1112396632915291,0.11072603885166299
2025-10-23 18:00:00,0.1316666666666666,6,0.20564931258959768,0.11534387851596922,0.11771503614979317
2025-10-23 19:00:00,0.01,6,-0.11377755021355389,0.009865271032220312,0.007991111467111955
2025-10-23 20:00:00,0.01,6,-0.18302502966062323,0.009880273904381672,0.007701396005099448
2025-10-23 21:00:00,0.0083333333333333,6,-0.09916027666565733,0.009832518601034157,0.008313125759407902
2025-10-23 22:00:00,0.0566666666666666,6,0.1213111784542188,0.07039444634545053,0.05764340700707293
2025-10-23 23:00:00,0.3733333333333332,6,0.46325970115233683,0.43585619134426046,0.4357171040932919
2025-10-24 00:00:00,0.7516666666666668,6,0.6605587127485453,0.7413344213156084,0.751503726323708
2025-10-24 01:00:00,0.9166666666666664,6,0.7547225099340767,0.882248894025311,0.8818838650258188
2025-10-24 02:00:00,0.9699999999999998,6,0.8410553177972558,0.9517485352626869,0.950540399667598
2025-10-24 03:00:00,0.9699999999999998,6,0.8393112860075448,0.9532695529869439,0.9505358678351872
2025-10-24 04:00:00,0.9383333333333332,6,0.819377744131874,0.9444471419806979,0.9227973239591029
2025-10-24 05:00:00,0.8716666666666665,6,0.7752925040944382,0.92131011395599,0.9135983722679759
2025-10-24 06:00:00,0.9416666666666664,6,0.8637569352892637,0.9595080380318961,0.9587753144734404
2025-10-24 07:00:00,0.9333333333333332,6,0.8570858982053832,0.9546082923120092,0.9592232483561993
2025-10-24 08:00:00,0.9316666666666666,6,0.7745286723923249,0.9179367845204477,0.9135983722679759
2025-10-24 09:00:00,0.9583333333333331,6,0.8258902179116451,0.9201328381256008,0.9296982330277779
2025-10-24 10:00:00,0.9466666666666665,6,0.8241156325349134,0.9232478545151933,0.9299056863249752
2025-10-24 11:00:00,0.9383333333333332,6,0.8483474206686513,0.9586303990268981,0.9480394235792162
2025-10-24 12:00:00,0.9666666666666666,6,0.8860770717581757,0.9584067573554695,0.9530215916464548
2025-10-24 13:00:00,0.9699999999999998,6,0.9186714054377191,0.961799293036869,0.9561289556727551
2025-10-24 14:00:00,0.8883333333333333,6,0.7908436676440694,0.9039722644912753,0.8933247464003914
2025-10-24 15:00:00,0.8016666666666666,6,0.7215790274850715,0.8026927589115971,0.8170419847345827
2025-10-24 16:00:00,0.875,6,0.7689184389834328,0.8755147286639154,0.8656772891190447
2025-10-24 17:00:00,0.5433333333333333,6,0.5368771932811914,0.5695839376076803,0.5625054875805932
2025-10-24 18:00:00,0.38,6,0.4298124849702044,0.38580134374223524,0.3903087549131737
2025-10-24 19:00:00,0.1966666666666666,6,0.2909130341202021,0.20845459442224681,0.1983524913190653
2025-10-24 20:00:00,0.3549999999999999,6,0.391188738541393,0.3394750250564757,0.33123541492811726
2025-10-24 21:00:00,0.2749999999999999,6,0.38475714260817817,0.3161417625168147,0.32061494805176916
2025-10-24 22:00:00,0.2666666666666666,6,0.35572688647394235,0.27743156198882746,0.2763102910668356
2025-10-24 23:00:00,0.3433333333333332,6,0.38061955599938824,0.30386079530301724,0.3156762822451238
2025-10-25 00:00:00,0.3383333333333333,6,0.379134215436857,0.3055609441445839,0.3167121958660954
2025-10-25 01:00:00,0.21,6,0.2992733945589201,0.20218448899739505,0.1995145167731672
2025-10-25 02:00:00,0.2133333333333333,6,0.3175685267482864,0.23088100939930978,0.21933948981401025
2025-10-25 03:00:00,0.3483333333333333,6,0.43204738772325346,0.39915896502605763,0.39456628014252043
2025-10-25 04:00:00,0.36,6,0.41997287453887155,0.38207425998276806,0.38448689165697764
2025-10-25 05:00:00,0.4366666666666665,6,0.4313577887916915,0.39908305586094367,0.3955477584205469
2025-10-25 06:00:00,0.6966666666666667,6,0.6200241095100734,0.6737989673128569,0.6905555281491542
2025-10-25 07:00:00,0.5283333333333333,6,0.502890227972763,0.5114123175574388,0.49740008401974123
2025-10-25 08:00:00,0.5866666666666666,6,0.5374772966098553,0.5840078545214987,0.5878989573649702
2025-10-25 09:00:00,0.235,6,0.3161635913075611,0.22095582094519226,0.21892091809569095
2025-10-25 10:00:00,0.6066666666666665,6,0.5666258825710908,0.590964221096611,0.6043593333897026
2025-10-25 11:00:00,0.7633333333333333,6,0.6759128198216208,0.7502482444092387,0.7576754146362428
2025-10-25 12:00:00,0.7533333333333334,6,0.6851988564174845,0.7593908873446491,0.7655759002306741
2025-10-25 13:00:00,0.925,6,0.8196134034845405,0.9193962409878699,0.9147329704146846
2025-10-25 14:00:00,0.7716666666666666,6,0.6928306310856991,0.784598335468391,0.7683322994950366
2025-10-25 15:00:00,0.4866666666666667,6,0.5028232496361366,0.49669065732061807,0.4838339184606689
2025-10-25 16:00:00,0.175,6,0.2826203232084461,0.1922910586951465,0.18741542298327207
2025-10-25 17:00:00,0.0599999999999999,6,0.09303527259759259,0.051484689425666974,0.05128018079646307
2025-10-25 18:00:00,0.0533333333333333,6,0.07337266392852654,0.037111365070994766,0.045144374583751534
2025-10-25 19:00:00,0.35,6,0.4022609243224955,0.3346829528830545,0.3432813710863541
2025-10-25 20:00:00,0.4033333333333333,6,0.44350940500521185,0.3998663697883795,0.39994636729260036
2025-10-25 21:00:00,0.2833333333333333,6,0.3989436660266088,0.3348704979721574,0.33699146719775575
2025-10-25 22:00:00,0.2316666666666666,6,0.35490964084637544,0.2755020344403904,0.27849300614768735
2025-10-25 23:00:00,0.3666666666666667,6,0.4700684757146476,0.4490353939080005,0.4596525558826283
2025-10-26 00:00:00,0.2333333333333333,6,0.31633371143959654,0.2240966568618585,0.2207810053418529
2025-10-26 01:00:00,0.1333333333333333,6,0.23949881467876072,0.136454131643067,0.1405046252414247
2025-10-26 02:00:00,0.26,6,0.35849318089494564,0.27475285447438297,0.2783512038837873
2025-10-26 03:00:00,0.0349999999999999,6,0.07085921051386335,0.028462833959101843,0.038527680174726575
2025-10-26 04:00:00,0.0066666666666666,6,-0.07053758819203945,0.009881839207446836,0.009096736329460897
2025-10-26 05:00:00,0.0083333333333333,6,-0.10144209188190834,0.009818135523227401,0.00822313255180912
2025-10-26 06:00:00,0.01,6,0.07479523978651181,0.0341810907796789,0.03850648231434228
2025-10-26 07:00:00,0.0116666666666666,6,0.01967710199558409,0.01594748255126798,0.022211587644708097
2025-10-26 08:00:00,0.0083333333333333,6,-0.08153789784575807,0.009823524660939126,0.008317857983295984
2025-10-26 09:00:00,0.01,6,-0.014133166917801171,0.014813806704601109,0.01787981265705435
2025-10-26 10:00:00,0.01,6,-0.1351756686584905,0.009845112212025076,0.007860668399448267
2025-10-26 11:00:00,0.01,6,-0.13667602571653167,0.00983488029900879,0.009631668877786714
2025-10-26 12:00:00,0.01,6,-0.1416616239666587,0.009836521525618345,0.008677229708426049
2025-10-26 13:00:00,0.01,6,-0.14885642828290252,0.009848300532186523,0.00975528382015256
2025-10-26 14:00:00,0.01,6,-0.16376043242691485,0.009841067835292573,0.008866493494796901
2025-10-26 15:00:00,0.01,6,-0.15027245480738535,0.009840565638916967,0.00999171073405386
2025-10-26 16:00:00,0.01,6,-0.15740087019600035,0.009854926532551952,0.009135114181826443
2025-10-26 17:00:00,0.0083333333333333,6,-0.0982884253263005,0.00976229844255876,0.00902965740261058
2025-10-26 18:00:00,0.01,6,-0.08443440803268379,0.00976863517717798,0.01038889741241339
2025-10-26 19:00:00,0.0416666666666666,6,0.030924422383727224,0.026064942048352635,0.029910931781222616
2025-10-26 20:00:00,0.1033333333333333,6,0.1753914068186775,0.10295308309767016,0.09708474561145752
2025-10-26 21:00:00,0.4533333333333333,6,0.47516115513309987,0.45690916665268627,0.46308444194077114
2025-10-26 22:00:00,0.2049999999999999,6,0.3045819147862734,0.23042400882041747,0.20627184832603634
2025-10-26 23:00:00,0.1216666666666666,6,0.23022223856565566,0.14377254466921813,0.13626012600861406
2025-10-27 00:00:00,0.0583333333333333,6,0.08147756641973597,0.05365978113137885,0.04804067864838574
2025-10-27 01:00:00,0.01,6,-0.12743664826645162,0.009844916026554597,0.008337015488243227
2025-10-27 02:00:00,0.2949999999999999,6,0.2976510904313784,0.21234489683571972,0.20143280258378982
2025-10-27 03:00:00,0.5683333333333332,6,0.539808333061225,0.5843609039165585,0.5801781128940757
2025-10-27 04:00:00,0.3433333333333333,6,0.3970966290746598,0.32592867009010046,0.3286762153250269
2025-10-27 05:00:00,0.0766666666666666,6,0.15252317673346893,0.08592020554863829,0.08362937896078226
2025-10-27 06:00:00,0.0149999999999999,6,-0.04817392313393121,0.010425833591117532,0.012005132386974704
2025-10-27 07:00:00,0.0183333333333333,6,0.05288156795380117,0.026104060242325658,0.026476666000166127
2025-10-27 08:00:00,0.01,6,-0.09178844684337314,0.009819457129477807,0.007829694136282705
2025-10-27 09:00:00,0.0116666666666666,6,-0.01663684469987281,0.012731984376300059,0.01742973983797702
2025-10-27 10:00:00,0.01,6,-0.10089609461077928,0.009821774188702528,0.008181621938045558
2025-10-27 11:00:00,0.1716666666666666,6,0.24050590323962684,0.14626540898966092,0.1416680132723228
2025-10-27 12:00:00,0.2566666666666666,6,0.341431082818935,0.2645711213269741,0.26616081426413873
2025-10-27 13:00:00,0.165,6,0.27953989610263896,0.18744937674359335,0.17461933739536045
2025-10-27 14:00:00,0.0216666666666666,6,0.03483372075802349,0.02924293849541522,0.025735992781354522
2025-10-27 15:00:00,0.0083333333333333,6,-0.07840755737275093,0.009585234352601233,0.0076861550300927894
2025-10-27 16:00:00,0.01,6,-0.12359703393186991,0.009847758884140646,0.008154812929568933
2025-10-27 17:00:00,0.01,6,-0.06672084117647226,0.01022332587564314,0.008390557717738278
2025-10-27 18:00:00,0.01,6,0.029247409821311687,0.0208300301214579,0.02468083030582685
2025-10-27 19:00:00,0.01,6,-0.09492354847396683,0.00981839436975459,0.00822313255180912
2025-10-27 20:00:00,0.01,6,-0.09601611846405869,0.009817863505557058,0.008138894700867927
2025-10-27 21:00:00,0.01,6,-0.12765029000710143,0.009869496299033203,0.008423474372299566
2025-10-27 22:00:00,0.01,6,-0.09432931630788793,0.009817367444198683,0.008146424364993243
2025-10-27 23:00:00,0.0949999999999999,6,0.20015418968919824,0.11333594077320697,0.10553057528236331
2025-10-28 00:00:00,0.1383333333333333,6,0.2531713604585838,0.14417370054808074,0.1476178485372563
2025-10-28 01:00:00,0.095,6,0.19209428183268573,0.08478959420839843,0.08744115392700852
2025-10-28 02:00:00,0.215,6,0.2991771441763519,0.19984049410630975,0.18400681528926793
2025-10-28 03:00:00,0.4966666666666665,6,0.4809598751334557,0.47501410126243354,0.4763649902537448
2025-10-28 04:00:00,0.3549999999999999,6,0.38565621851238285,0.3193663861148129,0.3181155999899714
2025-10-28 05:00:00,0.245,6,0.3196323569392181,0.2385341152262195,0.21190601896448114
2025-10-28 06:00:00,0.1566666666666666,6,0.2367735964612837,0.11396508480065816,0.1260127182005974
2025-10-28 07:00:00,0.0483333333333333,6,0.08597179405226951,0.03694167451155044,0.035452545785672585
2025-10-28 08:00:00,0.0083333333333333,6,-0.10544570186852215,0.009818702992642704,0.00850044514263737
2025-10-28 09:00:00,0.0133333333333333,6,-0.03127268317278353,0.012493008724155335,0.01449666086748791
2025-10-28 10:00:00,0.0466666666666666,6,0.09882373726002514,0.04009765156329255,0.04545836532031938
2025-10-28 11:00:00,0.285,6,0.3638372831454886,0.2947339072492765,0.292034237148848
2025-10-28 12:00:00,0.4816666666666666,6,0.4998534660893227,0.4967623040781862,0.49342165581589725
2025-10-28 13:00:00,0.7883333333333332,6,0.6899334566890198,0.7852235938150801,0.7845633910604397
2025-10-28 14:00:00,0.7966666666666665,6,0.7073578266022822,0.8085598359488557,0.8117789131615651
2025-10-28 15:00:00,0.6983333333333333,6,0.6390303855182682,0.7091520232985641,0.7065140375360894
2025-10-28 16:00:00,0.5216666666666667,6,0.5226892107978419,0.5270008427596293,0.5217895301067467
2025-10-28 17:00:00,0.1016666666666666,6,0.1263464158123817,0.06301591105167617,0.06323390081186919
2025-10-28 18:00:00,0.0166666666666666,6,-0.0012737907594579378,0.016727014819107582,0.01905380415336233
2025-10-28 19:00:00,0.045,6,0.06478820794564966,0.03571921725013968,0.03535782497887274
2025-10-28 20:00:00,0.0199999999999999,6,-0.07668010386655263,0.009812318158058208,0.008203521346663356
2025-10-28 21:00:00,0.0083333333333333,6,0.02040174839317105,0.016714630538852235,0.022840801402622957
2025-10-28 22:00:00,0.0149999999999999,6,0.02090474465168668,0.01707575893245129,0.022848331066748273
2025-10-28 23:00:00,0.12,6,0.2184946246825128,0.12718803697985814,0.11689810211491158
2025-10-29 00:00:00,0.1816666666666666,6,0.286442112621346,0.18159902323983174,0.18401732758620395
2025-10-29 01:00:00,0.255,6,0.3463707549460292,0.2646211727711572,0.26980629889086793
2025-10-29 02:00:00,0.32,6,0.39218464725658153,0.318886034330893,0.3245200602557674
2025-10-29 03:00:00,0.0783333333333333,6,0.13156696133417045,0.057706598314997075,0.06792003767572297
2025-10-29 04:00:00,0.0066666666666666,6,-0.022397619053289464,0.011730096836099152,0.018247208744282095
2025-10-29 05:00:00,0.0083333333333333,6,-0.008486056976299478,0.012461106043549225,0.0166563578692851
2025-10-29 06:00:00,0.0149999999999999,6,-0.07153588746048287,0.009861143427522426,0.010550947194025273
2025-10-29 07:00:00,0.0083333333333333,6,-0.06348178195355866,0.009774957281234928,0.011402753408573107
2025-10-29 08:00:00,0.0266666666666666,6,0.03645911455148332,0.018465171184016485,0.025119236840822123
2025-10-29 09:00:00,0.135,6,0.26685368187099867,0.16746313966518797,0.1639608271133559
2025-10-29 10:00:00,0.2066666666666666,6,0.327832516492245,0.2408835642427712,0.2423799116140087
2025-10-29 11:00:00,0.1633333333333333,6,0.2906776829367871,0.18124063386070566,0.18978471909532232
2025-10-29 12:00:00,0.2883333333333333,6,0.3807975269549285,0.30430549034990145,0.31380330513636534
2025-10-29 13:00:00,0.3049999999999999,6,0.3842243327659739,0.31365413560080396,0.3171966281354558
2025-10-29 14:00:00,0.1983333333333333,6,0.31212277567734037,0.22012254691512695,0.2208555701997422
2025-10-29 15:00:00,0.325,6,0.3974713004662529,0.3263024898481592,0.3297447044631028
2025-10-29 16:00:00,0.5883333333333332,6,0.5612187962086702,0.5999094577130824,0.5986628906194507
2025-10-29 17:00:00,0.3549999999999999,6,0.4060557634297117,0.3740734533526298,0.3500549203557633
2025-10-29 18:00:00,0.3966666666666666,6,0.4429634147146647,0.4054389698084412,0.41097021135408923
2025-10-29 19:00:00,0.4299999999999999,6,0.45277756182756046,0.4335905334182548,0.4278246253560797
2025-10-29 20:00:00,0.3716666666666667,6,0.4150639684255476,0.37693570324574166,0.3764481489416368
2025-10-29 21:00:00,0.3366666666666666,6,0.3986165034877971,0.3328676719892122,0.33957445551867477
2025-10-29 22:00:00,0.2749999999999999,6,0.36457302760741483,0.2992644709729406,0.2880008428877443
2025-10-29 23:00:00,0.3583333333333333,6,0.41747997269072423,0.3745744162282409,0.38756543233367513
2025-10-30 00:00:00,0.5083333333333333,6,0.49860694335837286,0.5012787453318572,0.49571149921670354
2025-10-30 01:00:00,0.4616666666666666,6,0.47577632282852467,0.46517782723612905,0.463740888785248
2025-10-30 02:00:00,0.2066666666666666,6,0.3071522009033051,0.18964864727350575,0.21198146806229287
2025-10-30 03:00:00,0.055,6,0.13553390721492387,0.05595071777834929,0.06372612225086716
2025-10-30 04:00:00,0.0183333333333333,6,0.04947161468543243,0.021308697403858642,0.02335756298953523
2025-10-30 05:00:00,0.0083333333333333,6,0.02364452060108746,0.01662148650843912,0.019531747834079183
2025-10-30 06:00:00,0.0066666666666666,6,-0.085478311293745,0.009799263606725278,0.00847815258311535
2025-10-30 07:00:00,0.01,6,-0.09747686536407421,0.009816761010929112,0.008473352594362105
2025-10-30 08:00:00,0.01,6,-0.06832497731017115,0.010021307768840743,0.008179238032553549
2025-10-30 09:00:00,0.0316666666666666,6,0.10911749969700302,0.04875535711819224,0.04845856675514143
2025-10-30 10:00:00,0.0166666666666666,6,0.03703932354280315,0.02138413414831104,0.023982063351426608
2025-10-30 11:00:00,0.0966666666666666,6,0.20118199437207873,0.11178755096691087,0.10797319204103689
2025-10-30 12:00:00,0.1099999999999999,6,0.22090847775068917,0.1256330551087178,0.12061732491465585
2025-10-30 13:00:00,0.34,6,0.39712613448909684,0.3233671941640002,0.32864775982977457
2025-10-30 14:00:00,0.605,6,0.5703707534592739,0.590029759420217,0.6125184830426431
2025-10-30 15:00:00,0.6116666666666665,6,0.5836188720552203,0.6343629741784372,0.6340760030582787
2025-10-30 16:00:00,0.4299999999999999,6,0.4606463661514407,0.42650369968722035,0.42356719895861794
2025-10-30 17:00:00,0.2083333333333332,6,0.3022381087788958,0.20826161881642277,0.20143280258378982
2025-10-30 18:00:00,0.0083333333333333,6,-0.0970087729578305,0.009832518601034157,0.008313125759407902
2025-10-30 19:00:00,0.01,6,-0.12379995459042827,0.009871456711959454,0.0084642025996442
2025-10-30 20:00:00,0.01,6,-0.04703970847306105,0.010244803457110279,0.01182898800928911
2025-10-30 21:00:00,0.0483333333333333,6,0.12918318214768293,0.0693817094020492,0.06516036230849265
2025-10-30 22:00:00,0.11,6,0.2647935167938186,0.16514096126291034,0.16616366521301756
2025-10-30 23:00:00,0.0666666666666666,6,0.1654085577479959,0.07873186755234332,0.08323497744087627
2025-10-31 00:00:00,0.0083333333333333,6,-0.0745019171316246,0.009742105305970408,0.009096736329460897
2025-10-31 01:00:00,0.01,6,-0.10945151790396904,0.00986386188966959,0.007596444305149441
2025-10-31 02:00:00,0.0749999999999999,6,0.17761610908563596,0.09484380239028438,0.08930630335285317
2025-10-31 03:00:00,0.2216666666666666,6,0.3272686324670191,0.24667753464650916,0.23591542509491106
2025-10-31 04:00:00,0.37,6,0.44455940581677145,0.4296600458817778,0.40665824948816287
2025-10-31 05:00:00,0.5983333333333332,6,0.5319469616879323,0.5627388935161367,0.5667821359230527
2025-10-31 06:00:00,0.7983333333333333,6,0.6714997582559715,0.7338072115546633,0.7772750496936427
2025-10-31 07:00:00,0.7299999999999999,6,0.6507408117599774,0.761956437330365,0.7455597447288174
2025-10-31 08:00:00,0.5133333333333333,6,0.5057913896136095,0.488708499658494,0.5106385422525388
2025-10-31 09:00:00,0.34,6,0.38279879090689994,0.32006781153515845,0.31718281676016863
2025-10-31 10:00:00,0.955,6,0.8475142749284895,0.9589471768751772,0.95176606851939
2025-10-31 11:00:00,0.9699999999999998,6,0.9927014049014403,0.9694534298602933,0.963403978999486
2025-10-31 12:00:00,0.9699999999999998,6,1.0398357445442432,0.9604988719289504,0.9559688757705268
2025-10-31 13:00:00,0.9666666666666666,6,0.9677609183539618,0.963886642946894,0.9396970227433653
2025-10-31 14:00:00,0.955,6,0.9019528497184467,0.9566439569741808,0.9542124005968772
2025-10-31 15:00:00,0.8216666666666665,6,0.7406227145830412,0.8382957611508381,0.8362457412190176
2025-10-31 16:00:00,0.5233333333333333,6,0.5317369571387066,0.547616632551241,0.5522304002954852
2025-10-31 17:00:00,0.5233333333333333,6,0.5173521166443874,0.500375432645765,0.5143554902174696
2025-10-31 18:00:00,0.1633333333333333,6,0.22926767333257592,0.12060590796016205,0.13153792040397763
2025-10-31 19:00:00,0.0983333333333333,6,0.18131854742845782,0.10757596139448604,0.09756873379016268
2025-10-31 20:00:00,0.0116666666666666,6,-0.03158924131375157,0.012324463994612345,0.012430645650548133
2025-10-31 21:00:00,0.0549999999999999,6,0.15233469014200485,0.08618626710735745,0.0842990494131095
2025-10-31 22:00:00,0.2016666666666666,6,0.3081454717355797,0.22482003804033074,0.2193252781912977
2025-10-31 23:00:00,0.2983333333333333,6,0.36758890183276005,0.27953892170814587,0.2877345815092166
2025-11-01 00:00:00,0.0833333333333333,6,0.1595812299114519,0.08622118527606831,0.08542781207189853
2025-11-01 01:00:00,0.1233333333333333,6,0.23714402031070947,0.1331430572781883,0.13796601907235406
2025-11-01 02:00:00,0.5133333333333333,6,0.503953182844752,0.49997716588156144,0.4937805286537389
2025-11-01 03:00:00,0.6749999999999999,6,0.6016056190575385,0.6622067107699269,0.6554304705870446
2025-11-01 04:00:00,0.97,6,0.8795627210405687,0.9653425264009089,0.9631020532280206
2025-11-01 05:00:00,0.9733333333333332,6,1.063953340689483,0.9591590501405833,0.9686812231061648
2025-11-01 06:00:00,0.9699999999999998,6,1.0220057936118643,0.9697846215555062,0.964994381449155
2025-11-01 07:00:00,0.9699999999999998,6,0.9001854439748843,0.9658926593587216,0.964967658427439
2025-11-01 08:00:00,0.9699999999999998,6,0.8727908230108682,0.9612901607302217,0.9630670754397791
2025-11-01 09:00:00,0.9483333333333333,6,0.8288264270185163,0.9376521417748575,0.9475077219072188
2025-11-01 10:00:00,0.9699999999999998,6,0.921623946491266,0.9601805741098254,0.9667429666215558
2025-11-01 11:00:00,0.9699999999999998,6,0.9544180702727804,0.9663995641434364,0.9515233617072183
2025-11-01 12:00:00,0.9699999999999998,6,1.0444513368178612,0.9694615546863292,0.9663168223615862
2025-11-01 13:00:00,0.9699999999999998,6,1.1181185368677489,0.9699323209560309,0.9673688183488681
2025-11-01 14:00:00,0.9683333333333332,6,0.9211708087481175,0.9598605845596595,0.9622967850630104
2025-11-01 15:00:00,0.9683333333333332,6,0.8701243483436828,0.9634111973939335,0.9628057056436176
2025-11-01 16:00:00,0.9683333333333332,6,0.8257353745731196,0.891773453686054,0.9433618611913073
2025-11-01 17:00:00,0.8499999999999999,6,0.705271307608998,0.7615342764372608,0.799751656163121
2025-11-01 18:00:00,0.6133333333333334,6,0.558404643874965,0.572968125011727,0.5945289709083307
2025-11-01 19:00:00,0.2999999999999999,6,0.3793399724439148,0.30307094032306237,0.30739297655838016
2025-11-01 20:00:00,0.2149999999999999,6,0.3402335280056852,0.25339175970862865,0.2570222490860659
2025-11-01 21:00:00,0.225,6,0.3420072227847497,0.2500860500940706,0.25400462027454895
2025-11-01 22:00:00,0.1433333333333333,6,0.27245124844696644,0.1687794351960277,0.15598583004250877
2025-11-01 23:00:00,0.0349999999999999,6,0.12932835955728228,0.04723324514842146,0.05342230253489011
2025-11-02 00:00:00,0.0183333333333333,6,0.024842349673501574,0.015348551356854928,0.01841521978631455
2025-11-02 01:00:00,0.1333333333333333,6,0.27341931625880433,0.16069409177293167,0.1500558166613183
2025-11-02 02:00:00,0.5266666666666666,6,0.5177404072989865,0.5390629737402468,0.5213294118081143
2025-11-02 03:00:00,0.3783333333333333,6,0.4263714714799778,0.3837404290499617,0.3799859052191017
2025-11-02 04:00:00,0.9016666666666664,6,0.7855384086187144,0.9449074707394167,0.9427989251982272
2025-11-02 05:00:00,0.75,6,0.7047131301908587,0.7664647839735135,0.8133721440493276
2025-11-02 06:00:00,0.98,6,0.9390659568217882,0.9657557108027064,0.97203005786888
2025-11-02 07:00:00,0.9716666666666666,6,0.8332602804997588,0.9661067820916471,0.9600822408621436
2025-11-02 08:00:00,0.9733333333333332,6,0.8586971661009998,0.9247501015917396,0.9657582452499328
2025-11-02 09:00:00,0.8783333333333334,6,0.743760714394549,0.9078601873377785,0.8916875644810008
2025-11-02 10:00:00,0.9466666666666665,6,0.8410073501808878,0.9065042765927258,0.9512455654023402
2025-11-02 11:00:00,0.9566666666666664,6,0.8636831203916294,0.959390524200057,0.9587846353547795
2025-11-02 12:00:00,0.9699999999999998,6,0.8765910944660064,0.9653493813796757,0.9614852963242868
2025-11-02 13:00:00,0.9616666666666664,6,0.8583130681367356,0.9555908761960222,0.9565697887625108
2025-11-02 14:00:00,0.935,6,0.8015810524896047,0.9429061634068576,0.9199431154372675
2025-11-02 15:00:00,0.7416666666666667,6,0.6625920920755404,0.7521143969493037,0.7490017282738584
2025-11-02 16:00:00,0.3966666666666666,6,0.4648982135617249,0.4326035503921441,0.4308280962675247
2025-11-02 17:00:00,0.1616666666666666,6,0.24349338205553345,0.13650887172017354,0.1425882690752133
2025-11-02 18:00:00,0.1433333333333333,6,0.22301703529773553,0.12877271142597668,0.12347252182790786
2025-11-02 19:00:00,0.445,6,0.48556650657857114,0.47916458256522265,0.48184657928386476
2025-11-02 20:00:00,0.11,6,0.3232995423698475,0.24083692656809566,0.2380144593949608
2025-11-02 21:00:00,0.1633333333333333,6,0.28495954657489964,0.1592798307647754,0.17671741988610506
2025-11-02 22:00:00,0.0433333333333333,6,0.1108530573441246,0.05027857015195733,0.04866305373276192
2025-11-02 23:00:00,0.0416666666666666,6,0.06782601800167337,0.03119388450295441,0.030844142650141626
2025-11-03 00:00:00,0.035,6,0.09633397992962883,0.032355033504004274,0.034971054625517084
2025-11-03 01:00:00,0.03,6,0.08289910108571946,0.03439653265115465,0.03209002078499068
2025-11-03 02:00:00,0.0166666666666666,6,0.015242269154754573,0.015366260697636212,0.01782408200415392
2025-11-03 03:00:00,0.0749999999999999,6,0.15556512462799443,0.05911659882403042,0.06733393118833736
2025-11-03 04:00:00,0.02,6,0.04215937812043802,0.012351159101549554,0.013622623811147205
2025-11-03 05:00:00,0.0133333333333333,6,0.011031545819247729,0.014055366534223396,0.014744739670444262
2025-11-03 06:00:00,0.0066666666666666,6,-0.044867741960638335,0.010705940927238249,0.011657203637709723
2025-11-03 07:00:00,0.0066666666666666,6,-0.018239096915153824,0.01111173875104396,0.015246128971870665
2025-11-03 08:00:00,0.0749999999999999,6,0.1523554202251831,0.05881475980958954,0.0661441575098029
2025-11-03 09:00:00,0.0383333333333333,6,0.09407355900630981,0.034412971388051945,0.034721407601626564
2025-11-03 10:00:00,0.04,6,0.11851245350835876,0.05851823869610056,0.054140364297770305
2025-11-03 11:00:00,0.155,6,0.28490675596853066,0.18032535379218975,0.18860478384217957
2025-11-03 12:00:00,0.1583333333333333,6,0.27038024560344776,0.18529064082713043,0.16699979039271767
2025-11-03 13:00:00,0.2733333333333333,6,0.36149927948769933,0.272298623944973,0.27770603082314443
2025-11-03 14:00:00,0.4533333333333333,6,0.4806911818857714,0.46608281299254656,0.4720024022344651
2025-11-03 15:00:00,0.4166666666666665,6,0.4568284133883733,0.42395232508499303,0.4212382418125697
2025-11-03 16:00:00,0.2483333333333333,6,0.347450658103197,0.2748340203489715,0.26783060109566786
2025-11-03 17:00:00,0.315,6,0.37866820541461665,0.30961725461462186,0.3167121958660954
2025-11-03 18:00:00,0.6033333333333333,6,0.5726571792387768,0.6392784847631624,0.6176048671110992
2025-11-03 19:00:00,0.77,6,0.658224429056341,0.7420359299224398,0.7387996403868917
2025-11-03 20:00:00,0.5216666666666667,6,0.49748292918359305,0.5021011207230274,0.49592660873368843
2025-11-03 21:00:00,0.29,6,0.3658139055636933,0.28955752406728,0.29289019521618553
2025-11-03 22:00:00,0.04,6,0.0965000170749955,0.042630015983486924,0.04545836532031938
2025-11-03 23:00:00,0.0116666666666666,6,-0.03623955194239778,0.013513506311139366,0.012549140967926697
2025-11-04 00:00:00,0.0133333333333333,6,0.01008874286026129,0.017144365870949474,0.021426242375626126
2025-11-04 01:00:00,0.0116666666666666,6,-0.06404546053261684,0.009767229926424226,0.008666342077515488
2025-11-04 02:00:00,0.04,6,0.05676863628933132,0.03446144546888299,0.02519922674213465
2025-11-04 03:00:00,0.2133333333333333,6,0.30497668596137806,0.17103949273965904,0.20955232207097274
2025-11-04 04:00:00,0.7,6,0.6123500668519956,0.6962299086545352,0.6621268473655301
2025-11-04 05:00:00,0.9616666666666664,6,0.8372210470486757,0.9604055113212234,0.9553686781374015
2025-11-04 06:00:00,0.9699999999999998,6,0.9643785935621937,0.9699418330050141,0.9691950018517848
2025-11-04 07:00:00,0.9699999999999998,6,0.9991529978950832,0.9698101947393929,0.970047097814243
2025-11-04 08:00:00,0.9699999999999998,6,1.1084588770528754,0.969978171767142,0.972325412977726
2025-11-04 09:00:00,0.9699999999999998,6,1.0455916759587347,0.9702614661321761,0.9719415432473465
2025-11-04 10:00:00,0.9699999999999998,6,0.9014307270482474,0.9677521812995722,0.9678724296448912
2025-11-04 11:00:00,0.9699999999999998,6,0.9516434662646859,0.9700260935192813,0.9716345665645274
2025-11-04 12:00:00,0.9699999999999998,6,0.9359872969501516,0.9681780204604542,0.9703360416153891
2025-11-04 13:00:00,0.9699999999999998,6,0.9590662506461721,0.9700396848603232,0.9727570670969454
2025-11-04 14:00:00,0.96,6,0.8273734760901722,0.9614518269086227,0.9560492308393167
2025-11-04 15:00:00,0.9699999999999998,6,0.9005750839907364,0.9170124881263668,0.9677241710768291
2025-11-04 16:00:00,0.9699999999999998,6,0.9280094108552807,0.9655837440396429,0.9704225833203352
2025-11-04 17:00:00,0.9716666666666663,6,0.886197251593506,0.9337526735340018,0.9644399886218807
2025-11-04 18:00:00,0.9649999999999997,6,0.8171874321017686,0.9522093296819437,0.9395307500931013
2025-11-04 19:00:00,0.7266666666666666,6,0.6204487491206996,0.6851974707783198,0.692600547346029
2025-11-04 20:00:00,0.5366666666666666,6,0.5084025255462544,0.5254997652757386,0.5073783439064343
2025-11-04 21:00:00,0.5500000000000002,6,0.512211325995815,0.5245992603411238,0.5185116007506363
2025-11-04 22:00:00,0.4816666666666666,6,0.47750974323980944,0.4874137991368403,0.4711044457070878
2025-11-04 23:00:00,0.79,6,0.6636857241993795,0.7713192229068762,0.7750988981225645
2025-11-05 00:00:00,0.9583333333333331,6,0.8646310545098682,0.9672987142959607,0.9676894736315528
2025-11-05 01:00:00,0.975,6,0.9173397303885403,0.967915037722263,0.9661995745119785
2025-11-05 02:00:00,0.9733333333333332,6,0.8514443512572148,0.9691064684121178,0.9675372186070957
2025-11-05 03:00:00,0.7899999999999999,6,0.6498103126128307,0.764586158617777,0.7422130538525296
2025-11-05 04:00:00,0.9583333333333331,6,0.806038033587862,0.9481176506776516,0.9479468494856733
2025-11-05 05:00:00,0.9016666666666668,6,0.7337339188617542,0.8911010301878127,0.882135862067162
2025-11-05 06:00:00,0.7483333333333334,6,0.6334276129822918,0.7233168430173159,0.7063913849997392
2025-11-05 07:00:00,0.8566666666666665,6,0.6794531673725743,0.800817948707722,0.7799615749085496
2025-11-05 08:00:00,0.9783333333333332,6,0.8492462911266881,0.9730633622513981,0.9660732762401217
2025-11-05 09:00:00,0.9733333333333332,6,0.892840359012116,0.9732430250415274,0.9697649371288697
2025-11-05 10:00:00,0.9766666666666663,6,0.8971682682595371,0.973624217131763,0.9717324842041802
2025-11-05 11:00:00,0.98,6,0.8888784894387826,0.972754495081433,0.9682967459876564
2025-11-05 12:00:00,0.9766666666666663,6,0.8866560480724898,0.9721761960485528,0.9674309123140267
2025-11-05 13:00:00,0.98,6,0.9443948919824866,0.9768300502603038,0.973762667358532
2025-11-05 14:00:00,0.9783333333333332,6,0.9218202430155661,0.9747424843039948,0.9737037773239758
2025-11-05 15:00:00,0.98,6,0.9359149550786002,0.979090688333881,0.9744391591732134
2025-11-05 16:00:00,0.9566666666666664,6,0.8480457493706041,0.9743832428381785,0.9720090686758333
2025-11-05 17:00:00,0.9433333333333332,6,0.797604399789256,0.9438914915705665,0.9511349608300469
2025-11-05 18:00:00,0.8816666666666664,6,0.7627333202202999,0.9226402336035985,0.9231790849070283
2025-11-05 19:00:00,0.8066666666666666,6,0.6979225096612267,0.8543667331401368,0.8396989055593929
2025-11-05 20:00:00,0.7450000000000001,6,0.6660187133821636,0.792940253253909,0.7891117867514554
2025-11-05 21:00:00,0.4766666666666666,6,0.4898916622516527,0.4811833221104007,0.4762588499024954
2025-11-05 22:00:00,0.3899999999999999,6,0.45837964322427815,0.4300387937884621,0.4142397887859176
2025-11-05 23:00:00,0.2566666666666666,6,0.3833721154659605,0.2830440039289257,0.29153360836231873
2025-11-06 00:00:00,0.2849999999999999,6,0.40701794013004133,0.3426233878704217,0.3325625205708892
2025-11-06 01:00:00,0.2066666666666666,6,0.34779375565751347,0.26023969840591327,0.23903397016191716
2025-11-06 02:00:00,0.1383333333333333,6,0.3067003855919046,0.15448707670427203,0.17518554099421152
2025-11-06 03:00:00,0.1583333333333333,6,0.30963627954894246,0.17540166507038843,0.1720043563052789
2025-11-06 04:00:00,0.1166666666666666,6,0.29221405385209875,0.16191870919813703,0.14989215143734655
2025-11-06 05:00:00,0.0783333333333333,6,0.2632894676925203,0.11276023655607198,0.11677011612939159
2025-11-06 06:00:00,0.0349999999999999,6,0.20581883732487627,0.06932267297688663,0.08011279186168452
2025-11-06 07:00:00,0.01,6,-0.07366383171721383,0.00979868780666881,0.014853745361508353
2025-11-06 08:00:00,0.01,6,-0.03207944707451382,0.009755050179287279,0.010626229851140867
2025-11-06 09:00:00,0.0149999999999999,6,0.07380961433157424,0.0196804300870585,0.01978279009086531
2025-11-06 10:00:00,0.0966666666666666,6,0.28144695814595866,0.130354006523549,0.14158949204949867
2025-11-06 11:00:00,0.1883333333333333,6,0.3388069449546095,0.25789837397289084,0.22378971590907695
2025-11-06 12:00:00,0.5283333333333333,6,0.5283389516416754,0.544795785137263,0.5582298443959435
2025-11-06 13:00:00,0.8533333333333333,6,0.7064031247360314,0.8446818649071682,0.8365220530080895
2025-11-06 14:00:00,0.9583333333333331,6,0.7878369666739765,0.9426631564772725,0.9439011525074269
2025-11-06 15:00:00,0.9066666666666666,6,0.7465257621773831,0.9056438852007221,0.903495008171549
2025-11-06 16:00:00,0.905,6,0.7309554921649912,0.8887277091676631,0.878446135285014
2025-11-06 17:00:00,0.955,6,0.797649805316288,0.9490919181292234,0.9468832986207184
2025-11-06 18:00:00,0.9699999999999998,6,0.8215571984467173,0.9643497811455624,0.9557057094481184
2025-11-06 19:00:00,0.9,6,0.7333652692270809,0.8735987336884046,0.8914102840961562
2025-11-06 20:00:00,0.6216666666666667,6,0.5612216943895847,0.5911640241175831,0.6083176002446148
2025-11-06 21:00:00,0.5416666666666667,6,0.5244568090192305,0.5661356242794922,0.548394085723059
2025-11-06 22:00:00,0.6200000000000001,6,0.574739334998468,0.6396369022002681,0.6225191793783765
2025-11-06 23:00:00,0.4699999999999999,6,0.5280406093658013,0.5533362717682521,0.5559736995006428
2025-11-07 00:00:00,0.4116666666666666,6,0.4610119610231056,0.42782713101197223,0.4236345604689079
2025-11-07 01:00:00,0.24,6,0.3764032567022063,0.2830270355152908,0.2850566011142521
2025-11-07 02:00:00,0.415,6,0.46418515191439147,0.44316672814713304,0.4495389384935849
2025-11-07 03:00:00,0.4466666666666666,6,0.46620247355387456,0.4302504163819401,0.4294340102335617
2025-11-07 04:00:00,0.335,6,0.3970338304600266,0.3457627658568999,0.30183862549109564
2025-11-07 05:00:00,0.2366666666666666,6,0.34910181041600385,0.2105420148730871,0.2154088568537046
2025-11-07 06:00:00,0.3666666666666667,6,0.410495912927038,0.34129480855332994,0.3293851502480058
2025-11-07 07:00:00,0.5816666666666666,6,0.5395369071809468,0.5407189476038077,0.5694198591949198
2025-11-07 08:00:00,0.9566666666666666,6,0.779072553094058,0.9576209539272365,0.9449064272964306
2025-11-07 09:00:00,0.9733333333333332,6,0.8408797722978799,0.9717055904682926,0.9691216212334475
2025-11-07 10:00:00,0.9766666666666663,6,0.9770026733889553,0.9766062677950623,0.9757036533679296
2025-11-07 11:00:00,0.98,6,1.050145845908479,0.9762562762162622,0.9735796554592226
2025-11-07 12:00:00,0.9783333333333336,6,1.0390464565042743,0.9727775502777098,0.9783852278167338
2025-11-07 13:00:00,0.9733333333333332,6,0.9800471145598192,0.9701726816808985,0.9750324188080559
2025-11-07 14:00:00,0.9733333333333332,6,0.9974801161905874,0.9698758851940171,0.9747707137365572
2025-11-07 15:00:00,0.9699999999999998,6,0.9518496341640795,0.9700446120377997,0.9716345665645274
2025-11-07 16:00:00,0.975,6,0.9086870494308673,0.9681039025177337,0.9704378229776705
2025-11-07 17:00:00,0.9716666666666663,6,0.8919499766578324,0.9666530348780717,0.9687211109842913
2025-11-07 18:00:00,0.82,6,0.698142008603298,0.8453591239605251,0.832137757715588
2025-11-07 19:00:00,0.755,6,0.631576753341674,0.7570874387312901,0.7223523396317042
2025-11-07 20:00:00,0.8916666666666666,6,0.7206151184534811,0.8789508517948165,0.8661738236775252
2025-11-07 21:00:00,0.9699999999999998,6,0.8324816447288849,0.9667279847023131,0.9608662690084571
2025-11-07 22:00:00,0.88,6,0.7263075242183491,0.879333781889812,0.8857188846467395
2025-11-07 23:00:00,0.5333333333333333,6,0.515481192123168,0.48231410544003667,0.514969540569372
2025-11-08 00:00:00,0.4816666666666666,6,0.4488420192408257,0.38192055218082926,0.40848806119132836
2025-11-08 01:00:00,0.7266666666666666,6,0.6441215719617147,0.759005922232022,0.7462339778244411
2025-11-08 02:00:00,0.7333333333333332,6,0.6093015018037934,0.7035329637324235,0.6750026750482911
2025-11-08 03:00:00,0.7116666666666664,6,0.6150048410775022,0.7025682636073424,0.7008138998384346
2025-11-08 04:00:00,0.6533333333333333,6,0.6137925230861612,0.6637466030492437,0.6986319500300353
2025-11-08 05:00:00,0.895,6,0.7180548413375359,0.8787629879589658,0.8593026825503131
2025-11-08 06:00:00,0.6783333333333333,6,0.5990468219482581,0.6889952590036862,0.6639466889721755
2025-11-08 07:00:00,0.8316666666666666,6,0.6870554984587667,0.8168878362656722,0.8174396054876011
2025-11-08 08:00:00,0.9616666666666664,6,0.8157599584530258,0.9544106992085608,0.9525884477673174
2025-11-08 09:00:00,0.9566666666666664,6,0.7859868949079422,0.9436514298205497,0.9439454683839632
2025-11-08 10:00:00,0.9616666666666664,6,0.8122266878121579,0.9599466726473472,0.9514074514686578
2025-11-08 11:00:00,0.9499999999999998,6,0.7984183911954063,0.9409021260496024,0.9418101200354698
2025-11-08 12:00:00,0.9133333333333332,6,0.7574271356943688,0.9104614084596886,0.9091619984659783
2025-11-08 13:00:00,0.6866666666666666,6,0.6135462723039922,0.7136336122919249,0.6668974929471263
2025-11-08 14:00:00,0.36,6,0.4374032113572206,0.394219299763963,0.3951999446206173
2025-11-08 15:00:00,0.4366666666666667,6,0.48074852820355896,0.47501410126243354,0.47595295779930913
2025-11-08 16:00:00,0.4983333333333333,6,0.505032894516916,0.47812409387572674,0.4947554497522174
2025-11-08 17:00:00,0.2849999999999999,6,0.37484466272871053,0.2840556661678743,0.30167278362046823
2025-11-08 18:00:00,0.265,6,0.3415696221331119,0.2521146419731061,0.25049383474510967
2025-11-08 19:00:00,0.2566666666666666,6,0.32670678993512803,0.2307046485583146,0.21975895843904578
2025-11-08 20:00:00,0.18,6,0.2624848200848806,0.15022436648224777,0.14243216030389047
2025-11-08 21:00:00,0.1116666666666666,6,0.21244806518248027,0.1017926095306019,0.09942930170910552
2025-11-08 22:00:00,0.105,6,0.235076285649771,0.11625898668646861,0.11160292250211251
2025-11-08 23:00:00,0.0816666666666666,6,0.19393588643671267,0.08105517772347304,0.0733760033282122
2025-11-09 00:00:00,0.065,6,0.18037885507713514,0.06891507396525319,0.0694028998298366
2025-11-09 01:00:00,0.0883333333333333,6,0.2184716207303274,0.10775615273851542,0.0827402169749587
2025-11-09 02:00:00,0.0166666666666666,6,-0.07508111884102983,0.009844063803447363,0.0063755969607251495
2025-11-09 03:00:00,0.0133333333333333,6,0.009537943540876559,0.01004624093427409,0.011589497275186822
2025-11-09 04:00:00,0.0466666666666666,6,0.11523470264741409,0.02886985359899922,0.031219481296292984
2025-11-09 05:00:00,0.03,6,0.10445720100901584,0.01788800849411493,0.027932155918341306
2025-11-09 06:00:00,0.0216666666666666,6,0.08889012338562613,0.017184420213370584,0.020806727182225426
2025-11-09 07:00:00,0.0116666666666666,6,-0.005204565208024259,0.012742455170406054,0.010830361160665936
2025-11-09 08:00:00,0.01,6,-0.009518190982685582,0.013079504489249952,0.012554994284504573
2025-11-09 09:00:00,0.0416666666666666,6,0.12037164367781289,0.029478589891394597,0.03184670860127359
2025-11-09 10:00:00,0.1583333333333333,6,0.3036716799781367,0.17103518129137385,0.17567428684718595
2025-11-09 11:00:00,0.1783333333333333,6,0.3365179022339384,0.24791994417117857,0.24703581939140973
2025-11-09 12:00:00,0.4716666666666666,6,0.49073677571207563,0.5017966689200134,0.4833134469847219
2025-11-09 13:00:00,0.6216666666666667,6,0.5781776358050243,0.620034735434319,0.6128921055501216
2025-11-09 14:00:00,0.8083333333333333,6,0.6836510663002402,0.7881548504992162,0.7855878184358225
2025-11-09 15:00:00,0.9433333333333332,6,0.7872859339860966,0.9047042252213764,0.9089211149797258
2025-11-09 16:00:00,0.8233333333333333,6,0.6860449911209854,0.7827981988300161,0.7964210255518727
2025-11-09 17:00:00,0.8516666666666665,6,0.7158928628844546,0.8379718131901158,0.8461937570814473
2025-11-09 18:00:00,0.9699999999999998,6,0.8829094917314747,0.965440232207157,0.9633771879057105
2025-11-09 19:00:00,0.7416666666666667,6,0.6610696695342316,0.7660254856012626,0.7624393121522919
2025-11-09 20:00:00,0.4916666666666666,6,0.4820699209853093,0.47737160942110657,0.4778680104792642
2025-11-09 21:00:00,0.3283333333333333,6,0.37606692090814176,0.30175685746454906,0.29824919403205774
2025-11-09 22:00:00,0.1466666666666666,6,0.23800610997863852,0.11173710930932736,0.11513081585967594
2025-11-09 23:00:00,0.135,6,0.2726487367576026,0.1631701037046553,0.14990100744454601
2025-11-10 00:00:00,0.0616666666666666,6,0.16351711557034748,0.0602858153736152,0.06728450916914208
2025-11-10 01:00:00,0.0233333333333333,6,0.07003402530087172,0.027634588670116103,0.026792870949567116
2025-11-10 02:00:00,0.0416666666666666,6,0.08351813236048172,0.02400430644320208,0.027722310533780103
2025-11-10 03:00:00,0.0216666666666666,6,0.05682906529245518,0.01954910112394021,0.022695231145848704
2025-11-10 04:00:00,0.0333333333333333,6,0.07716061162290172,0.02553927025244126,0.028294418583052372
2025-11-10 05:00:00,0.01,6,-0.005412411579667653,0.011555795710989655,0.012596574311571518
2025-11-10 06:00:00,0.0166666666666666,6,0.1845770282639656,0.07096987366102615,0.06532300275463565
2025-11-10 07:00:00,0.01,6,0.18568701926398617,0.07314776867528086,0.06559216158253689
2025-11-10 08:00:00,0.01,6,-0.006029551955430229,0.012747015743611244,0.010115003350863183
2025-11-10 09:00:00,0.01,6,0.35007431027443126,0.25629389883609016,0.2457140007610416
2025-11-10 10:00:00,0.1216666666666666,6,0.26857146246768904,0.1586873755806452,0.147985551664682
2025-11-10 11:00:00,0.2249999999999999,6,0.34367707665574165,0.25450982743470585,0.25359923722139505
2025-11-10 12:00:00,0.4516666666666666,6,0.47578647544336405,0.4648190273350977,0.4631621890314576
2025-11-10 13:00:00,0.605,6,0.5701539263102042,0.5825842395398609,0.6185412062685831
2025-11-10 14:00:00,0.4383333333333333,6,0.4632130968583864,0.454988680860869,0.4423665433798137
2025-11-10 15:00:00,0.6649999999999999,6,0.5887939093268933,0.6612663780470205,0.6449808099803178
2025-11-10 16:00:00,0.6233333333333334,6,0.5680209945079735,0.5775817101400303,0.618629654628735
2025-11-10 17:00:00,0.325,6,0.3950953312126011,0.3269232708621877,0.3214119972990745
2025-11-10 18:00:00,0.38,6,0.4359778270730631,0.38076632650917774,0.39062779673970516
2025-11-10 19:00:00,0.4583333333333333,6,0.475911875199867,0.4639827434152476,0.45836336380579223
2025-11-10 20:00:00,0.6066666666666665,6,0.5624817675705441,0.6013068126648794,0.6130003256275027
2025-11-10 21:00:00,0.385,6,0.43921834536089577,0.399284467459072,0.3904542613084045
2025-11-10 22:00:00,0.3366666666666666,6,0.40576271686858856,0.3285841697239454,0.33630390732410154
2025-11-10 23:00:00,0.1733333333333333,6,0.3109808887096277,0.20753241781762202,0.18996511515894646
2025-11-11 00:00:00,0.1916666666666666,6,0.3254210270478183,0.21799712837028806,0.21228265507607572
2025-11-11 01:00:00,0.1283333333333333,6,0.23050956555135088,0.10413569916384703,0.10602028222987703
2025-11-11 02:00:00,0.01,6,-0.1250884231808262,0.009868641813965129,0.006401690966668816
2025-11-11 03:00:00,0.01,6,-0.05964090003906189,0.009702672622628099,0.008717868592073463
2025-11-11 04:00:00,0.0266666666666666,6,0.15862302050636595,0.051785023336035685,0.05257195988314006
2025-11-11 05:00:00,0.2316666666666666,6,0.33211356812829673,0.17464467982836074,0.22486636096639392
2025-11-11 06:00:00,0.2883333333333333,6,0.38120166985087156,0.30293910311936384,0.2823545434915066
2025-11-11 07:00:00,0.2099999999999999,6,0.3169962852647189,0.19491864327288264,0.17548817987383775
2025-11-11 08:00:00,0.4099999999999999,6,0.4482405735314907,0.4260792266496759,0.40544438911643566
2025-11-11 09:00:00,0.935,6,0.7698314423198948,0.9328727023937228,0.9299334541002435
2025-11-11 10:00:00,0.9733333333333332,6,0.902569230141954,0.9626503180763349,0.9698228243859723
2025-11-11 11:00:00,0.9699999999999998,6,0.9291978203356056,0.9450543308161078,0.9694719161448433
2025-11-11 12:00:00,0.9683333333333332,6,0.9412723335199876,0.9628122026914385,0.9706416466131038
2025-11-11 13:00:00,0.9699999999999998,6,0.933915985937381,0.9655080447527468,0.9667739763702284
2025-11-11 14:00:00,0.9666666666666666,6,0.8696240717494194,0.9603577915451292,0.9586339020355649
2025-11-11 15:00:00,0.965,6,0.8440933332994466,0.9588526274936279,0.9499686609090203
2025-11-11 16:00:00,0.9699999999999998,6,0.8443600807962987,0.9598293843546845,0.9499686609090203
2025-11-11 17:00:00,0.9699999999999998,6,0.8450216403589242,0.9604981240994713,0.9565338913996759
2025-11-11 18:00:00,0.9516666666666665,6,0.792721587294036,0.9227269769078438,0.933870030137728
2025-11-11 19:00:00,0.81,6,0.6820862112135702,0.8104076120792211,0.7917534199406813
2025-11-11 20:00:00,0.79,6,0.6819751497816594,0.8131991968047311,0.7934347853734407
2025-11-11 21:00:00,0.7799999999999999,6,0.6774862727157099,0.7893014363925293,0.7925967089442172
2025-11-11 22:00:00,0.8733333333333331,6,0.7287963430798277,0.8304636882578549,0.8808283066744611
2025-11-11 23:00:00,0.7933333333333333,6,0.6708707937737011,0.7386462412429595,0.7791845782039757
2025-11-12 00:00:00,0.4283333333333332,6,0.43840371667449685,0.40077601442933064,0.3912161376131262
2025-11-12 01:00:00,0.5066666666666667,6,0.47935343720842194,0.47205026748338375,0.4602864506220999
2025-11-12 02:00:00,0.4299999999999999,6,0.44499717800448935,0.42881714902174367,0.4010540461189949
2025-11-12 03:00:00,0.5633333333333334,6,0.5287105882191836,0.5628460421580734,0.5583790889069531
2025-11-12 04:00:00,0.6883333333333334,6,0.5993485141880514,0.6769065125135569,0.6629459615362031
2025-11-12 05:00:00,0.5883333333333333,6,0.5270206485258436,0.5513190818931396,0.5474533768922157
2025-11-12 06:00:00,0.21,6,0.28650506282313604,0.12542825579359607,0.14130165199276562
2025-11-12 07:00:00,0.2933333333333333,6,0.35672604941054753,0.23149391375042755,0.2392966452517022
2025-11-12 08:00:00,0.6866666666666666,6,0.5773883407844734,0.6483156325884919,0.6475548501239057
2025-11-12 09:00:00,0.8066666666666666,6,0.6581014547560025,0.781246934832401,0.7708664905466955
2025-11-12 10:00:00,0.7133333333333332,6,0.6465338014094738,0.7591238762430443,0.7466463367751465
2025-11-12 11:00:00,0.975,6,0.8763176061506485,0.9671283345635461,0.9655463944797607
2025-11-12 12:00:00,0.7616666666666667,6,0.6636829975545457,0.774721369109734,0.7644613613365416
2025-11-12 13:00:00,0.6016666666666666,6,0.5725990111363188,0.6401956165891374,0.610185506226492
2025-11-12 14:00:00,0.6166666666666667,6,0.5892772306553966,0.6579654171554274,0.6462695998818706
2025-11-12 15:00:00,0.2116666666666666,6,0.32019352130019196,0.22714190938979428,0.21960203147476645
2025-11-12 16:00:00,0.0733333333333333,6,0.20760161560445095,0.11569829939082443,0.11649502338196532
2025-11-12 17:00:00,0.0083333333333333,6,-0.05133010390762352,0.0094759246516833,0.012434045795528648
2025-11-12 18:00:00,0.01,6,-0.06935341229271827,0.00978855573016462,0.008431475125111165
2025-11-12 19:00:00,0.01,6,-0.1297094547829486,0.009870613548425933,0.009330627681789883
2025-11-12 20:00:00,0.0083333333333333,6,-0.043000982207425764,0.010024461210989315,0.011937541012000286
2025-11-12 21:00:00,0.01,6,-0.020425860515755012,0.010274969346565115,0.015430592166568335
2025-11-12 22:00:00,0.025,6,0.09952197488967501,0.033541558822364384,0.03492673656132661
2025-11-12 23:00:00,0.01,6,-0.08428367461033284,0.009788524123725184,0.008006729546080782
2025-11-13 00:00:00,0.0283333333333333,6,-0.01548577749632582,0.012165109568357873,0.01552862962961099
2025-11-13 01:00:00,0.0549999999999999,6,0.14782866632529096,0.054823058349016414,0.06792104664485715
2025-11-13 02:00:00,0.0749999999999999,6,0.2220617988743201,0.0980678243278271,0.10491161880576289
2025-11-13 03:00:00,0.1516666666666666,6,0.2628451601324635,0.12478032956280316,0.13279337441061662
2025-11-13 04:00:00,0.35,6,0.38269773149549413,0.32134772020406366,0.298723874397116
2025-11-13 05:00:00,0.1583333333333333,6,0.2654857944989637,0.15021301204701726,0.1414646505719886
2025-11-13 06:00:00,0.125,6,0.2373397413871754,0.11625107754760551,0.10647887837973358
2025-11-13 07:00:00,0.1333333333333333,6,0.23283836204380037,0.11798536496251746,0.10058918972851977
2025-11-13 08:00:00,0.2299999999999999,6,0.3505437729836739,0.25861157525234885,0.2457140007610416
2025-11-13 09:00:00,0.0866666666666666,6,0.1824728140015886,0.07221385439458237,0.07202737598032827
2025-11-13 10:00:00,0.0349999999999999,6,0.09785018922901406,0.029771469085186155,0.03266967494722228
2025-11-13 11:00:00,0.08,6,0.19255757219067388,0.08229337282758123,0.08752818848683391
2025-11-13 12:00:00,0.0783333333333333,6,0.17758445945478074,0.09464862009187291,0.08853631931517719
2025-11-13 13:00:00,0.03,6,0.07366913624714677,0.03353509190215269,0.03856680785441752
2025-11-13 14:00:00,0.0083333333333333,6,-0.1137108461360918,0.009862238578765335,0.008332158441505866
2025-11-13 15:00:00,0.0383333333333333,6,0.07167860035784857,0.030150089352109923,0.03772385061136241
2025-11-13 16:00:00,0.2383333333333333,6,0.3225251950318101,0.23270411300305008,0.23770065500356335
2025-11-13 17:00:00,0.9316666666666666,6,0.7632977178609445,0.9105748262072095,0.9010759921937345
2025-11-13 18:00:00,0.545,6,0.5122506070428436,0.514656961947045,0.48771139453580936
2025-11-13 19:00:00,0.3549999999999999,6,0.4046065254863709,0.3425805374131782,0.3510955194316449
2025-11-13 20:00:00,0.245,6,0.343824596747345,0.2658865556413028,0.2650839102549411
2025-11-13 21:00:00,0.0949999999999999,6,0.2071972333522531,0.108226528640423,0.10858403421656165
2025-11-13 22:00:00,0.13,6,0.2521766714520595,0.1424353436273829,0.14099893572114985
2025-11-13 23:00:00,0.1316666666666666,6,0.2648205149707532,0.17583386411695565,0.15819085439386968
2025-11-14 00:00:00,0.0766666666666666,6,0.16000430075349337,0.06987519646584447,0.07267202752526875
2025-11-14 01:00:00,0.01,6,-0.09381318049169826,0.009813822500856358,0.0078033745490013184
2025-11-14 02:00:00,0.01,6,-0.11987003583661951,0.009864670700444196,0.00856673950746617
2025-11-14 03:00:00,0.0183333333333333,6,0.07709411997218912,0.02980864423888096,0.027810354719370045
2025-11-14 04:00:00,0.06,6,0.17426500907122477,0.0751583991657061,0.07529756544181981
2025-11-14 05:00:00,0.1516666666666666,6,0.2656483859379095,0.14577527847199467,0.13486323757096172
2025-11-14 06:00:00,0.5033333333333333,6,0.46103941796362624,0.3828587358241308,0.4093888461882338
2025-11-14 07:00:00,0.2433333333333333,6,0.33478585212565226,0.22778032106072751,0.23501338504270444
2025-11-14 08:00:00,0.2716666666666666,6,0.3913315253977373,0.3035840978593009,0.30904529920199836
2025-11-14 09:00:00,0.1683333333333333,6,0.2829581390091752,0.12483531372864526,0.1554480996930078
2025-11-14 10:00:00,0.3733333333333332,6,0.42083699871955316,0.3680689341980782,0.3819245224242912
2025-11-14 11:00:00,0.755,6,0.6421592260356874,0.713637228498273,0.7170877436694897
2025-11-14 12:00:00,0.69,6,0.6153107050658841,0.6811198274122613,0.6853541742993202
2025-11-14 13:00:00,0.4933333333333333,6,0.4939062466377765,0.4930407918712666,0.4914861470155944
2025-11-14 14:00:00,0.5183333333333334,6,0.506859996240852,0.48906218664550505,0.5057462500663743
2025-11-14 15:00:00,0.5399999999999999,6,0.523590321214799,0.5343656169596287,0.5404885846784286
2025-11-14 16:00:00,0.4583333333333333,6,0.4753248017252114,0.4580373622239728,0.4659427485452935
2025-11-14 17:00:00,0.2833333333333333,6,0.35092423974427345,0.2763022598610262,0.2747508427997658
2025-11-14 18:00:00,0.1216666666666666,6,0.1976301657867784,0.07887482321644107,0.0965295573041744
2025-11-14 19:00:00,0.2666666666666666,6,0.32210370691951695,0.24091927676051672,0.23125159691711322
2025-11-14 20:00:00,0.1316666666666666,6,0.227652658541869,0.10294141841904754,0.1159957652227705
2025-11-14 21:00:00,0.265,6,0.3613344002185821,0.29026801761000576,0.27790394582517275
2025-11-14 22:00:00,0.1083333333333333,6,0.17977845055980185,0.06652193150210231,0.07056806797012466
2025-11-14 23:00:00,0.0649999999999999,6,0.1464160446165596,0.053150790787213666,0.0594958700148549
2025-11-15 00:00:00,0.05,6,0.08765269113576812,0.02293875487155998,0.02773696730200076
2025-11-15 01:00:00,0.075,6,0.08339315745747783,0.023286142339226636,0.023477049605535705
2025-11-15 02:00:00,0.1683333333333333,6,0.3233158743165234,0.21323592044715883,0.2102461065178387
2025-11-15 03:00:00,0.1866666666666666,6,0.3240959761328981,0.19437484859629944,0.20884171493747725
2025-11-15 04:00:00,0.1783333333333333,6,0.29397581482098956,0.1619098455809664,0.15753981775594292
2025-11-15 05:00:00,0.1999999999999999,6,0.2953364407785174,0.15987214943930386,0.15753981775594292
2025-11-15 06:00:00,0.1916666666666666,6,0.2836662071232494,0.12603845521820156,0.14407925838185973
2025-11-15 07:00:00,0.2216666666666666,6,0.32837560261411824,0.2037370126699817,0.19780782133838773
2025-11-15 08:00:00,0.4633333333333333,6,0.4772163196964385,0.47429231425576235,0.4567567216626327
2025-11-15 09:00:00,0.3916666666666666,6,0.4389930849599055,0.3797823203462669,0.38011318180753745
2025-11-15 10:00:00,0.0916666666666666,6,0.18944413213159444,0.07825383364697466,0.0722965348082295
2025-11-15 11:00:00,0.2616666666666666,6,0.3525571622308227,0.26790204766716147,0.2665828811326372
2025-11-15 12:00:00,0.3799999999999999,6,0.4238686224631586,0.38829733494262453,0.3849843982096735
2025-11-15 13:00:00,0.555,6,0.5331384538535934,0.564498783545034,0.5653209765652178
2025-11-15 14:00:00,0.5566666666666666,6,0.536898601535287,0.5723142422817157,0.5880242775029908
2025-11-15 15:00:00,0.5116666666666667,6,0.5110421596114217,0.5094576939562123,0.5169432889614418
2025-11-15 16:00:00,0.3999999999999999,6,0.43029577238862027,0.4007129534581443,0.3934476288104444
2025-11-15 17:00:00,0.1499999999999999,6,0.21530789032179992,0.11491611856020668,0.1093554197562891
2025-11-15 18:00:00,0.1349999999999999,6,0.2278087624797272,0.10307044781557695,0.1159957652227705
2025-11-15 19:00:00,0.0766666666666666,6,0.15364191613524308,0.05964177403329598,0.0679824720575577
2025-11-15 20:00:00,0.1416666666666666,6,0.26248623127854864,0.14577817637961357,0.14587571498472998
2025-11-15 21:00:00,0.4233333333333333,6,0.4499608474045198,0.39374020218277617,0.420468659494135
2025-11-15 22:00:00,0.4283333333333332,6,0.46014548019925616,0.4338169903118132,0.4272188730811915
2025-11-15 23:00:00,0.1949999999999999,6,0.2953621235042858,0.17566771948936055,0.1728744301686714
2025-11-16 00:00:00,0.3199999999999999,6,0.35352439429682647,0.2555802978556175,0.2496950611516
2025-11-16 01:00:00,0.3466666666666666,6,0.36026234090433695,0.2625304160787294,0.2641998035998808
2025-11-16 02:00:00,0.6933333333333332,6,0.6323574306058825,0.7568623731582869,0.7199748757077742
2025-11-16 03:00:00,0.9783333333333332,6,0.906869675468272,0.9682846937961813,0.9673226104759088
2025-11-16 04:00:00,0.9699999999999998,6,0.863004886802989,0.9726081693408357,0.9675022411606987
2025-11-16 05:00:00,0.9716666666666663,6,0.8489695007186625,0.9728772596394687,0.9677339281005103
2025-11-16 06:00:00,0.9699999999999998,6,0.8629275164952684,0.9732601866423636,0.9690976806823746
2025-11-16 07:00:00,0.9699999999999998,6,0.8786893079132095,0.9745096599647779,0.9710120460854125
2025-11-16 08:00:00,0.9716666666666666,6,0.9145463420481,0.9751178221110975,0.9730699994162244
2025-11-16 09:00:00,0.9733333333333332,6,0.909668927990715,0.9683257071280577,0.97742720865468
2025-11-16 10:00:00,0.9633333333333332,6,0.8998475055021485,0.9618318384756721,0.9682914567665567
2025-11-16 11:00:00,0.9633333333333332,6,0.8699468979841437,0.927588006748995,0.9526633135935975
2025-11-16 12:00:00,0.9699999999999998,6,0.9868762831137293,0.9695894765443599,0.9693972127430774
2025-11-16 13:00:00,0.9699999999999998,6,1.0633735974423315,0.9620149750069803,0.9662248715819828
2025-11-16 14:00:00,0.9683333333333332,6,1.0094674624929119,0.9696422371320063,0.9664228885619637
2025-11-16 15:00:00,0.9583333333333331,6,0.8534610286358674,0.9589717822155253,0.9554130418428181
2025-11-16 16:00:00,0.8683333333333332,6,0.7353202639838582,0.8753292538228978,0.8641418029310504
2025-11-16 17:00:00,0.8216666666666665,6,0.7028989825273525,0.8350287244102934,0.8131798488891941
2025-11-16 18:00:00,0.2333333333333333,6,0.3061699044705405,0.21076186575258546,0.21529870043305616
2025-11-16 19:00:00,0.1533333333333333,6,0.24812497716483062,0.13759022268800508,0.1398893552701728
2025-11-16 20:00:00,0.2733333333333333,6,0.37916283723420874,0.3022134950227148,0.3101697321341477
2025-11-16 21:00:00,0.2116666666666666,6,0.32147238579407866,0.2401729811068526,0.23125159691711322
2025-11-16 22:00:00,0.0733333333333333,6,0.14655848840074315,0.05802541587573642,0.06861854833813591
2025-11-16 23:00:00,0.0149999999999999,6,-0.08553773999553616,0.009817831210036909,0.008557003082567016
2025-11-17 00:00:00,0.01,6,-0.13010353382597212,0.009870613548425933,0.009047770706477054
2025-11-17 01:00:00,0.01,6,-0.13858279255894146,0.009870809733896414,0.009047770706477054
2025-11-17 02:00:00,0.0083333333333333,6,-0.09484077972841115,0.009813822500856358,0.008401411238771694
2025-11-17 03:00:00,0.01,6,-0.15268487574014816,0.009873959606125582,0.008219695822140105
2025-11-17 04:00:00,0.01,6,-0.08363644639171763,0.009721287354345938,0.008366934799676928
2025-11-17 05:00:00,0.005,6,-0.038999817625899685,0.009628832035098725,0.009151194917923766
2025-11-17 06:00:00,0.01,6,-0.04556350626287284,0.009530287821338055,0.008322986215493822
2025-11-17 07:00:00,0.01,6,-0.15229241333696014,0.00987204144517907,0.006401690966668816
2025-11-17 08:00:00,0.01,6,-0.08537425097834123,0.0099591089514868,0.00633294064580886
2025-11-17 09:00:00,0.01,6,-0.08551209816043676,0.009788524123725184,0.006396779981020062
2025-11-17 10:00:00,0.01,6,-0.15727272983349977,0.00987577209851081,0.008800236795496408
2025-11-17 11:00:00,0.01,6,-0.07913438887742513,0.01007850793959425,0.007744002454425247
2025-11-17 12:00:00,0.01,6,-0.07759485349543913,0.010561450304240652,0.008412230819172362
2025-11-17 13:00:00,0.0183333333333333,6,0.048556227776297645,0.0207944644792225,0.023683464756792116
2025-11-17 14:00:00,0.01,6,-0.031008449894016105,0.012886210743475334,0.011851470314976131
2025-11-17 15:00:00,0.005,6,-0.029034238970811976,0.014090865588283622,0.012380954870773953
2025-11-17 16:00:00,0.0266666666666666,6,0.04576251730544256,0.029135502386231107,0.026605887065347333
2025-11-17 17:00:00,0.0233333333333333,6,0.07376047487779369,0.03218998622014678,0.03730527889304308
2025-11-17 18:00:00,0.0133333333333333,6,0.05250460175145488,0.021117476280251842,0.02756219394980891
2025-11-17 19:00:00,0.0166666666666666,6,0.034492644748118195,0.01737290789818969,0.023273597453738637
2025-11-17 20:00:00,0.0066666666666666,6,-0.03973389059615762,0.009743347775013941,0.011946188012122494
2025-11-17 21:00:00,0.0216666666666666,6,0.09744988298290341,0.030486219336945168,0.03476265860681693
2025-11-17 22:00:00,0.0299999999999999,6,0.13064499118144596,0.04886444535627141,0.05744330847245438
2025-11-17 23:00:00,0.1083333333333333,6,0.2306418637012767,0.10659995163351692,0.11520870508580405
2025-11-18 00:00:00,0.1416666666666666,6,0.24547639623232392,0.12285906461667882,0.12229079029018392
2025-11-18 01:00:00,0.1949999999999999,6,0.2869559466462006,0.1702051289875109,0.16551434463966544
2025-11-18 02:00:00,0.3049999999999999,6,0.36402552340011596,0.2629994479798187,0.26801884947623555
2025-11-18 03:00:00,0.51,6,0.48443303890161515,0.485606276189676,0.4547284271920118
2025-11-18 04:00:00,0.6983333333333333,6,0.6158183118876516,0.6632874796623422,0.6867933039493417
2025-11-18 05:00:00,0.8016666666666666,6,0.6781009128345518,0.7823499246470632,0.7907853588902514
2025-11-18 06:00:00,0.7333333333333333,6,0.6767138162766723,0.7281042160950111,0.7907853588902514
2025-11-18 07:00:00,0.8183333333333332,6,0.652068068723731,0.766498296730335,0.7528187507864496
2025-11-18 08:00:00,0.6583333333333333,6,0.5622851768381569,0.5958408067668279,0.607366208330724
2025-11-18 09:00:00,0.5283333333333333,6,0.5022984142822666,0.495169696890984,0.47985261570210075
2025-11-18 10:00:00,0.8633333333333332,6,0.721713230495161,0.8737603863846181,0.8627311883419235
2025-11-18 11:00:00,0.9733333333333332,6,0.9375798214040921,0.9654092828906787,0.9664242444014758
2025-11-18 12:00:00,0.9699999999999998,6,0.9698866914647689,0.9657864489797794,0.9693972127430774
2025-11-18 13:00:00,0.9699999999999998,6,1.0273334133213967,0.9680438703633744,0.9637007814731609
2025-11-18 14:00:00,0.9699999999999998,6,0.9562273331138708,0.969144561106307,0.9676915611590123
2025-11-18 15:00:00,0.9699999999999998,6,0.9235801061048751,0.9624102169062343,0.9632476378134037
2025-11-18 16:00:00,0.8383333333333332,6,0.754205387777718,0.7730611676992254,0.8540719454406587
2025-11-18 17:00:00,0.79,6,0.6862929542854915,0.7935021231046274,0.7947186426844104
2025-11-18 18:00:00,0.9699999999999998,6,0.8714367872775121,0.9619833854325022,0.9604852041627955
2025-11-18 19:00:00,0.9666666666666666,6,0.8759866618138371,0.9651285539825212,0.9614852963242868
2025-11-18 20:00:00,0.9633333333333332,6,0.7980390543887287,0.9299744411700008,0.9317102952587776
2025-11-18 21:00:00,0.9466666666666665,6,0.7467140772327667,0.8888695571972537,0.8827669475446628
2025-11-18 22:00:00,0.8266666666666665,6,0.7623933193124834,0.9091463825725739,0.9010759921937345
2025-11-18 23:00:00,0.3516666666666666,6,0.37448265118945945,0.3037914702423416,0.30235883385266354
2025-11-19 00:00:00,0.4866666666666666,6,0.4768187809858305,0.46683510413144147,0.46206409841795426
2025-11-19 01:00:00,0.475,6,0.5036760363962239,0.5144641850152837,0.4933496302298092
2025-11-19 02:00:00,0.6116666666666666,6,0.5562286083370374,0.5770072618518775,0.6030079895080573
2025-11-19 03:00:00,0.5116666666666666,6,0.48443497069128383,0.4844834862908845,0.4767046359423832
2025-11-19 04:00:00,0.5133333333333333,6,0.5105625033966706,0.5297469639089206,0.5185402861429921
2025-11-19 05:00:00,0.4499999999999999,6,0.4423337790420585,0.3986261621090223,0.4026743100315742
2025-11-19 06:00:00,0.4699999999999999,6,0.46991829779120686,0.4578172096242603,0.460703835228631
2025-11-19 07:00:00,0.5616666666666666,6,0.5242203408502353,0.5646567483247972,0.536972539449507
2025-11-19 08:00:00,0.445,6,0.47885346878340973,0.48509814071770707,0.4750973280828251
2025-11-19 09:00:00,0.3183333333333333,6,0.3807495663191428,0.31452541000261863,0.3076759526390328
2025-11-19 10:00:00,0.1083333333333333,6,0.19271613549478372,0.08463606345691753,0.08549410458961865
2025-11-19 11:00:00,0.1933333333333333,6,0.270439941583821,0.17194484202105953,0.16980814777625067
2025-11-19 12:00:00,0.3883333333333333,6,0.43923999297124616,0.4003629040562734,0.3988889379637003
2025-11-19 13:00:00,0.0716666666666666,6,0.16358851199239943,0.07700033256621243,0.08305966298711959
2025-11-19 14:00:00,0.0116666666666666,6,0.017413591406346962,0.01623453362102737,0.022362325894293822
2025-11-19 15:00:00,0.01,6,-0.07617062010694925,0.010282028379721113,0.008134918228344112
2025-11-19 16:00:00,0.01,6,-0.12040317478982072,0.009867524564572397,0.008423474372299566
2025-11-19 17:00:00,0.01,6,-0.19000387648371853,0.009875706267069278,0.008993696106589844
2025-11-19 18:00:00,0.01,6,-0.16484231524500248,0.009876417496619948,0.009029902371486653
2025-11-19 19:00:00,0.01,6,-0.1135107957361202,0.00986377957363818,0.007880184287066605
2025-11-19 20:00:00,0.01,6,-0.089156539936881,0.009819319249839246,0.007631435675091336
2025-11-19 21:00:00,0.01,6,-0.05867248316730353,0.009750216535547527,0.014131969124593857
2025-11-19 22:00:00,0.0116666666666666,6,-0.050308314001080795,0.00946963068228243,0.014279685182612134
2025-11-19 23:00:00,0.0133333333333333,6,-0.021276694544428043,0.01178367945618715,0.017501360536197386
2025-11-20 00:00:00,0.0316666666666666,6,0.09432931814248785,0.03847814361571507,0.03692274732885975
2025-11-20 01:00:00,0.0149999999999999,6,0.015264081320603584,0.017779028083973154,0.01965339358119106
2025-11-20 02:00:00,0.0083333333333333,6,-0.0804166512064814,0.00962942133791549,0.008399888686157486
2025-11-20 03:00:00,0.01,6,-0.1454795627685624,0.00987204144517907,0.009251777182338217
2025-11-20 04:00:00,0.0083333333333333,6,-0.10676756039444035,0.009826452356358468,0.008201170378775102
2025-11-20 05:00:00,0.01,6,-0.13435610727842484,0.00987209654781877,0.007639529858437133
2025-11-20 06:00:00,0.01,6,-0.07192090993250139,0.010008299542003985,0.007367807325959375
2025-11-20 07:00:00,0.01,6,-0.15617079510315152,0.009874765449803117,0.00856673950746617
2025-11-20 08:00:00,0.01,6,-0.13971140333580906,0.009870809733896414,0.008219695822140105
2025-11-20 09:00:00,0.01,6,-0.09369118555094683,0.009813822500856358,0.007613747274342664
2025-11-20 10:00:00,0.01,6,-0.10088509926952358,0.009816761010929112,0.008401411238771694
2025-11-20 11:00:00,0.005,6,-0.058496026128514955,0.00974354496582189,0.011018626370516926
2025-11-20 12:00:00,0.0166666666666666,6,-0.032120057533872204,0.01011674188064348,0.012381403414053305
2025-11-20 13:00:00,0.0116666666666666,6,0.0315959839668577,0.015008344797568926,0.022131279591779462
2025-11-20 14:00:00,0.0116666666666666,6,-0.045438908342117,0.013864438494731346,0.012839100497293088
2025-11-20 15:00:00,0.01,6,-0.12798363187774964,0.009869496299033203,0.009240431689994444
2025-11-20 16:00:00,0.01,6,-0.19298481294670453,0.009875706267069278,0.008984375225250807
2025-11-20 17:00:00,0.01,6,-0.11445259839377395,0.009863355828158067,0.01102288343884783
2025-11-20 18:00:00,0.01,6,-0.15881034040639888,0.00987682351646201,0.011433042150228667
2025-11-20 19:00:00,0.0116666666666666,6,-0.10843500975101367,0.00984188644773652,0.008793522130406795
2025-11-20 20:00:00,0.01,6,0.016671318552663794,0.0191554144656131,0.020216106940461387
2025-11-20 21:00:00,0.0083333333333333,6,-0.05580919836039955,0.010069174170746683,0.012406224699103685
2025-11-20 22:00:00,0.0149999999999999,6,0.058197219943072476,0.023898856340020178,0.026979034544505565
2025-11-20 23:00:00,0.0616666666666666,6,0.19098994258791863,0.08410035986033235,0.08568787300072067
2025-11-21 00:00:00,0.1483333333333333,6,0.25452132018585316,0.13156516552999215,0.1385207779196256
2025-11-21 01:00:00,0.2016666666666666,6,0.3153675963591731,0.1975616699355151,0.1982637916932405
2025-11-21 02:00:00,0.2283333333333333,6,0.35530305567964504,0.2727839224185026,0.26158785396574225
2025-11-21 03:00:00,0.1566666666666666,6,0.29533303596276594,0.18505361659978456,0.1762149329301413
2025-11-21 04:00:00,0.1816666666666666,6,0.2808025523146792,0.16970119151099455,0.1645282252382708
2025-11-21 05:00:00,0.16,6,0.2812949302141874,0.14252749809183526,0.15416781309153652
2025-11-21 06:00:00,0.1283333333333333,6,0.24160387864813565,0.12716636628619818,0.11775163827684815
2025-11-21 07:00:00,0.1616666666666666,6,0.26636602423840794,0.15012030504196264,0.1414646505719886
2025-11-21 08:00:00,0.2749999999999999,6,0.3454489423682212,0.24391614595845104,0.2560348136011641
2025-11-21 09:00:00,0.2049999999999999,6,0.29419097745897294,0.17766733565906076,0.17543481379433293
2025-11-21 10:00:00,0.1383333333333333,6,0.2127681169011198,0.1060472411352955,0.10482573133042133
2025-11-21 11:00:00,0.77,6,0.6776477062784066,0.7722401562189073,0.7695715452819658
2025-11-21 12:00:00,0.9616666666666664,6,0.8559829153024506,0.9554092805527923,0.9566232693572743
2025-11-21 13:00:00,0.8433333333333333,6,0.7124460669935629,0.8291167360958787,0.8282270598545971
2025-11-21 14:00:00,0.4299999999999999,6,0.46032490323913333,0.427598425729971,0.43493960225735345
2025-11-21 15:00:00,0.31,6,0.39619631351286755,0.3304922441484903,0.3336965011432787
2025-11-21 16:00:00,0.2516666666666666,6,0.35143214775471054,0.2577739008273949,0.2804838652247189
2025-11-21 17:00:00,0.0883333333333333,6,0.16117952280489334,0.07615586506945525,0.07997922007309433
2025-11-21 18:00:00,0.0616666666666666,6,0.12534205389634956,0.05896946075468697,0.05671347496039364
2025-11-21 19:00:00,0.0483333333333333,6,0.10955394945297336,0.05001942454195795,0.053993286008856556
2025-11-21 20:00:00,0.0149999999999999,6,-0.04670050242040985,0.009956698873778586,0.013763096057902324
2025-11-21 21:00:00,0.0666666666666666,6,0.1399559296090765,0.059603343268418874,0.06029772913649806
2025-11-21 22:00:00,0.095,6,0.2114213016916015,0.10035991194999018,0.10497599712605654
2025-11-21 23:00:00,0.0433333333333333,6,0.09470085199691192,0.03371857845791907,0.03558481303086303
2025-11-22 00:00:00,0.0083333333333333,6,-0.10987943866551705,0.009842114516502808,0.008760979570100358
2025-11-22 01:00:00,0.0083333333333333,6,-0.11949960500661191,0.009864670700444196,0.00809349510322882
2025-11-22 02:00:00,0.01,6,-0.057633840718084,0.010935903458175817,0.010231420906526179
2025-11-22 03:00:00,0.01,6,-0.1468693241388611,0.00987204144517907,0.00803006854748145
2025-11-22 04:00:00,0.01,6,0.03336121158391481,0.016707950110935985,0.01691715613136785
2025-11-22 05:00:00,0.01,6,-0.061246728606174805,0.009724811188563755,0.0076892590597000265
2025-11-22 06:00:00,0.0366666666666666,6,0.00524508175948063,0.0136471779215656,0.014200105289011666
2025-11-22 07:00:00,0.5133333333333333,6,0.5128678641028536,0.5300515164107399,0.49949199433560487
2025-11-22 08:00:00,0.5683333333333332,6,0.5390701501747928,0.5774364032957772,0.5852218192142594
2025-11-22 09:00:00,0.6416666666666667,6,0.573585130257752,0.5867957915050107,0.6221709076472015
2025-11-22 10:00:00,0.35,6,0.40691926429130865,0.34195225447740346,0.3439948771898102
2025-11-22 11:00:00,0.3666666666666666,6,0.4290022683814716,0.37303467349059666,0.38932555277958697
2025-11-22 12:00:00,0.6083333333333332,6,0.5588188635921695,0.570972838573136,0.5945289709083307
2025-11-22 13:00:00,0.8183333333333332,6,0.6848989044823564,0.7669877313896585,0.796081718621455
2025-11-22 14:00:00,0.6633333333333333,6,0.5905965819438121,0.651183378841705,0.642632004291904
2025-11-22 15:00:00,0.7633333333333333,6,0.6612412557117677,0.7677589380957983,0.7515046513235117
2025-11-22 16:00:00,0.5933333333333333,6,0.5636225106231714,0.6048823450738643,0.6129199265059462
2025-11-22 17:00:00,0.5016666666666667,6,0.4964860959606504,0.49809219993379306,0.4936124649166537
2025-11-22 18:00:00,0.9716666666666663,6,0.8078699991924684,0.9580389329200367,0.9401269682770711
2025-11-22 19:00:00,0.825,6,0.7592464962984657,0.9105779548555055,0.8986520931625984
2025-11-22 20:00:00,0.8283333333333333,6,0.7511554045552659,0.9043487797226106,0.8906049328712549
2025-11-22 21:00:00,0.1883333333333333,6,0.23254968569685197,0.11977769518055827,0.1281891559179862
2025-11-22 22:00:00,0.0116666666666666,6,0.06320552095671561,0.025563211446327894,0.0267255723059871
2025-11-22 23:00:00,0.01,6,-0.11326324346394918,0.009863043578929137,0.00896937558880051
2025-11-23 00:00:00,0.1883333333333333,6,0.35675591086548686,0.2763434434964577,0.263615078106318
2025-11-23 01:00:00,0.1166666666666666,6,0.2587786069246414,0.13995220063627642,0.1380309527045056
2025-11-23 02:00:00,0.085,6,0.2228901834568957,0.09857615837938413,0.10691594797115095
2025-11-23 03:00:00,0.1483333333333333,6,0.2544480328648014,0.1258750733469908,0.1264252857588437
2025-11-23 04:00:00,0.4166666666666666,6,0.45756778207338245,0.44234371834318703,0.41167253430352313
2025-11-23 05:00:00,0.3716666666666666,6,0.3986223267791309,0.33786827392960384,0.31781734791419747
2025-11-23 06:00:00,0.6966666666666665,6,0.5913616812258405,0.6683296681017596,0.656853688293032
2025-11-23 07:00:00,0.9283333333333332,6,0.7270997652910656,0.8360146511041467,0.884363958472541
2025-11-23 08:00:00,0.9416666666666664,6,0.7614543530033292,0.9268768510831148,0.9192683513677722
2025-11-23 09:00:00,0.95,6,0.7727516964623381,0.9296039912011632,0.93319189023799
2025-11-23 10:00:00,0.9383333333333332,6,0.7762530432131866,0.9352171075246554,0.9339303004890355
2025-11-23 11:00:00,0.9616666666666664,6,0.9213847726191825,0.9645312569985112,0.9663586060538502
2025-11-23 12:00:00,0.9699999999999998,6,0.979917474241731,0.9699387292206662,0.9659210081395976
2025-11-23 13:00:00,0.9483333333333333,6,0.8815811935757195,0.955121006280587,0.9557558092155032
2025-11-23 14:00:00,0.8983333333333334,6,0.7798624165818603,0.8911891958600675,0.9008989386469215
2025-11-23 15:00:00,0.8833333333333333,6,0.7530205406880611,0.8926296564429452,0.8878761098756003
2025-11-23 16:00:00,0.8983333333333334,6,0.7602319781396505,0.916558275314343,0.8961547869564309
2025-11-23 17:00:00,0.8916666666666666,6,0.7490091826010263,0.8913334211621637,0.8823200767126171
2025-11-23 18:00:00,0.4099999999999999,6,0.4480720560781267,0.43700707677331707,0.4189892332017808
2025-11-23 19:00:00,0.1833333333333333,6,0.2700920559424129,0.17087710827702043,0.16271903468523954
2025-11-23 20:00:00,0.0683333333333333,6,0.16613033388699605,0.08053117470805075,0.07420979952712708
2025-11-23 21:00:00,0.04,6,0.13819923796702355,0.057974581154514745,0.05977100529097751
2025-11-23 22:00:00,0.0066666666666666,6,-0.0630948137307075,0.009723120538360705,0.007961441275287029
2025-11-23 23:00:00,0.01,6,-0.15820653107331414,0.00987577209851081,0.00895362640990649
2025-11-24 00:00:00,0.01,6,-0.10675516084009865,0.009824878333639132,0.0076511256409494965
2025-11-24 01:00:00,0.0083333333333333,6,0.028836341602440474,0.01644979513822472,0.01672970957634956
2025-11-24 02:00:00,0.01,6,-0.11933423905158094,0.009864670700444196,0.008800236795496408
2025-11-24 03:00:00,0.01,6,-0.16026757976757913,0.00987682351646201,0.008332880695860467
2025-11-24 04:00:00,0.0149999999999999,6,0.01126026588782214,0.009906332754860652,0.012385701807681337
2025-11-24 05:00:00,0.0083333333333333,6,0.001961672162700434,0.010005809010187617,0.010481597977604895
2025-11-24 06:00:00,0.01,6,-0.12169452061938728,0.009864670700444196,0.006805802150210372
2025-11-24 07:00:00,0.01,6,-0.1481084687710565,0.00987204144517907,0.008784729218563991
2025-11-24 08:00:00,0.03,6,0.02552782472772558,0.010596261526113385,0.012510385306138627
2025-11-24 09:00:00,0.1516666666666666,6,0.26513111318721627,0.1169921875583357,0.11968945347525589
2025-11-24 10:00:00,0.1583333333333333,6,0.2758609553784983,0.14317296266540447,0.13625413674971473
2025-11-24 11:00:00,0.0883333333333333,6,0.20128998009923482,0.07327994794622814,0.092855821564369
2025-11-24 12:00:00,0.1349999999999999,6,0.2669759440903322,0.16169896765086086,0.1518351961418045
2025-11-24 13:00:00,0.0583333333333333,6,0.14771937910813254,0.06334772154482693,0.07402048372612285
2025-11-24 14:00:00,0.0149999999999999,6,-0.002105833475203406,0.012210332623344816,0.018232575067670842
2025-11-24 15:00:00,0.01,6,-0.16177825399595847,0.009875706267069278,0.00794764015453181
2025-11-24 16:00:00,0.01,6,-0.09422123483822989,0.009817333755899172,0.009221156917822715
2025-11-24 17:00:00,0.01,6,-0.17114066757879176,0.00987682351646201,0.008667664279785658
2025-11-24 18:00:00,0.01,6,-0.1803188351317466,0.00987682351646201,0.008704430662335505
2025-11-24 19:00:00,0.0316666666666666,6,0.01442172841510192,0.015269448492857721,0.018152051383363066
2025-11-24 20:00:00,0.2083333333333333,6,0.34883624772490673,0.24960610017640675,0.26396146983901264
2025-11-24 21:00:00,0.255,6,0.3721067228264766,0.30559830619226963,0.2980657406598815
2025-11-24 22:00:00,0.2816666666666666,6,0.38251808206770377,0.3268485086046532,0.3058004733189932
2025-11-24 23:00:00,0.535,6,0.5078574667440433,0.5158728585960803,0.5098801839208827
2025-11-25 00:00:00,0.8033333333333333,6,0.6681604753674864,0.7595808914897136,0.7714381648616704
2025-11-25 01:00:00,0.975,6,0.8144573908942904,0.9512733976216542,0.9508402020415999
2025-11-25 02:00:00,0.9633333333333332,6,0.8201659091985031,0.9493863107507191,0.9390650170386023
2025-11-25 03:00:00,0.9499999999999998,6,0.7707593245258731,0.9207393541635982,0.9271054391807317
2025-11-25 04:00:00,0.7999999999999999,6,0.6891162798744497,0.82400541111404,0.8067281721730326
2025-11-25 05:00:00,0.3899999999999999,6,0.4338868481108621,0.38880047910810295,0.3892537429892833
2025-11-25 06:00:00,0.3716666666666666,6,0.4098361684698336,0.3578016686279755,0.34842439067873787
2025-11-25 07:00:00,0.6883333333333334,6,0.6130877979554232,0.7173573598162986,0.6696556097542752
2025-11-25 08:00:00,0.055,6,0.15800901068719064,0.05503856728137245,0.06622022086112639
2025-11-25 09:00:00,0.0316666666666666,6,0.09781639538174053,0.02985777215446582,0.031265957950961654
2025-11-25 10:00:00,0.01,6,-0.09664769290691552,0.009813822500856358,0.008201170378775102
2025-11-25 11:00:00,0.0116666666666666,6,-0.03235991655745521,0.011141736493292214,0.012506097744514999
2025-11-25 12:00:00,0.0116666666666666,6,-0.005040891686407367,0.012810696370614914,0.01812844802928032
2025-11-25 13:00:00,0.0566666666666666,6,0.14652950358230693,0.061066617322719334,0.07804206169618388
2025-11-25 14:00:00,0.0733333333333333,6,0.17939367442462,0.09496929431287886,0.0901970752968273
2025-11-25 15:00:00,0.12,6,0.24470261736153825,0.142656122342675,0.13769699504190075
2025-11-25 16:00:00,0.135,6,0.26197580206944543,0.1687468959067075,0.15754784304817868
2025-11-25 17:00:00,0.2066666666666666,6,0.3234852065739756,0.235948551698379,0.23045598178653456
2025-11-25 18:00:00,0.2949999999999999,6,0.36760100019843234,0.293840323896333,0.28334658713205546
2025-11-25 19:00:00,0.8483333333333332,6,0.7000487345550386,0.856249944744333,0.8289309896994854
2025-11-25 20:00:00,0.975,6,0.8972376301688362,0.9450344848525997,0.9667740134367238
2025-11-25 21:00:00,0.9699999999999998,6,0.9450971437858088,0.9625681935749348,0.9701144834122433
2025-11-25 22:00:00,0.9699999999999998,6,0.9288963883938129,0.9655958997569047,0.9693574859557621
2025-11-25 23:00:00,0.9699999999999998,6,0.9663603401590696,0.9698899294234415,0.9700864644902083
2025-11-26 00:00:00,0.9699999999999998,6,0.9121779902494579,0.9684425682952609,0.9701751342205271
2025-11-26 01:00:00,0.9699999999999998,6,1.0299931541506577,0.9634413645779961,0.9692291500486218
2025-11-26 02:00:00,0.9699999999999998,6,0.9505662209393554,0.9697638920519893,0.9714491600564179
2025-11-26 03:00:00,0.9699999999999998,6,0.9441722894133336,0.9595634432580525,0.9698484974615863
2025-11-26 04:00:00,0.9649999999999997,6,0.9135660801280882,0.9685147116442897,0.9709682833720447
2025-11-26 05:00:00,0.9699999999999998,6,0.9748856347187372,0.9698420303489425,0.9708708547994435
2025-11-26 06:00:00,0.9699999999999998,6,0.9390268742403455,0.9667527476658224,0.9707141241990684
2025-11-26 07:00:00,0.9699999999999998,6,0.8474104958528316,0.9683455256336642,0.9627721782931469
2025-11-26 08:00:00,0.9,6,0.7455489050731225,0.9053758552311175,0.8999381298454194
2025-11-26 09:00:00,0.9683333333333332,6,0.9011551902589724,0.9438813954768996,0.9677241710768291
2025-11-26 10:00:00,0.9699999999999998,6,1.1417382060813104,0.9690338503505204,0.9692773487687114
2025-11-26 11:00:00,0.9699999999999998,6,1.2796020014249279,0.9200903878601713,0.9429330929226314
2025-11-26 12:00:00,0.9699999999999998,6,1.2239680499482257,0.9665999635804657,0.9682289146647802
2025-11-26 13:00:00,0.9699999999999998,6,1.2787955317312854,0.9683674404979596,0.9681778835960101
2025-11-26 14:00:00,0.9699999999999998,6,1.2417051483332053,0.965852294685799,0.9679016161377542
2025-11-26 15:00:00,0.9699999999999998,6,1.1234380454557753,0.9693316818166081,0.9686719277874603
2025-11-26 16:00:00,0.9699999999999998,6,1.0410507343285853,0.9672134586668667,0.9676987034084448
2025-11-26 17:00:00,0.9699999999999998,6,1.0576146521554999,0.9683169163957711,0.9686812231061648
2025-11-26 18:00:00,0.9699999999999998,6,0.966938034932305,0.9698765062078059,0.9713864371527937
2025-11-26 19:00:00,0.8783333333333334,6,0.7659883134658959,0.9016878982984184,0.9024050424561083
2025-11-26 20:00:00,0.8349999999999999,6,0.6887054579924151,0.8251404938617855,0.8043463544263634
2025-11-26 21:00:00,0.3083333333333332,6,0.371258875740638,0.30309124995185593,0.2960849971311853
2025-11-26 22:00:00,0.8233333333333333,6,0.7533524783456234,0.9060997663554734,0.9017611829957353
2025-11-26 23:00:00,0.4699999999999999,6,0.5260058597358074,0.5589012213756319,0.5578047772440288
2025-11-27 00:00:00,0.265,6,0.3693299127695494,0.2926972813223723,0.29896018691077697
2025-11-27 01:00:00,0.2049999999999999,6,0.31764548616367183,0.2262275021372146,0.20631821571312334
2025-11-27 02:00:00,0.075,6,0.16615916113051554,0.06924130698891452,0.07263940241851774
2025-11-27 03:00:00,0.1183333333333333,6,0.2331357588701748,0.10651482048586677,0.1197287414590591
2025-11-27 04:00:00,0.2233333333333333,6,0.24777761910000518,0.11550655937540535,0.12645409721791157
2025-11-27 05:00:00,0.4466666666666667,6,0.4992475813528163,0.5114850300603021,0.4930564158550946
2025-11-27 06:00:00,0.2949999999999999,6,0.4041365970329601,0.33087916566076764,0.34196059778297405
2025-11-27 07:00:00,0.0983333333333333,6,0.24535094860457007,0.12259076083834214,0.12132034443450299
2025-11-27 08:00:00,0.0083333333333333,6,-0.1461332715076834,0.00987204144517907,0.00809349510322882
2025-11-27 09:00:00,0.01,6,-0.08960434107460924,0.009813676078929946,0.008695052256905256
2025-11-27 10:00:00,0.01,6,-0.0814443531662781,0.009691588937947524,0.008478739185609152
2025-11-27 11:00:00,0.0066666666666666,6,-0.016770341616717033,0.010685709812773544,0.016406601551536115
2025-11-27 12:00:00,0.01,6,-0.059494435100624105,0.009676352740999128,0.010511981464598974
2025-11-27 13:00:00,0.0299999999999999,6,0.06743083593423332,0.03198231882002827,0.03762495570630203
2025-11-27 14:00:00,0.185,6,0.31759264070547033,0.22605648865947714,0.22185284920355725
2025-11-27 15:00:00,0.1999999999999999,6,0.33022241317815404,0.23827590985932218,0.24337372259125714
2025-11-27 16:00:00,0.2049999999999999,6,0.32773008677784043,0.24139934434230131,0.24194729483002567
2025-11-27 17:00:00,0.3366666666666666,6,0.41301060599928885,0.3614900220107661,0.3599006375671464
2025-11-27 18:00:00,0.5166666666666666,6,0.5018098451102633,0.49954512606710105,0.4966574011908645
2025-11-27 19:00:00,0.79,6,0.684358606837732,0.793402358805509,0.7847794186197898
2025-11-27 20:00:00,0.785,6,0.6867364191191327,0.7923647340268816,0.7965136505976094
2025-11-27 21:00:00,0.65,6,0.5827763685553841,0.6488415456072119,0.6426821674934362
2025-11-27 22:00:00,0.2233333333333333,6,0.32826677416054606,0.24322895682091247,0.24009520099964135
2025-11-27 23:00:00,0.0333333333333333,6,0.01727773784633485,0.018285988214216606,0.02274926638366709
2025-11-28 00:00:00,0.0116666666666666,6,0.07600248845101515,0.0346940571977409,0.03119816421153676
2025-11-28 01:00:00,0.0366666666666666,6,0.16832955189377174,0.06907948029543616,0.06989481969123446
2025-11-28 02:00:00,0.0083333333333333,6,-0.11232839405155118,0.009851582374699358,0.009036794021446082
2025-11-28 03:00:00,0.0083333333333333,6,-0.09204633623480574,0.009812631147707808,0.008030070975240389
2025-11-28 04:00:00,0.0083333333333333,6,-0.1189688775484113,0.009862927332393861,0.007866300841727236
2025-11-28 05:00:00,0.01,6,-0.13960755544715475,0.009870809733896414,0.0070202360816493115
2025-11-28 06:00:00,0.01,6,-0.06281754361735001,0.009714260386279473,0.005584541692511158
2025-11-28 07:00:00,0.01,6,-0.09624047430621804,0.009813822500856358,0.00703036460496087
2025-11-28 08:00:00,0.01,6,-0.11638384919503382,0.009863043578929137,0.007046956575278651
2025-11-28 09:00:00,0.01,6,-0.16004571720175853,0.00987682351646201,0.007476376875401147
2025-11-28 10:00:00,0.01,6,-0.1373185745588985,0.009870809733896414,0.009218823295857659
2025-11-28 11:00:00,0.01,6,-0.16587780619588913,0.00987682351646201,0.00921003096019457
2025-11-28 12:00:00,0.01,6,-0.15153743275968398,0.009873959606125582,0.009083875026789812
2025-11-28 13:00:00,0.01,6,-0.14793239569509783,0.00987204144517907,0.011018104424022235
2025-11-28 14:00:00,0.01,6,-0.16651473120532995,0.009875706267069278,0.008993696106589844
2025-11-28 15:00:00,0.01,6,-0.14782395120435554,0.009871635425337009,0.009483156503602874
2025-11-28 16:00:00,0.01,6,-0.1603735240014008,0.00987682351646201,0.008696630819171047
2025-11-28 17:00:00,0.01,6,-0.15001118054912477,0.00987204144517907,0.009180264880103206
2025-11-28 18:00:00,0.0133333333333333,6,-0.03781141512615668,0.009725494952356615,0.011092743820671658
2025-11-28 19:00:00,0.0333333333333333,6,0.14782505606337193,0.054774749006728955,0.06812302294330191
2025-11-28 20:00:00,0.0316666666666666,6,0.1368159092459797,0.05665380995665918,0.05960196288166747
2025-11-28 21:00:00,0.0366666666666666,6,0.07664045465245783,0.034358959087399374,0.030013560287914354
2025-11-28 22:00:00,0.1766666666666666,6,0.2903088827077789,0.19748510611171616,0.17276907985935835
2025-11-28 23:00:00,0.3283333333333333,6,0.4129563633085829,0.36668057650036057,0.36724401766715997
2025-11-29 00:00:00,0.1833333333333333,6,0.35422654337706483,0.2698153145342813,0.26711419875185094
2025-11-29 01:00:00,0.0633333333333333,6,0.1138482294086191,0.042563857365530346,0.04163718249994364
2025-11-29 02:00:00,0.01,6,-0.02395236939637113,0.009593376377574186,0.010268149178775443
2025-11-29 03:00:00,0.01,6,-0.17309697778673544,0.00987682351646201,0.007578322704180407
2025-11-29 04:00:00,0.01,6,-0.18338832872871277,0.00987682351646201,0.0074211275270817945
2025-11-29 05:00:00,0.01,6,-0.12276883385371637,0.00986505304935522,0.006805802150210372
2025-11-29 06:00:00,0.01,6,-0.046527538959292764,0.009646084939999699,0.010636145427419919
2025-11-29 07:00:00,0.01,6,-0.10600853074058239,0.00981826869097578,0.00763465067147262
2025-11-29 08:00:00,0.01,6,-0.06980182976894936,0.009873017131214148,0.00886653060378173
2025-11-29 09:00:00,0.0083333333333333,6,-0.11255783318171221,0.009844961348904937,0.010430137723097366
2025-11-29 10:00:00,0.01,6,-0.13988246193676263,0.009870809733896414,0.007063392067781282
2025-11-29 11:00:00,0.01,6,-0.1028359222777123,0.009816761010929112,0.0067914616737109745
2025-11-29 12:00:00,0.04,6,0.10982494449199265,0.03232152430142095,0.038571372965760964
2025-11-29 13:00:00,0.0733333333333333,6,0.19081516402138038,0.08325094363766615,0.08252450194345057
2025-11-29 14:00:00,0.1433333333333333,6,0.2818226637489717,0.16594451933495447,0.17584295425607477
2025-11-29 15:00:00,0.1883333333333333,6,0.3203399523285425,0.23528799173592105,0.23016756981050965
2025-11-29 16:00:00,0.1949999999999999,6,0.3299923986001593,0.23856904376412794,0.2281338289488784
2025-11-29 17:00:00,0.1566666666666666,6,0.27783050786719976,0.1628750613109658,0.15073780911648602
2025-11-29 18:00:00,0.0966666666666666,6,0.19474083523302166,0.07846102441690302,0.07979748440739493
2025-11-29 19:00:00,0.0666666666666666,6,0.12798510673843216,0.04561575943314556,0.04639625469052133
2025-11-29 20:00:00,0.045,6,0.0966641912436898,0.01674053822496867,0.023947706596167406
2025-11-29 21:00:00,0.0233333333333333,6,0.03726763271904232,0.012128303237459144,0.014704801267571677
2025-11-29 22:00:00,0.08,6,0.20748172398944864,0.08049559171079296,0.08720654379052845
2025-11-29 23:00:00,0.0716666666666666,6,0.18620727895751382,0.0757624976913979,0.06493349397953979
2025-11-30 00:00:00,0.0199999999999999,6,0.07965189683121354,0.015270091387951578,0.019705563239550472
2025-11-30 01:00:00,0.0266666666666666,6,0.10827175593691374,0.025389868217603497,0.031254446523395096
2025-11-30 02:00:00,0.0066666666666666,6,0.050983282234562555,0.020759881649097027,0.011573940352346712
2025-11-30 03:00:00,0.0083333333333333,6,0.014099697035542702,0.01070844365077528,0.010317617798841161
2025-11-30 04:00:00,0.005,6,0.02290790648323987,0.009073828442696568,0.013684716374250061
2025-11-30 05:00:00,0.0083333333333333,6,-0.057491588418904255,0.009590389167314485,0.017724338881508817
2025-11-30 06:00:00,0.0083333333333333,6,-0.06877323721148565,0.009818488005673708,0.009296229672350442
2025-11-30 07:00:00,0.01,6,-0.2080831399418564,0.00987682351646201,0.00889903323021446
2025-11-30 08:00:00,0.01,6,-0.18310865410093652,0.00987682351646201,0.010617174150600595
2025-11-30 09:00:00,0.01,6,-0.14674391740177634,0.00987204144517907,0.010147026885373667
2025-11-30 10:00:00,0.01,6,-0.1501312297390437,0.00987204144517907,0.006805802150210372
2025-11-30 11:00:00,0.01,6,-0.0823033870783762,0.00965036714285738,0.006254676748850996
2025-11-30 12:00:00,0.0083333333333333,6,0.03310602789557038,0.011300534196476182,0.014661371489898822
2025-11-30 13:00:00,0.01,6,0.029375748649398015,0.013852118978684129,0.01719835594598612
2025-11-30 14:00:00,0.0116666666666666,6,0.06999374395251035,0.027053631278742038,0.026792870949567116
2025-11-30 15:00:00,0.0383333333333333,6,0.14021901897275824,0.0630022419318003,0.06466698407562532
2025-11-30 16:00:00,0.1449999999999999,6,0.29559000084644416,0.18317854825427743,0.17591811110168104
2025-11-30 17:00:00,0.1866666666666666,6,0.361652890149219,0.2645738557273251,0.2641998035998808
2025-11-30 18:00:00,0.1516666666666666,6,0.3015919496746101,0.17363623826012073,0.18052027004587487
2025-11-30 19:00:00,0.12,6,0.2648869108789639,0.12497833787512069,0.1281095798359965
2025-11-30 20:00:00,0.0366666666666666,6,0.08786121567832916,0.01672270707219503,0.02406316617701376
2025-11-30 21:00:00,0.1183333333333333,6,0.27314043648619313,0.13710477754392555,0.13557156647129848
2025-11-30 22:00:00,0.035,6,0.14073379146653098,0.043405540473172126,0.05042951235880344
2025-11-30 23:00:00,0.01,6,-0.13438827052469915,0.009870613548425933,0.009463946547595248
2025-12-01 00:00:00,0.01,6,-0.1165880783241763,0.009863043578929137,0.009372630616801547
2025-12-01 01:00:00,0.01,6,-0.1526359008418661,0.00987204144517907,0.00796183041386228
2025-12-01 02:00:00,0.0083333333333333,6,-0.06244537946325934,0.009684366165025056,0.012041531218800916
2025-12-01 03:00:00,0.0083333333333333,6,0.06619196556120222,0.014181670825296267,0.015335811868531835
2025-12-01 04:00:00,0.0083333333333333,6,-0.02534924158684229,0.009701979399190782,0.018510981458078724
2025-12-01 05:00:00,0.0116666666666666,6,0.08516644134420709,0.015119011208805322,0.02394974038770642
2025-12-01 06:00:00,0.0116666666666666,6,0.08550041351452187,0.01490305569228438,0.01682125229690007
2025-12-01 07:00:00,0.055,6,0.2248029929979708,0.08318421765697587,0.08210432454563316
2025-12-01 08:00:00,0.0633333333333333,6,0.19761412206043044,0.057549829655258324,0.06292484872970838
2025-12-01 09:00:00,0.1533333333333333,6,0.289516450150059,0.13471750655871984,0.13399715716212152
2025-12-01 10:00:00,0.1566666666666667,6,0.3081298049914799,0.1723493323493375,0.16359839879686483
2025-12-01 11:00:00,0.1316666666666666,6,0.2692955952498568,0.14165127955422213,0.12599459686089345
2025-12-01 12:00:00,0.6416666666666667,6,0.5899332551470159,0.6373916441216908,0.5524352083684252
2025-12-01 13:00:00,0.96,6,0.8218444975100846,0.9502012430063536,0.9478679383773072
2025-12-01 14:00:00,0.9633333333333332,6,0.8550342142513744,0.9650363986256018,0.9657076860461725
2025-12-01 15:00:00,0.8733333333333334,6,0.7636991750027227,0.9313961239671278,0.9073052485514733
2025-12-01 16:00:00,0.7066666666666666,6,0.6190627486066547,0.7103507334064146,0.6944071160060612
2025-12-01 17:00:00,0.5833333333333333,6,0.5348359362011866,0.5903704380537539,0.5868102873413977
2025-12-01 18:00:00,0.7,6,0.596267182523413,0.5848156557994472,0.5020947596534382
2025-12-01 19:00:00,0.8983333333333334,6,0.7132707525522997,0.8390440165067001,0.8132986581075003
2025-12-01 20:00:00,0.975,6,0.8133113042556613,0.9519816973827293,0.9513059350960988
2025-12-01 21:00:00,0.9466666666666665,6,0.8067724625986222,0.953230667222907,0.9453886610666045
2025-12-01 22:00:00,0.9616666666666664,6,0.8402495950875267,0.9688406365447823,0.9637103875286126
2025-12-01 23:00:00,0.8816666666666664,6,0.7236416249989978,0.8509738073862727,0.8656116527207172
2025-12-02 00:00:00,0.62,6,0.5707768351254678,0.6147909780839209,0.6208488359173057
2025-12-02 01:00:00,0.5316666666666666,6,0.5395286315039433,0.5771356410062264,0.578185584859682
2025-12-02 02:00:00,0.145,6,0.2803353435255208,0.1305850970254514,0.1455323976108846
2025-12-02 03:00:00,0.0233333333333333,6,0.06223040415712,0.019775332782157415,0.017771135311179187
2025-12-02 04:00:00,0.0266666666666666,6,0.09324481838323206,0.01675566812654622,0.01917735411183835
2025-12-02 05:00:00,0.025,6,0.05881244249033002,0.018265250844198812,0.015072692807211019
2025-12-02 06:00:00,0.0333333333333333,6,0.17155245070608988,0.046552877137219166,0.05479043024165109
2025-12-02 07:00:00,0.1,6,0.25985805829880504,0.1202599733310696,0.11984634071628164
2025-12-02 08:00:00,0.1483333333333333,6,0.30333201516189934,0.15265257468647736,0.1603443755750713
2025-12-02 09:00:00,0.1283333333333333,6,0.30170882741727245,0.1461811859792019,0.1588976014981233
2025-12-02 10:00:00,0.0749999999999999,6,0.23259579033654731,0.0822389423289072,0.09018678400354668
2025-12-02 11:00:00,0.0966666666666666,6,0.26858831501036595,0.1345616687155301,0.1251351525168583
2025-12-02 12:00:00,0.0783333333333333,6,0.2231201092729705,0.07915333054069984,0.08459470195704422
2025-12-02 13:00:00,0.0466666666666666,6,0.1759560517889811,0.06378583634310867,0.06100084208405121
2025-12-02 14:00:00,0.0716666666666666,6,0.21559640909383165,0.1001344837266605,0.08744739724594414
2025-12-02 15:00:00,0.045,6,0.13089071438703193,0.03735500577363471,0.047809836818745566
2025-12-02 16:00:00,0.0083333333333333,6,0.02357165813353468,0.01138315863480506,0.011765122933923178
2025-12-02 17:00:00,0.01,6,-0.07781644180209549,0.010263590146207879,0.0068643481045608246
2025-12-02 18:00:00,0.01,6,-0.10466977180073642,0.009822460525804223,0.00748358050434772
2025-12-02 19:00:00,0.0083333333333333,6,-0.05218452725646988,0.009455643876211664,0.0106105742480892
2025-12-02 20:00:00,0.0066666666666666,6,0.07573020588315749,0.01979315672983334,0.018781814718596468
2025-12-02 21:00:00,0.0116666666666666,6,0.12774567256834812,0.04103062794756767,0.03659777647312218
2025-12-02 22:00:00,0.0083333333333333,6,-0.0013449677741785293,0.011220402697363177,0.011945550184754683
2025-12-02 23:00:00,0.01,6,-0.17373023070184251,0.00987682351646201,0.010879189113191579
2025-12-03 00:00:00,0.0149999999999999,6,-0.0015606031369118645,0.010291757834656782,0.011867662073890728
2025-12-03 01:00:00,0.1033333333333333,6,0.24398201305995149,0.1081984992137815,0.10052532010044313
2025-12-03 02:00:00,0.1733333333333333,6,0.33012073742824555,0.19630500483810717,0.21766195427749996
2025-12-03 03:00:00,0.2016666666666666,6,0.31643784056799706,0.17038099391261938,0.18900277453704
2025-12-03 04:00:00,0.3083333333333333,6,0.3896137657427926,0.32384383142524137,0.2800193933271095
2025-12-03 05:00:00,0.3216666666666667,6,0.37436852103337637,0.24975844880425077,0.2584768024329722
2025-12-03 06:00:00,0.345,6,0.4002874264731182,0.33979878295244165,0.30808345892903666
2025-12-03 07:00:00,0.5516666666666666,6,0.5157188660396633,0.5250311922919567,0.4943970276840846
2025-12-03 08:00:00,0.6316666666666667,6,0.5491956285269022,0.5881933182586655,0.5760379980336419
2025-12-03 09:00:00,0.6066666666666665,6,0.5358342494307936,0.5399814224209364,0.5724065243996606
2025-12-03 10:00:00,0.3383333333333333,6,0.40460988941145326,0.32547599515495085,0.32955010635558557
2025-12-03 11:00:00,0.1716666666666666,6,0.3050552211259302,0.17453483653882548,0.17149621815524374
2025-12-03 12:00:00,0.29,6,0.4010240954427988,0.34608375059890306,0.3267723963457975
2025-12-03 13:00:00,0.3133333333333333,6,0.42231737267833036,0.38262256840975306,0.3791781434090755
2025-12-03 14:00:00,0.175,6,0.3201790393618468,0.2127318531897523,0.21974519197538125
2025-12-03 15:00:00,0.1166666666666666,6,0.2724583662477207,0.15617007323017784,0.15062075969143415
2025-12-03 16:00:00,0.1216666666666666,6,0.2723094828337004,0.163246028720997,0.14893056158886478
2025-12-03 17:00:00,0.1866666666666666,6,0.31406572093251905,0.2104785453245426,0.18765879673561928
2025-12-03 18:00:00,0.3016666666666666,6,0.38183466246797815,0.3137741151124683,0.29049191742028796
2025-12-03 19:00:00,0.3933333333333333,6,0.4283561501678549,0.33974742458025037,0.3725218072994124
2025-12-03 20:00:00,0.2949999999999999,6,0.3688961348065801,0.2720270168716453,0.2815294881477251
2025-12-03 21:00:00,0.1933333333333333,6,0.28272105450167717,0.12927683483125055,0.1507643051183877
2025-12-03 22:00:00,0.1633333333333333,6,0.3055376039855153,0.16706606541737198,0.17461546877236256
2025-12-03 23:00:00,0.3549999999999999,6,0.43239863728974415,0.3696634214814959,0.3732245206891814
2025-12-04 00:00:00,0.14,6,0.2721653127060156,0.1367224300346973,0.12710507373949703
2025-12-04 01:00:00,0.0816666666666666,6,0.18864902080029178,0.0747198635546011,0.060854463689673066
2025-12-04 02:00:00,0.14,6,0.2549947152874299,0.09127091132702689,0.11465464327663438
2025-12-04 03:00:00,0.14,6,0.27602595831244503,0.13866266563630347,0.12553910194437715
2025-12-04 04:00:00,0.0749999999999999,6,0.2187678257703652,0.07702905363644981,0.08262152773270881
2025-12-04 05:00:00,0.08,6,0.24043426048073807,0.08805195513008646,0.08840675683395288
2025-12-04 06:00:00,0.0749999999999999,6,0.16786203493536178,0.052014239794388385,0.05306653229701247
2025-12-04 07:00:00,0.115,6,0.224283671773361,0.09200642949476649,0.08157444968270577
2025-12-04 08:00:00,0.17,6,0.2906412930900909,0.16371180195777818,0.1455907638018116
2025-12-04 09:00:00,0.0966666666666666,6,0.21317962393465378,0.09056103327971328,0.08248343902756261
2025-12-04 10:00:00,0.0416666666666666,6,0.11174982447641241,0.03730966080682397,0.04224389464536976
2025-12-04 11:00:00,0.0216666666666666,6,0.09918900302069295,0.027649470876599226,0.02812618880130119
2025-12-04 12:00:00,0.0433333333333333,6,0.1437840898388164,0.05512595313038161,0.06466698407562532
2025-12-04 13:00:00,0.0416666666666666,6,0.14021912169584216,0.05644047533319296,0.06792278208330532
2025-12-04 14:00:00,0.065,6,0.17914513581228003,0.08062966750180885,0.08355508498845832
2025-12-04 15:00:00,0.0166666666666666,6,0.09944183006586937,0.03323400785934775,0.03499867791691702
2025-12-04 16:00:00,0.1499999999999999,6,0.3006494618654566,0.20255559752269495,0.17898873227863085
2025-12-04 17:00:00,0.2183333333333333,6,0.34184071291463314,0.2510589554612505,0.24879333998922964
2025-12-04 18:00:00,0.1499999999999999,6,0.26827222959414776,0.14902699486700652,0.14083955935018114
2025-12-04 19:00:00,0.0566666666666666,6,0.1428808970378555,0.055015617301249736,0.0594958700148549
2025-12-04 20:00:00,0.01,6,-0.06293383893159699,0.009708203926302332,0.007091699574936605
2025-12-04 21:00:00,0.1216666666666666,6,0.27843860563312106,0.13697468538487367,0.15352442205747774
2025-12-04 22:00:00,0.0966666666666666,6,0.2546356837104313,0.1152684589380678,0.12087572687980411
2025-12-04 23:00:00,0.055,6,0.222502544043709,0.08771402959414319,0.09240747973285396
2025-12-05 00:00:00,0.0183333333333333,6,0.043626461927206484,0.011646621219439284,0.015115581846642634
2025-12-05 01:00:00,0.0149999999999999,6,0.15333803180778088,0.04960231643469242,0.05850069700737098
2025-12-05 02:00:00,0.0083333333333333,6,0.06562880059756299,0.018748088599577092,0.021039049620717454
2025-12-05 03:00:00,0.0149999999999999,6,0.13777581806506156,0.06125941868599185,0.050585947488867855
2025-12-05 04:00:00,0.0466666666666666,6,0.13115170740554644,0.036636120374564325,0.04489498129593217
2025-12-05 05:00:00,0.0116666666666666,6,-0.06785644608926475,0.00980215701438811,0.006358573018605929
2025-12-05 06:00:00,0.0383333333333333,6,0.11801768505559568,0.026166404585880664,0.03157208063211453
2025-12-05 07:00:00,0.01,6,-0.07172279132219861,0.009796403265165263,0.00611523923956625
2025-12-05 08:00:00,0.01,6,-0.10237848912114525,0.009816761010929112,0.006893407502490234
2025-12-05 09:00:00,0.0083333333333333,6,-0.0003797841820911696,0.010960193019589231,0.011573303778019906
2025-12-05 10:00:00,0.0083333333333333,6,0.014498845405404026,0.009160503598469753,0.013216306445103632
2025-12-05 11:00:00,0.01,6,-0.04843720398261683,0.010046040319713637,0.010647827092872042
2025-12-05 12:00:00,0.01,6,-0.10711382241543116,0.009826452356358468,0.008000350045915927
2025-12-05 13:00:00,0.01,6,-0.05190131117977115,0.010264559333855216,0.01006728611951574
2025-12-05 14:00:00,0.0083333333333333,6,-0.04815826935817283,0.01044431124634345,0.009877658844857085
2025-12-05 15:00:00,0.01,6,-0.06495246904166427,0.00979605338071869,0.007488438726840907
2025-12-05 16:00:00,0.01,6,-0.1015470218532335,0.009816761010929112,0.008000350045915927
2025-12-05 17:00:00,0.025,6,0.0025568906689482918,0.012665166376152797,0.013258049877184097
2025-12-05 18:00:00,0.1583333333333333,6,0.2893772805362155,0.18805584846845125,0.17257899687039024
2025-12-05 19:00:00,0.1883333333333333,6,0.30917329037962404,0.20330302225978994,0.20452781029490028
2025-12-05 20:00:00,0.1616666666666666,6,0.2907442364199144,0.19744652001216018,0.17564109309979903
2025-12-05 21:00:00,0.0666666666666666,6,0.16867727996026327,0.0697998564316456,0.07079787816735367
2025-12-05 22:00:00,0.12,6,0.2532914784614994,0.12686748135868048,0.1385207779196256
2025-12-05 23:00:00,0.145,6,0.2687829121206696,0.14740522492411784,0.14542174973993832
2025-12-06 00:00:00,0.01,6,-0.13624656311590436,0.009870809733896414,0.00960033769371288
2025-12-06 01:00:00,0.01,6,-0.09167051394754505,0.009813676078929946,0.006396779981020062
2025-12-06 02:00:00,0.0116666666666666,6,-0.040463448745665764,0.009632691319547844,0.008339696157085963
2025-12-06 03:00:00,0.01,6,-0.03547685717478791,0.009725978077429736,0.008642699449036617
2025-12-06 04:00:00,0.01,6,-0.16818278991982422,0.00987682351646201,0.007578322704180407
2025-12-06 05:00:00,0.01,6,-0.1319515022662573,0.009870613548425933,0.006805802150210372
2025-12-06 06:00:00,0.0149999999999999,6,0.02840000155013589,0.010637505783694975,0.012458068374605391
2025-12-06 07:00:00,0.0149999999999999,6,0.006992730791692381,0.008897073648126207,0.01140850848978181
2025-12-06 08:00:00,0.125,6,0.2363341737236429,0.10561459252614534,0.09124074855808323
2025-12-06 09:00:00,0.155,6,0.27743387371542283,0.1424902299736245,0.14267300036406522
2025-12-06 10:00:00,0.0699999999999999,6,0.19606924309244228,0.07427838744229752,0.06801543607095811
2025-12-06 11:00:00,0.135,6,0.25660288653654684,0.11415252288015412,0.12382945634552361
2025-12-06 12:00:00,0.7866666666666667,6,0.6663016691608621,0.7550876104923451,0.7737926185626813
2025-12-06 13:00:00,0.6699999999999999,6,0.6035379938249605,0.6699968000943498,0.667031462617319
2025-12-06 14:00:00,0.6166666666666667,6,0.5783755968404105,0.6331349514401281,0.6434586220101963
2025-12-06 15:00:00,0.4416666666666666,6,0.47383026097792225,0.4673680920903457,0.45918414710351524
2025-12-06 16:00:00,0.4299999999999999,6,0.45883779544243186,0.43288410306762404,0.4276248609410257
2025-12-06 17:00:00,0.0916666666666666,6,0.16056913720880095,0.06086751222991064,0.06686868324090867
2025-12-06 18:00:00,0.01,6,-0.11434722960778604,0.009863043578929137,0.009286100605547298
2025-12-06 19:00:00,0.01,6,-0.0221715089453014,0.009737537322011403,0.010366554513226822
2025-12-06 20:00:00,0.01,6,-0.07539751242649934,0.009843269994938798,0.006533808203182445
2025-12-06 21:00:00,0.01,6,-0.08869083110331033,0.00980980681314844,0.006416411070991779
2025-12-06 22:00:00,0.0483333333333333,6,0.1796471457306269,0.06574599666386997,0.06479069155437078
2025-12-06 23:00:00,0.07,6,0.19193018345756985,0.08606729152554893,0.06493349397953979
2025-12-07 00:00:00,0.0733333333333333,6,0.18968027817017452,0.08335421256218854,0.0648201476891988
2025-12-07 01:00:00,0.1016666666666666,6,0.2123731063697601,0.0881641817782916,0.07772974717625714
2025-12-07 02:00:00,0.1333333333333333,6,0.2414650451258712,0.10056004828430538,0.0955669025514107
2025-12-07 03:00:00,0.2299999999999999,6,0.36247709600262357,0.24095410655415994,0.2568533125569449
2025-12-07 04:00:00,0.2433333333333333,6,0.3215601281239703,0.20268959950544987,0.1965820573319048
2025-12-07 05:00:00,0.3433333333333333,6,0.3835346520530738,0.2852234451495756,0.28861383166801097
2025-12-07 06:00:00,0.3733333333333332,6,0.4092724490001063,0.34264722965150396,0.34730172734312026
2025-12-07 07:00:00,0.4666666666666666,6,0.5129889275552691,0.48054332075206635,0.5056564317020801
2025-12-07 08:00:00,0.0499999999999999,6,0.14657074434133194,0.040229901080207325,0.04805755986286264
2025-12-07 09:00:00,0.0133333333333333,6,0.057694237645720514,0.016576423198141753,0.015657654960393896
2025-12-07 10:00:00,0.055,6,0.1818567217984099,0.05591687242935573,0.058283920186628924
2025-12-07 11:00:00,0.0083333333333333,6,-0.07073526798767946,0.00983082421950815,0.005666154822362934
2025-12-07 12:00:00,0.01,6,-0.15419333693911258,0.009874765449803117,0.00877603986506792
2025-12-07 13:00:00,0.01,6,0.0066135036886803,0.00888655939815258,0.012593248795760015
2025-12-07 14:00:00,0.0199999999999999,6,0.0722703322670068,0.020523683000881063,0.023732893632006036
2025-12-07 15:00:00,0.01,6,-0.07402600781196345,0.009841356886452707,0.007175019904521518
2025-12-07 16:00:00,0.0299999999999999,6,0.07294167444280591,0.016662926050479237,0.022634495619341166
2025-12-07 17:00:00,0.0066666666666666,6,0.10258996853105318,0.019446818215496764,0.030696233660192807
2025-12-07 18:00:00,0.0749999999999999,6,0.24564453670343972,0.11773025601920885,0.10423580627358414
2025-12-07 19:00:00,0.0133333333333333,6,0.020782345799181978,0.012914490691341223,0.010353252076106656
2025-12-07 20:00:00,0.01,6,0.009993335204109138,0.010088384083600877,0.011162663756971225
2025-12-07 21:00:00,0.085,6,0.23285625577847907,0.10582288217093386,0.0914874234392779
2025-12-07 22:00:00,0.0149999999999999,6,0.06714631836753243,0.016295092738377374,0.01842476023925288
2025-12-07 23:00:00,0.01,6,-0.07071104432682981,0.010121887644484167,0.006446769885742332
2025-12-08 00:00:00,0.01,6,-0.10886548562131526,0.009826452356358468,0.007337293694209601
2025-12-08 01:00:00,0.01,6,-0.15210460491641364,0.00987204144517907,0.007664473436599262
2025-12-08 02:00:00,0.01,6,-0.12151696753676418,0.009864670700444196,0.007664473436599262
2025-12-08 03:00:00,0.0466666666666666,6,0.18152981257701645,0.0519675090272752,0.06152601369261507
2025-12-08 04:00:00,0.2183333333333333,6,0.36883425371911926,0.2765702736982797,0.27191329574940293
2025-12-08 05:00:00,0.1516666666666666,6,0.30423897579969594,0.15415037820159672,0.171931517772418
2025-12-08 06:00:00,0.6483333333333333,6,0.5954494781322599,0.6711001140026227,0.665524871505269
2025-12-08 07:00:00,0.5316666666666666,6,0.5202885661003358,0.5120534492610486,0.5200556457491736
2025-12-08 08:00:00,0.3833333333333333,6,0.41878401327554227,0.37869196848968945,0.36409446409355906
2025-12-08 09:00:00,0.3533333333333333,6,0.4129005039780418,0.366127384485749,0.35923999212267643
2025-12-08 10:00:00,0.1566666666666666,6,0.2529341323373329,0.09306844622056279,0.11241122246484114
2025-12-08 11:00:00,0.01,6,-0.06305363480409737,0.009736308154057394,0.006321123231914694
2025-12-08 12:00:00,0.01,6,-0.060123968050146415,0.009655647641026596,0.010135677752200367
2025-12-08 13:00:00,0.0083333333333333,6,0.004739783709629963,0.011945774220028986,0.013763030292162748
2025-12-08 14:00:00,0.04,6,0.03709149083008717,0.012799366786415599,0.016324188870989964
2025-12-08 15:00:00,0.4216666666666666,6,0.46026266611117006,0.3704584403613214,0.4158447724520267
2025-12-08 16:00:00,0.5333333333333333,6,0.5200015133738052,0.5281391087935483,0.5258987583423106
2025-12-08 17:00:00,0.33,6,0.4170106266657291,0.34786297532915034,0.36103289115309534
2025-12-08 18:00:00,0.6816666666666666,6,0.6145121480281608,0.6656851372459233,0.6956345691266761
2025-12-08 19:00:00,0.92,6,0.7654362056759273,0.9363975061105765,0.9205561329897468
2025-12-08 20:00:00,0.9466666666666665,6,0.804514453170304,0.9477432717565493,0.9461345080717908
2025-12-08 21:00:00,0.96,6,0.804233161902692,0.9588315385133477,0.9517218468944056
2025-12-08 22:00:00,0.8533333333333333,6,0.7139888635775475,0.8500805230634033,0.8501742101154455
2025-12-08 23:00:00,0.945,6,0.7564477783331875,0.9296744103851523,0.9135208038601772
2025-12-09 00:00:00,0.785,6,0.6501651584800767,0.7288136946947665,0.7418081065001704
2025-12-09 01:00:00,0.2966666666666666,6,0.3981969611263364,0.33980894674906037,0.3144122107436873
2025-12-09 02:00:00,0.1499999999999999,6,0.29297343256587716,0.16419260554119403,0.16154753680708453
2025-12-09 03:00:00,0.125,6,0.2649461820058384,0.12533138901685148,0.1281095798359965
2025-12-09 04:00:00,0.0749999999999999,6,0.20440494803622972,0.07069388772063294,0.09095651280929246
2025-12-09 05:00:00,0.025,6,0.1080463858322579,0.03237654524497338,0.036326736305490215
2025-12-09 06:00:00,0.0116666666666666,6,0.032861935290983746,0.012693061990715725,0.012059535705551905
2025-12-09 07:00:00,0.01,6,-0.1290465249173241,0.009871779536158296,0.006805802150210372
2025-12-09 08:00:00,0.01,6,-0.03933226889888089,0.009324965503943574,0.008258107885032395
2025-12-09 09:00:00,0.155,6,0.25611187195945573,0.09695688688955997,0.11848420254767944
2025-12-09 10:00:00,0.7999999999999999,6,0.676968952093766,0.7981653017129412,0.7976917416808049
2025-12-09 11:00:00,0.9083333333333332,6,0.7535845483781165,0.9150533238707805,0.9168444523366363
2025-12-09 12:00:00,0.9716666666666663,6,0.9004406416243925,0.9689901738691604,0.9696741494769209
2025-12-09 13:00:00,0.9699999999999998,6,0.8939842465824942,0.9684680350165915,0.9636555037414485
2025-12-09 14:00:00,0.9633333333333332,6,0.841701874825535,0.9684478419646877,0.9582631719623894
2025-12-09 15:00:00,0.9683333333333332,6,0.8364812335612445,0.9671454668721353,0.9632037527686804
2025-12-09 16:00:00,0.9533333333333333,6,0.7765455831394729,0.9377492225974108,0.9362766173400698
2025-12-09 17:00:00,0.9533333333333333,6,0.7743842968184723,0.9237087847104899,0.9294517560317661
2025-12-09 18:00:00,0.8999999999999999,6,0.7337908881972938,0.8906172007352063,0.8878340175837852
2025-12-09 19:00:00,0.9366666666666666,6,0.7424377598247963,0.9061444822432347,0.8991162771191288
2025-12-09 20:00:00,0.8649999999999998,6,0.7173680099414771,0.873331631036246,0.8557390876199101
2025-12-09 21:00:00,0.5466666666666666,6,0.5134796200019448,0.49930101761097734,0.49949199433560487
2025-12-09 22:00:00,0.1449999999999999,6,0.2624558422470265,0.12415725276708478,0.13086969677508653
2025-12-09 23:00:00,0.04,6,0.12570920357543525,0.031431595320485485,0.042710461306278535
2025-12-10 00:00:00,0.3316666666666666,6,0.4387721129917519,0.3595853701374645,0.3788927848837795
2025-12-10 01:00:00,0.6516666666666667,6,0.5933339055075431,0.6672769344931497,0.6533216034941838
2025-12-10 02:00:00,0.7916666666666666,6,0.6643336854407451,0.7589786995541231,0.7750369843151457
2025-12-10 03:00:00,0.9433333333333332,6,0.7913620713415063,0.9502417154270396,0.9464061704993034
2025-12-10 04:00:00,0.9783333333333332,6,1.0597143316482032,0.9785507918785443,0.9728885435715225
2025-12-10 05:00:00,0.975,6,0.9133191721167478,0.976681403053249,0.9732739623710555
2025-12-10 06:00:00,0.968,5,0.8377766436261084,0.9743540940918266,0.9722921996483639
2025-12-10 09:00:00,0.91,2,0.8109517626911872,0.9699626694917072,0.957708579909789
2025-12-10 10:00:00,0.6416666666666666,6,0.6484256345305341,0.7831446225035487,0.758114775529521
2025-12-10 11:00:00,0.93,6,0.7845466038319403,0.9488265292800243,0.9464068465497028
2025-12-10 12:00:00,0.9466666666666668,6,0.8021299549222299,0.9694383722474066,0.9543281287417423
2025-12-10 13:00:00,0.9466666666666665,6,0.7708619257763579,0.9544833708330964,0.9350011488480643
2025-12-10 14:00:00,0.9616666666666664,6,0.829307892350929,0.9705826784585511,0.9640020401747518
2025-12-10 15:00:00,0.9699999999999998,6,0.8929351094390966,0.978385814777172,0.9702029483171873
2025-12-10 16:00:00,0.9733333333333332,6,0.845289141820272,0.9763189725549304,0.9694588503039363
2025-12-10 17:00:00,0.9733333333333332,6,0.8835777173118501,0.9411428458947375,0.9626983551603074
2025-12-10 18:00:00,0.955,6,0.802850319867562,0.9446902775667745,0.9481001323130921
2025-12-10 19:00:00,0.98,6,0.9855894521049128,0.9810795150657996,0.9809166496002444
2025-12-10 20:00:00,0.98,6,0.9390343281326786,0.9834242201048784,0.9808035319187202
2025-12-10 21:00:00,0.98,6,0.9504613049291938,0.9832980871234832,0.9811917569406179
2025-12-10 22:00:00,0.98,6,0.9334002001739342,0.9831112054709187,0.9808035319187202
2025-12-10 23:00:00,0.97,6,0.9051913683964362,0.9802488451056638,0.9791171871529756
2025-12-11 00:00:00,0.9433333333333332,6,0.7380789549110163,0.8722817242128553,0.9037145176180229
2025-12-11 01:00:00,0.4883333333333332,6,0.5068569414778434,0.5194521902382413,0.49070815224052505
2025-12-11 02:00:00,0.3533333333333332,6,0.44811215990264797,0.34966576493872364,0.3759765589287827
2025-12-11 03:00:00,0.0883333333333333,6,0.2360099502564144,0.03670442347582373,0.055948590146486954
2025-12-11 04:00:00,0.005,6,0.0485831511524758,0.013676224375154523,0.0014102698642421974
2025-12-11 05:00:00,0.0083333333333333,6,-0.06320594996337431,0.00971353625909968,0.006601995813497463
2025-12-11 06:00:00,0.0349999999999999,6,0.17971298015216758,0.025866767185581667,0.02207461194718313
2025-12-11 07:00:00,0.01,6,0.2847125019303878,0.07791633535918557,0.06453517423814431
2025-12-11 08:00:00,0.3283333333333333,6,0.583332656067346,0.6639408916495348,0.6873059398512251
2025-12-11 09:00:00,0.98,6,1.019693459711502,0.9782982452396792,0.9825613724698266
2025-12-11 10:00:00,0.9,6,1.0794403083919764,0.9747275235216599,0.9735825541424947
2025-12-11 11:00:00,0.3066666666666666,6,1.0836054686255348,0.9771788493504364,0.9735825541424947
2025-12-11 12:00:00,0.9783333333333332,6,1.243851137911772,0.9735364791467123,0.9786205519135135
2025-12-11 13:00:00,0.975,6,1.346107068032505,0.9762524775993608,0.983710949868384
2025-12-11 14:00:00,0.22,6,1.1045871613044342,0.9685878709240299,0.9668712469236097
2025-12-11 16:00:00,0.3674999999999999,4,1.1450279974622148,0.9705852502606445,0.9780897268278703
2025-12-11 17:00:00,0.98,6,1.119762516527968,0.9779605935310328,0.9669764090640345
2025-12-11 18:00:00,0.9733333333333332,6,0.8694516159159617,0.9778528032686761,0.9702124637876403
2025-12-11 19:00:00,0.975,6,1.0576041644419032,0.9851146239246757,0.9767733405062196
2025-12-11 20:00:00,0.9766666666666663,6,1.21384025683644,0.9752563102505845,0.9840429556009002
2025-12-11 21:00:00,0.98,6,1.232010934718803,0.9736328084247932,0.9838247454562917
2025-12-11 22:00:00,0.9783333333333332,6,1.2744206212587423,0.9748009959541065,0.983951383639668
2025-12-11 23:00:00,0.98,6,1.381381015936907,0.9734414593306849,0.9838247454562917
2025-12-12 00:00:00,0.98,6,1.4380906918416057,0.9761673543188695,0.9840429556009002
2025-12-12 01:00:00,0.98,6,1.5535181032733152,0.9755200351141332,0.9835011761366721
2025-12-12 02:00:00,0.98,6,1.426153498262737,0.9758001915941136,0.9828358144780552
2025-12-12 03:00:00,0.98,6,1.3826654703536327,0.9753680240856962,0.9828358144780552
2025-12-12 04:00:00,0.98,6,1.3588900123520453,0.9750476939066159,0.982640225817107
2025-12-12 05:00:00,0.9783333333333332,6,1.343920092005154,0.9700881440617289,0.9769236871945715
2025-12-12 06:00:00,0.98,6,1.1734035754722045,0.9405977619889103,0.9636120762058378
2025-12-12 07:00:00,0.9733333333333332,3,1.017482883342387,0.9838948999835835,0.9754901361133042
2025-12-12 08:00:00,0.978,5,1.013555928393127,0.9778530576469323,0.9756141106256523
2025-12-12 09:00:00,0.9783333333333332,6,0.9535796088689438,0.9834761245438474,0.9759927831514422
2025-12-12 10:00:00,0.98,6,1.020144233830901,0.9428613601131417,0.8818602196236307
2025-12-12 11:00:00,0.9766666666666663,6,1.081583899443884,0.9765650423314636,0.9498066921572306
2025-12-12 12:00:00,0.9766666666666666,6,1.1620674097297532,0.9419252374182914,0.9202384469367557
2025-12-12 13:00:00,0.9716666666666666,6,0.958981303774111,0.9796541461355762,0.9724683084332832
2025-12-12 14:00:00,0.9783333333333332,6,1.0128851369321956,0.9776131322732768,0.9674663509392256
2025-12-12 15:00:00,0.975,6,0.9466136752156092,0.979457589608859,0.9714895467177149
2025-12-12 16:00:00,0.975,6,0.9371525927746248,0.9791471508850571,0.9716150630409032
2025-12-12 17:00:00,0.9733333333333332,6,1.1261956742491859,0.9754855336078119,0.9650176639184077
2025-12-12 18:00:00,0.9716666666666666,6,1.1694402877246213,0.8924237106697716,0.7399444343229231
2025-12-12 19:00:00,0.98,3,1.0537734899940792,0.9809658852350638,0.9686867328252335
2025-12-12 20:00:00,0.9766666666666666,6,1.1270387123061871,0.9604134430157789,0.9556001663343965
2025-12-12 21:00:00,0.98,6,1.0281127003336827,0.9807041314186332,0.9674663509392256
2025-12-12 22:00:00,0.98,6,1.012298282864872,0.9780198712666656,0.9677784791064684
2025-12-12 23:00:00,0.98,6,0.946485768221604,0.9794313690701385,0.9714895467177149
2025-12-13 00:00:00,0.9783333333333336,6,0.995351534653608,0.9793165816066622,0.9732851670589857
2025-12-13 01:00:00,0.9583333333333331,6,0.7855169116026987,0.935310896320935,0.9472030573748336
2025-12-13 02:00:00,0.5116666666666667,6,0.47155117240650535,0.40728121891223024,0.4435561370789412
2025-12-13 03:00:00,0.18,6,0.25267418749140214,0.09617741868254301,0.11025083706064986
2025-12-13 04:00:00,0.0533333333333333,6,0.16888392756498816,0.053122172692537245,0.05208975603024718
2025-12-13 05:00:00,0.0116666666666666,6,0.018390880344688332,0.013466506145192184,0.010278371637815586
2025-12-13 06:00:00,0.0116666666666666,6,0.012521079072113722,0.010158446926909951,0.01105033353198892
2025-12-13 07:00:00,0.0233333333333333,6,0.014758119060999164,0.010251134176113801,0.012613724179083574
2025-12-13 08:00:00,0.0083333333333333,6,-0.09335516490671564,0.009814911741306272,0.008113248667416917
2025-12-13 09:00:00,0.0633333333333333,6,0.1566940096640263,0.0382365981416388,0.04777399544885064
2025-12-13 10:00:00,0.185,4,0.3322691754057796,0.1740562669681444,0.22417766712930767
2025-12-13 11:00:00,0.05,6,0.2558505637911079,0.1139966829022308,0.12382945634552361
2025-12-13 12:00:00,0.2916666666666666,6,0.3951670567456501,0.3214347865200072,0.3205274975970539
2025-12-13 13:00:00,0.395,6,0.45850889957953667,0.4330659570813138,0.4276248609410257
2025-12-13 14:00:00,0.4416666666666667,6,0.47418102385849925,0.4665189099915803,0.46011931688784485
2025-12-13 15:00:00,0.5033333333333333,6,0.516644960069726,0.5379558297321272,0.5202505914094719
2025-12-13 16:00:00,0.7583333333333334,6,0.6551206210161001,0.7597643967280937,0.7394783221546802
2025-12-13 17:00:00,0.9299999999999998,6,0.7843076762966937,0.9347735961065924,0.9426586869851161
2025-12-13 18:00:00,0.9216666666666664,6,0.7780810425153718,0.9440781420555392,0.9397957338740234
2025-12-13 19:00:00,0.875,6,0.7577369939074996,0.9264739517891373,0.9113705564806733
2025-12-13 20:00:00,0.9749999999999996,6,1.0544733851542332,0.9702550041750063,0.9737738882568397
2025-12-13 21:00:00,0.9383333333333332,6,0.7905807089257989,0.9173438100625051,0.9413059784420735
2025-12-13 22:00:00,0.845,6,0.7585046961695323,0.9296374905005482,0.9130391057916997
2025-12-13 23:00:00,0.315,6,0.39071861860297863,0.3015932024933539,0.30904529920199836
2025-12-14 00:00:00,0.2633333333333333,6,0.34625143877886067,0.2542428036123856,0.23759678005665313
2025-12-14 01:00:00,0.0483333333333333,6,0.13447310353993486,0.04549337161038844,0.04159351437746589
2025-12-14 02:00:00,0.3866666666666667,6,0.34893774595097526,0.24989178884845847,0.23782936901957663
2025-12-14 03:00:00,0.7016666666666665,6,0.6217599962681919,0.6820224951495895,0.7042727757196031
2025-12-14 04:00:00,0.6316666666666667,6,0.5735745667505772,0.6156916165145719,0.6157873480832985
2025-12-14 05:00:00,0.375,6,0.43512428036072015,0.371908121171062,0.3801979870651455
2025-12-14 06:00:00,0.3083333333333333,6,0.39104291088320364,0.30143685927319946,0.30904529920199836
2025-12-14 07:00:00,0.36,6,0.41940266756805666,0.36376056867448703,0.36673118612634764
2025-12-14 08:00:00,0.68,6,0.5993904670280805,0.6830412565734773,0.6570590382810828
2025-12-14 09:00:00,0.755,6,0.6409000434523956,0.7245489056856599,0.708032355664507
2025-12-14 10:00:00,0.7716666666666668,6,0.6602613777545855,0.7786545154623551,0.7624347703676497
2025-12-14 11:00:00,0.8916666666666666,6,0.7304597643015648,0.8983264891893583,0.877985138283865
2025-12-14 12:00:00,0.97,6,0.8096989439441532,0.947480174972937,0.94795409643051
2025-12-14 13:00:00,0.9733333333333332,6,0.834185080020401,0.9333087359681052,0.9580430836164352
2025-12-14 14:00:00,0.7383333333333334,6,0.665517744655819,0.7686396209173418,0.7714765369368162
2025-12-14 15:00:00,0.2966666666666666,6,0.37511982951631884,0.29554449868222216,0.3064448915558259
2025-12-14 16:00:00,0.0249999999999999,6,0.06540133414773985,0.026765326800873332,0.029635946677348757
2025-12-14 17:00:00,0.0299999999999999,6,0.08616598725081986,0.027144713054600783,0.030747649157024437
2025-12-14 18:00:00,0.2416666666666667,6,0.3381124751617951,0.24746909488243754,0.2454805320624727
2025-12-14 19:00:00,0.8683333333333335,6,0.7434434920438273,0.9137975853030965,0.897518738289867
2025-12-14 20:00:00,0.9783333333333332,6,1.00268574793995,0.9765330983561121,0.9753642950394341
2025-12-14 21:00:00,0.9733333333333332,6,0.9314362236469079,0.9765894622788458,0.9730487874115628
2025-12-14 22:00:00,0.9783333333333332,6,1.0188566827676757,0.9764484267475304,0.9712651239568291
2025-12-14 23:00:00,0.98,6,0.9963972260905855,0.9715793206733198,0.9739463894822801
2025-12-15 00:00:00,0.9783333333333332,6,0.9775648859225127,0.9756609776409704,0.9739857561582453
2025-12-15 01:00:00,0.955,6,0.8458851890917721,0.9694622097437438,0.9617165270005374
2025-12-15 02:00:00,0.9133333333333334,6,0.7884410293244796,0.9447609976591647,0.9402320821827769
2025-12-15 03:00:00,0.5216666666666667,6,0.49206821838558135,0.48676615549809876,0.4783777314014286
2025-12-15 04:00:00,0.1983333333333333,6,0.3039748382634304,0.16106290123460393,0.17461546877236256
2025-12-15 05:00:00,0.0166666666666666,6,-0.016910846630649845,0.012378170003644984,0.010430554121256208
2025-12-15 06:00:00,0.0216666666666666,6,0.07251186278225824,0.020468424581126743,0.02776818723520874
2025-12-15 07:00:00,0.6566666666666666,6,0.6074165810373197,0.6295806535936501,0.6704242282886501
2025-12-15 08:00:00,0.5833333333333331,6,0.5482360278770717,0.596483881458049,0.567545715134025
2025-12-15 09:00:00,0.7566666666666667,6,0.6691302695228255,0.6114351409163368,0.5999758890460226
2025-12-15 10:00:00,0.98,6,0.8411368877758926,0.9689502216366348,0.9617165270005374
2025-12-15 11:00:00,0.9699999999999998,6,1.0134069584137264,0.9712020887105266,0.9788173423772855
2025-12-15 12:00:00,0.9716666666666666,6,1.1144575856207881,0.9740771590775068,0.9737388608040368
2025-12-15 13:00:00,0.975,6,1.1191074853570995,0.974100123843788,0.9745806562540851
2025-12-15 14:00:00,0.9766666666666663,6,1.0167870502271552,0.9697197701509597,0.970823493212154
2025-12-15 15:00:00,0.9716666666666666,6,1.0260170629369791,0.9767526523985643,0.9699792348524915
2025-12-15 16:00:00,0.9733333333333332,6,1.0224993363682042,0.9766609893496919,0.9699140225137788
2025-12-15 17:00:00,0.9716666666666663,6,1.0387482718033167,0.9764409974401033,0.9732677307223531
2025-12-15 18:00:00,0.9733333333333332,6,0.9976859759207294,0.9764495986279219,0.9757751413074395
2025-12-15 19:00:00,0.9783333333333332,6,0.9439601137181844,0.9766801857404016,0.9738069832350682
2025-12-15 20:00:00,0.9699999999999998,6,0.8223509534361847,0.9448372735913351,0.9557722481870573
2025-12-15 21:00:00,0.4833333333333333,6,0.4913311724336531,0.48875784723885224,0.4769819882060447
2025-12-15 22:00:00,0.0416666666666666,6,0.14466359353609215,0.041670828165841986,0.05031718213382114
2025-12-15 23:00:00,0.025,6,0.09928118437775607,0.01676922192063804,0.02190788016241929
2025-12-16 00:00:00,0.01,6,-0.1027618949533283,0.009816761010929112,0.006478622407820711
2025-12-16 01:00:00,0.01,6,0.036162039855524075,0.014199966357073709,0.012779605101095493
2025-12-16 02:00:00,0.0083333333333333,6,0.10569745564620958,0.021739313408139404,0.028983489840612275
2025-12-16 03:00:00,0.0566666666666666,6,0.21432723147061633,0.08654363649245042,0.07736810798945737
2025-12-16 04:00:00,0.05,6,0.15454826043453684,0.03826690155029235,0.0487568503274497
2025-12-16 05:00:00,0.31,6,0.4134821790148623,0.36487109090426895,0.3580186985268662
2025-12-16 06:00:00,0.4066666666666665,6,0.42803139214346164,0.3614033365859582,0.37049375650400546
2025-12-16 07:00:00,0.6733333333333333,6,0.5678408384453458,0.6123081937817176,0.6144493642822181
2025-12-16 08:00:00,0.9683333333333332,6,0.8190672286895716,0.9603981961319557,0.9641083012722945
2025-12-16 09:00:00,0.9699999999999998,6,0.8040040857936149,0.9571687018972672,0.9546721125643577
2025-12-16 10:00:00,0.9266666666666666,6,0.7686901168388524,0.9238103893835695,0.9250373367479826
2025-12-16 11:00:00,0.9716666666666666,6,0.8611903352277294,0.9703022302088292,0.9677639023464352
2025-12-16 12:00:00,0.9649999999999997,6,0.8339063029708734,0.9671912660101145,0.9611201304949213
2025-12-16 13:00:00,0.945,6,0.7873988863170068,0.9422830917349264,0.9391253152200637
2025-12-16 14:00:00,0.9566666666666666,6,0.7837212879735375,0.9415329291541609,0.9359736569715686
2025-12-16 15:00:00,0.9016666666666668,6,0.7303962526131046,0.8599640466826831,0.8817411866482809
2025-12-16 16:00:00,0.7583333333333333,6,0.654857271354418,0.7755157211946113,0.7482281290989613
2025-12-16 17:00:00,0.4666666666666666,6,0.4352494128386406,0.3894589405353832,0.38569864117473496
2025-12-16 18:00:00,0.0616666666666666,6,0.19688705718726118,0.07341311014263399,0.08092357789822119
2025-12-16 19:00:00,0.0116666666666666,6,-0.0743777640132911,0.009852297940112666,0.007066175509688799
2025-12-16 20:00:00,0.0149999999999999,6,0.04967915288782443,0.01619746366155349,0.013187198374853104
2025-12-16 21:00:00,0.0833333333333333,6,0.23033484183664543,0.09473693805561156,0.09337462175041278
2025-12-16 22:00:00,0.0083333333333333,6,0.01055230747741362,0.011255575881855287,0.011238550701578864
2025-12-16 23:00:00,0.0083333333333333,6,-0.0012874229908052537,0.011220402697363177,0.01092546443118847
2025-12-17 00:00:00,0.01,6,-0.13407941261290102,0.009870613548425933,0.006805802150210372
2025-12-17 01:00:00,0.01,6,-0.05087072500022394,0.00953317399837596,0.008727097399035377
2025-12-17 02:00:00,0.085,6,0.2360430998428577,0.10264880912653843,0.0917451872286062
2025-12-17 03:00:00,0.1616666666666666,6,0.2967197216283102,0.17315110311067475,0.15322924638538665
2025-12-17 04:00:00,0.0083333333333333,6,-0.06167945839656033,0.009702440439489413,0.008717868592073463
2025-12-17 05:00:00,0.01,6,-0.1203973514984868,0.009864670700444196,0.006805802150210372
2025-12-17 06:00:00,0.07,6,0.21355518592391404,0.08660073762938161,0.07787254665998034
2025-12-17 07:00:00,0.1083333333333333,6,0.27087306231761843,0.12684938584736885,0.12415232589352682
2025-12-17 08:00:00,0.1283333333333333,6,0.28426305623049664,0.14936836742764062,0.13881929086012923
2025-12-17 09:00:00,0.055,6,0.18237091186376697,0.05320227388635411,0.06023222462024147
2025-12-17 10:00:00,0.01,6,-0.09245484934492351,0.009813676078929946,0.006083940715129799
2025-12-17 11:00:00,0.0083333333333333,6,-0.11360949850435813,0.009851582374699358,0.007129271314086194
2025-12-17 12:00:00,0.01,6,-0.023603908307129245,0.0095648325822632,0.010268149178775443
2025-12-17 13:00:00,0.01,6,-0.1003733615898362,0.009816761010929112,0.0067914616737109745
2025-12-17 14:00:00,0.01,6,-0.11304744354571727,0.009851582374699358,0.007883829305766255
2025-12-17 15:00:00,0.01,6,-0.10013308469333615,0.009816761010929112,0.0067914616737109745
2025-12-17 16:00:00,0.01,6,-0.1092550159335017,0.009832105216389858,0.006693056339259651
2025-12-17 17:00:00,0.0633333333333333,6,0.04602760727178973,0.01311550948076861,0.01359312680592445
2025-12-17 18:00:00,0.2516666666666666,6,0.30546881054346753,0.17569172417349369,0.1794252279509314
2025-12-17 19:00:00,0.2566666666666666,6,0.3247686267792814,0.17069493980844014,0.20070631796645397
2025-12-17 20:00:00,0.4049999999999999,6,0.4476574324491692,0.416016139019017,0.4059847076362208
2025-12-17 21:00:00,0.4283333333333334,6,0.4675026705082783,0.43816262709669757,0.4446906206975609
2025-12-17 22:00:00,0.5133333333333333,6,0.5118179869561238,0.5240596516652265,0.5084330688590311
2025-12-17 23:00:00,0.7116666666666664,6,0.6374940634670299,0.6950127459413407,0.7282177671750993
2025-12-18 00:00:00,0.835,6,0.7066152595405114,0.8470715621380803,0.8508768488134145
2025-12-18 01:00:00,0.6533333333333333,6,0.5928160573090159,0.6818108596848548,0.6634262535008912
2025-12-18 02:00:00,0.5883333333333333,6,0.5518120392325526,0.6062766218632734,0.5853189439318975
2025-12-18 03:00:00,0.38,6,0.44498127789189446,0.39783283582566903,0.4016735768435557
2025-12-18 04:00:00,0.4533333333333333,6,0.47859431879264414,0.46567500310002835,0.46073522613924217
2025-12-18 05:00:00,0.6099999999999999,6,0.5612292300632561,0.6032329356299705,0.6101141424211606
2025-12-18 06:00:00,0.4633333333333333,6,0.4749243588459299,0.4708581089583221,0.457205497179775
2025-12-18 07:00:00,0.2133333333333333,6,0.3449287445071083,0.22941768058171083,0.23254171530606443
2025-12-18 08:00:00,0.18,6,0.32211078382960223,0.16772262003853386,0.19565125321586527
2025-12-18 09:00:00,0.1733333333333333,6,0.3243025688857901,0.18101450932879448,0.19565125321586527
2025-12-18 10:00:00,0.1816666666666666,6,0.3197343827418694,0.17300413366776535,0.19557852762127853
2025-12-18 11:00:00,0.145,6,0.2991202915250598,0.17257880161968153,0.16926419255817618
2025-12-18 12:00:00,0.27,6,0.38514115181052244,0.28576617507263524,0.29089965270307705
2025-12-18 13:00:00,0.695,6,0.6216018029657479,0.697852468885783,0.7065981305593713
2025-12-18 14:00:00,0.68,6,0.6042187077215982,0.6464007831433528,0.6720086851211968
2025-12-18 15:00:00,0.8833333333333333,6,0.7323901454469032,0.8695021580025044,0.8944845193323143
2025-12-18 16:00:00,0.8966666666666666,6,0.7300940467578925,0.8808566683660399,0.8891396151179862
2025-12-18 17:00:00,0.9333333333333332,6,0.755322202370405,0.9116455065423418,0.9213901262706965
2025-12-18 18:00:00,0.945,6,0.7803154176918378,0.9406409099505112,0.9488752562997013
2025-12-18 19:00:00,0.975,6,0.8215119504946017,0.9487847916468468,0.9641083012722945
2025-12-18 20:00:00,0.9683333333333332,6,0.7997683030514248,0.9593738067717421,0.9576772058064763
2025-12-18 21:00:00,0.9766666666666666,6,0.8206934512482832,0.966224275937451,0.9637338745037771
2025-12-18 22:00:00,0.9333333333333332,6,0.7460971083930847,0.88477082442474,0.9095488306298481
2025-12-18 23:00:00,0.9633333333333332,6,0.7880482657326223,0.9343532025238598,0.9509801993907222
2025-12-19 00:00:00,0.7583333333333333,6,0.641268076748566,0.7537232184987248,0.730431687913318
2025-12-19 01:00:00,0.975,6,0.8276290916125976,0.9590363342242205,0.9684114134401555
2025-12-19 02:00:00,0.98,6,0.8313351471979206,0.9742710151946596,0.9688449415371119
2025-12-19 03:00:00,0.9533333333333333,6,0.7541199821420709,0.8999017021726032,0.9198054285339704
2025-12-19 04:00:00,0.9133333333333334,6,0.7369748620030858,0.8778258640422941,0.90658761694441
2025-12-19 05:00:00,0.6149999999999999,6,0.5771318486255451,0.6515188404182949,0.6501174487992545
2025-12-19 06:00:00,0.1566666666666666,6,0.20447746144386197,0.0846603734027879,0.07701628747610634
2025-12-19 07:00:00,0.0083333333333333,6,0.02006539265018309,0.010221309272037486,0.012077386513691557
2025-12-19 08:00:00,0.0116666666666666,6,0.17866334236169246,0.05194139114701132,0.05285444050239174
2025-12-19 09:00:00,0.0266666666666666,6,0.16632218440354246,0.04909418900319348,0.05184030013489288
2025-12-19 10:00:00,0.01,6,0.06578417849325291,0.015352604248021111,0.01857747571029461
2025-12-19 11:00:00,0.0999999999999999,6,0.2445063008883152,0.10778136786564524,0.10015089333192573
2025-12-19 12:00:00,0.2683333333333333,6,0.3797196792522589,0.30704340825072185,0.2828985054186096
2025-12-19 13:00:00,0.51,6,0.5165929164472715,0.5397151238772758,0.5086993402747597
2025-12-19 14:00:00,0.7616666666666667,6,0.6478907213625804,0.7595975866292247,0.7534487820013092
2025-12-19 15:00:00,0.8983333333333333,6,0.7229247197212498,0.8555421818058513,0.8677139701791425
2025-12-19 16:00:00,0.9666666666666665,6,0.7864150829480726,0.9430480540397658,0.9462580437799565
2025-12-19 17:00:00,0.9749999999999996,6,0.8192841725228889,0.9558522529675186,0.9601195668180407
2025-12-19 18:00:00,0.9783333333333332,6,0.9588645905869472,0.97946570676554,0.9731107937171574
2025-12-19 19:00:00,0.98,6,0.9150722534968813,0.975484369416824,0.9735297444721501
2025-12-19 20:00:00,0.975,6,0.7937049388799661,0.9510527865804037,0.9493002084983767
2025-12-19 21:00:00,0.8949999999999999,6,0.7483943031259298,0.929177202548873,0.9113471375202347
2025-12-19 22:00:00,0.9716666666666663,6,0.802908165839605,0.9562452040899365,0.9531031769150575
2025-12-19 23:00:00,0.9733333333333332,6,0.8624782493120392,0.973818435583085,0.9723060064393576
2025-12-20 00:00:00,0.9783333333333332,6,0.8642359891266759,0.9744956014507727,0.9708045661472298
2025-12-20 01:00:00,0.9566666666666666,6,0.7501030271516156,0.9084945838023647,0.9162305918917101
2025-12-20 02:00:00,0.9666666666666665,6,0.7596688410983389,0.9407782843157653,0.9274725574319451
2025-12-20 03:00:00,0.9716666666666666,6,0.7742649806513039,0.9560715858559683,0.943016516918624
2025-12-20 04:00:00,0.8416666666666666,6,0.7186542595147005,0.8585046300376294,0.8604578568382264
2025-12-20 05:00:00,0.535,6,0.578522980298843,0.6260948145211396,0.6471613756794583
2025-12-20 06:00:00,0.1116666666666666,6,0.3116440310020018,0.15835612026686086,0.15009901902070938
2025-12-20 07:00:00,0.0866666666666666,6,0.4003378055844864,0.3185735245371922,0.3058174935611232
2025-12-20 08:00:00,0.1849999999999999,6,0.4028314404553839,0.3289710588252364,0.3093037535209711
2025-12-20 09:00:00,0.1249999999999999,6,0.3372925786829729,0.19234880475398844,0.19823766025364858
2025-12-20 10:00:00,0.13,6,0.38362557979138556,0.2602661481108239,0.2700763780983142
2025-12-20 11:00:00,0.1666666666666666,6,0.42434616238381906,0.33423839510111547,0.351945380753187
2025-12-20 12:00:00,0.2866666666666666,6,0.5098276156223243,0.5348155554411474,0.4926419658553691
2025-12-20 13:00:00,0.395,6,0.5240520637459485,0.5111911734035223,0.5395868342421699
2025-12-20 14:00:00,0.2949999999999999,6,0.43348300041582877,0.3544775774370276,0.37425086090351994
2025-12-20 15:00:00,0.2666666666666666,6,0.41033310906134246,0.35747765609797777,0.3514934287684339
2025-12-20 16:00:00,0.09,6,0.24247396973390412,0.09029456743695934,0.09597308088014689
2025-12-20 17:00:00,0.01,6,-0.05173687671307636,0.009744083863803453,0.011881294249716567
2025-12-20 18:00:00,0.0083333333333333,6,-0.11976115951179633,0.009862213813606963,0.008220114217769081
2025-12-20 19:00:00,0.01,6,-0.14981415100207474,0.00987204144517907,0.008268375517708482
2025-12-20 20:00:00,0.01,6,-0.18528893020045,0.00987682351646201,0.008577849677069593
2025-12-20 21:00:00,0.01,6,-0.136702413542723,0.009870613548425933,0.008220114217769081
2025-12-20 22:00:00,0.0083333333333333,6,-0.047950676303947976,0.009997189167704956,0.01756981349293185
2025-12-20 23:00:00,0.0599999999999999,6,0.22596027344344122,0.08999260659749408,0.0889075896055948
2025-12-21 00:00:00,0.0299999999999999,6,0.11180612262161632,0.023419162353209132,0.02923822244443497
2025-12-21 01:00:00,0.0833333333333333,6,0.2593658379742134,0.11931958432767796,0.1183672179350504
2025-12-21 02:00:00,0.3033333333333332,6,0.4110713059089386,0.3664491900253224,0.3473655377147068
2025-12-21 03:00:00,0.2299999999999999,6,0.3602272455670611,0.2343156644335142,0.2514680735384871
2025-12-21 04:00:00,0.7383333333333332,6,0.6412424418940486,0.7468486407592367,0.7269300573850301
2025-12-21 05:00:00,0.98,6,0.8967642011571725,0.9748985345634136,0.9715567356662056
2025-12-21 06:00:00,0.8416666666666666,6,0.6916033315017575,0.8344646249751866,0.8263150913372084
2025-12-21 07:00:00,0.32,6,0.4007703777999554,0.33803932382162266,0.31796014739792067
2025-12-21 08:00:00,0.31,6,0.4048742802651373,0.33417799796494735,0.32949202153840396
2025-12-21 09:00:00,0.3266666666666666,6,0.4139355291847603,0.3651321608008541,0.3580186985268662
2025-12-21 10:00:00,0.3783333333333333,6,0.4397840724138703,0.39501587711225206,0.38671094654185795
2025-12-21 11:00:00,0.3883333333333333,6,0.4445801358999495,0.4212180921082808,0.3987814652473396
2025-12-21 12:00:00,0.3233333333333333,6,0.41699143144104844,0.3652226649410437,0.3618753663415275
2025-12-21 13:00:00,0.3499999999999999,6,0.43770293091667545,0.38073092703900485,0.37553898688525567
2025-12-21 14:00:00,0.3116666666666667,6,0.42192633542997393,0.3762820724448131,0.3623533185385868
2025-12-21 15:00:00,0.5216666666666666,6,0.5284887805051959,0.559584596581281,0.5559736995006428
2025-12-21 16:00:00,0.3999999999999999,6,0.4613740752854405,0.4027647683291056,0.4228094943827293
2025-12-21 17:00:00,0.4683333333333333,6,0.4820481706518748,0.46807628462451684,0.4611096529077595
2025-12-21 18:00:00,0.5799999999999998,6,0.5485033578023392,0.6012626658665493,0.5874009357033652
2025-12-21 19:00:00,0.7666666666666666,6,0.657283483086267,0.7803698237914406,0.7804927336935126
2025-12-21 20:00:00,0.6833333333333332,6,0.6001427419022686,0.6934379065115611,0.6719927776191097
2025-12-21 21:00:00,0.62,6,0.5747924337740882,0.6394814780719273,0.6203298842538942
2025-12-21 22:00:00,0.5083333333333333,6,0.5089471186042972,0.518168199810848,0.509018772016362
2025-12-21 23:00:00,0.5799999999999998,6,0.5603331480824677,0.5998859020773224,0.6095019466378111
2025-12-22 00:00:00,0.64,6,0.5855830131377453,0.6543697514956255,0.6493636232377682
2025-12-22 01:00:00,0.4666666666666667,6,0.49379075315927656,0.50328153108301,0.47797484669056856
2025-12-22 02:00:00,0.1716666666666666,6,0.3011740718242357,0.17155335238016492,0.17189660846630195
2025-12-22 03:00:00,0.01,6,-0.07915974947277846,0.009676953354631274,0.009703766213416787
2025-12-22 04:00:00,0.0116666666666666,6,0.1749493332297813,0.04876065271794918,0.05479043024165109
2025-12-22 05:00:00,0.0866666666666666,6,0.25085681352880673,0.09172742119534044,0.1100355100747979
2025-12-22 06:00:00,0.1699999999999999,6,0.32299033539812894,0.1838296775929424,0.18900277453704
2025-12-22 07:00:00,0.1249999999999999,6,0.2582620741772802,0.12539683765108256,0.11179191689487428
2025-12-22 08:00:00,0.1449999999999999,6,0.2828949015798792,0.13316737987414007,0.12967399339588656
2025-12-22 09:00:00,0.5333333333333333,6,0.5364516022333059,0.5495754891077618,0.5743448388087469
2025-12-22 10:00:00,0.96,6,0.8250743016964078,0.9697178281193451,0.9676988868604856
2025-12-22 11:00:00,0.97,6,0.8259607037871065,0.9682256492771752,0.9678639458403914
2025-12-22 12:00:00,0.9783333333333332,6,0.8672105956634907,0.9754026890459515,0.9708045661472298
2025-12-22 13:00:00,0.9716666666666663,6,0.8331749636260314,0.9730803516281685,0.9642969626078499
2025-12-22 14:00:00,0.98,6,0.8766967853824098,0.9745096599647779,0.9710120460854125
2025-12-22 15:00:00,0.9783333333333332,6,0.8881385662476858,0.9734208738505095,0.9682362197073878
2025-12-22 16:00:00,0.9766666666666663,6,0.8911029722984097,0.9738829413522272,0.9714493934630222
2025-12-22 17:00:00,0.9733333333333332,6,0.9099563437383301,0.9763047246503513,0.9747243496141715
2025-12-22 18:00:00,0.9566666666666666,6,0.8547193485438201,0.9735389877806572,0.9701810945748716
2025-12-22 19:00:00,0.5833333333333333,6,0.5568632864069761,0.5984931512372577,0.5972961103376668
2025-12-22 20:00:00,0.0983333333333333,6,0.2542870171750218,0.093215366630288,0.11192497778144639
2025-12-22 21:00:00,0.1383333333333333,6,0.28428382720434386,0.14446284912599172,0.14285350036858396
2025-12-22 22:00:00,0.0983333333333333,6,0.24115132333340267,0.0859577321219419,0.10223370843704704
2025-12-22 23:00:00,0.0666666666666666,6,0.16791231132364604,0.04925944130296075,0.04587034373882881
2025-12-23 00:00:00,0.01,6,-0.008407096958248511,0.010145108442977934,0.011576535826847534
2025-12-23 01:00:00,0.01,6,-0.139881879508347,0.009870809733896414,0.008419674459164084
2025-12-23 02:00:00,0.01,6,-0.03419929417090342,0.009998694837939467,0.007022247568968576
2025-12-23 03:00:00,0.01,6,0.06295250242653522,0.012826041356900091,0.008540433719695983
2025-12-23 04:00:00,0.0083333333333333,6,-0.05787687118892326,0.00969478582789546,0.008104059366360494
2025-12-23 05:00:00,0.0066666666666666,6,0.054884846469601845,0.011365136366067402,0.006648893649951693
2025-12-23 06:00:00,0.01,6,0.15157831931280646,0.02605700973972968,0.033032444352951384
2025-12-23 07:00:00,0.0116666666666666,6,0.09798752977627256,0.015302474840384033,0.008977163507497221
2025-12-23 08:00:00,0.0216666666666666,6,0.20832508417686513,0.0634375427939992,0.059813708136280896
2025-12-23 09:00:00,0.01,6,0.10604320405178141,0.026032214441305494,0.016672530654543605
2025-12-23 10:00:00,0.01,6,-0.09058112238529129,0.00980613403526987,0.007604226234861733
2025-12-23 11:00:00,0.01,6,-0.13207694291342925,0.009870613548425933,0.0073601294511209114
2025-12-23 12:00:00,0.01,6,-0.10088994918903016,0.009817996673305436,0.008214118028524287
2025-12-23 13:00:00,0.01,6,-0.04021939703174815,0.009596676552146431,0.009271871911203655
2025-12-23 14:00:00,0.01,6,-0.056552765723502985,0.00969989983061518,0.010185965286379273
2025-12-23 15:00:00,0.01,6,-0.12036569488704957,0.009862213813606963,0.008419674459164084
2025-12-23 16:00:00,0.01,6,-0.14291575717203642,0.009870809733896414,0.00831579752823014
2025-12-23 17:00:00,0.01,6,-0.12755814256012563,0.009865868342819564,0.008419674459164084
2025-12-23 18:00:00,0.01,6,-0.10043168028662897,0.009815058163232682,0.007032949708731251
2025-12-23 19:00:00,0.01,6,-0.10612005791666096,0.009822460525804223,0.007032949708731251
2025-12-23 20:00:00,0.01,6,-0.12250469631745091,0.009864670700444196,0.008544616199489208
2025-12-23 21:00:00,0.01,6,-0.10457256898808645,0.009817996673305436,0.008214118028524287
2025-12-23 22:00:00,0.01,6,-0.027172787900692053,0.00987763258968566,0.008554485623040231
2025-12-23 23:00:00,0.0916666666666666,6,0.29212005040903244,0.10130183821008165,0.13168070464183063
2025-12-24 00:00:00,0.165,6,0.33473203428844533,0.19350216066599812,0.19823766025364858
2025-12-24 01:00:00,0.2933333333333333,6,0.42217985460723173,0.3276090863225705,0.34455967335686694
2025-12-24 02:00:00,0.7616666666666667,6,0.6508122909561899,0.7973332021758228,0.7609401579465904
2025-12-24 03:00:00,0.6716666666666667,6,0.5997308309569811,0.6816612536599226,0.6744085252524361
2025-12-24 04:00:00,0.6866666666666666,6,0.6197160604146044,0.7111792532707634,0.7090350288553497
2025-12-24 05:00:00,0.8383333333333333,6,0.7051073259181296,0.8571539150912105,0.8547486138937455
2025-12-24 06:00:00,0.935,6,0.7674773400839247,0.9484705389303122,0.9355206980942004
2025-12-24 07:00:00,0.6616666666666666,6,0.6028173895233736,0.6317143148833368,0.6744416197097415
2025-12-24 08:00:00,0.7783333333333333,6,0.6549605029045696,0.800113139101781,0.7829726964143746
2025-12-24 09:00:00,0.5366666666666666,6,0.5415432953115893,0.5657933995135758,0.5727445168948255
2025-12-24 10:00:00,0.435,6,0.49525575458204163,0.4931218453466998,0.46509599888060615
2025-12-24 11:00:00,0.265,6,0.39891487368599876,0.3298378160214096,0.29843298071265867
2025-12-24 12:00:00,0.2299999999999999,6,0.3906926825597915,0.32454752073381343,0.2801182873791868
2025-12-24 13:00:00,0.2516666666666666,6,0.3851969223791436,0.2768798734998426,0.28390702539991913
2025-12-24 14:00:00,0.2316666666666666,6,0.37082829714725274,0.26914041753057527,0.2638240838865239
2025-12-24 15:00:00,0.2249999999999999,6,0.36388344961759855,0.24535269247675037,0.24783931661998276
2025-12-24 16:00:00,0.2916666666666666,6,0.41042769493282427,0.3457685751591995,0.32977107280879864
2025-12-24 17:00:00,0.3533333333333333,6,0.4384263306760928,0.3564145616723728,0.37111834551993916
2025-12-24 18:00:00,0.2333333333333333,6,0.3852956939603781,0.2592809762261489,0.26838007572450573
2025-12-24 19:00:00,0.2933333333333333,6,0.3927326042397069,0.3089582660388502,0.2839624951120351
2025-12-24 20:00:00,0.4883333333333333,6,0.513850592369699,0.5427031225830737,0.4966878264035083
2025-12-24 21:00:00,0.5316666666666666,6,0.5666762417335353,0.6281651920866735,0.6165352245608983
2025-12-24 22:00:00,0.3883333333333333,6,0.5131404348910394,0.5424672352636344,0.4932367718041849
2025-12-24 23:00:00,0.5016666666666667,6,0.5758071198410403,0.6477514722023786,0.6438520592557724
2025-12-25 00:00:00,0.4266666666666665,6,0.548975341710248,0.6083852331306457,0.5748906339464285
2025-12-25 01:00:00,0.4133333333333333,6,0.5766880826032349,0.6412541667726722,0.6530724481196035
2025-12-25 02:00:00,0.6533333333333334,6,0.7923953841658876,0.943077274386949,0.9526983405699372
2025-12-25 03:00:00,0.58,6,0.7160709644854062,0.8840395133049096,0.8694498708400531
2025-12-25 04:00:00,0.63,6,0.7736293780736111,0.9470090404168048,0.947813670610768
2025-12-25 05:00:00,0.5766666666666667,6,0.7298851183035786,0.8657205912520717,0.8874506223829555
2025-12-25 06:00:00,0.47,6,0.6385174361033209,0.7517962164929142,0.7360248782388525
2025-12-25 07:00:00,0.46,6,0.6389564000773758,0.7518550846987825,0.7635179095169713
2025-12-25 08:00:00,0.2733333333333333,6,0.5090438078015282,0.5297597495248736,0.4997394181970576
2025-12-25 09:00:00,0.1983333333333333,6,0.4709440340512475,0.3961734077667663,0.42183342923957773
2025-12-25 10:00:00,0.2666666666666666,6,0.523195434348269,0.5360427051327863,0.5325686543650235
2025-12-25 11:00:00,0.2133333333333333,6,0.4483288364573832,0.40149486210027113,0.3886990326249296
2025-12-25 12:00:00,0.17,6,0.3811496262284171,0.25817601987543565,0.27066893599459485
2025-12-25 13:00:00,0.2083333333333332,6,0.3872256981234685,0.275614526012422,0.28390702539991913
2025-12-25 14:00:00,0.185,6,0.34873958645000325,0.2718795779995865,0.2379184933234937
2025-12-25 15:00:00,0.2399999999999999,6,0.36930272310761114,0.27665662113029343,0.27040030927815983
2025-12-25 16:00:00,0.2266666666666666,6,0.35378727821434064,0.2553964113301461,0.23828973715642138
2025-12-25 17:00:00,0.125,6,0.2594057563014907,0.1117358925929803,0.10800107891905986
2025-12-25 18:00:00,0.1966666666666666,6,0.32242336170698505,0.17410435998317453,0.17506061828926583
2025-12-25 19:00:00,0.3883333333333333,6,0.4151312688925891,0.3404000366435021,0.34366379258088864
2025-12-25 20:00:00,0.6666666666666666,6,0.578129997299654,0.6386364055538195,0.6449514766295628
2025-12-25 21:00:00,0.7966666666666667,6,0.6359957000310722,0.7273581003580503,0.7278482360541625
2025-12-25 22:00:00,0.4316666666666666,6,0.4504260356420895,0.39351415703298315,0.3890169994437831
2025-12-25 23:00:00,0.2149999999999999,6,0.322932585168588,0.17473570900763127,0.17177859963610748
2025-12-26 00:00:00,0.295,6,0.38170990697230556,0.25431591001756715,0.26487296109362934
2025-12-26 01:00:00,0.465,6,0.44660117750501727,0.3915839207969106,0.3879509805323509
2025-12-26 02:00:00,0.5316666666666667,6,0.4481848169240332,0.39703718064248333,0.38786719249228635
2025-12-26 03:00:00,0.2566666666666666,6,0.33409067025183325,0.19033523469297634,0.19645756983977558
2025-12-26 04:00:00,0.3183333333333333,6,0.37288951039701634,0.24275703737846588,0.25441022436312055
2025-12-26 05:00:00,0.2033333333333333,6,0.3065719580018982,0.14113800221509876,0.15200030644795698
2025-12-26 06:00:00,0.0966666666666666,6,0.20994774434490898,0.07979077028950328,0.07606434344014013
2025-12-26 07:00:00,0.04,6,0.10369274598781758,0.01762504073845273,0.02531907565013175
2025-12-26 08:00:00,0.0216666666666666,6,0.12279984205116345,0.023896150265823406,0.021495385801237332
2025-12-26 09:00:00,0.0083333333333333,6,-0.03589656409174713,0.010258866224487483,0.014661664750431125
2025-12-26 10:00:00,0.01,6,0.3398608572167573,0.23960872224387297,0.22610140427560627
2025-12-26 11:00:00,0.01,6,0.14173690674439388,0.04100466492310605,0.04825880024318219
2025-12-26 12:00:00,0.01,6,0.23579350607735222,0.11732001691713125,0.10756189312674724
2025-12-26 13:00:00,0.235,6,0.32039441442657957,0.2139511779665831,0.22235821672658973
2025-12-26 14:00:00,0.7566666666666667,6,0.6908728687934188,0.8167580816921034,0.8210008851248252
2025-12-26 15:00:00,0.01,6,1.057437633630041,0.9699075227721468,0.9738054113477705
2025-12-26 16:00:00,0.01,6,0.9316480911728057,0.9708247544231949,0.9708761934373128
2025-12-26 17:00:00,0.9333333333333332,6,0.9102342301901903,0.9750958806130772,0.9728592570442152
2025-12-26 18:00:00,0.9583333333333331,6,0.7818446977359,0.9435384684949105,0.938648225786354
2025-12-26 19:00:00,0.7066666666666666,6,0.6018606661127117,0.6892217053352379,0.6680438895858232
2025-12-26 20:00:00,0.7916666666666666,6,0.6584134023337185,0.7909798063874063,0.7762829698572633
2025-12-26 21:00:00,0.3916666666666666,6,0.44950420910311795,0.42662807248776174,0.4059847076362208
2025-12-26 22:00:00,0.3266666666666667,6,0.414571296317952,0.36623105544612655,0.3602435218333027
2025-12-26 23:00:00,0.215,6,0.36755518377906493,0.2564592458912774,0.26969953818303977
2025-12-27 00:00:00,0.2516666666666666,6,0.3785892324282242,0.2823739376530711,0.28068474785224645
2025-12-27 01:00:00,0.1666666666666666,6,0.3336542613865321,0.20825800457263502,0.2204047991518053
2025-12-27 02:00:00,0.1983333333333333,6,0.3592885804465764,0.23585621661754114,0.2501301636019946
2025-12-27 03:00:00,0.125,6,0.2947551357433629,0.16415090435053845,0.15342055722886103
2025-12-27 04:00:00,0.0133333333333333,6,0.043694214177252166,0.010889599577148084,0.012000383008146043
2025-12-27 05:00:00,0.0383333333333333,6,0.14077188072722302,0.033286771199513863,0.04791608105127848
2025-12-27 06:00:00,0.1233333333333333,6,0.2922838406148971,0.15702423158471066,0.1529683760242368
2025-12-27 07:00:00,0.2149999999999999,6,0.35282245764333753,0.2667433572137614,0.23568380352206522
2025-12-27 08:00:00,0.1983333333333333,6,0.34615445537354195,0.2457338258425987,0.23332253731380234
2025-12-27 09:00:00,0.2566666666666667,6,0.3925221409268953,0.3276276125551662,0.3020855092747048
2025-12-27 10:00:00,0.6099999999999999,6,0.5995285814887588,0.6860372833160917,0.6765090030383956
2025-12-27 11:00:00,0.96,6,0.8198327867351861,0.9659514688004619,0.9641083012722945
2025-12-27 12:00:00,0.945,6,0.7839968317433937,0.9424700882149153,0.9459212912230917
2025-12-27 13:00:00,0.895,6,0.7487664602994386,0.9257233671310092,0.9079770954961015
2025-12-27 14:00:00,0.89,6,0.725398576939051,0.8751265566787171,0.8863799290879767
2025-12-27 15:00:00,0.8983333333333334,6,0.7417556965669057,0.9145819671325586,0.8962650896073796
2025-12-27 16:00:00,0.8966666666666666,6,0.7556563251350547,0.9228143908378379,0.9139317825457115
2025-12-27 17:00:00,0.955,6,0.8259528529636019,0.9616935101089702,0.9609590756386
2025-12-27 18:00:00,0.8733333333333331,6,0.7453714616941651,0.9046446662010912,0.9034297958328363
2025-12-27 19:00:00,0.6816666666666666,6,0.597470663351081,0.669797908080794,0.6630059801413323
2025-12-27 20:00:00,0.2933333333333333,6,0.3748544044512149,0.2946186911333166,0.27903697378947034
2025-12-27 21:00:00,0.1183333333333333,6,0.2520001805031837,0.09298423314475368,0.11028531006957859
2025-12-27 22:00:00,0.3583333333333333,6,0.4530641557905053,0.4072924643396064,0.40501207256007477
2025-12-27 23:00:00,0.2566666666666666,6,0.40597109081681493,0.3390027260225255,0.32955010635558557
2025-12-28 00:00:00,0.6833333333333332,6,0.5937625184011727,0.674246148860247,0.671124332465836
2025-12-28 01:00:00,0.5966666666666666,6,0.5470445426919923,0.5742467798806964,0.580583329880997
2025-12-28 02:00:00,0.8816666666666667,6,0.7345760254304194,0.9050438489121317,0.9025058143152775
2025-12-28 03:00:00,0.875,6,0.7143820111322351,0.8637679484530478,0.8613551150339572
2025-12-28 04:00:00,0.945,6,0.8587715704076316,0.9685510239276327,0.9697562953169913
2025-12-28 05:00:00,0.8983333333333333,6,0.8709029502044695,0.9683430137924476,0.9694501111163609
2025-12-28 06:00:00,0.8566666666666668,6,0.9346330148799588,0.9836611905394798,0.9742331277730952
2025-12-28 07:00:00,0.6983333333333333,6,0.7613797093404425,0.9403998481165803,0.9210789593656146
2025-12-28 08:00:00,0.7049999999999998,6,0.7558512034851047,0.9497711946005835,0.9198081399745774
2025-12-28 09:00:00,0.625,6,0.7050556383361777,0.8549640999086349,0.8511039313176707
2025-12-28 10:00:00,0.7566666666666667,6,0.8061510956224379,0.9707221332740857,0.952460792825039
2025-12-28 11:00:00,0.9233333333333332,6,0.8830740359018351,0.9489221190353659,0.9675216907205619
2025-12-28 12:00:00,0.8566666666666668,6,0.7958503799402042,0.9624760826173013,0.9484165187394057
2025-12-28 13:00:00,0.8666666666666667,6,0.7693178346829533,0.9469447477895117,0.9374748202925282
2025-12-28 14:00:00,0.8166666666666667,6,0.7316582785254785,0.8625447201736659,0.8971139787035465
2025-12-28 15:00:00,0.9083333333333332,6,0.7588961652519699,0.9261872087499949,0.9225607577375609
2025-12-28 16:00:00,0.9,6,0.7281171640416875,0.8473386749032851,0.8868856201177429
2025-12-28 17:00:00,0.9516666666666665,6,0.8672630641394442,0.9743292495295538,0.9701954177147503
2025-12-28 18:00:00,0.5816666666666666,6,0.517013883963564,0.5306316182555593,0.5102870247398237
2025-12-28 19:00:00,0.8333333333333333,6,0.6838475203994568,0.807573049296406,0.8178140322561185
2025-12-28 20:00:00,0.4216666666666666,6,0.4560634038610871,0.4256186687553814,0.4141759784143311
2025-12-28 21:00:00,0.4533333333333334,6,0.4747627128564835,0.4442727028602237,0.44962430174973905
2025-12-28 22:00:00,0.265,6,0.37295061059047574,0.25642551650827783,0.2575201515966597
2025-12-28 23:00:00,0.4166666666666667,6,0.45459145617364827,0.4187292694709033,0.40916489604908546
2025-12-29 00:00:00,0.3483333333333333,6,0.3996637916156862,0.32238292532166457,0.3164775251175034
2025-12-29 01:00:00,0.3066666666666667,6,0.3793878034271114,0.29626627466357697,0.27909217869971387
2025-12-29 02:00:00,0.3583333333333333,6,0.4302912924707798,0.37469828260687665,0.366817059000109
2025-12-29 03:00:00,0.36,6,0.40878708617826864,0.3375208867857546,0.32977107280879864
2025-12-29 04:00:00,0.2433333333333333,6,0.3111148244411348,0.15878794232171226,0.15198848383536312
2025-12-29 05:00:00,0.2766666666666666,6,0.3786749811360324,0.262877672197831,0.26301613410958774
2025-12-29 06:00:00,0.4566666666666667,6,0.4648404364026786,0.43039062520735144,0.43182844081127025
2025-12-29 07:00:00,0.5733333333333333,6,0.5065866794615742,0.5138997290133489,0.49711081961305703
2025-12-29 08:00:00,0.7916666666666666,6,0.621244347137916,0.7118164854990924,0.7085583483215347
2025-12-29 09:00:00,0.5316666666666666,6,0.5059700048299799,0.5169957029951537,0.49153955578043085
2025-12-29 10:00:00,0.2966666666666666,6,0.3845175239336721,0.2805896731274132,0.28738709935533896
2025-12-29 11:00:00,0.215,6,0.3347623684681348,0.206835507476822,0.2226296224582418
2025-12-29 12:00:00,0.6583333333333333,6,0.5980915715636789,0.6804624125934176,0.6591542794099217
2025-12-29 13:00:00,0.5433333333333333,6,0.5246188180297608,0.5597263263819355,0.5574583374602722
2025-12-29 14:00:00,0.7433333333333332,6,0.6510820044541307,0.7354090306536399,0.750280196528069
2025-12-29 15:00:00,0.9216666666666664,6,0.7492854593936331,0.9109309022492983,0.8979894774395483
2025-12-29 16:00:00,0.9516666666666665,6,0.7837109847643634,0.9436280448738906,0.9326218183059798
2025-12-29 17:00:00,0.9733333333333332,6,0.8222122156564221,0.94992864467824,0.9521508707961046
2025-12-29 18:00:00,0.9716666666666666,6,0.9158269259049062,0.9757727218308412,0.9717362210802848
2025-12-29 19:00:00,0.9749999999999996,6,1.0859490482449994,0.9706366055524738,0.9742207386171383
2025-12-29 20:00:00,0.975,6,1.0176043437259734,0.9643820983660466,0.9655834771524859
2025-12-29 21:00:00,0.9699999999999998,6,1.0763035621992203,0.9735076789695948,0.9740907903795349
2025-12-29 22:00:00,0.9733333333333332,6,0.9452410127248242,0.9767864117542134,0.9738278796972447
2025-12-29 23:00:00,0.9699999999999998,6,0.9836795198030063,0.9777363287847777,0.9761633984238554
2025-12-30 00:00:00,0.9783333333333332,6,0.9105481713899904,0.9766950992080752,0.973784869544569
2025-12-30 01:00:00,0.98,6,0.8947140311199152,0.9727944053567245,0.9740894918835157
2025-12-30 02:00:00,0.98,6,0.8873552790228908,0.9730496477530075,0.9756962206545352
2025-12-30 03:00:00,0.98,6,0.9336098616509988,0.9789539757086599,0.9736588153831026
2025-12-30 04:00:00,0.98,6,0.9974937284730115,0.9794765354568862,0.9666831164391126
2025-12-30 05:00:00,0.9766666666666663,6,0.8449960743174033,0.9748784420368569,0.9717207862267799
2025-12-30 06:00:00,0.98,6,0.8453983123531831,0.9743670683555471,0.9678498189454661
2025-12-30 07:00:00,0.9716666666666666,6,0.851460470777141,0.9742882395358711,0.9720090686758333
2025-12-30 08:00:00,0.845,6,0.7274161110052839,0.8439783096948434,0.8891396151179862
2025-12-30 09:00:00,0.9566666666666666,6,0.8051664425465056,0.9578974029701806,0.954285191414853
2025-12-30 10:00:00,0.9416666666666664,6,0.7816192797599938,0.9438904344570036,0.9420175165395757
2025-12-30 11:00:00,0.9316666666666666,6,0.8690629622402782,0.9691593298736302,0.968196108391485
2025-12-30 12:00:00,0.9716666666666663,6,0.9686593709390819,0.9679685197759329,0.972862982864955
2025-12-30 13:00:00,0.96,6,0.827450113375143,0.9540321693536221,0.9561488963023179
2025-12-30 14:00:00,0.9699999999999998,6,0.8834229487740813,0.962543064773695,0.9583045058384025
2025-12-30 15:00:00,0.9699999999999998,6,0.8984246214749113,0.9459584968217994,0.87974626050059
2025-12-30 16:00:00,0.9699999999999998,6,0.9373319609626699,0.9631454329761905,0.9628836375215821
2025-12-30 17:00:00,0.9699999999999998,6,1.0540098275176635,0.9695174875531859,0.9664779035029896
2025-12-30 18:00:00,0.9516666666666665,6,0.8570429520446025,0.9584432482056271,0.9602402079911131
2025-12-30 19:00:00,0.9516666666666664,6,0.8075437751225744,0.9533554356285449,0.9453886610666045
2025-12-30 20:00:00,0.625,6,0.5740107562085468,0.5896362198677275,0.5842109986391492
2025-12-30 21:00:00,0.8266666666666665,6,0.6797001920681627,0.8023792789491179,0.7799615749085496
2025-12-30 22:00:00,0.68,6,0.579560923635399,0.6432109239651939,0.6419139858693834
2025-12-30 23:00:00,0.89,6,0.7412092814228596,0.9128823710964448,0.8986595444714776
2025-12-31 00:00:00,0.375,6,0.41779370844435637,0.3657911625526516,0.36600433720500364
2025-12-31 01:00:00,0.2349999999999999,6,0.3340657544589023,0.20447711803788282,0.2323238227888802
2025-12-31 02:00:00,0.125,6,0.2308337002566594,0.10651823743409707,0.11329365511402051
2025-12-31 03:00:00,0.0133333333333333,6,0.008384218505492286,0.009990833833146083,0.010245729765497313
2025-12-31 04:00:00,0.01,6,-0.06585450396637577,0.00973031676112953,0.008017960828339832
2025-12-31 05:00:00,0.01,6,-0.10124626110177673,0.009817996673305436,0.008525492468543672
2025-12-31 06:00:00,0.01,6,0.3146308176858271,0.19516398312277772,0.17536716821415196
2025-12-31 07:00:00,0.01,6,0.4736230518865274,0.45039372990159243,0.4435547887866522
2025-12-31 08:00:00,0.01,6,0.8834182015776585,0.9663594859567456,0.9692058494761587
2025-12-31 09:00:00,0.0616666666666666,6,0.38900105741361946,0.2849482240715822,0.3026224689848428
2025-12-31 10:00:00,0.115,6,0.2380361908409092,0.11204296460412998,0.1145658728295601
2025-12-31 11:00:00,0.0866666666666666,6,0.21436776613639635,0.10392363117302707,0.09985223212753352
2025-12-31 12:00:00,0.19,6,0.2982579964109632,0.19576288468035125,0.1766516298122337
2025-12-31 13:00:00,0.3616666666666666,6,0.4275964971949121,0.38073925748165915,0.388605741058253
2025-12-31 14:00:00,0.1016666666666666,6,0.22056196241227993,0.1157658029659124,0.11098157932509772
2025-12-31 15:00:00,0.0083333333333333,6,0.03497199977419996,0.01650635558945488,0.01859628626760229
2025-12-31 16:00:00,0.005,6,0.022824404714933744,0.014080734489121121,0.015759254368760967
2025-12-31 17:00:00,0.0366666666666666,6,0.11478114005076656,0.044167067805369824,0.041031706637937204
2025-12-31 18:00:00,0.0766666666666666,6,0.15144940503688648,0.051249619306434804,0.05487322566829683
2025-12-31 19:00:00,0.0133333333333333,6,-0.008215322235280653,0.01253996853017906,0.01047118855337803
2025-12-31 20:00:00,0.0183333333333333,6,0.115860166571431,0.03065161728939407,0.029298331551512735
2025-12-31 21:00:00,0.0216666666666666,6,0.07335281147467387,0.019539634014938898,0.01998143698569327
2025-12-31 22:00:00,0.0066666666666666,6,-0.0970758191146312,0.009813822500856358,0.006478622407820711
2025-12-31 23:00:00,0.01,6,-0.04350145726727514,0.009123137496350728,0.008368797602604505
2026-01-01 00:00:00,0.0149999999999999,6,0.01859663037116438,0.014908647857242103,0.010020781720244676
2026-01-01 01:00:00,0.1633333333333333,6,0.2935296851749295,0.1581956081000742,0.15542801092392095
2026-01-01 02:00:00,0.63,6,0.6200506489234218,0.6652984151780961,0.7055598285476803
2026-01-01 03:00:00,0.9766666666666663,6,0.8833170254820052,0.9719722775848078,0.9681919038308514
2026-01-01 04:00:00,0.98,6,0.8683484136056981,0.9740773328237875,0.9685109613805978
2026-01-01 05:00:00,0.975,6,0.802832151873719,0.9497479674458001,0.9490954071144638
2026-01-01 06:00:00,0.9566666666666664,6,0.7874964042794902,0.9440088240424767,0.9431461682969485
2026-01-01 07:00:00,0.815,6,0.6790303707896966,0.827671023545918,0.796019628511951
2026-01-01 08:00:00,0.5849999999999999,6,0.5429795034009217,0.5785817027563582,0.5810150803863678
2026-01-01 09:00:00,0.435,6,0.4658659323136424,0.4343842498811074,0.44508169470633646
2026-01-01 10:00:00,0.3333333333333333,6,0.40620220841922594,0.3547344819912842,0.32942488820159055
2026-01-01 11:00:00,0.1116666666666666,6,0.2525180287017109,0.0986897742495329,0.11430301036825846
2026-01-01 12:00:00,0.0566666666666666,6,0.18658623878194364,0.07401834447406808,0.06559216158253689
2026-01-01 13:00:00,0.0683333333333333,6,0.20163337186163893,0.06988866356657185,0.07948217235787097
2026-01-01 14:00:00,0.0216666666666666,6,0.08330814875300191,0.015937333452898102,0.02177922337077276
2026-01-01 15:00:00,0.0083333333333333,6,0.007706128530604955,0.009949217043648822,0.011589497275186822
2026-01-01 16:00:00,0.01,6,-0.05868329999189684,0.010443403399549264,0.008313757408531908
2026-01-01 17:00:00,0.0116666666666666,6,0.014819897425376205,0.010004839070054694,0.01069413073875669
2026-01-01 18:00:00,0.0233333333333333,6,0.1256722721909923,0.029379617300521285,0.03720966369754758
2026-01-01 19:00:00,0.0183333333333333,6,0.11261980585851533,0.027480750518630793,0.029234318800131
2026-01-01 20:00:00,0.0766666666666666,6,0.21031514036083138,0.08499824832918958,0.07736810798945737
2026-01-01 21:00:00,0.065,6,0.1521159381838481,0.035368769703046594,0.04580757052156831
2026-01-01 22:00:00,0.04,6,0.04834092152456132,0.014968254299235656,0.009403111805093567
2026-01-01 23:00:00,0.0083333333333333,6,-0.09523317331860254,0.009815058163232682,0.007579710196429945
2026-01-02 00:00:00,0.0083333333333333,6,0.06774185900419544,0.01722689311674158,0.01593025349877203
2026-01-02 01:00:00,0.0083333333333333,6,-0.05915239269947328,0.010246182933329117,0.00971563883008697
2026-01-02 02:00:00,0.01,6,-0.08942034138156746,0.009813300049136072,0.0072224068703458655
2026-01-02 03:00:00,0.0083333333333333,6,0.094677532894893,0.015372904769540827,0.020332978554179315
2026-01-02 04:00:00,0.005,6,0.04946142816050575,0.019473330482190642,0.010121345576061813
2026-01-02 05:00:00,0.01,6,-0.1030780761120483,0.009817996673305436,0.008525492468543672
2026-01-02 06:00:00,0.01,6,-0.18923217999693656,0.00987682351646201,0.008319565873162793
2026-01-02 07:00:00,0.01,6,-0.19198910967768365,0.00987682351646201,0.008319565873162793
2026-01-02 08:00:00,0.01,6,-0.08344491800558637,0.009723259059428746,0.009703766213416787
2026-01-02 09:00:00,0.0766666666666666,6,0.21043703257849905,0.0832440693711137,0.07862083416749921
2026-01-02 10:00:00,0.2666666666666666,6,0.3875883329818044,0.27993680478674865,0.29375054911081266
2026-01-02 11:00:00,0.3766666666666666,6,0.44530023356669945,0.4174250215889742,0.39814432640596714
2026-01-02 12:00:00,0.6766666666666667,6,0.6036821779138093,0.6461396423951755,0.672307863102343
2026-01-02 13:00:00,0.8850000000000001,6,0.7352235548377043,0.8843814326468574,0.8899179489360778
2026-01-02 14:00:00,0.7450000000000001,6,0.6503735254477213,0.7786978058741325,0.7553147239609219
2026-01-02 15:00:00,0.5816666666666666,6,0.544020700958895,0.5864188406200188,0.5795765317789812
2026-01-02 16:00:00,0.4333333333333333,6,0.4682280499286158,0.4527504535090398,0.44603454488543304
2026-01-02 17:00:00,0.38,6,0.4299470101107089,0.3675235574343441,0.3716091632384839
2026-01-02 18:00:00,0.4466666666666667,6,0.4595905430413696,0.4381727552812228,0.4138107150231141
2026-01-02 19:00:00,0.47,6,0.4716499918589907,0.39610166595025503,0.4416818482514636
2026-01-02 20:00:00,0.66,6,0.5783783234852444,0.6422666799331377,0.6462173701310685
2026-01-02 21:00:00,0.8849999999999999,6,0.7092156125586502,0.86650494155342,0.8502075515498968
2026-01-02 22:00:00,0.6649999999999999,6,0.5708080668834059,0.6160081156993917,0.6209980804283153
2026-01-02 23:00:00,0.2949999999999999,6,0.36727676975062173,0.25368634679703095,0.2717697241333581
2026-01-03 00:00:00,0.2116666666666666,6,0.3113782698453189,0.1839031334415681,0.17316806363092402
2026-01-03 01:00:00,0.1983333333333333,6,0.3167488426962136,0.1699204608480804,0.17590297658632303
2026-01-03 02:00:00,0.31,6,0.3769328262841578,0.297535086839028,0.2828985054186096
2026-01-03 03:00:00,0.1583333333333333,6,0.28059874803903584,0.1221463922245737,0.13876600823964816
2026-01-03 04:00:00,0.1899999999999999,6,0.31150523837040633,0.17403500049284634,0.1669529794321123
2026-01-03 05:00:00,0.2516666666666666,6,0.3827577974775338,0.27441643184168574,0.2837971274765386
2026-01-03 06:00:00,0.1466666666666666,6,0.3045625899090034,0.14558489030307384,0.15816874261687072
2026-01-03 07:00:00,0.2599999999999999,6,0.37287360330383945,0.26875662204408485,0.2696545512843681
2026-01-03 08:00:00,0.2199999999999999,6,0.3378271697205112,0.1818212737790562,0.20155277336411231
2026-01-03 09:00:00,0.1183333333333333,6,0.2516567957213616,0.09133172911576704,0.10271324694141437
2026-01-03 10:00:00,0.1349999999999999,6,0.26117986895347217,0.11272584562405773,0.10944785299600795
2026-01-03 11:00:00,0.0666666666666666,6,0.19706806993746862,0.061745844269657735,0.0701412432950197
2026-01-03 12:00:00,0.1433333333333333,6,0.28207885471923067,0.12715198315863446,0.14158949204949867
2026-01-03 13:00:00,0.1616666666666666,6,0.2989331612754309,0.1734028929310463,0.15779659570333907
2026-01-03 14:00:00,0.1583333333333333,6,0.3079742146690406,0.18858591745528133,0.18792856660070945
2026-01-03 15:00:00,0.1966666666666666,6,0.32658008868862265,0.21278741330387335,0.20995184530220284
2026-01-03 16:00:00,0.2066666666666666,6,0.3386661656815123,0.26291132749076557,0.23640437702335804
2026-01-03 17:00:00,0.2783333333333333,6,0.36226067276530693,0.2518259185168026,0.25555634869974614
2026-01-03 18:00:00,0.5066666666666667,6,0.47839254204917125,0.45864993951063676,0.45488378112744404
2026-01-03 19:00:00,0.245,6,0.3432508343664439,0.2363011069744862,0.23347251942210395
2026-01-03 20:00:00,0.4883333333333333,6,0.45411168327464935,0.4274373718086625,0.4057116750093654
2026-01-03 21:00:00,0.2849999999999999,6,0.37259209960947814,0.2634089297709796,0.27366429036010986
2026-01-03 22:00:00,0.1583333333333333,6,0.28746716372988723,0.13656101687626296,0.14293125480469085
2026-01-03 23:00:00,0.265,6,0.3607542530596769,0.23513748699427844,0.2514241827923917
2026-01-04 00:00:00,0.1833333333333333,6,0.30216515754942297,0.1604960482202736,0.17081604093399452
2026-01-04 01:00:00,0.2666666666666666,6,0.36609364900446617,0.2579065071232192,0.26203496466765436
2026-01-04 02:00:00,0.1899999999999999,6,0.2691803002369426,0.1300346531128818,0.11884675147914903
2026-01-04 03:00:00,0.1683333333333333,6,0.3042687963639662,0.14566089762908116,0.15816874261687072
2026-01-04 04:00:00,0.2333333333333333,6,0.3520697718768143,0.21162460126987295,0.2167711654040281
2026-01-04 05:00:00,0.2283333333333333,6,0.3273189776683001,0.18441928246725459,0.18572083424186117
2026-01-04 06:00:00,0.37,6,0.4443720362108877,0.4016123279106837,0.3940806994308272
2026-01-04 07:00:00,0.2949999999999999,6,0.3824445962810662,0.28279906072904737,0.2803999107690428
2026-01-04 08:00:00,0.4099999999999999,6,0.43437432123903075,0.37612357079867836,0.36995013905296986
2026-01-04 09:00:00,0.0483333333333333,6,0.10166758050541164,0.01649538009797724,0.025237286812799964
2026-01-04 10:00:00,0.0766666666666666,6,0.2001881072013013,0.06194584185588815,0.07046819701175411
2026-01-04 11:00:00,0.0683333333333333,6,0.19320946582437354,0.074261823308644,0.061688440472715156
2026-01-04 12:00:00,0.01,6,-0.06144080512047764,0.00969923208610646,0.008313757408531908
2026-01-04 13:00:00,0.01,6,-0.16424545915717353,0.00987682351646201,0.009958073153013391
2026-01-04 14:00:00,0.01,6,-0.10702990975478988,0.009818702992642704,0.009221394787180925
2026-01-04 15:00:00,0.0316666666666666,6,0.14370530833742778,0.05338440398994325,0.058412855267841235
2026-01-04 16:00:00,0.265,6,0.34491409103268267,0.25681588952293594,0.24297206008858638
2026-01-04 17:00:00,0.5816666666666666,6,0.5449107133115125,0.5871222263372655,0.5804641198979862
2026-01-04 18:00:00,0.62,6,0.5596961203499432,0.6033287166086997,0.603887374317601
2026-01-04 19:00:00,0.6566666666666667,6,0.5841460580644985,0.6386270360636616,0.6415423617007754
2026-01-04 20:00:00,0.4866666666666666,6,0.4886831051165652,0.47410539638514376,0.4694188460200928
2026-01-04 21:00:00,0.3466666666666666,6,0.41074700664813135,0.3454255426268223,0.3531530735268342
2026-01-04 22:00:00,0.4849999999999999,6,0.48372089478145386,0.4822439269826829,0.46289344035280405
2026-01-04 23:00:00,0.8316666666666666,6,0.6841245162536499,0.7862331305367779,0.8060435306916962
2026-01-05 00:00:00,0.2766666666666666,6,0.357982827479421,0.25600916464746726,0.24510031091086612
2026-01-05 01:00:00,0.33,6,0.38670658234502653,0.24499976912393198,0.29549891462526495
2026-01-05 02:00:00,0.3449999999999999,6,0.39769762998157254,0.3341156382576371,0.30660150054326224
2026-01-05 03:00:00,0.2766666666666666,6,0.35579093970014886,0.2446728062887663,0.24092224221892417
2026-01-05 04:00:00,0.16,6,0.2899883652449713,0.15725805132183698,0.14659577381924196
2026-01-05 05:00:00,0.1266666666666666,6,0.26618816298653336,0.12122112475719561,0.11964507542103342
2026-01-05 06:00:00,0.0483333333333333,6,0.15346803514695373,0.03860470524356055,0.04767334201288326
2026-01-05 07:00:00,0.01,6,-0.042342080476637345,0.00933042494320238,0.010218176142210211
2026-01-05 08:00:00,0.01,6,-0.09193223300822798,0.009818937608226701,0.009782030110374651
2026-01-05 09:00:00,0.01,6,-0.06918505241427109,0.009807310530558276,0.009686742271297566
2026-01-05 10:00:00,0.0066666666666666,6,-0.049794055122727054,0.010170768961560293,0.009568662283893248
2026-01-05 11:00:00,0.0083333333333333,6,-0.08264844335186669,0.00971475352608566,0.007144142973388001
2026-01-05 12:00:00,0.0133333333333333,6,0.047066770317010176,0.01385434560147177,0.010445023769289519
2026-01-05 13:00:00,0.0333333333333333,6,0.18720354371320463,0.07551396183174418,0.05855307901453016
2026-01-05 14:00:00,0.0083333333333333,6,0.07686279692361014,0.016785128369826832,0.017693377155131196
2026-01-05 15:00:00,0.0066666666666666,6,-0.0009854156011791237,0.010496469908635536,0.011893233253221447
2026-01-05 16:00:00,0.0183333333333333,6,0.05057455669769534,0.025540145796704758,0.012107114250783091
2026-01-05 17:00:00,0.0333333333333333,6,0.12826221927687298,0.028787589085688167,0.0401487277116353
2026-01-05 18:00:00,0.0733333333333333,6,0.2190280857661293,0.07480248539438984,0.08320648988589169
2026-01-05 19:00:00,0.0716666666666666,6,0.20956846937064605,0.08360144361717953,0.07742059179038324
2026-01-05 20:00:00,0.1216666666666666,6,0.2574538781401364,0.11783377023954135,0.115171303499359
2026-01-05 21:00:00,0.1516666666666666,6,0.2897507601414723,0.1646098697122676,0.1438901708524787
2026-01-05 22:00:00,0.3483333333333333,6,0.3836825969981761,0.28694879168480547,0.29504072299319506
2026-01-05 23:00:00,0.3716666666666666,6,0.40461925415170963,0.32771165751142967,0.3325625205708892
2026-01-06 00:00:00,0.3466666666666666,6,0.39506034557899095,0.3302242803776591,0.30672671869725726
2026-01-06 01:00:00,0.2966666666666666,6,0.3813817371515791,0.3065487986245499,0.2887071837702092
2026-01-06 02:00:00,0.7400000000000001,6,0.6453403295828928,0.7700519822098697,0.7589476678411452
2026-01-06 03:00:00,0.9566666666666666,6,0.9499998845284602,0.9792139307689552,0.9733562462398013
2026-01-06 04:00:00,0.7999999999999999,6,0.7110539150700094,0.8379940022807497,0.8512082789858691
2026-01-06 05:00:00,0.9683333333333332,6,0.7790752179064767,0.9428470125362076,0.9488752562997013
2026-01-06 06:00:00,0.8783333333333333,6,0.6835888840241098,0.8124632831829502,0.8184980437922658
2026-01-06 07:00:00,0.9733333333333332,6,0.8299184973543529,0.972921461910754,0.9645645074614866
2026-01-06 08:00:00,0.9683333333333332,6,0.9266479631130827,0.9833874159324675,0.9737954828354043
2026-01-06 09:00:00,0.965,6,0.9295420069531745,0.9835104714769632,0.9737954828354043
2026-01-06 10:00:00,0.9133333333333332,6,0.9454883595508273,0.9632077348998823,0.9695947425371961
2026-01-06 11:00:00,0.975,6,1.0353485190210385,0.9543858550346064,0.9691108862000606
2026-01-06 12:00:00,0.9733333333333332,6,0.9455667231792989,0.9795382346530949,0.9723748806597459
2026-01-06 13:00:00,0.9666666666666666,6,0.8547591571674317,0.9730059614386812,0.9677661400387737
2026-01-06 14:00:00,0.9699999999999998,6,0.917626460984656,0.9677427165874576,0.9719941549102868
2026-01-06 15:00:00,0.965,6,0.8905249005429264,0.9598066859694873,0.9687211109842913
2026-01-06 16:00:00,0.9699999999999998,6,0.9068971393893747,0.9680534562914396,0.9731171908742172
2026-01-06 17:00:00,0.9699999999999998,6,0.8436474230607182,0.9714052588892993,0.9648861104762165
2026-01-06 18:00:00,0.9699999999999998,6,0.8549069445376175,0.9733188660020977,0.9680528568572265
2026-01-06 19:00:00,0.8916666666666666,6,0.7195741881740905,0.8805597244402512,0.8694383713214837
2026-01-06 20:00:00,0.635,6,0.5552986916183063,0.6033008368727889,0.595021180438797
2026-01-06 21:00:00,0.485,6,0.47662538962302725,0.4707896870468426,0.457205497179775
2026-01-06 22:00:00,0.165,6,0.2753565549068966,0.13590167729091152,0.11896380090420089
2026-01-06 23:00:00,0.0216666666666666,6,0.010221377101766044,0.008546558573109535,0.01040091845848884
2026-01-07 00:00:00,0.0083333333333333,6,0.0314477996655006,0.009907230900107908,0.01106020224188925
2026-01-07 01:00:00,0.02,6,0.09800975981503868,0.016338300828486054,0.016630701629010536
2026-01-07 02:00:00,0.0283333333333333,6,0.06757126614740994,0.016330820128230478,0.018299701968745086
2026-01-07 03:00:00,0.0083333333333333,6,0.015548578938381075,0.010771025316513404,0.012167939280085138
2026-01-07 04:00:00,0.01,6,-0.12135876725373848,0.009864327737774365,0.010393939502215566
2026-01-07 05:00:00,0.01,6,-0.15351534270672718,0.00987204144517907,0.015408677759439049
2026-01-07 06:00:00,0.01,6,-0.17263859918066857,0.00987682351646201,0.010617174150600595
2026-01-07 07:00:00,0.01,6,-0.15620044413134143,0.009874765449803117,0.008419674459164084
2026-01-07 08:00:00,0.01,6,-0.10966242601920301,0.009817484011757043,0.008214118028524287
2026-01-07 09:00:00,0.01,6,-0.1330491415831871,0.009870613548425933,0.008268375517708482
2026-01-07 10:00:00,0.01,6,-0.18536881472625513,0.00987682351646201,0.010226988603124654
2026-01-07 11:00:00,0.01,6,-0.12230794801014697,0.009864670700444196,0.008852672210933332
2026-01-07 12:00:00,0.01,6,-0.116964791209104,0.009862213813606963,0.006972076136987582
2026-01-07 13:00:00,0.01,6,-0.12467148379936996,0.009868641813965129,0.0070202360816493115
2026-01-07 14:00:00,0.01,6,-0.16149020096809477,0.00987682351646201,0.007412537540189945
2026-01-07 15:00:00,0.01,6,-0.12515130456961976,0.009868641813965129,0.0070202360816493115
2026-01-07 16:00:00,0.0083333333333333,6,-0.0008743541692685097,0.011252286134703735,0.011945550184754683
2026-01-07 17:00:00,0.0216666666666666,6,0.1622731619093145,0.04573697612464735,0.040646185026488424
2026-01-07 18:00:00,0.02,6,0.15564533826479665,0.026544259508148153,0.032798857211620236
2026-01-07 19:00:00,0.0083333333333333,6,0.058577194029998836,0.013158091423602405,0.0068224071320230895
2026-01-07 20:00:00,0.01,6,-0.09548421916844499,0.009813866810084131,0.007003652876471811
2026-01-07 21:00:00,0.01,6,-0.1347699430327991,0.009870613548425933,0.007858000884133631
2026-01-07 22:00:00,0.01,6,-0.16534204332093777,0.00987682351646201,0.008182641886128827
2026-01-07 23:00:00,0.01,6,-0.09827609359213316,0.009815058163232682,0.007595875173187883
2026-01-08 00:00:00,0.01,6,-0.1411947911669259,0.009870809733896414,0.008303620087573238
2026-01-08 01:00:00,0.01,6,-0.0907676702065047,0.009834198870908788,0.0075239380693030156
2026-01-08 02:00:00,0.01,6,-0.12661664807172324,0.009866690981970162,0.00893508119044123
2026-01-08 03:00:00,0.01,6,-0.00727078595221109,0.009207707354072827,0.007826715371433368
2026-01-08 04:00:00,0.01,6,-0.02471011750915028,0.011041954467679055,0.010334184522518775
2026-01-08 05:00:00,0.01,6,-0.10359377311357523,0.009817996673305436,0.00850489955224959
2026-01-08 06:00:00,0.01,6,-0.040600336517097685,0.009908414393589445,0.006976581197080056
2026-01-08 07:00:00,0.01,6,-0.10115867634680167,0.009815058163232682,0.008090010773236567
2026-01-08 08:00:00,0.01,6,-0.1380785147593469,0.009870613548425933,0.008417190515626227
2026-01-08 09:00:00,0.01,6,-0.08564422477428213,0.009733239343497633,0.007040217618133615
2026-01-08 10:00:00,0.01,6,-0.07090846382446941,0.009828057740688052,0.009109587923020968
2026-01-08 11:00:00,0.01,6,-0.04964197233912296,0.010639290437681055,0.007363305282013843
2026-01-08 12:00:00,0.0066666666666666,6,0.06296949858296491,0.016165134909056144,0.010140755660346279
2026-01-08 13:00:00,0.0083333333333333,6,0.08492673989554078,0.015281235225612673,0.020873515800816367
2026-01-08 14:00:00,0.0133333333333333,6,0.023340485679290646,0.012454882885262425,0.011388609994007648
2026-01-08 15:00:00,0.1866666666666666,6,0.3179104115745205,0.15712979688918322,0.19947885525275239
2026-01-08 16:00:00,0.1349999999999999,6,0.29844460606459133,0.17109431669262554,0.153648553245486
2026-01-08 17:00:00,0.1266666666666666,6,0.278354124505228,0.13211014881776006,0.14004058445593945
2026-01-08 18:00:00,0.0999999999999999,6,0.15705591848019357,0.04511772816804879,0.04737357175010848
2026-01-08 19:00:00,0.01,6,-0.07100028216044821,0.010012280496137827,0.014853745361508353
2026-01-08 20:00:00,0.0083333333333333,6,-0.011745701675816178,0.010894025132169482,0.011033567837118174
2026-01-08 21:00:00,0.0116666666666666,6,-0.11422914611762316,0.00986217686731799,0.008534160938565016
2026-01-08 22:00:00,0.0083333333333333,6,-0.0709185137162252,0.009888355408080281,0.007160217813827197
2026-01-08 23:00:00,0.0083333333333333,6,-0.024688360195134124,0.009968217616667547,0.009134667970018606
2026-01-09 00:00:00,0.01,6,-0.033092077686967786,0.01017562154110411,0.006910503863155837
2026-01-09 01:00:00,0.0083333333333333,6,-0.12149190114949845,0.009867156330223895,0.008425479785218237
2026-01-09 02:00:00,0.01,6,0.007423960626490034,0.00867708965316896,0.005782763084539677
2026-01-09 03:00:00,0.0116666666666666,6,0.044406002256911214,0.010772788914584712,0.004713235330206067
2026-01-09 04:00:00,0.01,6,-0.03224699813663212,0.010093879049625052,0.008004203244643682
2026-01-09 05:00:00,0.01,6,-0.06111158014658566,0.009597818524327192,0.00815558285913548
2026-01-09 06:00:00,0.0083333333333333,6,0.09506393265049229,0.009348038791320448,0.0059803302061066654
2026-01-09 07:00:00,0.01,6,-0.03828336413115613,0.010435301716747333,0.006976581197080056
2026-01-09 08:00:00,0.0083333333333333,6,-0.05741221750851816,0.009626242949340391,0.007139883029919358
2026-01-09 09:00:00,0.0083333333333333,6,-0.029668142134509107,0.009784488919860487,0.00855500865400538
2026-01-09 10:00:00,0.01,6,-0.12702767539992543,0.009867840383625091,0.009455237683997642
2026-01-09 11:00:00,0.01,6,-0.10615149512076677,0.009817996673305436,0.007976440345183577
2026-01-09 12:00:00,0.01,6,-0.0459707587736575,0.008983765170601518,0.006578781577157133
2026-01-09 13:00:00,0.0066666666666666,6,0.04431910265343564,0.00995802207252204,0.016869874117898198
2026-01-09 14:00:00,0.01,6,-0.10729633512122652,0.009815426373064685,0.010194273911501406
2026-01-09 15:00:00,0.01,6,-0.0956216554582053,0.009815058163232682,0.008402609001131656
2026-01-09 16:00:00,0.0166666666666666,6,0.11295581952216449,0.02330254426481001,0.02961264921295237
2026-01-09 17:00:00,0.0133333333333333,6,0.08769334946637752,0.015843675425655703,0.017566371330916597
2026-01-09 18:00:00,0.01,6,0.10206574253510409,0.016248023905384115,0.016170261884608295
2026-01-09 19:00:00,0.0083333333333333,6,0.02646231111903935,0.009869247366386684,0.007009525769024694
2026-01-09 20:00:00,0.0083333333333333,6,0.03365836905403441,0.009995045656734175,0.005267492385834571
2026-01-09 21:00:00,0.01,6,-0.0535496949642528,0.009756683911248855,0.008104059366360494
2026-01-09 22:00:00,0.01,6,-0.014109278355708244,0.010412106652983413,0.008288271972835104
2026-01-09 23:00:00,0.01,6,-0.11969079032058236,0.009863043578929137,0.009363921753203941
2026-01-10 00:00:00,0.01,6,-0.15981646257601945,0.009874765449803117,0.0105035847626328
2026-01-10 01:00:00,0.01,6,-0.1339470456499786,0.009870613548425933,0.009455237683997642
2026-01-10 02:00:00,0.01,6,-0.15909966002135537,0.009874765449803117,0.00883207929463925
2026-01-10 03:00:00,0.01,6,-0.16487247090802953,0.00987682351646201,0.00877492597492674
2026-01-10 04:00:00,0.01,6,-0.16620934592945763,0.00987682351646201,0.00877492597492674
2026-01-10 05:00:00,0.0166666666666666,6,0.12713147126416902,0.019623491434436206,0.02479519935513058
2026-01-10 06:00:00,0.0433333333333333,6,0.18367421244525284,0.03404936499250331,0.04022594104113614
2026-01-10 07:00:00,0.0349999999999999,6,0.1372160240070866,0.02865565613524812,0.032907593929324186
2026-01-10 08:00:00,0.0316666666666666,6,0.11482839558612923,0.025253208360233693,0.015771808009677146
2026-01-10 09:00:00,0.08,6,0.204680498786668,0.04986688867423094,0.057028862157136095
2026-01-10 10:00:00,0.0349999999999999,6,0.10640432499336533,0.025966131275466754,0.017273104012933527
2026-01-10 11:00:00,0.09,6,0.21656631295283646,0.06429465941609211,0.06872462418418301
2026-01-10 12:00:00,0.0499999999999999,6,0.15288709313288362,0.03639659511172213,0.04834157811251205
2026-01-10 13:00:00,0.2433333333333333,6,0.3596471323182432,0.26238447950738925,0.2641998035998808
2026-01-10 14:00:00,0.1883333333333333,6,0.32434655623857245,0.21805114742258175,0.21879069573818027
2026-01-10 15:00:00,0.2099999999999999,6,0.3538004516821017,0.2632010960897535,0.2589031468905165
2026-01-10 16:00:00,0.1666666666666666,6,0.3127463696441033,0.20585966551092347,0.1949232889317706
2026-01-10 17:00:00,0.1616666666666666,6,0.3027839694168538,0.1704404108468166,0.17567428684718595
2026-01-10 18:00:00,0.4466666666666666,6,0.4750563966978554,0.4711453481254469,0.4562754968171403
2026-01-10 19:00:00,0.3916666666666666,6,0.4505578610672655,0.4070175328791373,0.4070161021405174
2026-01-10 20:00:00,0.4983333333333333,6,0.4643361795448301,0.4363832302093269,0.4460787567532575
2026-01-10 21:00:00,0.5366666666666666,6,0.48570662164191436,0.4680546919816741,0.4627141493548961
2026-01-10 22:00:00,0.3066666666666667,6,0.36021103030463286,0.2552313706919646,0.24566210296630614
2026-01-10 23:00:00,0.4516666666666666,6,0.45060154723137813,0.4044813190924175,0.39438999539074404
2026-01-11 00:00:00,0.8716666666666665,6,0.7068897551377842,0.8600140757592978,0.8511039313176707
2026-01-11 01:00:00,0.9183333333333332,6,0.7275363317312832,0.9011650771667471,0.8873198488088714
2026-01-11 02:00:00,0.6933333333333332,6,0.5742076760519316,0.6329029846075154,0.6465367981537327
2026-01-11 03:00:00,0.6866666666666666,6,0.5720403201027603,0.616386636563845,0.621641101572723
2026-01-11 04:00:00,0.8233333333333333,6,0.6785082341583334,0.8153691230325099,0.8030484925455288
2026-01-11 05:00:00,0.48,6,0.4636617546836944,0.4254904412308884,0.4404358757323078
2026-01-11 06:00:00,0.5533333333333333,6,0.49454909766163524,0.469185871778281,0.47089720942870816
2026-01-11 07:00:00,0.445,6,0.4424009628248524,0.37573372578357056,0.3926339253538792
2026-01-11 08:00:00,0.2166666666666666,6,0.31766674382343285,0.165545404685743,0.1750938238286806
2026-01-11 09:00:00,0.3233333333333333,6,0.3787807059625229,0.27109065961965373,0.2620594832732753
2026-01-11 10:00:00,0.2633333333333333,6,0.3457680147272736,0.23205180915186527,0.23034008657222224
2026-01-11 11:00:00,0.3966666666666666,6,0.4372537116046974,0.38945467203897766,0.37563765415776124
2026-01-11 12:00:00,0.6766666666666666,6,0.6079530081220247,0.6502632903317607,0.6566448899986559
2026-01-11 13:00:00,0.6016666666666665,6,0.5600353194220122,0.6088844617748217,0.6130003256275027
2026-01-11 14:00:00,0.2749999999999999,6,0.36909665095071964,0.28391843236950765,0.29058213529717825
2026-01-11 15:00:00,0.2299999999999999,6,0.33867579071976905,0.25857152062670197,0.23512409042188676
2026-01-11 16:00:00,0.2283333333333333,6,0.3286448573484726,0.20499272670298166,0.2111499785103996
2026-01-11 17:00:00,0.1899999999999999,6,0.3017971242532522,0.1735923794337619,0.1799907488042958
2026-01-11 18:00:00,0.4583333333333333,6,0.45743767601112584,0.37420554387183014,0.4159295777096348
2026-01-11 19:00:00,0.4616666666666666,6,0.439725109456247,0.3874815292744557,0.3918385124971803
2026-01-11 20:00:00,0.2866666666666666,6,0.34129121508525073,0.26036490454168987,0.2289982021964538
2026-01-11 21:00:00,0.4916666666666667,6,0.45774073157333595,0.4442480770524308,0.4147635652022107
2026-01-11 22:00:00,0.5183333333333334,6,0.5235607270384419,0.5675552896581488,0.5480233231118161
2026-01-11 23:00:00,0.33,6,0.4107610846747234,0.3526927354067632,0.34630392318689895
2026-01-12 00:00:00,0.4899999999999999,6,0.4693819873907493,0.4423336587388606,0.44356107192555866
2026-01-12 01:00:00,0.3933333333333333,6,0.4308323161575729,0.3773785874897079,0.3720687440107349
2026-01-12 02:00:00,0.0466666666666666,6,0.1076801955638359,0.02574845406221222,0.028983489840612275
2026-01-12 03:00:00,0.01,6,-0.10531762333843633,0.009821082862742933,0.010194273911501406
2026-01-12 04:00:00,0.0116666666666666,6,0.06094255190522496,0.014310909779362729,0.014682186940458142
2026-01-12 05:00:00,0.01,6,-0.14108342156576398,0.009870809733896414,0.013490626954549778
2026-01-12 06:00:00,0.01,6,-0.13962036589383164,0.009870809733896414,0.010393939502215566
2026-01-12 07:00:00,0.01,6,-0.11028762964521968,0.009830491709503461,0.009819847142984006
2026-01-12 08:00:00,0.01,6,-0.021667354810536305,0.010558794004272261,0.014103476324694386
2026-01-12 09:00:00,0.01,6,-0.13828626538848843,0.009870809733896414,0.009463946547595248
2026-01-12 10:00:00,0.01,6,-0.08498702245748965,0.009726142041569047,0.0065947973819189265
2026-01-12 11:00:00,0.01,6,-0.10081431220539255,0.009816761010929112,0.006693056339259651
2026-01-12 12:00:00,0.0083333333333333,6,-0.03756741826407187,0.009475304024270563,0.009193742925290849
2026-01-12 13:00:00,0.1033333333333333,6,0.24439130706407053,0.1275007606896324,0.12204303280517043
2026-01-12 14:00:00,0.1899999999999999,6,0.32217234976722975,0.21530695462618166,0.20896581991636742
2026-01-12 15:00:00,0.0666666666666666,6,0.15234841212809436,0.05607747856372897,0.06481187292800195
2026-01-12 16:00:00,0.1366666666666666,6,0.1845649368788752,0.0801303825508193,0.08315840159166854
2026-01-12 17:00:00,0.5816666666666666,6,0.5419062792298455,0.5787774932783082,0.5899003170932458
2026-01-12 18:00:00,0.6233333333333334,6,0.5563897885823154,0.6090345294410117,0.6016767659857754
2026-01-12 19:00:00,0.59,6,0.55003844019599,0.5972704641733558,0.5902461811278368
2026-01-12 20:00:00,0.5683333333333332,6,0.5379235908114136,0.5757511959309305,0.5863006396129018
2026-01-12 21:00:00,0.2849999999999999,6,0.36923930716165276,0.29356820982702675,0.2960849971311853
2026-01-12 22:00:00,0.2666666666666666,6,0.36166559787281216,0.2890959861356587,0.27790394582517275
2026-01-12 23:00:00,0.115,6,0.23889523173358923,0.10936067975870276,0.11812040529572371
2026-01-13 00:00:00,0.2216666666666666,6,0.3288676035313782,0.23705337228902332,0.22662647968466818
2026-01-13 01:00:00,0.1383333333333333,6,0.24883048318956946,0.11614476609077302,0.13471014436333523
2026-01-13 02:00:00,0.1449999999999999,6,0.26477814425780644,0.14987738552379687,0.1481884987717224
2026-01-13 03:00:00,0.2233333333333333,6,0.3368887509368631,0.24467304889583108,0.2531681718555807
2026-01-13 04:00:00,0.1716666666666666,6,0.2871905169356145,0.19070419804337393,0.17209958240477197
2026-01-13 05:00:00,0.0483333333333333,6,0.1295170585754959,0.046947604281496524,0.04961252739736022
2026-01-13 06:00:00,0.0083333333333333,6,-0.05654576460699626,0.009380090029919136,0.008942676773434743
2026-01-13 07:00:00,0.0216666666666666,6,0.09842486314932802,0.019823834588903237,0.022281079823059602
2026-01-13 08:00:00,0.11,6,0.24444399494735547,0.1079749757147678,0.10052532010044313
2026-01-13 09:00:00,0.1116666666666666,6,0.2398033023763842,0.11441081028761675,0.09303289496046696
2026-01-13 10:00:00,0.1683333333333333,6,0.2751260057717373,0.13834651787545013,0.1254906689143889
2026-01-13 11:00:00,0.2333333333333333,6,0.35146213985506103,0.26398257148573573,0.24223759932911398
2026-01-13 12:00:00,0.5033333333333333,6,0.5065452881082149,0.5069660550151374,0.4874443971632096
2026-01-13 13:00:00,0.7066666666666666,6,0.6030455132023685,0.6700298759481494,0.6666254747574848
2026-01-13 14:00:00,0.8166666666666667,6,0.7110586143951811,0.8604596790309336,0.8420852728751632
2026-01-13 15:00:00,0.9833333333333332,6,0.8902989549904369,0.9596501406202369,0.964174002671224
2026-01-13 16:00:00,0.9883333333333334,6,0.8649710893277719,0.96165267486684,0.9638796851227389
2026-01-13 17:00:00,0.99,6,0.9385390520522564,0.9672874189609746,0.9701111862187296
2026-01-13 18:00:00,0.99,6,0.9565681697675211,0.9699204905465346,0.9739915949355429
2026-01-13 19:00:00,0.9916666666666668,6,1.0445886155327053,0.9703201076133438,0.9738604148974969
2026-01-13 20:00:00,0.995,6,1.0355955846072957,0.9703770280294131,0.9746209111438933
2026-01-13 21:00:00,0.9699999999999998,6,0.8876139084176554,0.9678741942300032,0.9658156061976744
2026-01-13 22:00:00,0.9733333333333332,6,0.7865647472560943,0.9447743884729081,0.9380696639274542
2026-01-13 23:00:00,0.8449999999999998,6,0.6642734688643708,0.7638163811273554,0.7670317554470252
2026-01-14 00:00:00,0.7,6,0.5744334500683405,0.6100974069233235,0.6178246114314411
2026-01-14 01:00:00,0.79,6,0.6887925151708074,0.7993586408828681,0.8149879843376209
2026-01-14 02:00:00,0.9133333333333332,6,0.7870940086687938,0.943388694100496,0.9439454683839632
2026-01-14 03:00:00,0.7583333333333333,6,0.6558634284269479,0.77702594234919,0.7789080359567861
2026-01-14 04:00:00,0.5,6,0.5116842227606972,0.5183773565426865,0.509422546101246
2026-01-14 05:00:00,0.2999999999999999,6,0.38532780933540156,0.2763325861776878,0.29615619983161845
2026-01-14 06:00:00,0.0633333333333333,6,0.06394347146747492,0.017578715130816037,0.02047250163278075
2026-01-14 07:00:00,0.0316666666666666,6,-0.033490712441410136,0.009600879418325636,0.010626229851140867
2026-01-14 08:00:00,0.3483333333333333,6,0.46925889640616325,0.4288935192705267,0.447463746044122
2026-01-14 09:00:00,0.2633333333333333,6,0.39694719813513335,0.33986357226270864,0.3008819746547831
2026-01-14 10:00:00,0.0566666666666666,6,0.2122525296032584,0.06350347101513132,0.06688956134323815
2026-01-14 11:00:00,0.0283333333333333,6,0.1665056495394195,0.04865244770508091,0.04587034373882881
2026-01-14 12:00:00,0.07,6,0.23398838107476372,0.07799204598280882,0.08457074831706357
2026-01-14 13:00:00,0.125,6,0.29259850785686536,0.14563782431246972,0.14484077456417993
2026-01-14 14:00:00,0.1366666666666666,6,0.29961209397673416,0.1614074044100672,0.16773981634710428
2026-01-14 15:00:00,0.1483333333333333,6,0.31639264048713267,0.17328126322504428,0.17237457079480856
2026-01-14 16:00:00,0.12,6,0.27396626596001517,0.11693964139367483,0.1239420001387185
2026-01-14 17:00:00,0.1683333333333333,6,0.32220604787200136,0.17070097100138593,0.19405415141020663
2026-01-14 18:00:00,0.1333333333333333,6,0.29976244343625524,0.1612192195106754,0.16773981634710428
2026-01-14 19:00:00,0.1366666666666666,6,0.2958051774455914,0.15732592328441397,0.15408385286266027
2026-01-14 20:00:00,0.2049999999999999,6,0.35406182168286426,0.26778353676785205,0.23353456542561668
2026-01-14 21:00:00,0.3666666666666666,6,0.4641741156824666,0.42878268661625946,0.4338270767720014
2026-01-14 22:00:00,0.2766666666666666,6,0.4487317526640803,0.3936709145130984,0.3901877786524366
2026-01-14 23:00:00,0.1333333333333333,6,0.36423254100650704,0.23407213845452166,0.25085721581625847
2026-01-15 00:00:00,0.0599999999999999,6,0.26427396319353613,0.13031042877613888,0.09528352832264653
2026-01-15 01:00:00,0.02,6,0.19181819053732313,0.05664955210242542,0.05192259846667341
2026-01-15 02:00:00,0.0116666666666666,6,0.1948073408448981,0.04142426836481389,0.051955692923978725
2026-01-15 03:00:00,0.0116666666666666,6,0.19074288398224332,0.04552705790433362,0.04207460144856323
2026-01-15 04:00:00,0.01,6,0.13092938607613963,0.02825121492121924,0.02834874215827715
2026-01-15 05:00:00,0.01,6,0.01916068593247061,0.010893276298885096,0.006260980386652348
2026-01-15 06:00:00,0.01,6,-0.07645073255656601,0.009842243434243156,0.006817354208601967
2026-01-15 07:00:00,0.01,6,-0.07709989256484998,0.009850499754421429,0.006850448665907283
2026-01-15 08:00:00,0.01,6,-0.031331878506079575,0.010127729588219277,0.006776387124045935
2026-01-15 09:00:00,0.01,6,-0.031040962200210964,0.01006693511745621,0.006978211637372611
2026-01-15 10:00:00,0.01,6,-0.019360788356852898,0.0102193899923332,0.008734981969083455
2026-01-15 11:00:00,0.01,6,-0.13426166502069595,0.009870613548425933,0.007948081691647568
2026-01-15 12:00:00,0.01,6,-0.0802410159523633,0.009697924306067151,0.006352577232894563
2026-01-15 13:00:00,0.01,6,0.03156649949416629,0.010062512436476946,0.01106020224188925
2026-01-15 14:00:00,0.005,6,0.06896762472246204,0.0151952482364328,0.014899518006302237
2026-01-15 15:00:00,0.025,6,0.19917013998342714,0.05977839531284889,0.05783448754615028
2026-01-15 16:00:00,0.0483333333333333,6,0.24240465569585568,0.09613509639357376,0.08844875861293078
2026-01-15 17:00:00,0.0866666666666666,6,0.30689033822886924,0.14622912562849386,0.16215162471991681
2026-01-15 18:00:00,0.1033333333333333,6,0.315673748567883,0.16298519189963326,0.16353235594582757
2026-01-15 19:00:00,0.0566666666666666,6,0.2333096129289589,0.0831677566543293,0.07748248075625364
2026-01-15 20:00:00,0.1116666666666666,6,0.30524528346656066,0.14041318138813597,0.15200030644795698
2026-01-15 21:00:00,0.2883333333333333,6,0.4329079704550127,0.3628967318208462,0.3627850642968028
2026-01-15 22:00:00,0.0566666666666666,6,0.22282475393993056,0.05843729067411996,0.06794564039047452
2026-01-15 23:00:00,0.0066666666666666,6,-0.08890028713420733,0.009815386119359963,0.007720044220557443
2026-01-16 00:00:00,0.0983333333333333,6,0.19948569782306252,0.06305580622034597,0.05976912372497828
2026-01-16 01:00:00,0.1399999999999999,6,0.33395282306973784,0.1918210257621496,0.19816004933177164
2026-01-16 02:00:00,0.0833333333333333,6,0.280392847418225,0.12915331860364535,0.11526014042566424
2026-01-16 03:00:00,0.0483333333333333,6,0.22866813946398623,0.0732075144223617,0.07109597250434746
2026-01-16 04:00:00,0.0366666666666666,6,0.23173037164644522,0.06880022123969406,0.07196562351810115
2026-01-16 05:00:00,0.0133333333333333,6,0.17963114987552992,0.029135563990363232,0.042520663509999224
2026-01-16 06:00:00,0.0416666666666666,6,0.23561110307522254,0.07127607109918065,0.0750927297275511
2026-01-16 07:00:00,0.0266666666666666,6,0.22493660659906256,0.07603619949376245,0.06995934228860456
2026-01-16 08:00:00,0.0183333333333333,6,0.22064510814008365,0.04782509448508438,0.06424762907633624
2026-01-16 09:00:00,0.0266666666666666,6,0.25434446621589324,0.09989687342526879,0.09090031586983055
2026-01-16 10:00:00,0.0266666666666666,6,0.17885664496257586,0.04561039789321798,0.04116855096425981
2026-01-16 11:00:00,0.0249999999999999,6,0.16288711687665708,0.045262614710976215,0.03478993436790456
2026-01-16 12:00:00,0.0366666666666666,6,0.17227224020358833,0.029405821160007353,0.03863204731607173
2026-01-16 13:00:00,0.1049999999999999,6,0.29938966294366165,0.10222606264177839,0.14166322270609866
2026-01-16 14:00:00,0.215,6,0.38777886804718464,0.27660886073085794,0.2720305649054732
2026-01-16 15:00:00,0.4283333333333332,6,0.5005767361961512,0.4524499410382898,0.48419993266820677
2026-01-16 16:00:00,0.455,6,0.5172776106074939,0.5212201573633188,0.5178503768578243
2026-01-16 17:00:00,0.45,6,0.5091818125585404,0.5309186139629049,0.49256210812131773
2026-01-16 18:00:00,0.6716666666666667,6,0.609866557666432,0.6971723968405044,0.7141164796729942
2026-01-16 19:00:00,0.7916666666666666,6,0.6741918478287509,0.8235454082535141,0.8137517459703807
2026-01-16 20:00:00,0.91,6,0.7637284480414872,0.9056739784147836,0.9442136902060421
2026-01-16 21:00:00,0.8883333333333333,6,0.731618326288114,0.8577807586626098,0.9065025351393827
2026-01-16 22:00:00,0.9233333333333335,6,0.7714525067898487,0.9449849397496582,0.9506616401864229
2026-01-16 23:00:00,0.7833333333333333,6,0.6549329432409648,0.793181210563186,0.8012554932228473
2026-01-17 00:00:00,0.92,6,0.7650325773882253,0.9247291737661487,0.9524790983115248
2026-01-17 01:00:00,0.9683333333333332,6,0.8597052280336933,0.9705625587725158,0.9817547915967689
2026-01-17 02:00:00,0.8966666666666668,6,0.7414016116447378,0.8700123610106328,0.9133764123219297
2026-01-17 03:00:00,0.7949999999999999,6,0.6724477681677891,0.8234338418954894,0.8193719744704406
2026-01-17 04:00:00,0.7399999999999998,6,0.6437174230780122,0.7596793120358291,0.7771312296474449
2026-01-17 05:00:00,0.935,6,0.7995680681470311,0.953931100536887,0.9648622769987146
2026-01-17 06:00:00,0.7983333333333333,6,0.6811146777463883,0.8267539175472094,0.8348215257171776
2026-01-17 07:00:00,0.535,6,0.5265875696755377,0.5522916116866976,0.5719367051421669
2026-01-17 08:00:00,0.3883333333333333,6,0.46103735652136835,0.3667531677295383,0.29927378388998915
2026-01-17 09:00:00,0.3633333333333333,6,0.4534468016704326,0.35104536184811364,0.2979996275337038
2026-01-17 10:00:00,0.225,6,0.3907176532045553,0.2712706775054723,0.22096710767959732
2026-01-17 11:00:00,0.1183333333333333,6,0.32862657366320447,0.15423261628354631,0.13780908154140883
2026-01-17 12:00:00,0.0183333333333333,6,0.22016838401633393,0.03921491685079334,0.029662871327163498
2026-01-17 13:00:00,0.0533333333333333,6,0.23336816499424673,0.0392835930562433,0.030846933699266443
2026-01-17 14:00:00,0.0866666666666666,6,0.27066900472455624,0.047540723977342235,0.050311794367340124
2026-01-17 15:00:00,0.0533333333333333,6,0.24532706801588128,0.03966126852901425,0.04193620580999191
2026-01-17 16:00:00,0.04,6,0.20605473702661964,0.04432490641253277,0.024881790922697822
2026-01-17 17:00:00,0.01,6,0.034736566809446756,0.010460446116585097,0.0031039646162100976
2026-01-17 18:00:00,0.0133333333333333,6,0.10432162868875,0.015042574891687999,0.007687656291217371
2026-01-17 19:00:00,0.03,6,0.2171377535934792,0.03811457171834295,0.0268250440692841
2026-01-17 20:00:00,0.0116666666666666,6,0.17516143412417406,0.026630810483901278,0.018586632333384534
2026-01-17 21:00:00,0.01,6,0.19930507601626674,0.03279600334635807,0.02404769151018421
2026-01-17 22:00:00,0.01,6,0.10651922307510836,0.014828408275734098,0.006225049720977427
2026-01-17 23:00:00,0.01,6,0.05307951602084576,0.013707921279065687,0.00207437467475452
2026-01-18 00:00:00,0.01,6,-0.16739580965894996,0.00987682351646201,0.006088516509566155
2026-01-18 01:00:00,0.01,6,-0.15977548909557682,0.009873959606125582,0.005730781050265643
2026-01-18 02:00:00,0.01,6,-0.17984876207176087,0.00987682351646201,0.006088516509566155
2026-01-18 03:00:00,0.01,6,-0.13656402482288094,0.009870613548425933,0.005730781050265643
2026-01-18 04:00:00,0.01,6,-0.10482595751993293,0.009815058163232682,0.005403601307875983
2026-01-18 05:00:00,0.01,6,-0.010765062773556183,0.009457737308857987,0.003841256507136681
2026-01-18 06:00:00,0.01,6,0.14477756012949894,0.022567420671329087,0.017343027524759913
2026-01-18 07:00:00,0.0166666666666666,6,0.3015579234516633,0.09245435534392125,0.08631641239009197
2026-01-18 08:00:00,0.0116666666666666,6,0.21642864428740316,0.038137576553014446,0.0268250440692841
2026-01-18 09:00:00,0.085,6,0.2593428958544426,0.04742770318640476,0.040795175052711186
2026-01-18 10:00:00,0.0466666666666666,6,0.21321245238350411,0.044240643799061896,0.027004046151728356
2026-01-18 11:00:00,0.1433333333333333,6,0.3354666896871189,0.16394497920038997,0.1384430361008939
2026-01-18 12:00:00,0.2383333333333333,6,0.4068803193358591,0.2897155032076387,0.26779636716992516
2026-01-18 13:00:00,0.3899999999999999,6,0.4728304687344729,0.40710930544902474,0.2959010937306114
2026-01-18 14:00:00,0.4383333333333333,6,0.4977663995705328,0.49103223957304676,0.4588949254666772
2026-01-18 15:00:00,0.2566666666666666,6,0.4101508087822965,0.34119409049973737,0.32922157145508696
2026-01-18 16:00:00,0.1949999999999999,6,0.3784041097618427,0.25289852548503816,0.2498797135475356
2026-01-18 17:00:00,0.1283333333333333,6,0.33048318080157757,0.17518484477736002,0.1794689709030492
2026-01-18 18:00:00,0.1866666666666666,6,0.3748262763203587,0.22211187557033077,0.195400146328403
2026-01-18 19:00:00,0.1816666666666666,6,0.35980059238542794,0.16108290617482934,0.17035063267529543
2026-01-18 20:00:00,0.2416666666666666,6,0.37784006816170035,0.18451360746687936,0.20200418140134965
2026-01-18 21:00:00,0.2533333333333333,6,0.3703286648138192,0.17715685777367132,0.19094234387232106
2026-01-18 22:00:00,0.2916666666666666,6,0.38562543953027095,0.2443782458864043,0.2157630024824923
2026-01-18 23:00:00,0.2333333333333333,6,0.3631602832266764,0.16765355804099663,0.18068353047900823
2026-01-19 00:00:00,0.35,6,0.43057584494039036,0.3165012031126553,0.2948367537424006
2026-01-19 01:00:00,0.505,6,0.4826739158156381,0.4344364509117338,0.4355182146518577
2026-01-19 02:00:00,0.5033333333333333,6,0.4862084879465085,0.45748301001857566,0.4471791349206677
2026-01-19 03:00:00,0.3699999999999999,6,0.43480749682466124,0.31303278166207793,0.30753393425614856
2026-01-19 04:00:00,0.3449999999999999,6,0.42430134626578464,0.30998704179444364,0.28997632694009406
2026-01-19 05:00:00,0.5033333333333333,6,0.49603576763649626,0.45284911348856716,0.46537845490775415
2026-01-19 06:00:00,0.3366666666666666,6,0.43272484141071454,0.31170874019927414,0.30753393425614856
2026-01-19 07:00:00,0.1366666666666666,6,0.2813436657562147,0.07519036241237927,0.05863525075085618
2026-01-19 08:00:00,0.2133333333333333,6,0.3320029524916308,0.16534561134721543,0.13508195966271178
2026-01-19 09:00:00,0.3116666666666666,6,0.41668860924733375,0.2765765289498989,0.2825250254446008
2026-01-19 10:00:00,0.2266666666666666,6,0.38801387017067934,0.25096691328630355,0.2157630024824923
2026-01-19 11:00:00,0.3016666666666666,6,0.42844562582182966,0.36554308139391484,0.3397545919915161
2026-01-19 12:00:00,0.3333333333333333,6,0.4463002731398079,0.3771654370285154,0.38208667134907925
2026-01-19 13:00:00,0.2916666666666666,6,0.4209924932994906,0.3148285896338896,0.34344845744290947
2026-01-19 14:00:00,0.3049999999999999,6,0.4302178475748114,0.35186606408417537,0.3514645723652475
2026-01-19 15:00:00,0.2799999999999999,6,0.4261745247070883,0.33457531448732025,0.351945380753187
2026-01-19 16:00:00,0.1683333333333333,6,0.35621024270535473,0.2141655183085184,0.22868608623096393
2026-01-19 17:00:00,0.3066666666666667,6,0.42518114417114794,0.29344402536887587,0.3165505631454481
2026-01-19 18:00:00,0.4816666666666666,6,0.47759691710244956,0.4121796306735909,0.4423021479521341
2026-01-19 19:00:00,0.2949999999999999,6,0.38895336405641623,0.2766812559826513,0.2692881412241893
2026-01-19 20:00:00,0.2483333333333333,6,0.3500644388993377,0.20257735216549771,0.20409861117889
2026-01-19 21:00:00,0.0183333333333333,6,0.035731146112305434,0.010449509330953375,0.004791026265355047
2026-01-19 22:00:00,0.0599999999999999,6,0.2441835913378385,0.04130274056777795,0.07184758336197644
2026-01-19 23:00:00,0.0199999999999999,6,0.053659142583749986,0.013409619488263903,0.003909444204477808
2026-01-20 00:00:00,0.01,6,-0.03943598614212382,0.010474272395759678,0.005976446316329709
2026-01-20 01:00:00,0.01,6,-0.12888668705271722,0.009868641813965129,0.007278492249001234
2026-01-20 02:00:00,0.0083333333333333,6,-0.029136839228474765,0.009916670260787049,0.007554873773255033
2026-01-20 03:00:00,0.01,6,-0.1453704052039931,0.009870809733896414,0.007278492249001234
2026-01-20 04:00:00,0.0116666666666666,6,-0.0856426490251157,0.010480352890085273,0.005901519351508622
2026-01-20 05:00:00,0.0749999999999999,6,0.22125609012575553,0.049011499309609456,0.03313620992140087
2026-01-20 06:00:00,0.0199999999999999,6,-0.005616044319230851,0.009361478857634224,0.005254309939765667
2026-01-20 07:00:00,0.01,6,-0.12300736346496957,0.009862213813606963,0.007278492249001234
2026-01-20 08:00:00,0.0083333333333333,6,0.043360783544684034,0.0125807547600494,0.00258452945080917
2026-01-20 09:00:00,0.0083333333333333,6,-0.06035192717364293,0.009968448144629879,0.006601995813497463
2026-01-20 10:00:00,0.02,6,0.029190112367597276,0.010753508461846754,0.0038966116667400463
2026-01-20 11:00:00,0.0599999999999999,6,0.23616929445452567,0.07308798469048874,0.06676757152348567
2026-01-20 12:00:00,0.0116666666666666,6,0.10981376464631515,0.030095251416969504,0.016444846768235155
2026-01-20 13:00:00,0.0333333333333333,6,0.16962087777441492,0.0435601241688722,0.037767031424258746
2026-01-20 14:00:00,0.0833333333333333,6,0.24947897898809973,0.09503895297474721,0.10051543931464468
2026-01-20 15:00:00,0.04,6,0.18609580663326808,0.048425272684735884,0.04759145868671577
2026-01-20 16:00:00,0.0166666666666666,6,0.042535680113030494,0.009715572471168155,0.005228246292706351
2026-01-20 17:00:00,0.0083333333333333,6,-0.03271280271270463,0.010077593617481612,0.006743292666740619
2026-01-20 18:00:00,0.01,6,-0.13394275721714205,0.009870613548425933,0.00893508119044123
2026-01-20 19:00:00,0.01,6,-0.19000887001697794,0.00987682351646201,0.009812973143298154
2026-01-20 20:00:00,0.01,6,-0.18204683616345105,0.00987682351646201,0.009812973143298154
2026-01-20 21:00:00,0.01,6,-0.11446957360845794,0.00982133673183327,0.009128057941607981
2026-01-20 22:00:00,0.0349999999999999,6,0.1866924502943476,0.041700562240829624,0.03672609547840444
2026-01-20 23:00:00,0.16,6,0.34157267788894285,0.20833270679205657,0.2005217099790154
2026-01-21 00:00:00,0.2633333333333333,6,0.3955627803508367,0.2924203424813538,0.2871288420227981
2026-01-21 01:00:00,0.2966666666666666,6,0.4123366339139799,0.2883843980184665,0.2846363568470971
2026-01-21 02:00:00,0.44,6,0.4684538588479342,0.3879989951610159,0.2650885849524762
2026-01-21 03:00:00,0.6516666666666667,6,0.579422316501048,0.6565997623012767,0.6714780069689366
2026-01-21 04:00:00,0.8349999999999999,6,0.6915991667337505,0.8612338683974163,0.8584903395028158
2026-01-21 05:00:00,0.945,6,0.7383878198033963,0.8713408778215923,0.9147859260357761
2026-01-21 06:00:00,0.8866666666666667,6,0.7977957297098016,0.9502613497500098,0.9661711696139248
2026-01-21 07:00:00,0.9816666666666668,6,0.9941457729763513,0.9790409544198593,0.9836395346434086
2026-01-21 08:00:00,0.9866666666666668,6,0.9266249043090639,0.9798747592627244,0.9819656391651902
2026-01-21 09:00:00,0.99,6,0.92306066918884,0.9810203447278635,0.9819656391651902
2026-01-21 10:00:00,0.9333333333333332,6,0.7880958294372366,0.9391847134660587,0.9500564437581354
2026-01-21 11:00:00,0.9883333333333334,6,0.9633269013100428,0.9831728255051996,0.9771886096092922
2026-01-21 12:00:00,0.99,6,0.9710893026365152,0.9828527159243259,0.9756338295220786
2026-01-21 13:00:00,0.99,6,0.9320004846543816,0.9789005149386593,0.9741744808430243
2026-01-21 14:00:00,0.9866666666666666,6,0.8891001465584357,0.9738711717656732,0.9730855109254812
2026-01-21 15:00:00,0.975,6,0.8310958636221711,0.9737850990356319,0.964856207082858
2026-01-21 16:00:00,0.985,6,0.8562838954612392,0.9753022804690329,0.9747032042444307
2026-01-21 17:00:00,0.9866666666666666,6,0.8507525123667324,0.9762222746603504,0.9749093652118105
2026-01-21 18:00:00,0.2816666666666666,6,0.3388472332835526,0.19990495351667786,0.21433630919300173
2026-01-21 19:00:00,0.0533333333333333,6,0.1633925725014243,0.025177507454158685,0.0342224554668199
2026-01-21 20:00:00,0.1716666666666666,6,0.30426717972413075,0.13899146853579533,0.1453077553610002
2026-01-21 21:00:00,0.2,6,0.3220682625223207,0.17519267651594034,0.16333885855031888
2026-01-21 22:00:00,0.1583333333333333,6,0.286843857983452,0.101608764554374,0.10880071838814392
2026-01-21 23:00:00,0.315,6,0.42117684903303476,0.3310967379694562,0.34049814401974743
2026-01-22 00:00:00,0.4749999999999999,6,0.47442864494366677,0.41147928941399725,0.43786827680339374
2026-01-22 01:00:00,0.52,6,0.4851855880349675,0.437202206984365,0.43510302207198914
2026-01-22 02:00:00,0.385,6,0.3996507757228418,0.2967498493532897,0.3031874017713009
2026-01-22 03:00:00,0.4283333333333334,6,0.4390851227032154,0.33338015428069456,0.36578335222102726
2026-01-22 04:00:00,0.1516666666666666,6,0.2967945438078594,0.09977816674703202,0.1325647067838053
2026-01-22 05:00:00,0.2983333333333333,6,0.405166361427837,0.31398125407928734,0.30667366173114885
2026-01-22 06:00:00,0.09,6,0.16371556329164733,0.027811288494914984,0.028895346627562823
2026-01-22 07:00:00,0.0266666666666666,6,0.11570167208031767,0.013444591137477042,0.012509607154560953
2026-01-22 08:00:00,0.01,6,-0.04308586026649028,0.009819336023116474,0.005879213083313128
2026-01-22 09:00:00,0.0283333333333333,6,0.03542401454400845,0.01050337636378477,0.0033913229471977946
2026-01-22 10:00:00,0.0166666666666666,6,0.037797641115656366,0.010453394888016663,0.0037586305236466666
2026-01-22 11:00:00,0.01,6,0.03198145921470269,0.010353259900223235,0.005711203763910322
2026-01-22 12:00:00,0.0083333333333333,6,-0.08579101882371695,0.009741744876840718,0.009126611865140188
2026-01-22 13:00:00,0.1483333333333333,6,0.25702690282808827,0.09443972373990224,0.08996090682903929
2026-01-22 14:00:00,0.3283333333333333,6,0.4554895317765201,0.40002880536634483,0.38820102741419515
2026-01-22 15:00:00,0.3216666666666666,6,0.43482422570250834,0.33614116855885384,0.3445499889540194
2026-01-22 16:00:00,0.4949999999999999,6,0.5218603883934259,0.5123735611472326,0.5354418024429939
2026-01-22 17:00:00,0.5116666666666666,6,0.518852666180255,0.5202790043303137,0.5124807514040981
2026-01-22 18:00:00,0.4683333333333334,6,0.49847383040435866,0.49191425685253715,0.4630206437488677
2026-01-22 19:00:00,0.7733333333333333,6,0.6415826482480327,0.7553217866361472,0.7534056374621132
2026-01-22 20:00:00,0.8183333333333332,6,0.6724594755900491,0.7830102204678572,0.799603239002669
2026-01-22 21:00:00,0.6983333333333333,6,0.6133098390379061,0.7187830537927685,0.7101586135353601
2026-01-22 22:00:00,0.9649999999999997,6,0.7667668195841809,0.9259893343317996,0.9399433314723853
2026-01-22 23:00:00,0.9783333333333332,6,0.8124909420326706,0.9425280897043535,0.9559759179620494
2026-01-23 00:00:00,0.9816666666666668,6,0.8775644719537593,0.9582297459970054,0.9706349862133375
2026-01-23 01:00:00,0.985,6,0.9436120844630237,0.9827749952041406,0.9709106976162326
2026-01-23 02:00:00,0.9816666666666664,6,0.8087650060711679,0.9543818833610218,0.9529906306149935
2026-01-23 03:00:00,0.8316666666666666,6,0.6729709459911545,0.779192535259547,0.799603239002669
2026-01-23 04:00:00,0.4666666666666667,6,0.4939711425903994,0.48822328586680913,0.45696578249606945
2026-01-23 05:00:00,0.4333333333333333,6,0.4900321333554982,0.47039064006601544,0.45113835537346014
2026-01-23 06:00:00,0.4666666666666667,6,0.4825911949413333,0.421771019667154,0.4366254178027655
2026-01-23 07:00:00,0.3116666666666667,6,0.40804706026408777,0.32197420372888536,0.32703539684002775
2026-01-23 08:00:00,0.7099999999999999,6,0.5973317271057327,0.6791458268114209,0.6744416197097415
2026-01-23 09:00:00,0.8483333333333334,6,0.6808002019894239,0.8153553419294488,0.8139766561449975
2026-01-23 10:00:00,0.92,6,0.7410297486793166,0.9189848214488088,0.9084286090357656
2026-01-23 11:00:00,0.4766666666666666,6,0.48757040143287467,0.4690764171677151,0.46208235069919207
2026-01-23 12:00:00,0.25,6,0.3941528094933606,0.328651952615748,0.30472780425406937
2026-01-23 13:00:00,0.1283333333333333,6,0.30078480879063163,0.16792589379886874,0.1679896163418849
2026-01-23 14:00:00,0.1683333333333333,6,0.3344735485074335,0.21578520329132975,0.21858198511374252
2026-01-23 15:00:00,0.3149999999999999,6,0.424660617199038,0.3628688742342236,0.36326338714032524
2026-01-23 16:00:00,0.6533333333333333,6,0.5884127165241251,0.6518645750612687,0.6644988678854917
2026-01-23 17:00:00,0.5433333333333333,6,0.5251804690766483,0.5314005601582357,0.5403156931234224
2026-01-23 18:00:00,0.3833333333333333,6,0.45526797737995084,0.41333792807597536,0.4054136934676234
2026-01-23 19:00:00,0.1533333333333333,6,0.32359377472954753,0.1786501764728689,0.17920194357105476
2026-01-23 20:00:00,0.0716666666666666,6,0.20223221459096957,0.05937967552539218,0.06807946641449042
2026-01-23 21:00:00,0.0233333333333333,6,0.029348976860376796,0.009699756682338313,0.008449867651545595
2026-01-23 22:00:00,0.0383333333333333,6,0.16838889183364286,0.035887227454945006,0.03646478989439628
2026-01-23 23:00:00,0.01,6,-0.1414528042231879,0.009870809733896414,0.008041354251523358
2026-01-24 00:00:00,0.01,6,-0.024640700748018107,0.010400869481558378,0.009106368401921028
2026-01-24 01:00:00,0.0116666666666666,6,0.26784902909951713,0.08912529243677085,0.0964004788975184
2026-01-24 02:00:00,0.01,6,0.3511292298184937,0.20744554769182566,0.20793398871201724
2026-01-24 03:00:00,0.01,6,0.3369314098701379,0.19561447230537138,0.19224129557715638
2026-01-24 04:00:00,0.01,6,0.3244758953679916,0.18002658688863393,0.16473184581453518
2026-01-24 05:00:00,0.01,6,0.35155072491136874,0.20835228472008901,0.20833714040455026
2026-01-24 06:00:00,0.0183333333333333,6,0.4144483220176133,0.35134653560615914,0.3415493921832047
2026-01-24 07:00:00,0.0366666666666666,6,0.6954934416319551,0.8528990440894052,0.8474243623760559
2026-01-24 08:00:00,0.115,6,0.7412566945331386,0.8694272222796036,0.9037199489090164
2026-01-24 09:00:00,0.01,6,0.6304148354034467,0.7092703831919668,0.7360437420024606
2026-01-24 10:00:00,0.44,6,0.8256077009476096,0.9407075473986171,0.9614827569698915
2026-01-24 11:00:00,0.98,6,1.061175250084299,0.9854784096558147,0.9758982051158908
2026-01-24 12:00:00,0.6233333333333332,6,1.045264677975422,0.9838874331002962,0.975333889503203
2026-01-24 13:00:00,0.98,6,1.196341804746961,0.8506049864390793,0.916080358029978
2026-01-24 14:00:00,0.9816666666666668,6,1.1401664595817995,0.8151816215698929,0.8727311382683632
2026-01-24 15:00:00,0.99,6,1.043815796072583,0.9810368140506679,0.9705278171274507
2026-01-24 16:00:00,0.985,6,1.0109803976219562,0.9788338046861887,0.9741529822341997
2026-01-24 17:00:00,0.99,6,1.0818256423858847,0.9763513447894046,0.9586114404959913
2026-01-24 18:00:00,0.99,6,0.9946347869507771,0.9796422530924854,0.9742764999931782
2026-01-24 19:00:00,0.99,6,0.9788115801895428,0.9795744081438765,0.9743158666691435
2026-01-24 20:00:00,0.955,6,0.7614175313225523,0.9386329395848803,0.9234032118356735
2026-01-24 21:00:00,0.99,6,0.9250394218622994,0.9689858863710367,0.9668363539724973
2026-01-24 22:00:00,0.99,6,0.8716086616753761,0.9787411610331098,0.9693835493898801
2026-01-24 23:00:00,0.9883333333333332,6,0.7986751097422479,0.9499325192892303,0.9536704439061016
2026-01-25 00:00:00,0.965,6,0.8163505324859349,0.9654615901966241,0.9506912526260521
2026-01-25 01:00:00,0.5499999999999999,6,0.5491673837117981,0.6031144771382396,0.5761866967093889
2026-01-25 02:00:00,0.2383333333333333,6,0.32515523896163,0.17519567044600146,0.16457661511220698
2026-01-25 03:00:00,0.49,6,0.508708369585713,0.5451893015591533,0.4913828159233923
2026-01-25 04:00:00,0.595,6,0.5465892607324256,0.5994162041192618,0.5771289853806961
2026-01-25 05:00:00,0.1416666666666666,6,0.28069312846435013,0.12414354966384437,0.11517635238559965
2026-01-25 06:00:00,0.0233333333333333,6,0.03033702777147873,0.009590326933643908,0.006442046867940088
2026-01-25 07:00:00,0.3733333333333333,6,0.4557347752767743,0.4066913444679214,0.39694892236302914
2026-01-25 08:00:00,0.37,6,0.4492282135502572,0.4091232162759299,0.38747960577304774
2026-01-25 09:00:00,0.1316666666666666,6,0.3181401319444278,0.1697542984715399,0.1699654147649291
2026-01-25 10:00:00,0.07,6,0.255770953524467,0.10599662333101974,0.09454942280377926
2026-01-25 11:00:00,0.005,6,0.09165767840596273,0.014978682773643826,0.017358451561259425
2026-01-25 12:00:00,0.01,6,0.09969362988020808,0.016248923801340433,0.03080418531212603
2026-01-25 13:00:00,0.0083333333333333,6,0.021688422819893305,0.009411737104963331,0.013684716374250061
2026-01-25 14:00:00,0.01,6,-0.055399725839618136,0.009638814233158634,0.010636145427419919
2026-01-25 15:00:00,0.01,6,0.06973725877416387,0.017310351279481356,0.01695375634677604
2026-01-25 16:00:00,0.01,6,-0.06025720466899023,0.009682074309702202,0.00970526458016463
2026-01-25 17:00:00,0.01,6,-0.08470756025646287,0.009717889277680575,0.009703766213416787
2026-01-25 18:00:00,0.01,6,-0.05299795019536829,0.009633606264964512,0.015220517283878243
2026-01-25 19:00:00,0.0333333333333333,6,0.09536488488695294,0.01543524554709833,0.01869662495974317
2026-01-25 20:00:00,0.1333333333333333,6,0.29303705395800306,0.14287460492341544,0.14249671066531358
2026-01-25 21:00:00,0.215,6,0.339591554611152,0.19833645938998623,0.2015987366918307
2026-01-25 22:00:00,0.3266666666666667,6,0.40549875784898537,0.32197377322448,0.30836233713629013
2026-01-25 23:00:00,0.5416666666666666,6,0.48904826815414915,0.463430607916024,0.45985340214579346
2026-01-26 00:00:00,0.22,6,0.3365704943747214,0.197231477152526,0.19645756983977558
2026-01-26 01:00:00,0.1816666666666666,6,0.32065092752725366,0.16999616890937735,0.16642288368519492
2026-01-26 02:00:00,0.3066666666666666,6,0.38750118704149217,0.2600236194817666,0.2739757484225874
2026-01-26 03:00:00,0.3183333333333333,6,0.37990906342197195,0.24278436803575124,0.2616245626845688
2026-01-26 04:00:00,0.2199999999999999,6,0.3443126044326784,0.20986596901893328,0.20351006595985174
2026-01-26 05:00:00,0.5300000000000001,6,0.5047908094955768,0.5212749664969226,0.4913828159233923
2026-01-26 06:00:00,0.27,6,0.3546465385143519,0.1980045540862764,0.2105399223463734
2026-01-26 07:00:00,0.2016666666666666,6,0.3312084505182491,0.19621554634162008,0.19474951689797323
2026-01-26 08:00:00,0.1866666666666666,6,0.31886080505901115,0.1657543276015006,0.1699654147649291
2026-01-26 09:00:00,0.2399999999999999,6,0.36068102059045815,0.23646091586852658,0.23208911633498142
2026-01-26 10:00:00,0.2449999999999999,6,0.3607028327563071,0.22986896434276674,0.2319482586487947
2026-01-26 11:00:00,0.5083333333333333,6,0.5067683085502848,0.533540614448589,0.509422546101246
2026-01-26 12:00:00,0.8466666666666666,6,0.7089409663670427,0.8596514688294175,0.850267570155026
2026-01-26 13:00:00,0.7966666666666667,6,0.6757688760818493,0.7968479167393301,0.796019628511951
2026-01-26 14:00:00,0.75,6,0.6523515042077609,0.762970251569876,0.7528187507864496
2026-01-26 15:00:00,0.7383333333333334,6,0.6444786647684625,0.7420517601389921,0.7458229991389069
2026-01-26 16:00:00,0.7016666666666665,6,0.6140904474891182,0.6485249425377628,0.6956345691266761
2026-01-26 17:00:00,0.4833333333333333,6,0.5023902804894964,0.503275343473883,0.4788736090842274
2026-01-26 18:00:00,0.62,6,0.5513799806325026,0.6055733259660488,0.5853189439318975
2026-01-26 19:00:00,0.8716666666666667,6,0.7304766168442415,0.8707215014849046,0.8965665111037825
2026-01-26 20:00:00,0.3666666666666666,6,0.4024957898128191,0.31780174168078884,0.3261187437253671
2026-01-26 21:00:00,0.1666666666666666,6,0.22884071896227332,0.079972153872325,0.07661282974249994
2026-01-26 22:00:00,0.6766666666666667,6,0.5598082369350192,0.573692132843618,0.6075866046717718
2026-01-26 23:00:00,0.9266666666666667,6,0.7282927853346418,0.890321309483463,0.8987924726061223
2026-01-27 00:00:00,0.7049999999999998,6,0.5906856397248698,0.672367483467007,0.6653195215172181
2026-01-27 01:00:00,0.6266666666666665,6,0.554973097848079,0.6018848563297255,0.5898929040744223
2026-01-27 02:00:00,0.4899999999999999,6,0.4861677199122333,0.45164861020818914,0.4480615760116196
2026-01-27 03:00:00,0.935,6,0.7832911272530695,0.9575879799986337,0.9458485665219354
2026-01-27 04:00:00,0.6733333333333333,6,0.5926612688223238,0.6702316288122232,0.664798104166606
2026-01-27 05:00:00,0.2883333333333333,6,0.3510106327129119,0.21235615541810485,0.21167596187969134
2026-01-27 06:00:00,0.0283333333333333,6,0.10245569072020771,0.016819811483982927,0.013305375097373562
2026-01-27 07:00:00,0.0133333333333333,6,-0.029024531158394817,0.009696679901723843,0.008871922899359341
2026-01-27 08:00:00,0.01,6,-0.16280660620434517,0.00987577209851081,0.009812973143298154
2026-01-27 09:00:00,0.0083333333333333,6,-0.07240160035867255,0.009894846596972309,0.008978584368963594
2026-01-27 10:00:00,0.01,6,-0.07184085387061587,0.009990500434499113,0.007269900070815294
2026-01-27 11:00:00,0.01,6,-0.10678010356253495,0.00981826869097578,0.009819847142984006
2026-01-27 12:00:00,0.01,6,-0.06080090014878439,0.009570396787948082,0.010747176544360582
2026-01-27 13:00:00,0.01,6,-0.08765920373176128,0.009814150456983639,0.006942612001518689
2026-01-27 14:00:00,0.01,6,-0.15005558577482417,0.00987204144517907,0.007138272506072352
2026-01-27 15:00:00,0.01,6,-0.15219228541389057,0.00987204144517907,0.0070202360816493115
2026-01-27 16:00:00,0.01,6,-0.14749833649238253,0.00987204144517907,0.007175722292763587
2026-01-27 17:00:00,0.01,6,-0.16768638388548,0.00987682351646201,0.008269532040964755
2026-01-27 18:00:00,0.01,6,-0.17300009012391876,0.00987682351646201,0.00982168200689576
2026-01-27 19:00:00,0.01,6,-0.09903014966165516,0.009815058163232682,0.009819847142984006
2026-01-27 20:00:00,0.0133333333333333,6,0.16067319752420473,0.04962248682046193,0.048773138159633744
2026-01-27 21:00:00,0.0066666666666666,6,0.021538806383122666,0.009145672794466578,0.013238931475251625
2026-01-27 22:00:00,0.0083333333333333,6,0.051668072137287024,0.0133776243624608,0.01119908208705822
2026-01-27 23:00:00,0.01,6,-0.11803496660493126,0.009863043578929137,0.013399311023756078
2026-01-28 00:00:00,0.01,6,-0.1214715550291502,0.009864327737774365,0.015408677759439049
2026-01-28 01:00:00,0.01,6,-0.10915801856701934,0.009818141738449252,0.00789293447537942
2026-01-28 02:00:00,0.01,6,-0.15462977971450093,0.00987204144517907,0.008268375517708482
2026-01-28 03:00:00,0.01,6,-0.1495169047700351,0.00987204144517907,0.008268375517708482
2026-01-28 04:00:00,0.01,6,-0.15709563551446282,0.009874765449803117,0.008419674459164084
2026-01-28 05:00:00,0.01,6,-0.13139613327428995,0.009870613548425933,0.0073601294511209114
2026-01-28 06:00:00,0.0083333333333333,6,0.012641354649945868,0.009627140106600289,0.009808143565435024
2026-01-28 07:00:00,0.0299999999999999,6,0.20980403996139246,0.06736863232608398,0.0707225305614348
2026-01-28 08:00:00,0.0316666666666666,6,0.08621977815852139,0.015279627577366117,0.018528694102118992
2026-01-28 09:00:00,0.01,6,-0.12201320901560984,0.009864670700444196,0.008419674459164084
2026-01-28 10:00:00,0.01,6,-0.14883593755597913,0.00987204144517907,0.008544616199489208
2026-01-28 11:00:00,0.01,6,-0.14134499003211218,0.009870809733896414,0.010393939502215566
2026-01-28 12:00:00,0.01,6,-0.12657339374169133,0.009868641813965129,0.010147026885373667
2026-01-28 13:00:00,0.01,6,-0.015749633792845164,0.010684322169765595,0.01691333570586645
2026-01-28 14:00:00,0.01,6,-0.08608602509683644,0.009693586126894499,0.009782030110374651
2026-01-28 15:00:00,0.0516666666666666,6,0.208611287196398,0.07368490493342207,0.07607328997950513
2026-01-28 16:00:00,0.125,6,0.30785944723270897,0.17093560820220585,0.16892491343731128
2026-01-28 17:00:00,0.2083333333333333,6,0.3744195234638291,0.2881728135946843,0.2722139253226926
2026-01-28 18:00:00,0.1483333333333333,6,0.3093527413418288,0.17138981737625092,0.16460891553324594
2026-01-28 19:00:00,0.4783333333333333,6,0.5118100403901169,0.5164521826902617,0.5036352600450698
2026-01-28 20:00:00,0.7033333333333334,6,0.6279604267277447,0.7139240187567396,0.7191835197977269
2026-01-28 21:00:00,0.4933333333333333,6,0.5123474059437404,0.4689064460540224,0.5039980048308947
2026-01-28 22:00:00,0.34,6,0.4292456489050537,0.3534726585023398,0.3539466607646773
2026-01-28 23:00:00,0.2033333333333333,6,0.3358999879447565,0.19476838094647506,0.20053043401513734
2026-01-29 00:00:00,0.265,6,0.38116385484934356,0.26366915771125077,0.2697122851582824
2026-01-29 01:00:00,0.14,6,0.2890196810946306,0.13259832781171887,0.12493796915176825
2026-01-29 02:00:00,0.1949999999999999,6,0.3412054803386063,0.20038424826784948,0.2150651680742543
2026-01-29 03:00:00,0.2083333333333333,6,0.33005330730861493,0.19988131608700632,0.2099878532941887
2026-01-29 04:00:00,0.1566666666666666,6,0.30225859252523735,0.1417361345069204,0.1503201533586528
2026-01-29 05:00:00,0.03,6,0.10307131717921858,0.01872657001948869,0.015301462545501743
2026-01-29 06:00:00,0.01,6,0.04717192667624853,0.013112890956905746,0.004316125402194115
2026-01-29 07:00:00,0.0116666666666666,6,-0.012065075223538141,0.010462633049641852,0.007088755420334936
2026-01-29 08:00:00,0.01,6,-0.09269234474475682,0.009856086410165494,0.007220100701166854
2026-01-29 09:00:00,0.02,6,0.11185770748048479,0.02622458107098932,0.02385459019963554
2026-01-29 10:00:00,0.04,6,0.15456416752771363,0.04039001714914369,0.05233023335186582
2026-01-29 11:00:00,0.0116666666666666,6,0.012313397255968778,0.008519300274667907,0.01320649907213739
2026-01-29 12:00:00,0.2016666666666666,6,0.21008046036775196,0.08243052453818958,0.07748889372084145
2026-01-29 13:00:00,0.725,6,0.6278217368192329,0.7293385585620323,0.7148922425804826
2026-01-29 14:00:00,0.8516666666666666,6,0.7054069148321733,0.7769318609477927,0.8179329959128683
2026-01-29 15:00:00,0.8766666666666665,6,0.7142651333895724,0.8578443965936314,0.8529796436650776
2026-01-29 16:00:00,0.9616666666666668,6,0.7815171103435895,0.9438230399481933,0.9411516777136221
2026-01-29 17:00:00,0.97,6,0.7747840824685822,0.9378241257328495,0.9400610674228301
2026-01-29 18:00:00,0.9183333333333332,6,0.7397997972512972,0.9112977039998484,0.9043336219441667
2026-01-29 19:00:00,0.9333333333333332,6,0.7664048489355985,0.931088857212199,0.9282841008410087
2026-01-29 20:00:00,0.9833333333333332,6,0.7898542883134597,0.9108590081669578,0.9481305716416447
2026-01-29 21:00:00,0.99,6,0.9230547431744224,0.9724553986913617,0.9730508639346743
2026-01-29 22:00:00,0.99,6,0.9224189760412312,0.9750167457061645,0.9727009959427434
2026-01-29 23:00:00,0.99,6,0.868090565104935,0.9758480369878703,0.9736190647338456
2026-01-30 00:00:00,0.8383333333333333,6,0.6923593193609484,0.8321074663992611,0.8318022804627674
2026-01-30 01:00:00,0.6833333333333333,6,0.5944508088621504,0.6779117840120701,0.6681478289082281
2026-01-30 02:00:00,0.6649999999999999,6,0.581267140423582,0.6421678181528484,0.6599182395669971
2026-01-30 03:00:00,0.5016666666666667,6,0.5165932864489376,0.5256224018856364,0.5200556457491736
2026-01-30 04:00:00,0.4166666666666666,6,0.45102654288250676,0.40707884862728794,0.397976450650841
2026-01-30 05:00:00,0.7599999999999999,6,0.619654692942562,0.6585537760553687,0.7076548374418845
2026-01-30 06:00:00,0.685,6,0.5959616815561154,0.6665244964942328,0.6647042178735426
2026-01-30 07:00:00,0.4949999999999999,6,0.46893622774635557,0.3812592385570872,0.43175188432253847
2026-01-30 08:00:00,0.5233333333333334,6,0.5074161122167338,0.5148060726432979,0.49996841599190156
2026-01-30 09:00:00,0.7983333333333333,6,0.6626910970252697,0.7966727972183986,0.7822157701789221
2026-01-30 10:00:00,0.9466666666666665,6,0.7753966810940894,0.9592978583384955,0.9460540296172784
2026-01-30 11:00:00,0.9716666666666666,6,0.8669840267919166,0.9757969632193207,0.974353488482484
2026-01-30 12:00:00,0.9766666666666666,6,0.879581519334078,0.9750065382817671,0.9733527430217314
2026-01-30 13:00:00,0.985,6,0.9191969748071617,0.9753847846234167,0.973446449999678
2026-01-30 14:00:00,0.9733333333333332,6,0.8560620807666693,0.9728401825675398,0.9672475494638654
2026-01-30 15:00:00,0.9666666666666668,6,0.8279608577340799,0.958318273642214,0.9568462923297498
2026-01-30 16:00:00,0.9683333333333332,6,0.8459010413331162,0.9700523934686773,0.9618951245786659
2026-01-30 17:00:00,0.985,6,0.829520068046078,0.930634469939749,0.9616976703934038
2026-01-30 18:00:00,0.7883333333333334,6,0.6779458570692775,0.8282749116852842,0.7972082540017549
2026-01-30 19:00:00,0.82,6,0.6756345364385891,0.7939456058705281,0.7990292216736421
2026-01-30 20:00:00,0.6033333333333332,6,0.5524840595792693,0.6064417009431619,0.5977012473951241
2026-01-30 21:00:00,0.5783333333333333,6,0.5214872787898354,0.5483178509485004,0.524761524423839
2026-01-30 22:00:00,0.2633333333333333,6,0.3629840725247243,0.24703559537958966,0.2507614354441321
2026-01-30 23:00:00,0.145,6,0.2731765939572164,0.09865877867645634,0.11442192937856488
2026-01-31 00:00:00,0.1533333333333333,6,0.28891390141630746,0.13613009543543864,0.13399715716212152
2026-01-31 01:00:00,0.1166666666666667,6,0.2296012555523012,0.0855332944195293,0.07479398381848568
2026-01-31 02:00:00,0.16,6,0.2797492294615289,0.11298171886331874,0.12476500328328377
2026-01-31 03:00:00,0.1216666666666666,6,0.23217535039683768,0.0694515117082077,0.07366192589190967
2026-01-31 04:00:00,0.0716666666666666,6,0.17137186978996333,0.02756787041579112,0.03992789967052862
2026-01-31 05:00:00,0.1066666666666666,6,0.24790836942309213,0.0884059414466914,0.08213181316329288
2026-01-31 06:00:00,0.1033333333333333,6,0.238121583508215,0.0733157458347261,0.07500894168748651
2026-01-31 07:00:00,0.4716666666666666,6,0.46970487545788864,0.41134936729269367,0.4269618509678861
2026-01-31 08:00:00,0.48,6,0.472954443336144,0.4184199578187252,0.4410736941928586
2026-01-31 09:00:00,0.6583333333333333,6,0.5630057542102384,0.5971049653091242,0.607703041625773
2026-01-31 10:00:00,0.9383333333333332,6,0.7732084514479874,0.9510210601957669,0.9468202869419887
2026-01-31 11:00:00,0.9766666666666663,6,0.8403933064516257,0.9726292171094825,0.967290574470458
2026-01-31 12:00:00,0.9683333333333332,6,0.834190526329487,0.9717129427608137,0.9616976703934038
2026-01-31 13:00:00,0.9766666666666666,6,0.7996127675808181,0.9481586297416398,0.9475221073157313
2026-01-31 14:00:00,0.8933333333333334,6,0.7344308410402381,0.8903628164632047,0.8883406523437174
2026-01-31 15:00:00,0.9,6,0.7573526426258168,0.9127103670661565,0.910288660927504
2026-01-31 16:00:00,0.94,6,0.7788559104494098,0.9403850703797586,0.9360227558536055
2026-01-31 17:00:00,0.8566666666666665,6,0.7121762986437898,0.8094714052226841,0.8132986581075003
2026-01-31 18:00:00,0.825,6,0.6750543204666876,0.7007330218739865,0.6150593549885491
2026-01-31 19:00:00,0.8833333333333333,6,0.721130356691422,0.8665838266802874,0.8561360487169438
2026-01-31 20:00:00,0.3516666666666666,6,0.39672940459481787,0.3323395910773268,0.3154081882050378
2026-01-31 21:00:00,0.0266666666666666,6,0.05938019707547526,0.017362419237484404,0.01679451931863085
2026-01-31 22:00:00,0.02,6,0.004345971945188765,0.010430607051450307,0.01036926775262259
2026-01-31 23:00:00,0.1999999999999999,6,0.3529562218387641,0.2451643965485218,0.23661798602275924
